hour,Technology,value
1,demand,4834.108621688991
2,demand,4675.022638681862
3,demand,4582.597881412101
4,demand,4523.577533407546
5,demand,4496.025740263449
6,demand,5128.5648386224075
7,demand,5935.790712921192
8,demand,6522.268631031656
9,demand,6559.36754217089
10,demand,6419.858622689326
11,demand,6276.062005956233
12,demand,6157.607672276708
13,demand,6144.043969031232
14,demand,6129.664281342557
15,demand,6160.332732113873
16,demand,6528.8256752041125
17,demand,6974.134528326829
18,demand,6904.291316710069
19,demand,6794.2131722802005
20,demand,6614.739199387161
21,demand,6304.750434762762
22,demand,5918.177145526589
23,demand,5620.811980366386
24,demand,5274.28864361177
25,demand,5527.099274665585
26,demand,5421.049857507106
27,demand,5382.434299261998
28,demand,5415.265232495132
29,demand,5639.154886348173
30,demand,6593.523935755819
31,demand,7488.051465694259
32,demand,8055.060336481514
33,demand,8072.975862765161
34,demand,7809.363593223588
35,demand,7540.835530718314
36,demand,7302.147847228505
37,demand,7203.4645078101385
38,demand,7116.002744681512
39,demand,7097.145588176308
40,demand,7489.541223240595
41,demand,7963.928049458635
42,demand,7943.794392230942
43,demand,7819.7928836534065
44,demand,7597.06878115057
45,demand,7215.927965561663
46,demand,6770.392884796209
47,demand,6372.9131806877085
48,demand,5953.058272673721
49,demand,5985.722664305099
50,demand,5842.083179061777
51,demand,5806.762104701769
52,demand,5876.106626700654
53,demand,6155.354600222606
54,demand,7258.233344004576
55,demand,8266.20471496899
56,demand,8814.345339810578
57,demand,8751.46441384706
58,demand,8432.474004760621
59,demand,8019.957478722788
60,demand,7719.976206395914
61,demand,7629.044953997389
62,demand,7530.077610317383
63,demand,7542.3760656961
64,demand,7937.270973793655
65,demand,8384.979548060273
66,demand,8370.914715914445
67,demand,8196.523904970325
68,demand,7907.236356387037
69,demand,7409.73128144269
70,demand,6816.929721183941
71,demand,6407.701978420861
72,demand,5950.619379227293
73,demand,5385.945329419532
74,demand,5219.038692676704
75,demand,5134.159046325545
76,demand,5174.464467984173
77,demand,5440.330638029784
78,demand,6465.360846994841
79,demand,7390.304099611772
80,demand,7862.802773891068
81,demand,7774.417810395296
82,demand,7576.188976072097
83,demand,7299.853968029687
84,demand,7077.36701939116
85,demand,6957.7937105424335
86,demand,6837.239394852638
87,demand,6826.8800677197905
88,demand,7116.633796041384
89,demand,7504.9016749924995
90,demand,7417.611531226517
91,demand,7243.213635070304
92,demand,6972.100556150342
93,demand,6553.227159247896
94,demand,6042.451367272
95,demand,5648.405438725137
96,demand,5234.344678558683
97,demand,5101.2009392977125
98,demand,4970.829728953355
99,demand,4921.153585514475
100,demand,4989.459118915995
101,demand,5256.382226284477
102,demand,6257.85740595874
103,demand,7176.248095595003
104,demand,7664.130842577154
105,demand,7577.6182151475095
106,demand,7349.215130691845
107,demand,6992.742384272444
108,demand,6652.705381579843
109,demand,6481.658908687796
110,demand,6383.028013387744
111,demand,6441.943357880064
112,demand,6841.896083905089
113,demand,7374.438341021268
114,demand,7393.123358503012
115,demand,7269.761952896533
116,demand,7067.737633314557
117,demand,6752.393976809587
118,demand,6369.267508694601
119,demand,6113.504750998054
120,demand,5687.782364828356
121,demand,5684.640026081668
122,demand,5533.006296785061
123,demand,5466.898947897635
124,demand,5399.396054930379
125,demand,5297.984317548782
126,demand,5904.460860392444
127,demand,6674.323438038433
128,demand,7226.820225706388
129,demand,7252.015633040194
130,demand,7127.715933893851
131,demand,6879.607587126331
132,demand,6589.02141881854
133,demand,6460.7483745626705
134,demand,6406.13587621512
135,demand,6446.025576727795
136,demand,6707.560232238622
137,demand,7158.102718917198
138,demand,7136.260875162596
139,demand,6989.461152045384
140,demand,6784.199731539344
141,demand,6462.888892276551
142,demand,6078.27779181841
143,demand,5744.322785653074
144,demand,5348.882391640991
145,demand,4955.934302091759
146,demand,4790.697069816562
147,demand,4679.934934286963
148,demand,4597.118208697588
149,demand,4514.554519142487
150,demand,5101.527462471815
151,demand,5863.4854075671155
152,demand,6419.651627059015
153,demand,6465.0832189030625
154,demand,6410.6427680179
155,demand,6259.807281021605
156,demand,6078.570096419478
157,demand,6040.314814387214
158,demand,6090.48315766274
159,demand,6233.030237983739
160,demand,6560.162619827787
161,demand,7036.508594032258
162,demand,7059.968417288548
163,demand,6924.060653782383
164,demand,6661.719776476501
165,demand,6275.648380718158
166,demand,5874.43540886718
167,demand,5557.088431484249
168,demand,5221.166897886298
169,demand,5124.860185789408
170,demand,5028.28849312198
171,demand,5011.690522946881
172,demand,5043.529962524098
173,demand,5324.246417460628
174,demand,6413.882135407435
175,demand,7402.6619010272425
176,demand,7908.68466076097
177,demand,7894.958104401301
178,demand,7779.80157700519
179,demand,7611.344507192836
180,demand,7428.67211854075
181,demand,7424.838502364497
182,demand,7415.509996433586
183,demand,7423.119411391715
184,demand,7666.380568010324
185,demand,8059.348171021578
186,demand,8002.63756404625
187,demand,7846.926668521444
188,demand,7584.996241224064
189,demand,7161.00296426111
190,demand,6633.569162895907
191,demand,6281.980033625756
192,demand,5880.647109100866
193,demand,5888.460436774056
194,demand,5777.433248990319
195,demand,5750.009927442033
196,demand,5823.67770393874
197,demand,6105.621823594514
198,demand,7166.104838092519
199,demand,8127.227305914562
200,demand,8642.49418805905
201,demand,8597.325989961628
202,demand,8340.287484100572
203,demand,8008.880537979506
204,demand,7764.196683716251
205,demand,7689.42809228525
206,demand,7580.0404320691305
207,demand,7512.604133041759
208,demand,7798.083412503647
209,demand,8317.43290771211
210,demand,8259.651211521119
211,demand,8105.166753677742
212,demand,7854.987946058842
213,demand,7444.687508881173
214,demand,6947.119651965911
215,demand,6561.475574736731
216,demand,6165.804112660593
217,demand,6098.03311743621
218,demand,5988.171991404
219,demand,5933.619141930136
220,demand,6029.317932677478
221,demand,6332.879832696368
222,demand,7447.1926810554105
223,demand,8451.22228072932
224,demand,9021.858898659979
225,demand,8959.770686099917
226,demand,8610.700004262637
227,demand,8276.027895078027
228,demand,8009.076680147122
229,demand,7890.577374789897
230,demand,7817.780389024127
231,demand,7744.924647969889
232,demand,7952.338606771056
233,demand,8331.779046982105
234,demand,8245.510854527147
235,demand,8034.787892985866
236,demand,7726.920002225802
237,demand,7259.512904428089
238,demand,6699.203178640759
239,demand,6208.608985614212
240,demand,5775.732197570827
241,demand,5285.991340395796
242,demand,5146.971979486771
243,demand,5098.973736508489
244,demand,5151.349008964175
245,demand,5423.673865464034
246,demand,6446.991341382889
247,demand,7381.177063796117
248,demand,7830.10690097471
249,demand,7764.740176227968
250,demand,7557.782106257015
251,demand,7296.975973818458
252,demand,7079.460427182867
253,demand,6985.726979318022
254,demand,6893.844154115525
255,demand,6859.374196628171
256,demand,7134.114955784278
257,demand,7658.459734049005
258,demand,7585.126711638706
259,demand,7430.239847583705
260,demand,7203.311801118643
261,demand,6827.932896157867
262,demand,6357.5723622227415
263,demand,6002.92421565416
264,demand,5611.1567013829645
265,demand,5511.835074754207
266,demand,5388.069513219798
267,demand,5329.047917973556
268,demand,5382.184779140247
269,demand,5655.164890862046
270,demand,6647.953272624613
271,demand,7565.207078044496
272,demand,8027.340029602165
273,demand,7909.945976561936
274,demand,7696.0632939117095
275,demand,7433.679577588471
276,demand,7135.4784757148445
277,demand,6990.936001489211
278,demand,6863.991960104523
279,demand,6825.71932405625
280,demand,6968.968280739977
281,demand,7407.215688852411
282,demand,7341.170762179967
283,demand,7135.327708909386
284,demand,6870.711878207298
285,demand,6504.421451647029
286,demand,6068.510465000999
287,demand,5690.330152686044
288,demand,5266.923536283994
289,demand,5020.529148966232
290,demand,4885.460161161574
291,demand,4830.81311636039
292,demand,4750.842025754608
293,demand,4697.189830311504
294,demand,5300.698390894898
295,demand,6052.048069700379
296,demand,6607.959630718615
297,demand,6670.060473543698
298,demand,6633.368498251852
299,demand,6443.478109445288
300,demand,6205.661143131615
301,demand,6120.169177416089
302,demand,6063.851150305187
303,demand,6138.366230466958
304,demand,6404.070405529386
305,demand,6933.62403359
306,demand,6938.801582436637
307,demand,6826.156125950718
308,demand,6693.137502524822
309,demand,6436.634524687608
310,demand,6090.504192298001
311,demand,5882.4537630732175
312,demand,5586.075925966772
313,demand,5745.352225921458
314,demand,5653.098538420282
315,demand,5612.126127632404
316,demand,5578.7448952758095
317,demand,5531.566109044738
318,demand,6149.536874479766
319,demand,6929.7387740460235
320,demand,7499.92651489519
321,demand,7589.918027033658
322,demand,7418.656714199153
323,demand,7161.979944541964
324,demand,6908.915668751179
325,demand,6808.438723814511
326,demand,6781.885491098235
327,demand,6839.388341656436
328,demand,7175.498968100604
329,demand,7807.977987358787
330,demand,7816.791338794072
331,demand,7680.427009251206
332,demand,7472.36922199918
333,demand,7124.713447305934
334,demand,6654.531094926473
335,demand,6275.753540219988
336,demand,5879.562527908654
337,demand,5432.0046084525675
338,demand,5310.238053007742
339,demand,5273.158751440005
340,demand,5327.473008970295
341,demand,5567.013507109679
342,demand,6629.452256174007
343,demand,7596.733558799465
344,demand,8088.755135542563
345,demand,8026.963523894629
346,demand,7813.521738541531
347,demand,7617.19556030752
348,demand,7486.509154503103
349,demand,7455.208004178653
350,demand,7306.234206543739
351,demand,7118.853981503551
352,demand,7257.995367377151
353,demand,7702.3302539134675
354,demand,7596.103011365141
355,demand,7401.6169341064815
356,demand,7112.7583482077935
357,demand,6674.093907027373
358,demand,6138.0758408659785
359,demand,5710.740765838766
360,demand,5300.422416486567
361,demand,4999.631545278666
362,demand,4868.347540374215
363,demand,4843.114403565598
364,demand,4911.715856878274
365,demand,5233.730724516716
366,demand,6303.909513159548
367,demand,7258.327978312476
368,demand,7706.309263480429
369,demand,7657.29024998414
370,demand,7507.091239702817
371,demand,7356.864416385035
372,demand,7194.454417336289
373,demand,7123.1765124327185
374,demand,7021.884980613061
375,demand,6975.393081715574
376,demand,7134.694530453417
377,demand,7509.719064231795
378,demand,7430.544462669721
379,demand,7248.96975257496
380,demand,6993.835923095288
381,demand,6607.799676690158
382,demand,6125.349563733118
383,demand,5724.635554341402
384,demand,5341.806713345376
385,demand,5527.78923070626
386,demand,5418.334741708042
387,demand,5381.180459024681
388,demand,5460.928627195909
389,demand,5765.024314236463
390,demand,6855.208062923393
391,demand,7873.3446059480575
392,demand,8405.507667135716
393,demand,8373.338350729568
394,demand,8179.797582031668
395,demand,7936.117190676693
396,demand,7731.34707742863
397,demand,7680.88087939702
398,demand,7631.3888061663865
399,demand,7647.379944722199
400,demand,7888.966540303736
401,demand,8399.949457253466
402,demand,8365.292716212574
403,demand,8239.918406552148
404,demand,8008.3281364934
405,demand,7616.771130014807
406,demand,7128.317887026717
407,demand,6757.3744660855045
408,demand,6343.906953119786
409,demand,6413.369845700792
410,demand,6328.265107535256
411,demand,6319.707038448172
412,demand,6419.526958070497
413,demand,6697.46090212875
414,demand,7822.042853624169
415,demand,8879.952823484457
416,demand,9459.32333450684
417,demand,9417.923282629275
418,demand,8931.661407682617
419,demand,8447.261971275826
420,demand,8093.77931238545
421,demand,7908.649024478862
422,demand,7740.179875240754
423,demand,7652.029958200446
424,demand,7931.488471795485
425,demand,8599.19484142369
426,demand,8603.380392029332
427,demand,8449.778056392799
428,demand,8218.377302925375
429,demand,7789.298523746126
430,demand,7255.504751447969
431,demand,6849.809289272247
432,demand,6424.107505286517
433,demand,6249.741128296757
434,demand,6156.897753664994
435,demand,6157.2273336698545
436,demand,6249.569951045986
437,demand,6544.971089104667
438,demand,7686.237729856859
439,demand,8734.419759816466
440,demand,9320.817474630561
441,demand,9222.904696797847
442,demand,8787.075830785558
443,demand,8308.666728044784
444,demand,7890.127152589483
445,demand,7635.951111764642
446,demand,7462.205054919181
447,demand,7414.032623881015
448,demand,7642.618765948044
449,demand,8294.17352647177
450,demand,8298.523996093774
451,demand,8156.698023544583
452,demand,7943.635347316869
453,demand,7599.4928202599585
454,demand,7173.941597179462
455,demand,6808.023029211512
456,demand,6389.02866652939
457,demand,6200.846896483918
458,demand,6062.177218047383
459,demand,5985.292394249377
460,demand,5932.9181682827875
461,demand,5907.775610172871
462,demand,6632.911356308225
463,demand,7515.356533350743
464,demand,8142.386081049337
465,demand,8207.059354519364
466,demand,7898.258024226828
467,demand,7528.19822387195
468,demand,7194.157913096615
469,demand,7006.76081709424
470,demand,6912.1714357242945
471,demand,6913.547060719017
472,demand,7173.586130436646
473,demand,7888.246033431982
474,demand,7927.117236416001
475,demand,7801.634175617218
476,demand,7626.692027567852
477,demand,7333.002654527238
478,demand,6935.962164790506
479,demand,6589.060901215473
480,demand,6208.496760672351
481,demand,5891.8959192574475
482,demand,5739.749879460478
483,demand,5638.32562786497
484,demand,5582.82671766729
485,demand,5517.55516741219
486,demand,6157.137945240549
487,demand,6940.977904310412
488,demand,7479.129313620924
489,demand,7547.346870149965
490,demand,7392.519981303036
491,demand,7152.687596879832
492,demand,6859.643395674995
493,demand,6715.985883224721
494,demand,6645.264831168977
495,demand,6650.017741607244
496,demand,6925.971591065558
497,demand,7633.671305098209
498,demand,7704.685960177458
499,demand,7634.225498176393
500,demand,7481.655685444728
501,demand,7174.891436139767
502,demand,6768.816717450396
503,demand,6435.024322936779
504,demand,6084.9620866588175
505,demand,6001.892130052167
506,demand,5917.101846507331
507,demand,5904.164787805363
508,demand,5993.5786661191
509,demand,6287.185074381439
510,demand,7424.3575806299295
511,demand,8470.611687768105
512,demand,9016.238791817374
513,demand,8980.552977426141
514,demand,8754.0294541573
515,demand,8492.43231189686
516,demand,8247.60312876748
517,demand,8151.708532490869
518,demand,8024.2893118874035
519,demand,7911.222119572015
520,demand,8080.626443779367
521,demand,8641.339925984947
522,demand,8589.811796433794
523,demand,8445.60480087869
524,demand,8187.286814798068
525,demand,7777.956982423957
526,demand,7250.425301189553
527,demand,6852.234387690796
528,demand,6465.639549561172
529,demand,6484.812060119963
530,demand,6396.118322690393
531,demand,6403.418760884606
532,demand,6504.910035710898
533,demand,6821.0430148722935
534,demand,7982.855900395859
535,demand,9069.667907278335
536,demand,9668.18329715056
537,demand,9616.968870450193
538,demand,9291.840739936155
539,demand,8966.984029720605
540,demand,8676.774749068092
541,demand,8553.150788093415
542,demand,8431.72687399943
543,demand,8322.199875317538
544,demand,8487.63679154136
545,demand,9117.089474662618
546,demand,9148.741119584942
547,demand,9017.275556095885
548,demand,8781.24395684888
549,demand,8369.374852328267
550,demand,7827.740531658394
551,demand,7366.500056459039
552,demand,6896.6139910766215
553,demand,6815.740338538215
554,demand,6688.178596596859
555,demand,6653.480163061405
556,demand,6750.7687065309
557,demand,7076.6024695622655
558,demand,8248.404576090412
559,demand,9361.938160922016
560,demand,9975.111143488311
561,demand,9945.958134786822
562,demand,9676.778308169682
563,demand,9371.07513295747
564,demand,9125.407305029914
565,demand,9008.760135088822
566,demand,8880.353706128126
567,demand,8797.189062478205
568,demand,8880.096836139786
569,demand,9394.786074614705
570,demand,9343.519382091123
571,demand,9195.104061759524
572,demand,8947.156245396807
573,demand,8501.387761269882
574,demand,7939.842525010647
575,demand,7491.259271981756
576,demand,7034.598442329738
577,demand,6883.4916372474745
578,demand,6774.502321135499
579,demand,6755.974632837331
580,demand,6849.088277739396
581,demand,7173.897237632049
582,demand,8357.82322206957
583,demand,9486.121406973893
584,demand,10110.077857852431
585,demand,10074.889798480968
586,demand,9751.504177249895
587,demand,9419.540671350316
588,demand,9149.583637330277
589,demand,9017.241028768372
590,demand,8875.234538461253
591,demand,8789.303810606565
592,demand,8874.87087116506
593,demand,9391.107605450488
594,demand,9359.355954929557
595,demand,9214.33558249956
596,demand,8979.630504926998
597,demand,8543.66335988907
598,demand,7976.381036185316
599,demand,7490.878138107446
600,demand,7018.694468150627
601,demand,6525.363503809487
602,demand,6373.534182318408
603,demand,6306.226018275048
604,demand,6362.15749691491
605,demand,6621.34928930296
606,demand,7701.46859534228
607,demand,8716.73222248584
608,demand,9220.213728956505
609,demand,9112.982998461814
610,demand,8786.884314860179
611,demand,8418.856635687418
612,demand,8041.93149002187
613,demand,7830.453351134232
614,demand,7684.835189704578
615,demand,7626.59391501402
616,demand,7778.915580735855
617,demand,8274.196860118356
618,demand,8233.19415686421
619,demand,8038.8302725207095
620,demand,7776.148687378369
621,demand,7393.819254138446
622,demand,6927.5496564925015
623,demand,6573.967922988808
624,demand,6137.465733798068
625,demand,5789.684381647966
626,demand,5632.059481568237
627,demand,5531.278567530217
628,demand,5457.8155576223335
629,demand,5400.175075719926
630,demand,6050.990704504247
631,demand,6875.480690956042
632,demand,7432.8708321314425
633,demand,7492.881818094102
634,demand,7410.126144590084
635,demand,7234.488793864115
636,demand,7011.8138556297035
637,demand,6915.177664495118
638,demand,6847.158148559176
639,demand,6820.152835625897
640,demand,6966.53692996069
641,demand,7431.972493097172
642,demand,7430.418730320149
643,demand,7299.119599297919
644,demand,7104.0746996731905
645,demand,6796.197589716379
646,demand,6407.578440423267
647,demand,6078.341103115903
648,demand,5671.694901776744
649,demand,5581.902909729293
650,demand,5435.250164706395
651,demand,5360.791125625493
652,demand,5311.8196668216515
653,demand,5275.624771104256
654,demand,5950.503953512246
655,demand,6788.931282140335
656,demand,7386.0501151259305
657,demand,7471.019588570103
658,demand,7392.629132755433
659,demand,7228.095410200423
660,demand,6982.526877616664
661,demand,6953.485290930483
662,demand,6944.4654503189695
663,demand,6949.126665202059
664,demand,7180.5632858456665
665,demand,7812.37109269935
666,demand,7898.839076902952
667,demand,7832.5962619031225
668,demand,7649.2917876559295
669,demand,7329.831425374587
670,demand,6919.757018991246
671,demand,6583.032165160059
672,demand,6236.64157407592
673,demand,6192.197331466899
674,demand,6129.496347506854
675,demand,6130.905424263192
676,demand,6248.584604833977
677,demand,6586.439619605258
678,demand,7761.937302536852
679,demand,8857.692261861008
680,demand,9426.107650593764
681,demand,9329.572561257115
682,demand,8835.245593226335
683,demand,8416.618856719406
684,demand,8089.697495109742
685,demand,7921.756424642497
686,demand,7753.436368429855
687,demand,7635.0714019872175
688,demand,7807.977833943922
689,demand,8449.191261390908
690,demand,8477.30302166265
691,demand,8310.070148577386
692,demand,8043.37599889653
693,demand,7608.9902709781045
694,demand,7043.365782528203
695,demand,6618.127536265594
696,demand,6207.604764237129
697,demand,5983.44951217347
698,demand,5897.236019063837
699,demand,5910.107546783145
700,demand,6051.586203789758
701,demand,6385.683957309084
702,demand,7567.535518650328
703,demand,8636.757105349625
704,demand,9183.174551921633
705,demand,9071.632362459983
706,demand,8672.501669232732
707,demand,8307.84829031646
708,demand,8022.767772043423
709,demand,7911.36864071438
710,demand,7786.000876729227
711,demand,7670.583679407879
712,demand,7815.76417465074
713,demand,8444.97400267368
714,demand,8468.801248802112
715,demand,8322.608161740838
716,demand,8072.985738971409
717,demand,7650.077512569042
718,demand,7119.387448878864
719,demand,6708.040528201272
720,demand,6287.060358471517
721,demand,6123.458715761299
722,demand,6021.089177928881
723,demand,6001.427801033953
724,demand,6074.761575151096
725,demand,6378.855000857673
726,demand,7504.110988943688
727,demand,8534.159698237605
728,demand,9075.567800956325
729,demand,9029.15731341984
730,demand,8782.48697735426
731,demand,8536.035089961217
732,demand,8276.583840920457
733,demand,8132.395353606692
734,demand,8009.786842197057
735,demand,7863.943323600659
736,demand,7923.491829773871
737,demand,8442.261912919188
738,demand,8454.016710365177
739,demand,8306.177238517093
740,demand,8055.731483931577
741,demand,7646.839963642
742,demand,7089.348082802298
743,demand,6674.475950177324
744,demand,6240.186272074646
745,demand,5687.911640383178
746,demand,5564.418729837749
747,demand,5525.135418997837
748,demand,5614.211938523161
749,demand,5925.170376071263
750,demand,7061.929665467802
751,demand,8044.033378876089
752,demand,8495.664272469696
753,demand,8489.09080180857
754,demand,8176.269164062133
755,demand,7883.846033716158
756,demand,7607.730757793144
757,demand,7488.413881242496
758,demand,7364.176102378767
759,demand,7244.2500110304245
760,demand,7309.4928840262555
761,demand,7925.3927381683825
762,demand,8011.798805060649
763,demand,7849.831915723476
764,demand,7568.704333343503
765,demand,7132.686942391346
766,demand,6592.698476221236
767,demand,6169.553569949992
768,demand,5747.294801166386
769,demand,5586.985447827824
770,demand,5466.604735617834
771,demand,5435.650324857674
772,demand,5508.715488564135
773,demand,5781.521545112004
774,demand,6891.126329931711
775,demand,7849.448717356899
776,demand,8298.251619419267
777,demand,8297.142827401967
778,demand,8054.1545192178255
779,demand,7744.695673351495
780,demand,7411.662080759341
781,demand,7192.556926677371
782,demand,7078.373623342857
783,demand,7022.939725376894
784,demand,7123.417760816392
785,demand,7664.113178960593
786,demand,7711.7660679169185
787,demand,7519.840942774408
788,demand,7262.243751637521
789,demand,6891.754021941053
790,demand,6443.6793616682335
791,demand,6045.850036963184
792,demand,5609.623910707369
793,demand,5469.621808918317
794,demand,5322.293670179251
795,demand,5240.568893148923
796,demand,5184.791922570597
797,demand,5135.267421535361
798,demand,5831.11825780164
799,demand,6655.565677112719
800,demand,7218.6447262487
801,demand,7315.9924309890375
802,demand,7061.434458007202
803,demand,6817.280703943916
804,demand,6559.141849743821
805,demand,6430.651449718411
806,demand,6367.585220660287
807,demand,6319.803919244539
808,demand,6438.453221555458
809,demand,7193.690509701002
810,demand,7423.701718992753
811,demand,7301.706457877652
812,demand,7135.415692016041
813,demand,6831.609121463052
814,demand,6456.876865577178
815,demand,6128.712775622034
816,demand,5747.275051554166
817,demand,5560.089748063676
818,demand,5418.271474169699
819,demand,5314.72903663048
820,demand,5231.39981178351
821,demand,5143.69260898539
822,demand,5784.231481776707
823,demand,6554.669805666739
824,demand,7100.425441799076
825,demand,7185.288952800205
826,demand,7087.85790570606
827,demand,6946.134338064195
828,demand,6716.442521334693
829,demand,6612.4984122118985
830,demand,6585.8184191488635
831,demand,6645.813078965768
832,demand,6843.954796660008
833,demand,7463.672322236567
834,demand,7596.466164506678
835,demand,7487.956576754685
836,demand,7267.083691943184
837,demand,6894.043021108766
838,demand,6427.352216415634
839,demand,6040.297887561734
840,demand,5652.4609297739935
841,demand,5321.388993170417
842,demand,5207.568908022794
843,demand,5152.791037479518
844,demand,5202.466002948492
845,demand,5483.887083474532
846,demand,6551.496356648489
847,demand,7475.07216213094
848,demand,7882.02563557378
849,demand,7861.568776437068
850,demand,7537.139373503462
851,demand,7246.133021133064
852,demand,7030.341469250263
853,demand,6885.099587232011
854,demand,6760.124644885487
855,demand,6618.358920700417
856,demand,6664.953284224808
857,demand,7317.067176708295
858,demand,7472.545219982392
859,demand,7318.437431853804
860,demand,7055.227983299219
861,demand,6653.178272335187
862,demand,6154.522471373222
863,demand,5771.173344357593
864,demand,5373.612881727175
865,demand,5312.194035871906
866,demand,5188.821361385908
867,demand,5145.27555854405
868,demand,5224.929313764995
869,demand,5520.22012978088
870,demand,6639.300616867826
871,demand,7602.428287068676
872,demand,8081.414213854818
873,demand,8166.070234574877
874,demand,8065.003260562106
875,demand,7828.47294157531
876,demand,7613.806999570183
877,demand,7508.660971778763
878,demand,7338.850672825192
879,demand,7140.564785533426
880,demand,7140.260468380152
881,demand,7504.303778954648
882,demand,7504.780543115773
883,demand,7320.254268825151
884,demand,7036.802942544772
885,demand,6613.00100831778
886,demand,6100.788094580294
887,demand,5682.406126422216
888,demand,5279.141867176286
889,demand,5077.812785507011
890,demand,4970.912873810338
891,demand,4942.816425349896
892,demand,5027.640619831557
893,demand,5332.987935270912
894,demand,6432.271069137825
895,demand,7373.036962385899
896,demand,7805.024488901415
897,demand,7872.188895070834
898,demand,7770.497709960558
899,demand,7568.156177544131
900,demand,7392.4799389196105
901,demand,7344.355400585868
902,demand,7187.013491374055
903,demand,7013.984966840237
904,demand,6940.708132064891
905,demand,7385.822738490604
906,demand,7473.088085629079
907,demand,7353.83471640622
908,demand,7142.452973273342
909,demand,6741.080612979716
910,demand,6243.455874189739
911,demand,5844.013895814265
912,demand,5432.330349017254
913,demand,5217.283267050868
914,demand,5101.371469307021
915,demand,5039.733673226279
916,demand,5090.790691925269
917,demand,5347.255669475358
918,demand,6374.212587289439
919,demand,7259.971117965566
920,demand,7648.077222969767
921,demand,7592.48336917306
922,demand,7305.4382510312935
923,demand,7052.36457265615
924,demand,6849.957326075704
925,demand,6818.6567627207805
926,demand,6774.488387109632
927,demand,6771.279318624378
928,demand,6876.230311825873
929,demand,7308.432733236385
930,demand,7343.390901798764
931,demand,7179.864411429335
932,demand,6929.591968185881
933,demand,6530.750212289742
934,demand,6038.218704206183
935,demand,5656.872742839572
936,demand,5281.527722620625
937,demand,5108.279908348968
938,demand,4988.722356898548
939,demand,4927.432967588443
940,demand,4964.097199319113
941,demand,5213.87151419628
942,demand,6248.515249953375
943,demand,7099.737073729297
944,demand,7457.216045526272
945,demand,7421.907699748428
946,demand,7195.269876516202
947,demand,6893.687992817448
948,demand,6615.665425123065
949,demand,6512.36731176954
950,demand,6475.228598945099
951,demand,6509.305749303285
952,demand,6594.561001583428
953,demand,7025.0013644123555
954,demand,7060.945929059861
955,demand,6847.785212325096
956,demand,6588.857824571552
957,demand,6254.851460064325
958,demand,5848.646886149356
959,demand,5501.128149585258
960,demand,5096.147119567038
961,demand,5014.308361777577
962,demand,4879.293703577881
963,demand,4787.393887500371
964,demand,4700.564113355439
965,demand,4621.677983603694
966,demand,5248.822671207185
967,demand,5972.65869037952
968,demand,6460.78275958763
969,demand,6486.491862636119
970,demand,6295.360356117186
971,demand,6083.959788076135
972,demand,5875.34507937204
973,demand,5831.6885175026455
974,demand,5820.93164805834
975,demand,5842.037536417874
976,demand,5975.870093294955
977,demand,6538.370160960775
978,demand,6670.168920243696
979,demand,6550.597252064082
980,demand,6362.23216886266
981,demand,6053.600972087537
982,demand,5692.199285107614
983,demand,5358.0696467191665
984,demand,4979.464575880176
985,demand,4908.0053901527135
986,demand,4776.453827191236
987,demand,4721.718205739016
988,demand,4689.243767534555
989,demand,4637.864556118977
990,demand,5280.46560957064
991,demand,6036.679611924505
992,demand,6608.209994481458
993,demand,6636.482053099037
994,demand,6407.597593717951
995,demand,6230.799537717843
996,demand,6009.592335136858
997,demand,5901.38895606595
998,demand,5848.692497286114
999,demand,5844.184797018683
1000,demand,5981.1509075900885
1001,demand,6723.762597487295
1002,demand,7095.024210671361
1003,demand,6996.977788275541
1004,demand,6800.754868418712
1005,demand,6466.797753264153
1006,demand,6062.294033429413
1007,demand,5732.610935342228
1008,demand,5359.345262523232
1009,demand,5202.311672970673
1010,demand,5088.987538424831
1011,demand,5031.006381805149
1012,demand,5087.862023678528
1013,demand,5364.296705060443
1014,demand,6448.474581752429
1015,demand,7417.85841377537
1016,demand,7981.877485969515
1017,demand,7847.987340686623
1018,demand,7472.280407106649
1019,demand,7160.252145206607
1020,demand,6885.278247588665
1021,demand,6750.984524986812
1022,demand,6612.072409457741
1023,demand,6489.476697187014
1024,demand,6551.942199829556
1025,demand,7148.5211418701
1026,demand,7362.116307970906
1027,demand,7176.601679305219
1028,demand,6910.802486988698
1029,demand,6527.607935313068
1030,demand,6035.690698068199
1031,demand,5604.729760523105
1032,demand,5206.207841081839
1033,demand,4861.1325032930035
1034,demand,4727.890124952218
1035,demand,4687.575740467041
1036,demand,4727.0884133374
1037,demand,4976.165817798655
1038,demand,5960.891511265832
1039,demand,6792.383202651865
1040,demand,7211.977537087194
1041,demand,7178.27154699673
1042,demand,6920.288871096989
1043,demand,6650.901899971472
1044,demand,6414.786389999672
1045,demand,6305.191074904649
1046,demand,6184.71868991968
1047,demand,6078.556797364736
1048,demand,6149.096292355147
1049,demand,6730.460364341373
1050,demand,6890.772726486603
1051,demand,6723.202545356542
1052,demand,6451.147981097931
1053,demand,6043.156394948588
1054,demand,5571.349726000836
1055,demand,5174.762323133855
1056,demand,4785.841222297427
1057,demand,4705.9569405329075
1058,demand,4590.736085676529
1059,demand,4540.867059094251
1060,demand,4600.659262201012
1061,demand,4850.447910447193
1062,demand,5849.559442971211
1063,demand,6727.723699681132
1064,demand,7203.294552711153
1065,demand,7229.960632825965
1066,demand,7025.258642446845
1067,demand,6807.731011994367
1068,demand,6591.093911620996
1069,demand,6492.160298463109
1070,demand,6351.025173276315
1071,demand,6206.59696630811
1072,demand,6198.559196574059
1073,demand,6699.684181041204
1074,demand,6943.466825151229
1075,demand,6807.3517520997975
1076,demand,6560.060556138547
1077,demand,6188.213282803438
1078,demand,5718.625739306099
1079,demand,5325.777702616036
1080,demand,4945.8284446379785
1081,demand,4863.38503976734
1082,demand,4763.84380598224
1083,demand,4736.238069836696
1084,demand,4818.195412253676
1085,demand,5095.283603283039
1086,demand,6157.105867207814
1087,demand,7095.823329436908
1088,demand,7604.628546844446
1089,demand,7476.454302723783
1090,demand,7124.911037947482
1091,demand,6742.085894037509
1092,demand,6401.491488238855
1093,demand,6204.996785434138
1094,demand,6006.265337195593
1095,demand,5873.618325721178
1096,demand,5904.942466473927
1097,demand,6477.733861121234
1098,demand,6919.736960937402
1099,demand,6844.362165500717
1100,demand,6644.587619874905
1101,demand,6283.601320430218
1102,demand,5837.346578692852
1103,demand,5419.756283765315
1104,demand,5043.372094212856
1105,demand,4843.930615352799
1106,demand,4725.389754168439
1107,demand,4687.442089202796
1108,demand,4736.840175201112
1109,demand,4996.468211010451
1110,demand,6008.224435742955
1111,demand,6902.827380285451
1112,demand,7375.967779065271
1113,demand,7182.95979618798
1114,demand,6829.37354798595
1115,demand,6434.3187663585495
1116,demand,6060.117729926401
1117,demand,5848.356207227544
1118,demand,5697.35410224134
1119,demand,5623.688099835303
1120,demand,5671.339298520645
1121,demand,6205.916496280344
1122,demand,6526.443341018245
1123,demand,6356.555832507379
1124,demand,6116.208537117074
1125,demand,5784.742462028191
1126,demand,5401.780291915412
1127,demand,5072.356319563298
1128,demand,4667.922477571148
1129,demand,4524.740847106397
1130,demand,4380.472308667336
1131,demand,4295.929780396694
1132,demand,4245.493138431758
1133,demand,4217.330430877676
1134,demand,4884.742098075865
1135,demand,5618.215696109091
1136,demand,6112.283914972635
1137,demand,6130.43200062073
1138,demand,5939.7974681033
1139,demand,5708.396365852506
1140,demand,5433.761857417772
1141,demand,5308.562864095399
1142,demand,5230.4517031408195
1143,demand,5177.224243885895
1144,demand,5219.0761899876725
1145,demand,5791.462966279631
1146,demand,6188.567202432863
1147,demand,6127.493061892816
1148,demand,5976.247428837622
1149,demand,5686.183095434679
1150,demand,5358.803901463993
1151,demand,5070.807851462458
1152,demand,4706.629512073012
1153,demand,4610.567718371801
1154,demand,4479.019436064615
1155,demand,4407.448144099655
1156,demand,4357.731062120617
1157,demand,4314.887036827638
1158,demand,4989.223763864752
1159,demand,5725.595227194479
1160,demand,6247.468822521547
1161,demand,6138.385732891811
1162,demand,5905.568303659308
1163,demand,5636.693761764449
1164,demand,5360.831577299655
1165,demand,5230.2629803901755
1166,demand,5161.740274723553
1167,demand,5153.840184714087
1168,demand,5268.399367459154
1169,demand,5898.216033855428
1170,demand,6341.731030002678
1171,demand,6299.47664800438
1172,demand,6127.188508060895
1173,demand,5809.333580905621
1174,demand,5390.50500656243
1175,demand,5059.834835574973
1176,demand,4716.821369897119
1177,demand,4547.760864553139
1178,demand,4453.582488114915
1179,demand,4432.39897534657
1180,demand,4491.195958021953
1181,demand,4757.805117232299
1182,demand,5795.335976872401
1183,demand,6697.786950749874
1184,demand,7184.661401556166
1185,demand,7170.865874855776
1186,demand,6981.686307478101
1187,demand,6744.81103267007
1188,demand,6544.731733911859
1189,demand,6439.429532032168
1190,demand,6341.161320297423
1191,demand,6224.395563190422
1192,demand,6265.278304646616
1193,demand,6715.41065503479
1194,demand,6992.823397522715
1195,demand,6840.823040463583
1196,demand,6589.918160710845
1197,demand,6216.945101398393
1198,demand,5751.620452165114
1199,demand,5386.45742969344
1200,demand,5011.614390459373
1201,demand,4875.715689798296
1202,demand,4750.909231403649
1203,demand,4691.5719650670835
1204,demand,4724.292544632243
1205,demand,4959.847024079649
1206,demand,5961.331889699322
1207,demand,6821.304032490514
1208,demand,7269.394474343491
1209,demand,7135.709327773688
1210,demand,6868.8858601127595
1211,demand,6601.557533879588
1212,demand,6390.90658248616
1213,demand,6309.054130100545
1214,demand,6195.4755701140675
1215,demand,6106.6732402506605
1216,demand,6171.054108703493
1217,demand,6661.384422391568
1218,demand,6823.159469979865
1219,demand,6676.084192986475
1220,demand,6423.367894896101
1221,demand,6033.245125200091
1222,demand,5570.411374635041
1223,demand,5195.428367760478
1224,demand,4810.231961582816
1225,demand,4655.559407967813
1226,demand,4545.035094492739
1227,demand,4500.302479745452
1228,demand,4544.688894621253
1229,demand,4797.147682697194
1230,demand,5791.473784080345
1231,demand,6629.557507044328
1232,demand,7079.08067558702
1233,demand,7050.632506445481
1234,demand,6850.829878160677
1235,demand,6634.425085139859
1236,demand,6477.43977418561
1237,demand,6383.04067893828
1238,demand,6240.558302795915
1239,demand,6156.826465341797
1240,demand,6178.732516783695
1241,demand,6606.499928666032
1242,demand,6728.851227217987
1243,demand,6590.74314505555
1244,demand,6367.4865480668705
1245,demand,6016.880029098469
1246,demand,5604.348254545286
1247,demand,5254.878216581262
1248,demand,4910.499978984319
1249,demand,5077.493286708086
1250,demand,4986.230523938334
1251,demand,4965.890589325836
1252,demand,5061.387797115514
1253,demand,5352.757180584378
1254,demand,6420.70153415636
1255,demand,7359.06830823577
1256,demand,7874.050547365536
1257,demand,7840.897238515362
1258,demand,7623.754270046415
1259,demand,7345.251503215401
1260,demand,7096.6325929782615
1261,demand,6965.746904462482
1262,demand,6793.815999341335
1263,demand,6636.032769235057
1264,demand,6642.810415409524
1265,demand,7087.04035132748
1266,demand,7401.772579439357
1267,demand,7309.462704601121
1268,demand,7113.324399156712
1269,demand,6716.146490326139
1270,demand,6237.53922276512
1271,demand,5847.95718231883
1272,demand,5462.316218503823
1273,demand,5305.450268927261
1274,demand,5199.972359058186
1275,demand,5163.187700081551
1276,demand,5240.198255616965
1277,demand,5495.559897857123
1278,demand,6549.178481619832
1279,demand,7455.770156146541
1280,demand,7926.90959801516
1281,demand,7738.620351188647
1282,demand,7428.457277870828
1283,demand,7035.22715633018
1284,demand,6640.169537638225
1285,demand,6369.947301970375
1286,demand,6145.605570564955
1287,demand,6033.672758106573
1288,demand,6046.353315312256
1289,demand,6513.885444202739
1290,demand,6964.55780082007
1291,demand,6896.853851017298
1292,demand,6697.570681476815
1293,demand,6385.538183764988
1294,demand,5981.349108030599
1295,demand,5624.354646465792
1296,demand,5209.18240117961
1297,demand,4965.34242914795
1298,demand,4829.409759919035
1299,demand,4757.144587747071
1300,demand,4724.029469074379
1301,demand,4722.097772188116
1302,demand,5439.489976746612
1303,demand,6177.610165961663
1304,demand,6663.89974701475
1305,demand,6331.462658419245
1306,demand,6013.345645367837
1307,demand,5682.066199189761
1308,demand,5370.932154776532
1309,demand,5229.2644108260865
1310,demand,5143.72949648682
1311,demand,5117.853272842562
1312,demand,5209.258982215083
1313,demand,5738.180234070748
1314,demand,6211.069446782974
1315,demand,6207.013385661034
1316,demand,6062.548481740874
1317,demand,5791.781168345766
1318,demand,5466.516403283461
1319,demand,5196.597658617987
1320,demand,4852.424676148345
1321,demand,4728.977765146664
1322,demand,4606.433542946594
1323,demand,4547.657419385484
1324,demand,4511.321807632916
1325,demand,4490.398605300185
1326,demand,5174.443982342398
1327,demand,5877.536380298927
1328,demand,6391.37382995345
1329,demand,6361.17082596008
1330,demand,6167.473013292083
1331,demand,5881.486178796664
1332,demand,5567.139238932265
1333,demand,5405.704843209679
1334,demand,5307.8009272791205
1335,demand,5253.273346815363
1336,demand,5361.378608325213
1337,demand,5888.522064504625
1338,demand,6344.526642197464
1339,demand,6354.089738666771
1340,demand,6190.803518167448
1341,demand,5864.725754883317
1342,demand,5454.097682767887
1343,demand,5141.460703773372
1344,demand,4787.0510157165445
1345,demand,4490.996985738604
1346,demand,4375.392672867774
1347,demand,4350.404516951974
1348,demand,4430.4477981394275
1349,demand,4729.104903794283
1350,demand,5795.213874099947
1351,demand,6673.867206279026
1352,demand,7108.575794850299
1353,demand,6989.391409687794
1354,demand,6686.776118397846
1355,demand,6371.341075695776
1356,demand,6073.112814759823
1357,demand,5918.016352993394
1358,demand,5771.655629045965
1359,demand,5619.018797714014
1360,demand,5643.738592193486
1361,demand,6093.180480610991
1362,demand,6526.672069271128
1363,demand,6525.93410724581
1364,demand,6338.220903929519
1365,demand,6003.8971528224265
1366,demand,5572.364744067908
1367,demand,5208.696674930859
1368,demand,4866.664051767729
1369,demand,4762.639829866894
1370,demand,4680.777507720881
1371,demand,4667.511680762856
1372,demand,4745.8781402160585
1373,demand,5041.868373778068
1374,demand,6110.104504454416
1375,demand,6957.509679781211
1376,demand,7321.496648273736
1377,demand,7048.779071359533
1378,demand,6686.306712859011
1379,demand,6286.734775762263
1380,demand,6011.557246220655
1381,demand,5887.341816320158
1382,demand,5735.979686413271
1383,demand,5601.633885063596
1384,demand,5664.1440186095115
1385,demand,6162.895450833709
1386,demand,6579.9006488571
1387,demand,6572.548237570534
1388,demand,6371.3650074008965
1389,demand,6019.891796787733
1390,demand,5583.314396406765
1391,demand,5227.777175745065
1392,demand,4868.623425170096
1393,demand,4848.189445184407
1394,demand,4743.906005069261
1395,demand,4699.96672371613
1396,demand,4764.480444462592
1397,demand,5074.113030148863
1398,demand,6113.301458538703
1399,demand,6959.009632633566
1400,demand,7348.117120709241
1401,demand,7135.777337466546
1402,demand,6835.042368588236
1403,demand,6511.355826170311
1404,demand,6271.738113405151
1405,demand,6159.087566711933
1406,demand,6008.483942731791
1407,demand,5878.625053799138
1408,demand,5930.207368019369
1409,demand,6398.1514828122945
1410,demand,6842.591484123185
1411,demand,6880.330957228947
1412,demand,6734.723992735924
1413,demand,6400.0815989929615
1414,demand,5956.26560531161
1415,demand,5590.094617124595
1416,demand,5211.025151460557
1417,demand,5455.410864474813
1418,demand,5344.958415321658
1419,demand,5294.505784022488
1420,demand,5389.905719207338
1421,demand,5692.675609858231
1422,demand,6664.142153939258
1423,demand,7542.724984934084
1424,demand,8087.564742013305
1425,demand,7899.596648019815
1426,demand,7608.312716875049
1427,demand,7226.477475603888
1428,demand,6901.490245204496
1429,demand,6722.479524272321
1430,demand,6553.037904284554
1431,demand,6412.900089783338
1432,demand,6408.040134979607
1433,demand,6846.119673625835
1434,demand,7362.001977630388
1435,demand,7434.365253698026
1436,demand,7271.354401122613
1437,demand,6920.998889264743
1438,demand,6464.360519623782
1439,demand,6110.317694698533
1440,demand,5730.564443877204
1441,demand,5594.4207550991905
1442,demand,5496.932083874381
1443,demand,5493.814257139376
1444,demand,5555.6634409119815
1445,demand,5818.711755861502
1446,demand,6773.9476822286515
1447,demand,7655.169164779092
1448,demand,8175.128536067037
1449,demand,8033.7400264282405
1450,demand,7659.24329064415
1451,demand,7264.925736303856
1452,demand,6872.799162469959
1453,demand,6634.604545128664
1454,demand,6459.270561958498
1455,demand,6370.730221659835
1456,demand,6405.050539576795
1457,demand,6865.464080591919
1458,demand,7143.887672496845
1459,demand,7022.1743741559585
1460,demand,6775.2647834820455
1461,demand,6411.761955921635
1462,demand,5993.9761150880695
1463,demand,5612.557184339803
1464,demand,5185.639297297535
1465,demand,4792.634099165628
1466,demand,4647.981882296834
1467,demand,4570.145750913371
1468,demand,4532.262442987453
1469,demand,4504.287540384028
1470,demand,5019.282231188408
1471,demand,5640.948060050292
1472,demand,6197.187906922274
1473,demand,6183.941641621173
1474,demand,5960.346762977817
1475,demand,5679.974508813841
1476,demand,5467.6096420002195
1477,demand,5374.100346795224
1478,demand,5314.207771062191
1479,demand,5298.653469387784
1480,demand,5366.82548322925
1481,demand,5838.373882336835
1482,demand,6276.192202971135
1483,demand,6270.517312970755
1484,demand,6064.159343030827
1485,demand,5753.377374342437
1486,demand,5387.021896874198
1487,demand,5059.463446298788
1488,demand,4679.1445913212665
1489,demand,4542.542753794097
1490,demand,4416.570440935552
1491,demand,4339.19027856314
1492,demand,4246.35013909178
1493,demand,4173.83478795639
1494,demand,4687.405388288311
1495,demand,5292.057748515092
1496,demand,5844.895860831519
1497,demand,5910.27074239424
1498,demand,5876.955373492197
1499,demand,5771.139022952981
1500,demand,5598.015632484097
1501,demand,5567.153116542356
1502,demand,5615.936500113974
1503,demand,5590.144609499572
1504,demand,5668.222009284364
1505,demand,6174.386997614806
1506,demand,6559.304084499121
1507,demand,6527.615720948852
1508,demand,6341.612676235057
1509,demand,6035.198548864376
1510,demand,5654.287141458159
1511,demand,5366.6411535588995
1512,demand,5051.615679667244
1513,demand,5071.77912370311
1514,demand,4960.4598577757915
1515,demand,4905.52831362566
1516,demand,4959.646062690472
1517,demand,5246.217350391248
1518,demand,6248.550586240812
1519,demand,7128.618138241138
1520,demand,7668.769314574357
1521,demand,7657.6966606663045
1522,demand,7347.33442976177
1523,demand,7071.825330848195
1524,demand,6860.935574610338
1525,demand,6779.96222658572
1526,demand,6632.928276336043
1527,demand,6493.413352365596
1528,demand,6534.213018600698
1529,demand,6927.97993351374
1530,demand,7155.616118650476
1531,demand,7087.782201379408
1532,demand,6863.498697623142
1533,demand,6440.480292084645
1534,demand,5951.038537724363
1535,demand,5535.301013244922
1536,demand,5175.835479310692
1537,demand,5022.757631384636
1538,demand,4937.395859652791
1539,demand,4895.007823938143
1540,demand,4970.368030270122
1541,demand,5277.258922013332
1542,demand,6305.685576958838
1543,demand,7168.58699617857
1544,demand,7631.906139586357
1545,demand,7528.080983734778
1546,demand,7297.213684022507
1547,demand,7040.015412196612
1548,demand,6860.545643188791
1549,demand,6846.149643128923
1550,demand,6776.23400607405
1551,demand,6743.864649974044
1552,demand,6779.724677464463
1553,demand,7099.2479174251075
1554,demand,7215.927985983781
1555,demand,7060.631146944096
1556,demand,6757.019558225961
1557,demand,6302.989785425354
1558,demand,5789.360896654613
1559,demand,5355.307291436365
1560,demand,4951.085090872844
1561,demand,4655.374305767273
1562,demand,4530.816269594048
1563,demand,4491.783268590521
1564,demand,4550.584734453439
1565,demand,4836.515660468621
1566,demand,5807.361302714626
1567,demand,6617.252536793552
1568,demand,7109.599072129718
1569,demand,7130.70121422688
1570,demand,6930.606127318093
1571,demand,6713.697303624227
1572,demand,6570.9941936315445
1573,demand,6609.439191722871
1574,demand,6552.7607038157
1575,demand,6527.48027616332
1576,demand,6459.79427510206
1577,demand,6705.9040554916555
1578,demand,6965.025360005371
1579,demand,6907.396350161749
1580,demand,6636.134054243088
1581,demand,6244.632741360059
1582,demand,5757.819408962144
1583,demand,5400.696099308578
1584,demand,5012.293313203636
1585,demand,4981.922893531202
1586,demand,4842.22256252223
1587,demand,4796.343790511457
1588,demand,4865.6042086201305
1589,demand,5190.9067835998485
1590,demand,6236.845445777746
1591,demand,7134.939354001855
1592,demand,7679.242572949578
1593,demand,7647.284197348852
1594,demand,7431.8097471745305
1595,demand,7109.945853906114
1596,demand,6893.675330017399
1597,demand,6752.211576125006
1598,demand,6614.23094320814
1599,demand,6504.52195696849
1600,demand,6491.977955325485
1601,demand,6785.578334158621
1602,demand,7075.72780465687
1603,demand,7115.242542915864
1604,demand,6858.0219479404295
1605,demand,6440.227436769303
1606,demand,5945.613291637215
1607,demand,5573.515360324767
1608,demand,5191.576942834404
1609,demand,5062.655025838504
1610,demand,4948.420899753934
1611,demand,4919.452702130892
1612,demand,5010.892132128799
1613,demand,5343.27796491835
1614,demand,6353.250206830771
1615,demand,7224.493841361194
1616,demand,7761.195381811294
1617,demand,7719.254796955645
1618,demand,7386.2412109986435
1619,demand,7006.526613716452
1620,demand,6672.225474481271
1621,demand,6468.1831553663305
1622,demand,6292.712396640794
1623,demand,6208.71241956719
1624,demand,6228.322428462106
1625,demand,6574.206847674041
1626,demand,6927.613497035963
1627,demand,6993.151201727189
1628,demand,6788.03114366981
1629,demand,6453.39532970306
1630,demand,6041.536086799909
1631,demand,5703.987106210124
1632,demand,5321.78499131174
1633,demand,5289.6076316436365
1634,demand,5135.975667835587
1635,demand,4990.538634646913
1636,demand,4912.392501553036
1637,demand,4859.28782742224
1638,demand,5410.818215295941
1639,demand,6077.120854037822
1640,demand,6586.305521485414
1641,demand,6553.783295579693
1642,demand,6352.935652234087
1643,demand,6101.366837455684
1644,demand,5861.9815751903825
1645,demand,5747.964420636582
1646,demand,5682.47837129537
1647,demand,5694.634105715471
1648,demand,5774.736186411905
1649,demand,6208.594682354022
1650,demand,6628.9400847328125
1651,demand,6828.251396049622
1652,demand,6726.370705651856
1653,demand,6478.300689366781
1654,demand,6148.4657315446275
1655,demand,5867.949884345009
1656,demand,5504.638916799764
1657,demand,5544.876541769952
1658,demand,5403.854314204926
1659,demand,5321.5369280053255
1660,demand,5306.207421691628
1661,demand,5288.664888259122
1662,demand,5908.326193345046
1663,demand,6592.085148476919
1664,demand,7038.107566551975
1665,demand,6908.326181529035
1666,demand,6604.543842799044
1667,demand,6297.668297303084
1668,demand,5999.69564617152
1669,demand,5859.915283695603
1670,demand,5785.6594411198475
1671,demand,5746.840263450758
1672,demand,5826.17261059864
1673,demand,6317.260453412684
1674,demand,6789.557936637801
1675,demand,7097.544128425545
1676,demand,6983.335262791412
1677,demand,6681.843101261293
1678,demand,6264.625183285962
1679,demand,5971.622521397384
1680,demand,5617.921085935668
1681,demand,5355.952787044261
1682,demand,5227.097756108541
1683,demand,5148.960368057524
1684,demand,5214.674638141713
1685,demand,5572.740647354062
1686,demand,6632.0526082916385
1687,demand,7504.502392115024
1688,demand,7918.754518047419
1689,demand,7817.044859744847
1690,demand,7551.074746477756
1691,demand,7301.948215325957
1692,demand,7144.491707950033
1693,demand,7070.869777617506
1694,demand,7057.038351598796
1695,demand,7042.13080261988
1696,demand,7199.332322279927
1697,demand,7478.410766267716
1698,demand,7575.180192111053
1699,demand,7472.81503996985
1700,demand,7211.200470727574
1701,demand,6790.597850823475
1702,demand,6278.102119839865
1703,demand,5878.804044523379
1704,demand,5504.1350966293685
1705,demand,5268.721488718262
1706,demand,5153.329820183428
1707,demand,5097.473970860741
1708,demand,5108.493222936141
1709,demand,5429.1316213868395
1710,demand,6462.972154014457
1711,demand,7295.6302656143625
1712,demand,7731.895970875094
1713,demand,7694.794164256971
1714,demand,7465.363873565122
1715,demand,7215.56260770268
1716,demand,6972.175389245758
1717,demand,6811.149803365241
1718,demand,6641.075086957313
1719,demand,6526.024789990552
1720,demand,6499.421002063362
1721,demand,6736.404585691692
1722,demand,6984.12487482124
1723,demand,7028.870820164377
1724,demand,6778.394333190434
1725,demand,6347.931218188956
1726,demand,5857.258383182906
1727,demand,5545.885771485449
1728,demand,5187.590005065689
1729,demand,5087.40820687171
1730,demand,4999.9248499183905
1731,demand,4974.820146142292
1732,demand,5035.9421751033005
1733,demand,5355.138737613474
1734,demand,6354.422863985789
1735,demand,7149.542380865019
1736,demand,7557.253159312724
1737,demand,7462.117405479301
1738,demand,7278.305421939687
1739,demand,7040.004143418841
1740,demand,6905.342756035923
1741,demand,6838.074172657726
1742,demand,6788.863803708235
1743,demand,6656.461159159984
1744,demand,6672.028435109723
1745,demand,6966.690626669777
1746,demand,7095.227447608317
1747,demand,7012.1919097126265
1748,demand,6761.787744297979
1749,demand,6335.06215808506
1750,demand,5815.139284136852
1751,demand,5425.303832259666
1752,demand,5062.116223843044
1753,demand,4955.3285080869955
1754,demand,4867.106859628984
1755,demand,4836.125761193008
1756,demand,4932.988723708814
1757,demand,5279.98584344579
1758,demand,6293.9598700786555
1759,demand,7127.410313439057
1760,demand,7551.36993701529
1761,demand,7475.6962180522205
1762,demand,7219.179271209697
1763,demand,6960.237230293065
1764,demand,6802.406819208346
1765,demand,6732.685650474293
1766,demand,6696.304666850421
1767,demand,6635.869546372896
1768,demand,6720.45833738796
1769,demand,6953.915356255691
1770,demand,7169.895440560023
1771,demand,7219.164114099025
1772,demand,7011.319418497022
1773,demand,6612.667077194099
1774,demand,6099.542573938602
1775,demand,5727.856493506815
1776,demand,5310.868414148511
1777,demand,5127.232138793161
1778,demand,5033.980903016437
1779,demand,4995.218037541304
1780,demand,5057.0942827176395
1781,demand,5364.138467024737
1782,demand,6322.010115735059
1783,demand,7081.8900963690685
1784,demand,7438.970583747561
1785,demand,7313.477541095879
1786,demand,7051.075680235631
1787,demand,6717.301135100357
1788,demand,6414.510279304981
1789,demand,6244.668178400798
1790,demand,6121.429033396254
1791,demand,6105.808881548823
1792,demand,6257.465367633805
1793,demand,6676.736876316316
1794,demand,6934.592627847553
1795,demand,6858.044999666251
1796,demand,6630.025171808284
1797,demand,6257.956879496466
1798,demand,5785.099279404161
1799,demand,5384.317657591268
1800,demand,4995.456900196346
1801,demand,4816.368642006645
1802,demand,4724.336764580199
1803,demand,4634.333073946156
1804,demand,4576.38856496886
1805,demand,4580.019887009601
1806,demand,5136.755098749233
1807,demand,5748.653765201538
1808,demand,6301.211914167739
1809,demand,6412.606823199096
1810,demand,6246.945601728508
1811,demand,6027.566463802545
1812,demand,5788.00098207661
1813,demand,5671.6908323972675
1814,demand,5594.018141532264
1815,demand,5607.096576793761
1816,demand,5660.247304987458
1817,demand,6010.655267919416
1818,demand,6316.098462013063
1819,demand,6494.737835761158
1820,demand,6350.88405198458
1821,demand,6062.0493868401845
1822,demand,5717.314203044922
1823,demand,5455.5908824835315
1824,demand,5105.041458900661
1825,demand,5057.738432503366
1826,demand,4917.31048449041
1827,demand,4830.908652570803
1828,demand,4756.465430728324
1829,demand,4713.590955634803
1830,demand,5243.863689592513
1831,demand,5806.661898072717
1832,demand,6232.091290544555
1833,demand,6247.025457826519
1834,demand,6052.464676318366
1835,demand,5924.4750853659625
1836,demand,5691.439779995857
1837,demand,5577.860357855715
1838,demand,5496.287585496351
1839,demand,5444.052418021697
1840,demand,5528.44416840105
1841,demand,5912.647038103797
1842,demand,6246.14294610771
1843,demand,6522.064308467018
1844,demand,6367.861079215002
1845,demand,6047.865575469103
1846,demand,5668.616297471049
1847,demand,5382.743610851616
1848,demand,5085.460323934066
1849,demand,5093.472528617018
1850,demand,5050.431737277513
1851,demand,5067.487734160236
1852,demand,5221.032734206302
1853,demand,5619.675040268073
1854,demand,6711.244399955871
1855,demand,7543.414511093485
1856,demand,7799.410316694175
1857,demand,7569.998839907152
1858,demand,7199.373753101662
1859,demand,6869.48221090602
1860,demand,6619.567131094818
1861,demand,6480.684420811415
1862,demand,6324.842291934866
1863,demand,6183.60594810782
1864,demand,6205.113560439087
1865,demand,6519.169336794595
1866,demand,6802.889725612595
1867,demand,7157.611641854577
1868,demand,7016.23467866807
1869,demand,6634.252480644809
1870,demand,6136.499909820318
1871,demand,5752.642739757504
1872,demand,5383.347112947829
1873,demand,5044.52756296756
1874,demand,4936.710511987683
1875,demand,4877.0260202717545
1876,demand,4939.678924046707
1877,demand,5266.328100782603
1878,demand,6226.44626491559
1879,demand,6939.213664931532
1880,demand,7343.799026353112
1881,demand,7331.08457513468
1882,demand,7069.084244385533
1883,demand,6744.439424674947
1884,demand,6489.196904916958
1885,demand,6322.739916149033
1886,demand,6119.502975794484
1887,demand,5971.305236571276
1888,demand,5990.949172741743
1889,demand,6261.559710101061
1890,demand,6462.915834718022
1891,demand,6619.552104342598
1892,demand,6418.252617551387
1893,demand,6022.621315648414
1894,demand,5527.553153196554
1895,demand,5141.177597080603
1896,demand,4778.471664844472
1897,demand,4549.711872132753
1898,demand,4459.540970385833
1899,demand,4436.93150178746
1900,demand,4540.038792182291
1901,demand,4899.222954100316
1902,demand,5879.284635993883
1903,demand,6600.94995153769
1904,demand,6985.479845925412
1905,demand,6951.249369215856
1906,demand,6693.54074807683
1907,demand,6428.862426849177
1908,demand,6218.899726167652
1909,demand,6108.446722763427
1910,demand,5943.109155013678
1911,demand,5863.992440648897
1912,demand,5878.869148237765
1913,demand,6126.956605687048
1914,demand,6325.960396397442
1915,demand,6396.906305030926
1916,demand,6181.487606871786
1917,demand,5775.056537909287
1918,demand,5287.566164214873
1919,demand,4938.605745835766
1920,demand,4602.543272985985
1921,demand,4647.7935932976125
1922,demand,4581.503770343075
1923,demand,4606.035181966314
1924,demand,4739.239981153816
1925,demand,5153.144387465925
1926,demand,6194.474736183896
1927,demand,6935.59015636185
1928,demand,7276.533137707711
1929,demand,7192.37309720078
1930,demand,6908.282258569903
1931,demand,6583.510747317733
1932,demand,6392.130586300477
1933,demand,6311.2857998387935
1934,demand,6158.436000684793
1935,demand,6079.624973408912
1936,demand,6118.618409718035
1937,demand,6336.117935332679
1938,demand,6550.571275777054
1939,demand,6604.674142812146
1940,demand,6386.1475907468
1941,demand,5968.2490743153885
1942,demand,5469.688274556816
1943,demand,5091.48814448339
1944,demand,4735.980351297703
1945,demand,4596.585686268409
1946,demand,4494.1554330231465
1947,demand,4468.138973124104
1948,demand,4556.955780875513
1949,demand,4900.215529657664
1950,demand,5881.2255857300315
1951,demand,6629.587617552246
1952,demand,7011.939404304593
1953,demand,6941.290301055573
1954,demand,6657.761745557176
1955,demand,6345.603907333425
1956,demand,6009.742087103014
1957,demand,5799.29651058842
1958,demand,5655.765792048858
1959,demand,5588.155732632106
1960,demand,5634.474369454071
1961,demand,5917.918178647685
1962,demand,6149.30068595217
1963,demand,6359.416351291458
1964,demand,6214.176093293977
1965,demand,5895.394145781946
1966,demand,5511.932907304379
1967,demand,5187.903768575345
1968,demand,4829.688657060014
1969,demand,4824.037457169895
1970,demand,4709.451122453027
1971,demand,4645.478467954803
1972,demand,4602.771837416318
1973,demand,4612.382156162297
1974,demand,5210.381123947648
1975,demand,5789.644464563024
1976,demand,6244.446754120969
1977,demand,6254.0490889679
1978,demand,5998.257022217918
1979,demand,5723.698376496715
1980,demand,5474.797178557354
1981,demand,5370.402545710567
1982,demand,5307.539978650576
1983,demand,5282.311912061343
1984,demand,5357.507057277265
1985,demand,5707.419990633263
1986,demand,5954.961938152312
1987,demand,6188.624747929483
1988,demand,6102.1432766192465
1989,demand,5826.500255600644
1990,demand,5481.641806663335
1991,demand,5200.682835731492
1992,demand,4892.438532069526
1993,demand,4820.859690490241
1994,demand,4714.058033195177
1995,demand,4665.288777816756
1996,demand,4617.201763631164
1997,demand,4614.120283422113
1998,demand,5189.254908374898
1999,demand,5731.646968690502
2000,demand,6151.598563355647
2001,demand,6176.956624954482
2002,demand,6008.6114429175905
2003,demand,5855.57034333534
2004,demand,5652.36280756204
2005,demand,5496.270734634686
2006,demand,5376.607166054669
2007,demand,5335.377114667338
2008,demand,5430.40998684602
2009,demand,5734.724549703091
2010,demand,6009.685796242999
2011,demand,6358.997594585886
2012,demand,6310.5025221002
2013,demand,6013.3455148662615
2014,demand,5629.259896002837
2015,demand,5371.078987832018
2016,demand,5074.076962343984
2017,demand,4866.80967767067
2018,demand,4778.566480194079
2019,demand,4745.4844545733395
2020,demand,4816.846679917823
2021,demand,5138.118720612865
2022,demand,6073.731831357186
2023,demand,6781.19608326904
2024,demand,7134.191868082553
2025,demand,7144.589816922453
2026,demand,6838.282509397611
2027,demand,6555.2182720528435
2028,demand,6319.737670814859
2029,demand,6174.710292634174
2030,demand,6028.220964261426
2031,demand,5889.231648755931
2032,demand,5940.9365888636075
2033,demand,6213.100308151063
2034,demand,6407.013685046687
2035,demand,6593.852267194999
2036,demand,6427.030189257413
2037,demand,6048.0654621878275
2038,demand,5581.00190358456
2039,demand,5229.131020895361
2040,demand,4883.718107329001
2041,demand,4614.502562222024
2042,demand,4460.835495638493
2043,demand,4408.968196423977
2044,demand,4476.6811483135425
2045,demand,4787.524226943535
2046,demand,5698.806496295628
2047,demand,6386.324199125705
2048,demand,6865.536092238528
2049,demand,6874.89153953606
2050,demand,6610.780668044701
2051,demand,6333.774834101804
2052,demand,6138.58879111179
2053,demand,5995.5769964942865
2054,demand,5867.423520424638
2055,demand,5779.251577762846
2056,demand,5823.029628569613
2057,demand,6026.158909022282
2058,demand,6221.244555110348
2059,demand,6297.822240444742
2060,demand,6105.471008811575
2061,demand,5721.663123698957
2062,demand,5261.325669026778
2063,demand,4918.855136466866
2064,demand,4570.64612375448
2065,demand,4386.10530094523
2066,demand,4277.937436290313
2067,demand,4237.396940876191
2068,demand,4312.82217694648
2069,demand,4624.376621052485
2070,demand,5530.013123833046
2071,demand,6202.6148485995855
2072,demand,6635.9901482766345
2073,demand,6644.188718239491
2074,demand,6399.781367282523
2075,demand,6104.713728173006
2076,demand,5922.355697514178
2077,demand,5780.457330553423
2078,demand,5612.633303692144
2079,demand,5449.690000751934
2080,demand,5439.550078784088
2081,demand,5651.556462478175
2082,demand,5827.835372207585
2083,demand,6046.515310491246
2084,demand,5950.021561371064
2085,demand,5603.518436889905
2086,demand,5178.180127533442
2087,demand,4863.174839890002
2088,demand,4549.451215246231
2089,demand,4425.943940038847
2090,demand,4337.03079057203
2091,demand,4289.092402300308
2092,demand,4286.970692602112
2093,demand,4393.762918429711
2094,demand,5062.248880822298
2095,demand,5603.3747440944535
2096,demand,5910.376180542452
2097,demand,5869.906661459271
2098,demand,5657.561474628887
2099,demand,5395.63048406682
2100,demand,5180.341230397629
2101,demand,5052.250290814168
2102,demand,4963.8151915403505
2103,demand,4912.333680326498
2104,demand,4955.569746865113
2105,demand,5173.420179400223
2106,demand,5361.620650628907
2107,demand,5693.900986807679
2108,demand,5699.510846164578
2109,demand,5418.980725364338
2110,demand,5056.758143703136
2111,demand,4766.985791035499
2112,demand,4459.469079191055
2113,demand,4475.980547746942
2114,demand,4369.979408882165
2115,demand,4319.9660196752575
2116,demand,4314.593298378191
2117,demand,4414.879284972924
2118,demand,5101.519219503657
2119,demand,5657.592433300237
2120,demand,5959.803569108199
2121,demand,5867.070660129049
2122,demand,5535.713107468951
2123,demand,5231.005651544606
2124,demand,4922.8419661045555
2125,demand,4727.071136649415
2126,demand,4641.734286295269
2127,demand,4614.737771497415
2128,demand,4718.8005201590095
2129,demand,4989.069171822997
2130,demand,5158.6987008532615
2131,demand,5458.452421206456
2132,demand,5444.17853094491
2133,demand,5208.651120104031
2134,demand,4926.112489006647
2135,demand,4675.028196300803
2136,demand,4350.775656071268
2137,demand,4680.072907285684
2138,demand,4624.487600893197
2139,demand,4622.6829863275125
2140,demand,4644.989308776128
2141,demand,4727.856834789039
2142,demand,5358.1506944604
2143,demand,5890.330642531083
2144,demand,6275.6664198302005
2145,demand,6312.208837902004
2146,demand,6070.6729471746075
2147,demand,5782.863902089244
2148,demand,5543.022685180495
2149,demand,5399.795420406049
2150,demand,5299.26796192868
2151,demand,5286.10671871454
2152,demand,5389.317263379218
2153,demand,5676.444866225185
2154,demand,5909.995128781366
2155,demand,6243.9840304194295
2156,demand,6323.913765030797
2157,demand,6096.5833286468005
2158,demand,5794.790039837052
2159,demand,5584.261694676277
2160,demand,5307.378566037594
2161,demand,4476.125944764359
2162,demand,4402.979524834953
2163,demand,4354.825053545425
2164,demand,4317.529391827176
2165,demand,4091.4181144257163
2166,demand,4440.965302032913
2167,demand,4681.456112719674
2168,demand,4738.988696344897
2169,demand,4730.007508668261
2170,demand,4497.184914997147
2171,demand,4301.510463574207
2172,demand,4121.658417464221
2173,demand,4006.230602222729
2174,demand,4030.2161653910616
2175,demand,4173.092131655142
2176,demand,4472.115514565459
2177,demand,4640.198762213806
2178,demand,4748.234206855854
2179,demand,5143.100397853708
2180,demand,5270.405500090952
2181,demand,5037.759174258343
2182,demand,4725.274930420538
2183,demand,4548.8778234460915
2184,demand,4291.825788470098
2185,demand,4146.261760411804
2186,demand,4059.0242120150942
2187,demand,4039.032506176418
2188,demand,4130.800715553666
2189,demand,4321.053777018027
2190,demand,5124.097823450284
2191,demand,5546.999908231433
2192,demand,5766.484290146868
2193,demand,5712.579986356759
2194,demand,5423.3229669364355
2195,demand,5137.549170974102
2196,demand,4964.4451981521
2197,demand,4843.916544214118
2198,demand,4774.147184821776
2199,demand,4821.483065925422
2200,demand,5045.921209555314
2201,demand,5100.304221952656
2202,demand,5117.0069330644055
2203,demand,5366.769943807438
2204,demand,5334.398124055876
2205,demand,4977.90026307766
2206,demand,4572.233291737662
2207,demand,4316.88548485681
2208,demand,4046.335725988876
2209,demand,4055.635407149496
2210,demand,3989.219002836534
2211,demand,4006.527646354758
2212,demand,4186.837063246998
2213,demand,4622.5342046852165
2214,demand,5694.917583015168
2215,demand,6246.106036268693
2216,demand,6415.885004195168
2217,demand,6291.082668876799
2218,demand,5977.906544814938
2219,demand,5690.421694701697
2220,demand,5543.888206263242
2221,demand,5423.991330534508
2222,demand,5301.160859101001
2223,demand,5310.383610552802
2224,demand,5536.387391061504
2225,demand,5567.859345563935
2226,demand,5536.073899071449
2227,demand,5659.495465385038
2228,demand,5542.51150984815
2229,demand,5126.849269914788
2230,demand,4658.140239263026
2231,demand,4372.224720022121
2232,demand,4096.338613157732
2233,demand,4019.079809376358
2234,demand,3980.440617538092
2235,demand,4009.885867312384
2236,demand,4198.223187860935
2237,demand,4648.8897649130595
2238,demand,5723.348347333597
2239,demand,6248.132727411865
2240,demand,6404.036623973312
2241,demand,6263.049601785281
2242,demand,5944.596567833939
2243,demand,5644.133528834688
2244,demand,5481.565035385143
2245,demand,5333.414831255975
2246,demand,5168.312387283831
2247,demand,5136.04489519574
2248,demand,5321.110574902369
2249,demand,5337.123964530424
2250,demand,5329.558134852564
2251,demand,5523.646300774676
2252,demand,5492.012020618486
2253,demand,5084.6756268248755
2254,demand,4610.635591677213
2255,demand,4317.823527629535
2256,demand,4035.812227734634
2257,demand,3948.1003803265803
2258,demand,3901.3551108022657
2259,demand,3934.1139013575694
2260,demand,4138.195990173645
2261,demand,4590.381354466633
2262,demand,5671.882381819881
2263,demand,6180.126592585248
2264,demand,6301.07467813429
2265,demand,6153.968023827233
2266,demand,5839.66174474014
2267,demand,5523.041542554512
2268,demand,5364.531538032537
2269,demand,5206.155895074627
2270,demand,5050.237177229258
2271,demand,5030.950274561197
2272,demand,5228.823291817386
2273,demand,5267.30575655992
2274,demand,5293.645317942521
2275,demand,5493.094677540299
2276,demand,5443.900374489921
2277,demand,5030.974325684805
2278,demand,4560.507104184137
2279,demand,4238.925491347237
2280,demand,3960.1911613739985
2281,demand,3876.145791147984
2282,demand,3823.3860198836564
2283,demand,3845.7947097010397
2284,demand,4035.933236119628
2285,demand,4484.991351879396
2286,demand,5537.829249431018
2287,demand,6067.780379385262
2288,demand,6225.403166229638
2289,demand,6080.408068828434
2290,demand,5764.0548763960705
2291,demand,5400.332532158587
2292,demand,5137.89113328275
2293,demand,4880.195284601927
2294,demand,4686.881785719483
2295,demand,4674.491376651205
2296,demand,4873.94674090249
2297,demand,4915.024820638304
2298,demand,4923.404140059529
2299,demand,5093.1935788419405
2300,demand,5109.451454352654
2301,demand,4780.347492873663
2302,demand,4415.457272673365
2303,demand,4157.202699071779
2304,demand,3877.9586833308613
2305,demand,3833.389357575195
2306,demand,3768.9734719832304
2307,demand,3754.9854853527722
2308,demand,3838.549902478094
2309,demand,3972.443542844375
2310,demand,4633.986340593159
2311,demand,4935.557602609884
2312,demand,5157.310221706059
2313,demand,5101.906503884065
2314,demand,4815.769809808432
2315,demand,4538.293486405764
2316,demand,4361.919477597693
2317,demand,4204.279526676721
2318,demand,4113.34611511328
2319,demand,4197.550373619608
2320,demand,4452.800176218176
2321,demand,4536.752494843172
2322,demand,4592.01409327518
2323,demand,4803.563535723603
2324,demand,4896.308823133695
2325,demand,4626.720671513653
2326,demand,4317.475744033072
2327,demand,4118.4000594680365
2328,demand,3858.365453932901
2329,demand,3918.717400762731
2330,demand,3842.618998106511
2331,demand,3839.745846638984
2332,demand,3916.406641591562
2333,demand,4048.807999233156
2334,demand,4677.623446042999
2335,demand,4965.913688317873
2336,demand,5233.485099158459
2337,demand,5231.770571999676
2338,demand,4996.108492289821
2339,demand,4777.090332865939
2340,demand,4642.364805023329
2341,demand,4538.35331756116
2342,demand,4479.384785213681
2343,demand,4567.029684967264
2344,demand,4880.920502405239
2345,demand,4975.763714202563
2346,demand,5025.889729247302
2347,demand,5272.7148376870955
2348,demand,5352.497644742034
2349,demand,5036.571926811745
2350,demand,4686.386488444308
2351,demand,4458.843061204199
2352,demand,4228.354901411562
2353,demand,4298.476416676424
2354,demand,4267.448875326991
2355,demand,4331.844924735132
2356,demand,4543.644925516621
2357,demand,5033.34786365313
2358,demand,6161.212403417972
2359,demand,6659.258117995003
2360,demand,6881.72716144287
2361,demand,6793.91050601421
2362,demand,6479.827818896228
2363,demand,6150.102859783363
2364,demand,5978.697288856707
2365,demand,5832.748653797205
2366,demand,5646.221239918471
2367,demand,5610.433925481966
2368,demand,5823.402295824742
2369,demand,5861.083621528971
2370,demand,5853.914231117122
2371,demand,6048.8861682317165
2372,demand,6120.01066323835
2373,demand,5719.720369168925
2374,demand,5253.661055401787
2375,demand,4999.3475072781
2376,demand,4732.690065330693
2377,demand,4720.023187389593
2378,demand,4688.788741676415
2379,demand,4715.914933572407
2380,demand,4921.752491125605
2381,demand,5398.134308092807
2382,demand,6487.440328649673
2383,demand,6959.37555857064
2384,demand,7127.870194931018
2385,demand,7005.849589108309
2386,demand,6686.207840480121
2387,demand,6387.096101505014
2388,demand,6212.980813633612
2389,demand,6093.160178179351
2390,demand,5921.134011034497
2391,demand,5899.929616376747
2392,demand,6101.431361292817
2393,demand,6050.461387071813
2394,demand,5993.629187431863
2395,demand,6156.111430893801
2396,demand,6162.029218861964
2397,demand,5770.017908427151
2398,demand,5300.418464464056
2399,demand,4991.2422865883855
2400,demand,4708.325320614727
2401,demand,4654.465863698325
2402,demand,4615.875442267496
2403,demand,4641.321266791654
2404,demand,4834.969538936592
2405,demand,5327.288654831191
2406,demand,6421.1393222281895
2407,demand,6950.836998962621
2408,demand,7181.450663587504
2409,demand,7049.893503056226
2410,demand,6727.948561714172
2411,demand,6405.618878904039
2412,demand,6231.627410609764
2413,demand,6056.109741827615
2414,demand,5850.801144367691
2415,demand,5796.218069197281
2416,demand,5993.008554796137
2417,demand,5970.302635246748
2418,demand,5918.1485788586615
2419,demand,6097.032108345056
2420,demand,6172.575504415117
2421,demand,5806.733919680878
2422,demand,5338.847084419626
2423,demand,5046.788568664663
2424,demand,4783.101511519543
2425,demand,4750.143314672694
2426,demand,4707.623998837576
2427,demand,4725.394172259305
2428,demand,4925.587891068248
2429,demand,5429.615739844619
2430,demand,6511.715895839276
2431,demand,7004.04653463551
2432,demand,7164.904297378398
2433,demand,7016.7970957953785
2434,demand,6693.818246460274
2435,demand,6311.520152290472
2436,demand,6155.230169994511
2437,demand,6001.89427901284
2438,demand,5831.3074239970465
2439,demand,5800.520883588681
2440,demand,6010.243941261677
2441,demand,5956.16389498317
2442,demand,5920.1093157195355
2443,demand,6087.468976799048
2444,demand,6199.333464549406
2445,demand,5820.919518065465
2446,demand,5364.380977575553
2447,demand,5093.521923535145
2448,demand,4823.409089415674
2449,demand,4774.65820837976
2450,demand,4735.319640050303
2451,demand,4765.988729362938
2452,demand,4973.491522936058
2453,demand,5474.26905676151
2454,demand,6488.453000290958
2455,demand,6949.538731164634
2456,demand,7093.0838717110255
2457,demand,6938.567902818913
2458,demand,6568.080132283944
2459,demand,6189.247522952867
2460,demand,5943.3159655362615
2461,demand,5707.579612303825
2462,demand,5515.399974748115
2463,demand,5512.962933106494
2464,demand,5725.640681476954
2465,demand,5705.432353968825
2466,demand,5654.205837812151
2467,demand,5759.724682660139
2468,demand,5811.324369141362
2469,demand,5492.851073353944
2470,demand,5100.156150516745
2471,demand,4864.748103860196
2472,demand,4572.179383493087
2473,demand,4409.2982382450955
2474,demand,4331.374377452336
2475,demand,4315.964982914302
2476,demand,4408.361690983293
2477,demand,4572.466214546814
2478,demand,5177.214200159945
2479,demand,5516.403286123208
2480,demand,5802.696171118361
2481,demand,5783.816597743749
2482,demand,5466.158610016162
2483,demand,5162.840109055711
2484,demand,4945.373460330551
2485,demand,4762.262118827697
2486,demand,4645.084265028081
2487,demand,4715.652935236173
2488,demand,4972.995541293972
2489,demand,5002.583422930022
2490,demand,5010.669935615804
2491,demand,5189.90973494926
2492,demand,5360.170404169907
2493,demand,5091.691981294197
2494,demand,4763.629803367365
2495,demand,4578.61846169045
2496,demand,4340.100832253678
2497,demand,4275.280544008355
2498,demand,4214.742690976664
2499,demand,4192.983588100584
2500,demand,4291.840568465666
2501,demand,4467.737564311979
2502,demand,5013.042613277083
2503,demand,5293.541338893774
2504,demand,5542.018044832649
2505,demand,5494.762992625694
2506,demand,5228.94434147699
2507,demand,4971.730466180388
2508,demand,4797.301406304122
2509,demand,4664.341440605068
2510,demand,4575.57340038671
2511,demand,4652.207004283828
2512,demand,4954.051178050839
2513,demand,5039.55321696013
2514,demand,5085.485502428597
2515,demand,5296.5930338492435
2516,demand,5461.457396363209
2517,demand,5168.127000098581
2518,demand,4801.653489643324
2519,demand,4601.884765182243
2520,demand,4374.344273117443
2521,demand,4316.651799716814
2522,demand,4297.008765215421
2523,demand,4345.163520087498
2524,demand,4564.915535629107
2525,demand,5091.852345963759
2526,demand,6095.62608086726
2527,demand,6605.865551775504
2528,demand,6755.94142260073
2529,demand,6594.342248872301
2530,demand,6234.33396638759
2531,demand,5920.625095270759
2532,demand,5785.041863186605
2533,demand,5621.763060936568
2534,demand,5484.837161892943
2535,demand,5435.426071189035
2536,demand,5642.651629308006
2537,demand,5603.643321423072
2538,demand,5524.714865560036
2539,demand,5650.9527095447465
2540,demand,5754.555549522179
2541,demand,5382.105613737296
2542,demand,4922.040938545898
2543,demand,4659.424249926576
2544,demand,4394.680809806157
2545,demand,4232.510644332475
2546,demand,4191.597110366492
2547,demand,4230.81740435873
2548,demand,4432.104235330327
2549,demand,4941.206972675781
2550,demand,5910.930937000729
2551,demand,6372.9553340174425
2552,demand,6470.769541573083
2553,demand,6294.48252536035
2554,demand,5922.839395422793
2555,demand,5579.873133135876
2556,demand,5428.566331677122
2557,demand,5286.895974515769
2558,demand,5134.687492422736
2559,demand,5108.27814766673
2560,demand,5311.702246517085
2561,demand,5285.205719505533
2562,demand,5229.2921092028155
2563,demand,5366.482744940891
2564,demand,5487.340463114735
2565,demand,5132.478021990931
2566,demand,4692.445882214848
2567,demand,4411.437331834037
2568,demand,4147.601900920679
2569,demand,4045.430158157683
2570,demand,4023.461010465696
2571,demand,4061.6187171520533
2572,demand,4262.534066543714
2573,demand,4764.652649012485
2574,demand,5681.105403591081
2575,demand,6113.19298993677
2576,demand,6205.1038585945735
2577,demand,6063.73898068746
2578,demand,5733.109017339613
2579,demand,5412.877143381742
2580,demand,5288.055065173317
2581,demand,5154.628229240631
2582,demand,5007.935740007333
2583,demand,4985.920571915969
2584,demand,5187.968161606744
2585,demand,5157.913897254431
2586,demand,5103.292726353095
2587,demand,5228.592065788536
2588,demand,5351.637814485655
2589,demand,5018.416258692725
2590,demand,4576.476688348962
2591,demand,4313.063044638011
2592,demand,4074.198207001778
2593,demand,4028.1481508606157
2594,demand,4011.699652292831
2595,demand,4049.08769739004
2596,demand,4258.856537919923
2597,demand,4770.6414497567
2598,demand,5653.080798893303
2599,demand,6069.791940250415
2600,demand,6158.9582731693135
2601,demand,6019.580158736548
2602,demand,5696.2813801826105
2603,demand,5378.378960597342
2604,demand,5244.065191420452
2605,demand,5098.189119719487
2606,demand,4945.361423210747
2607,demand,4924.546123697188
2608,demand,5105.325052855781
2609,demand,5070.860466744432
2610,demand,5027.58007925573
2611,demand,5162.01116213344
2612,demand,5306.503299292401
2613,demand,4986.836731433323
2614,demand,4570.439440777649
2615,demand,4308.1017358809095
2616,demand,4059.832675149905
2617,demand,4016.106285599407
2618,demand,4002.755633087442
2619,demand,4063.236235797059
2620,demand,4280.855288538426
2621,demand,4790.426959342026
2622,demand,5666.604774992375
2623,demand,6030.763941760553
2624,demand,6058.718953631716
2625,demand,5897.827894677976
2626,demand,5558.096909279592
2627,demand,5211.68864064413
2628,demand,4988.340646110126
2629,demand,4751.799252158768
2630,demand,4576.336362134843
2631,demand,4592.106753853302
2632,demand,4802.592644843665
2633,demand,4798.310379779941
2634,demand,4747.854868781475
2635,demand,4828.047456445156
2636,demand,4965.988776601051
2637,demand,4693.668179736824
2638,demand,4363.867107853564
2639,demand,4150.902551325433
2640,demand,3904.318222236136
2641,demand,3842.66318240658
2642,demand,3806.370074351124
2643,demand,3804.74023528644
2644,demand,3876.763274204479
2645,demand,4073.4278684757883
2646,demand,4517.778157759019
2647,demand,4701.337853696748
2648,demand,4865.03922096889
2649,demand,4849.430358828866
2650,demand,4588.075980316336
2651,demand,4326.506879226808
2652,demand,4190.831382850554
2653,demand,4043.1990340441616
2654,demand,3968.954012228003
2655,demand,4049.625705428402
2656,demand,4295.751254203347
2657,demand,4342.841872931316
2658,demand,4334.878532408738
2659,demand,4455.36513036392
2660,demand,4638.367043321397
2661,demand,4393.363715948097
2662,demand,4110.952086955684
2663,demand,3969.951663882949
2664,demand,3755.457001248741
2665,demand,3730.832489066932
2666,demand,3664.1247410064934
2667,demand,3620.5465167440525
2668,demand,3665.0152721696095
2669,demand,3816.378474136455
2670,demand,4206.556899344916
2671,demand,4465.89368663829
2672,demand,4716.129111366184
2673,demand,4738.613813960395
2674,demand,4530.561558988302
2675,demand,4329.548927785637
2676,demand,4236.362248271905
2677,demand,4128.068184905965
2678,demand,4091.908676583478
2679,demand,4203.51330622506
2680,demand,4531.599305420977
2681,demand,4610.373715274143
2682,demand,4637.648673285422
2683,demand,4776.239645258413
2684,demand,4934.868315240748
2685,demand,4647.12871608187
2686,demand,4266.344661865689
2687,demand,4099.081270545887
2688,demand,3854.748784066589
2689,demand,3708.693679423624
2690,demand,3649.300176687672
2691,demand,3656.440586840028
2692,demand,3827.4806885894377
2693,demand,4361.11141857424
2694,demand,5239.560425503183
2695,demand,5782.956399828576
2696,demand,5973.767039474185
2697,demand,5941.902799992113
2698,demand,5682.279978964968
2699,demand,5443.1296378868265
2700,demand,5381.179826154776
2701,demand,5262.386721325514
2702,demand,5120.491309192317
2703,demand,5105.206574191115
2704,demand,5319.834299035632
2705,demand,5240.731501142629
2706,demand,5187.01747633381
2707,demand,5243.786303134905
2708,demand,5285.895824594648
2709,demand,4900.909440051768
2710,demand,4428.763353903811
2711,demand,4194.208905969132
2712,demand,3928.3695443311635
2713,demand,3863.461032918102
2714,demand,3820.1887173167524
2715,demand,3829.587405359813
2716,demand,3989.081358261761
2717,demand,4496.735272371121
2718,demand,5435.530596787396
2719,demand,5922.594954853559
2720,demand,6090.8197346913785
2721,demand,6039.001809525647
2722,demand,5766.557644042045
2723,demand,5491.517946797605
2724,demand,5395.543928929998
2725,demand,5273.218968828922
2726,demand,5104.659259935874
2727,demand,5069.204940410205
2728,demand,5254.250222563041
2729,demand,5166.326276502971
2730,demand,5065.075004538315
2731,demand,5123.837716739159
2732,demand,5184.787146674896
2733,demand,4805.578867420823
2734,demand,4348.326806576299
2735,demand,4082.6481425918873
2736,demand,3817.9252968930914
2737,demand,3704.7437793001927
2738,demand,3662.939330752568
2739,demand,3664.0405604673733
2740,demand,3794.213466425937
2741,demand,4284.957069911069
2742,demand,5133.146151278481
2743,demand,5667.0361511736955
2744,demand,5865.092396843838
2745,demand,5801.890216812771
2746,demand,5531.675902755265
2747,demand,5258.914023722675
2748,demand,5158.72719683215
2749,demand,5028.340275567595
2750,demand,4839.541024704338
2751,demand,4791.72099150438
2752,demand,4985.514537939667
2753,demand,4934.215805302195
2754,demand,4846.856740813289
2755,demand,4912.803477004551
2756,demand,4998.52069554978
2757,demand,4652.866675868928
2758,demand,4214.190830344654
2759,demand,3936.097654025998
2760,demand,3692.5597271946463
2761,demand,3639.777604205392
2762,demand,3595.437381931984
2763,demand,3596.2390827151
2764,demand,3752.1833462455443
2765,demand,4266.557868578833
2766,demand,5168.057851494708
2767,demand,5705.620693415251
2768,demand,5881.604117430727
2769,demand,5774.032979426228
2770,demand,5500.699541454155
2771,demand,5268.962289793728
2772,demand,5184.690326400539
2773,demand,5049.798327783294
2774,demand,4896.32996618141
2775,demand,4877.501418320022
2776,demand,5077.498562557154
2777,demand,5021.4400795204765
2778,demand,4932.23132777454
2779,demand,5022.3732803232815
2780,demand,5021.301642476662
2781,demand,4638.614590828113
2782,demand,4197.719316667066
2783,demand,3920.2488914727383
2784,demand,3669.282372454374
2785,demand,3609.406313856851
2786,demand,3532.0325446730976
2787,demand,3493.293734402215
2788,demand,3540.6577501833663
2789,demand,3766.8468036455324
2790,demand,4426.297231139055
2791,demand,4889.308318415209
2792,demand,5196.008562438115
2793,demand,5265.938721441116
2794,demand,4995.859271776748
2795,demand,4655.859958068586
2796,demand,4403.949927452861
2797,demand,4164.356964861876
2798,demand,4035.687610620186
2799,demand,4099.237995212827
2800,demand,4353.067289937754
2801,demand,4295.18160839755
2802,demand,4224.0929505488075
2803,demand,4320.368932773384
2804,demand,4496.655003656209
2805,demand,4267.803514385869
2806,demand,3985.097991891353
2807,demand,3796.784690471827
2808,demand,3529.659295362254
2809,demand,3612.1516771859747
2810,demand,3522.359762855424
2811,demand,3477.7276146498525
2812,demand,3503.949851709831
2813,demand,3682.2289434759878
2814,demand,4250.720483057197
2815,demand,4665.910250950983
2816,demand,4992.347318589312
2817,demand,5038.027997340953
2818,demand,4797.340034634322
2819,demand,4546.176371784867
2820,demand,4417.384651571997
2821,demand,4264.942545509368
2822,demand,4170.80278883914
2823,demand,4252.981149865577
2824,demand,4510.899874979505
2825,demand,4482.169589463804
2826,demand,4440.840222143933
2827,demand,4528.980983202277
2828,demand,4633.483660099839
2829,demand,4362.93453213155
2830,demand,4047.047645252002
2831,demand,3840.317385728189
2832,demand,3586.961710930701
2833,demand,3464.263722453843
2834,demand,3374.6125819266063
2835,demand,3329.068296453589
2836,demand,3357.949402465798
2837,demand,3508.677666466136
2838,demand,3997.619653976403
2839,demand,4387.819784272322
2840,demand,4701.187868493186
2841,demand,4730.486262700466
2842,demand,4508.887166074019
2843,demand,4266.517104074423
2844,demand,4146.702470201209
2845,demand,4015.190344794705
2846,demand,3939.486103378772
2847,demand,4027.663631581475
2848,demand,4314.109495456056
2849,demand,4349.036402076201
2850,demand,4354.106114430077
2851,demand,4450.745399902853
2852,demand,4600.140166519743
2853,demand,4390.816510653132
2854,demand,4091.10127461083
2855,demand,3891.9097961985044
2856,demand,3672.38569501275
2857,demand,3638.521528345588
2858,demand,3612.148270163316
2859,demand,3643.029001769558
2860,demand,3802.41596681842
2861,demand,4261.992935465174
2862,demand,5176.582341326614
2863,demand,5672.644666415596
2864,demand,5857.559434683613
2865,demand,5775.5237539841855
2866,demand,5508.827811750054
2867,demand,5247.748030076502
2868,demand,5162.329270498353
2869,demand,5022.397472396814
2870,demand,4863.89502386559
2871,demand,4848.9691576829555
2872,demand,5076.769557834432
2873,demand,5014.551911226277
2874,demand,4925.75677431426
2875,demand,4993.873643634413
2876,demand,5034.068190120941
2877,demand,4722.694899293551
2878,demand,4289.705411594816
2879,demand,4019.595812358829
2880,demand,3768.298319604598
2881,demand,3669.357853515167
2882,demand,3617.204312116408
2883,demand,3636.4256856078146
2884,demand,3751.164721137381
2885,demand,4314.573508930065
2886,demand,5205.49623858645
2887,demand,5790.163764871631
2888,demand,6027.4755958052465
2889,demand,5994.5545212272
2890,demand,5735.096096334285
2891,demand,5482.549506389778
2892,demand,5368.651324107859
2893,demand,5259.118562553691
2894,demand,5133.187400653553
2895,demand,5144.4229394511385
2896,demand,5349.176024772278
2897,demand,5336.184604479706
2898,demand,5251.720121806237
2899,demand,5291.526458917769
2900,demand,5346.30889423272
2901,demand,5003.247556674945
2902,demand,4577.511764357633
2903,demand,4244.49618576575
2904,demand,4018.121208321595
2905,demand,4001.372034597916
2906,demand,3959.551999972413
2907,demand,3967.680789286588
2908,demand,4077.7302702834686
2909,demand,4625.021062428374
2910,demand,5494.6922121571815
2911,demand,6058.153485468668
2912,demand,6280.822524918749
2913,demand,6240.434480346888
2914,demand,5968.704293264682
2915,demand,5728.077977516459
2916,demand,5596.836746233689
2917,demand,5441.568308333643
2918,demand,5283.009483532178
2919,demand,5248.066935891102
2920,demand,5413.173456984431
2921,demand,5379.869892420937
2922,demand,5297.689887606282
2923,demand,5296.694037161778
2924,demand,5378.938528560523
2925,demand,5091.506099775615
2926,demand,4648.91915111134
2927,demand,4380.463610598037
2928,demand,4064.918652921482
2929,demand,4087.517776884506
2930,demand,4034.521084361319
2931,demand,4032.199950562409
2932,demand,4135.551144193136
2933,demand,4617.458256215238
2934,demand,5485.641842380139
2935,demand,5987.137638613674
2936,demand,6233.171310352926
2937,demand,6192.05930304643
2938,demand,5950.908256367766
2939,demand,5695.959921739189
2940,demand,5571.604318756477
2941,demand,5481.831793562413
2942,demand,5332.529518870014
2943,demand,5340.2131063487395
2944,demand,5541.144961256862
2945,demand,5546.322165531183
2946,demand,5495.78512162359
2947,demand,5555.528499141441
2948,demand,5636.345098038968
2949,demand,5345.35449773748
2950,demand,4889.280946977048
2951,demand,4579.094389970001
2952,demand,4281.733550879013
2953,demand,4204.496834829564
2954,demand,4136.311026700585
2955,demand,4117.520566005097
2956,demand,4205.9834652373465
2957,demand,4684.496642698211
2958,demand,5606.591291593028
2959,demand,6155.891454692962
2960,demand,6363.871842024116
2961,demand,6259.71798842793
2962,demand,5945.771929021822
2963,demand,5616.113306219796
2964,demand,5368.559392893697
2965,demand,5149.185321718297
2966,demand,4972.871064682304
2967,demand,4981.889585013412
2968,demand,5168.763575891248
2969,demand,5140.398880342254
2970,demand,5064.759289911977
2971,demand,5048.563819646279
2972,demand,5179.802407868342
2973,demand,5025.731827678999
2974,demand,4680.851925254722
2975,demand,4438.079140884509
2976,demand,4148.1170066788345
2977,demand,3983.080783519651
2978,demand,3890.525032526391
2979,demand,3847.716945576599
2980,demand,3815.2648441804704
2981,demand,3924.48594068668
2982,demand,4397.717200342814
2983,demand,4711.523280359089
2984,demand,5002.709223735956
2985,demand,4997.0608784595715
2986,demand,4740.836231724307
2987,demand,4518.338428249992
2988,demand,4386.919199926684
2989,demand,4288.7276478371605
2990,demand,4257.6944512840055
2991,demand,4370.973744743136
2992,demand,4626.122080771656
2993,demand,4647.520246441549
2994,demand,4644.803487335705
2995,demand,4669.0997569872725
2996,demand,4809.919117727401
2997,demand,4627.501123613549
2998,demand,4323.70445220998
2999,demand,4124.3584566011505
3000,demand,3870.487749439132
3001,demand,3806.192291854866
3002,demand,3727.840461079385
3003,demand,3676.7505179043183
3004,demand,3627.391937387823
3005,demand,3736.1575414872277
3006,demand,4248.0295786282795
3007,demand,4603.302088098287
3008,demand,4957.548444130161
3009,demand,5017.558486461863
3010,demand,4822.121238893764
3011,demand,4660.238339928915
3012,demand,4565.538751119473
3013,demand,4480.330893091606
3014,demand,4416.540654559962
3015,demand,4495.330277164009
3016,demand,4758.887552391439
3017,demand,4866.429858607579
3018,demand,4874.134336429726
3019,demand,4892.02929034533
3020,demand,4989.916160431177
3021,demand,4816.005354714836
3022,demand,4455.557875164125
3023,demand,4221.224967707728
3024,demand,3983.017843441705
3025,demand,3957.0456582480947
3026,demand,3929.598215509394
3027,demand,3939.5537750042604
3028,demand,4035.6469924879957
3029,demand,4490.4625918852935
3030,demand,5448.315472914521
3031,demand,5999.583389780205
3032,demand,6263.316665181787
3033,demand,6194.990769040565
3034,demand,5914.0593975827105
3035,demand,5589.642886632065
3036,demand,5480.161789406604
3037,demand,5371.299261249984
3038,demand,5239.155907588578
3039,demand,5212.813625639692
3040,demand,5405.984458193116
3041,demand,5384.611953111078
3042,demand,5304.579349450394
3043,demand,5291.57001471542
3044,demand,5353.671780516486
3045,demand,5149.316646538148
3046,demand,4705.05738750157
3047,demand,4406.978833160236
3048,demand,4131.6386677737955
3049,demand,4005.054355844758
3050,demand,3941.470243640005
3051,demand,3944.226373005079
3052,demand,4023.813104937207
3053,demand,4507.838998489079
3054,demand,5512.7887778164895
3055,demand,6049.801944132575
3056,demand,6225.643324443568
3057,demand,6158.32570263678
3058,demand,5847.710556890118
3059,demand,5533.384280308158
3060,demand,5400.145221265191
3061,demand,5260.529376275314
3062,demand,5125.885449479192
3063,demand,5164.518126406148
3064,demand,5382.835839816484
3065,demand,5339.309933628847
3066,demand,5265.977887493045
3067,demand,5315.046700463359
3068,demand,5319.471346800533
3069,demand,4934.216997896524
3070,demand,4490.266282741772
3071,demand,4177.289752797786
3072,demand,3899.896997371051
3073,demand,3733.951349080496
3074,demand,3662.832430767144
3075,demand,3636.0821406339364
3076,demand,3714.023597321776
3077,demand,4291.642947447686
3078,demand,5319.951735075681
3079,demand,5828.636412085224
3080,demand,6005.824545006206
3081,demand,5962.11688346112
3082,demand,5658.701046197424
3083,demand,5355.240256558557
3084,demand,5219.776855990691
3085,demand,5085.632897607578
3086,demand,4935.730276227309
3087,demand,4915.677494013141
3088,demand,5104.510603593404
3089,demand,5065.596240843837
3090,demand,4955.658899817898
3091,demand,4954.303338415239
3092,demand,4988.624894051704
3093,demand,4749.118817057063
3094,demand,4304.774130234128
3095,demand,4014.2002841799413
3096,demand,3744.295980002464
3097,demand,3607.250694230728
3098,demand,3517.5943718637154
3099,demand,3466.2945098569953
3100,demand,3453.4840967340406
3101,demand,3646.7105457280886
3102,demand,4322.959859155948
3103,demand,4765.904000479395
3104,demand,5046.456697763152
3105,demand,5070.550167540303
3106,demand,4832.897362741234
3107,demand,4606.69528411914
3108,demand,4522.732380371528
3109,demand,4411.976982438467
3110,demand,4370.734431659078
3111,demand,4421.732157834858
3112,demand,4611.362217174278
3113,demand,4571.428265510285
3114,demand,4501.803009709443
3115,demand,4584.37223193544
3116,demand,4684.577714686432
3117,demand,4559.230944292537
3118,demand,4227.488077981758
3119,demand,4005.995082656128
3120,demand,3759.5010304161033
3121,demand,3872.992354344314
3122,demand,3826.4252070068414
3123,demand,3815.866542731005
3124,demand,3889.060122568652
3125,demand,4267.799390474608
3126,demand,5116.323522017582
3127,demand,5586.717889166334
3128,demand,5846.86165400734
3129,demand,5807.9510278685175
3130,demand,5489.722817010095
3131,demand,5154.66567085701
3132,demand,4926.167998294869
3133,demand,4689.809710582964
3134,demand,4539.262550436833
3135,demand,4562.997743545582
3136,demand,4770.689794633716
3137,demand,4769.430087714554
3138,demand,4729.8635702593565
3139,demand,4718.205009334283
3140,demand,4760.289487267267
3141,demand,4655.849053285211
3142,demand,4349.562991788962
3143,demand,4122.697175644907
3144,demand,3844.816161241901
3145,demand,3782.247490077063
3146,demand,3713.719611053776
3147,demand,3666.8106704786383
3148,demand,3609.296704525037
3149,demand,3715.3728763019762
3150,demand,4263.445795346791
3151,demand,4636.821472182989
3152,demand,4939.086548060536
3153,demand,4983.247917752547
3154,demand,4712.143906115525
3155,demand,4435.765224825
3156,demand,4293.59222277147
3157,demand,4152.165654267087
3158,demand,4097.411074124134
3159,demand,4199.067111925201
3160,demand,4439.065772391669
3161,demand,4494.285134816461
3162,demand,4483.665720394619
3163,demand,4516.479317989992
3164,demand,4611.637134939904
3165,demand,4544.451004129637
3166,demand,4252.133812579931
3167,demand,4060.5802305395428
3168,demand,3813.2489575179607
3169,demand,3753.462776765847
3170,demand,3687.2741052195015
3171,demand,3632.758141524677
3172,demand,3576.617068339498
3173,demand,3677.2817659486236
3174,demand,4179.678240653957
3175,demand,4500.323102705572
3176,demand,4775.98205747547
3177,demand,4798.99489880293
3178,demand,4589.576587421964
3179,demand,4383.551252052275
3180,demand,4279.773802321274
3181,demand,4180.052850073673
3182,demand,4162.990290934503
3183,demand,4261.996255192073
3184,demand,4539.280408049408
3185,demand,4591.245399269066
3186,demand,4596.9715158772415
3187,demand,4647.861010370712
3188,demand,4714.744075209443
3189,demand,4626.220462761059
3190,demand,4284.049284779254
3191,demand,4086.148215246995
3192,demand,3868.008730270346
3193,demand,3833.666705572442
3194,demand,3808.1586948762233
3195,demand,3816.2071403853797
3196,demand,3918.9147401707733
3197,demand,4413.184338637435
3198,demand,5347.572326319281
3199,demand,5825.406121406168
3200,demand,5985.495201905961
3201,demand,5880.9483942124625
3202,demand,5582.720342095981
3203,demand,5326.287190541376
3204,demand,5231.980054801696
3205,demand,5112.2575558843055
3206,demand,4953.623899573172
3207,demand,4943.095205373501
3208,demand,5157.688869947508
3209,demand,5143.276803107275
3210,demand,5064.788340263101
3211,demand,5066.651619725193
3212,demand,5081.614907910984
3213,demand,4920.502577221838
3214,demand,4501.649679350639
3215,demand,4245.8046836675385
3216,demand,3992.363042464535
3217,demand,3902.8627436223223
3218,demand,3872.351651116891
3219,demand,3878.5838822187698
3220,demand,3953.257820892775
3221,demand,4435.819522468909
3222,demand,5382.485749616647
3223,demand,5843.878088132726
3224,demand,5948.2250758722475
3225,demand,5831.650852060382
3226,demand,5537.797505418097
3227,demand,5244.701123472865
3228,demand,5130.671998577973
3229,demand,5053.811844853371
3230,demand,4918.630560853108
3231,demand,4915.269798508021
3232,demand,5118.206831544872
3233,demand,5071.375847945799
3234,demand,4980.323706635412
3235,demand,4977.195100703856
3236,demand,4997.956736275043
3237,demand,4833.270730491284
3238,demand,4407.62709788284
3239,demand,4145.259535350939
3240,demand,3878.779299664309
3241,demand,3734.5769436384608
3242,demand,3668.030711046648
3243,demand,3639.136887176509
3244,demand,3714.999745980015
3245,demand,4225.167608988385
3246,demand,5184.273593934874
3247,demand,5660.509867772268
3248,demand,5825.8359406677355
3249,demand,5731.703061726776
3250,demand,5481.171219906948
3251,demand,5216.596676223472
3252,demand,5119.557562805707
3253,demand,4991.766924836762
3254,demand,4846.27772751876
3255,demand,4819.436174156139
3256,demand,4986.848172125195
3257,demand,4950.776636663479
3258,demand,4893.590939405245
3259,demand,4894.717383011057
3260,demand,4890.335081193299
3261,demand,4697.60939360339
3262,demand,4259.622567523664
3263,demand,3961.0959590970124
3264,demand,3702.158039131772
3265,demand,3703.115305534312
3266,demand,3654.1298846610707
3267,demand,3643.082301994412
3268,demand,3708.867227642087
3269,demand,4202.275102659552
3270,demand,5301.498039956334
3271,demand,5854.991071740174
3272,demand,6061.248228183917
3273,demand,6065.563292698715
3274,demand,5882.270551998006
3275,demand,5603.820235566568
3276,demand,5505.242350496013
3277,demand,5384.5500543234775
3278,demand,5242.209114419675
3279,demand,5240.031236636124
3280,demand,5466.7278410762765
3281,demand,5410.83788704856
3282,demand,5289.249462803955
3283,demand,5231.744503610413
3284,demand,5160.450318813839
3285,demand,4774.964540154474
3286,demand,4318.0121240429235
3287,demand,4012.7988670768054
3288,demand,3731.713605430277
3289,demand,3577.5256478514875
3290,demand,3509.27164381116
3291,demand,3488.76291908206
3292,demand,3548.495999382952
3293,demand,4016.546516477003
3294,demand,5103.4854251503075
3295,demand,5629.127576843421
3296,demand,5827.648225388113
3297,demand,5758.127553352472
3298,demand,5468.215339689623
3299,demand,5153.127218188358
3300,demand,4921.803589038681
3301,demand,4683.35452563697
3302,demand,4491.958890165699
3303,demand,4507.429834418033
3304,demand,4674.147785918319
3305,demand,4661.934120468154
3306,demand,4580.165979558856
3307,demand,4547.0474605204345
3308,demand,4548.18158596451
3309,demand,4414.908187327282
3310,demand,4052.716311014835
3311,demand,3791.532697110964
3312,demand,3507.521508819932
3313,demand,3335.314550911381
3314,demand,3246.0178282133256
3315,demand,3178.752266067358
3316,demand,3112.281769814247
3317,demand,3332.6121799916164
3318,demand,3875.168642913559
3319,demand,4233.182950697381
3320,demand,4605.561122836184
3321,demand,4654.240065301643
3322,demand,4413.579601799589
3323,demand,4184.2659433662175
3324,demand,4033.591996976184
3325,demand,3903.857706693584
3326,demand,3829.3040305785853
3327,demand,3907.310568882489
3328,demand,4133.321534318261
3329,demand,4153.119910283651
3330,demand,4128.926106829667
3331,demand,4146.20030313464
3332,demand,4203.478606894791
3333,demand,4102.90107133773
3334,demand,3791.313693539531
3335,demand,3576.926198664766
3336,demand,3321.358117578082
3337,demand,3081.307976186465
3338,demand,2960.4194148889674
3339,demand,2841.4038279973893
3340,demand,2654.3194939812083
3341,demand,2566.0909969996283
3342,demand,2757.68159253033
3343,demand,2983.69354125699
3344,demand,3385.732265317325
3345,demand,3544.965236508395
3346,demand,3398.050566733861
3347,demand,3265.7434506130357
3348,demand,3192.0818654795958
3349,demand,3097.0389397478402
3350,demand,3142.235933449172
3351,demand,3319.4670236975753
3352,demand,3613.589412524992
3353,demand,3687.9498123323883
3354,demand,3670.848404924399
3355,demand,3774.6441921791993
3356,demand,3851.693641435128
3357,demand,3801.339713819255
3358,demand,3529.668393650251
3359,demand,3356.1710906692824
3360,demand,3136.3861976328826
3361,demand,3169.095248150857
3362,demand,3080.807572974916
3363,demand,3012.5985589586808
3364,demand,2973.702913504581
3365,demand,3204.607551924584
3366,demand,3882.728282499472
3367,demand,4303.903820795205
3368,demand,4612.604517537641
3369,demand,4658.534031619906
3370,demand,4490.08405607288
3371,demand,4300.4708628595035
3372,demand,4245.277936892993
3373,demand,4134.248373943479
3374,demand,4061.938329110204
3375,demand,4125.512074211009
3376,demand,4365.185936534701
3377,demand,4351.262122026295
3378,demand,4258.208058764845
3379,demand,4333.934254657529
3380,demand,4347.83991125743
3381,demand,4138.642460437692
3382,demand,3792.65654510605
3383,demand,3557.790824045632
3384,demand,3311.734463273626
3385,demand,3539.0641471895738
3386,demand,3480.524784728713
3387,demand,3467.375686703985
3388,demand,3529.525778365106
3389,demand,4014.663360447415
3390,demand,5150.125891633099
3391,demand,5709.266437703767
3392,demand,5926.154951827
3393,demand,5923.343958909137
3394,demand,5701.022647255993
3395,demand,5508.932300638247
3396,demand,5441.94462437152
3397,demand,5334.179446220605
3398,demand,5195.7806756636965
3399,demand,5177.415951849778
3400,demand,5311.001054137129
3401,demand,5221.427788226061
3402,demand,5081.269605146474
3403,demand,5018.760207219938
3404,demand,4955.47088799984
3405,demand,4752.5480982308345
3406,demand,4313.919494549911
3407,demand,4014.509461337709
3408,demand,3739.56262445104
3409,demand,3621.694530644758
3410,demand,3563.325552847078
3411,demand,3542.68880728486
3412,demand,3628.726871343931
3413,demand,4200.56974903434
3414,demand,5126.641242948347
3415,demand,5605.164335109583
3416,demand,5760.546053682656
3417,demand,5668.1797615382275
3418,demand,5396.059753058682
3419,demand,5168.767700293782
3420,demand,5101.506191595721
3421,demand,4994.1398920606025
3422,demand,4848.62371533602
3423,demand,4823.55732049434
3424,demand,4972.346598055214
3425,demand,4942.412256614836
3426,demand,4854.054686772174
3427,demand,4845.089654511799
3428,demand,4806.65972572428
3429,demand,4640.354905983698
3430,demand,4204.719114081904
3431,demand,3922.0097904613312
3432,demand,3660.8453483264775
3433,demand,3629.54003184297
3434,demand,3577.953099117055
3435,demand,3558.014933669802
3436,demand,3636.0319272826937
3437,demand,4181.154118779971
3438,demand,5122.524506256801
3439,demand,5615.6918623449965
3440,demand,5837.443378541199
3441,demand,5822.21927424718
3442,demand,5580.054214586067
3443,demand,5359.889625176449
3444,demand,5305.440584160453
3445,demand,5201.192975427848
3446,demand,5073.303365940857
3447,demand,5040.299618641984
3448,demand,5217.840115125066
3449,demand,5111.215275718894
3450,demand,4984.398147797988
3451,demand,4947.188584555909
3452,demand,4919.605110894464
3453,demand,4717.650480348719
3454,demand,4275.4631246206845
3455,demand,3982.424374983549
3456,demand,3705.5313878499837
3457,demand,3622.194692766984
3458,demand,3552.0573250914968
3459,demand,3517.068426443341
3460,demand,3615.4466557883125
3461,demand,4121.12949688147
3462,demand,5041.828464034403
3463,demand,5561.920308568089
3464,demand,5795.6966781498395
3465,demand,5762.798447101352
3466,demand,5486.695498473736
3467,demand,5178.169972844734
3468,demand,4983.747341820654
3469,demand,4784.926614894479
3470,demand,4624.246215650043
3471,demand,4646.2051113598645
3472,demand,4852.383593328653
3473,demand,4848.4697326036185
3474,demand,4786.814127127983
3475,demand,4746.156502344464
3476,demand,4674.604774185955
3477,demand,4522.761048327814
3478,demand,4163.18975632293
3479,demand,3902.573963963245
3480,demand,3625.8410600345687
3481,demand,3541.002643978059
3482,demand,3459.869190048218
3483,demand,3389.243339372118
3484,demand,3347.0655241395343
3485,demand,3427.934683972913
3486,demand,4164.117176795513
3487,demand,4558.931857675681
3488,demand,4879.51782077995
3489,demand,4964.458631175495
3490,demand,4753.192437291992
3491,demand,4520.233866984387
3492,demand,4344.788590023957
3493,demand,4175.498120683356
3494,demand,4089.845231567847
3495,demand,4223.152959812085
3496,demand,4551.734380736996
3497,demand,4565.246663660013
3498,demand,4490.690970010616
3499,demand,4490.459214093983
3500,demand,4511.336216566925
3501,demand,4248.064208741593
3502,demand,3944.077935893242
3503,demand,3729.006512156907
3504,demand,3465.525681967789
3505,demand,3361.849059133453
3506,demand,3272.2304159681507
3507,demand,3198.452093943548
3508,demand,3141.637501300032
3509,demand,3242.264011263861
3510,demand,3895.6367550925243
3511,demand,4273.538785836525
3512,demand,4570.774287254907
3513,demand,4663.356638699148
3514,demand,4510.059769261921
3515,demand,4327.6721626905
3516,demand,4248.269199150602
3517,demand,4136.225344367747
3518,demand,4102.791932639159
3519,demand,4223.035327901216
3520,demand,4484.873184597944
3521,demand,4520.666773632156
3522,demand,4489.780061350305
3523,demand,4466.161772729003
3524,demand,4461.07330629461
3525,demand,4329.550403533858
3526,demand,3976.448136166669
3527,demand,3756.957031513568
3528,demand,3523.466578898971
3529,demand,3531.448525114096
3530,demand,3490.884807509796
3531,demand,3474.060866168137
3532,demand,3666.007119451595
3533,demand,4155.616813964051
3534,demand,5127.158779580358
3535,demand,5653.152146976696
3536,demand,5889.096359700063
3537,demand,5844.85759237924
3538,demand,5595.79547061727
3539,demand,5350.4377043150635
3540,demand,5241.537101021125
3541,demand,5137.945342030809
3542,demand,4988.822340527583
3543,demand,4976.208425619634
3544,demand,5159.784800422569
3545,demand,5115.026058444434
3546,demand,5045.85491089279
3547,demand,5038.117704946362
3548,demand,4986.114735162479
3549,demand,4841.413851671867
3550,demand,4429.259396107786
3551,demand,4126.015195467137
3552,demand,3866.2514536601693
3553,demand,3830.677496809716
3554,demand,3775.8360309284253
3555,demand,3757.5528818829002
3556,demand,3943.3389337096633
3557,demand,4391.6257401724415
3558,demand,5339.995738982049
3559,demand,5809.803051003996
3560,demand,5971.8996599202455
3561,demand,5914.124115466517
3562,demand,5646.047854354837
3563,demand,5403.837063928555
3564,demand,5294.189841887137
3565,demand,5188.998830380704
3566,demand,5066.384320629497
3567,demand,5024.888911665457
3568,demand,5187.726506276263
3569,demand,5085.079482150348
3570,demand,4988.573754759189
3571,demand,4992.103140731881
3572,demand,4960.484576594335
3573,demand,4844.758231551809
3574,demand,4435.322948796676
3575,demand,4151.475585383912
3576,demand,3880.422977848312
3577,demand,3741.6139231422612
3578,demand,3692.62585934069
3579,demand,3677.2874888426313
3580,demand,3871.085224683346
3581,demand,4277.272250212569
3582,demand,5298.572645517603
3583,demand,5859.430332869112
3584,demand,6076.374081941194
3585,demand,6091.8962232602735
3586,demand,5898.779649393285
3587,demand,5661.824514412897
3588,demand,5595.351447995037
3589,demand,5464.742719643363
3590,demand,5370.0112064379655
3591,demand,5341.192985790614
3592,demand,5495.096571125145
3593,demand,5356.387626403562
3594,demand,5178.579465448456
3595,demand,5106.5190301752755
3596,demand,4915.997602192252
3597,demand,4680.7835992725495
3598,demand,4228.421967594615
3599,demand,3922.476913769036
3600,demand,3644.444562234873
3601,demand,3514.910316625017
3602,demand,3448.1523111176084
3603,demand,3407.754683368405
3604,demand,3581.457579680306
3605,demand,4019.835977441176
3606,demand,5032.7855023276625
3607,demand,5542.534246903607
3608,demand,5799.107706826034
3609,demand,5762.048887347837
3610,demand,5475.635678741046
3611,demand,5184.104915931604
3612,demand,5074.721904375644
3613,demand,4951.197870225338
3614,demand,4803.410292006534
3615,demand,4772.2409214339605
3616,demand,4920.639654759072
3617,demand,4856.220928220966
3618,demand,4789.212782120326
3619,demand,4779.504328866332
3620,demand,4749.37085940995
3621,demand,4578.601103241998
3622,demand,4150.210530100108
3623,demand,3852.410841733613
3624,demand,3580.27046600177
3625,demand,3537.968404107371
3626,demand,3463.302677242823
3627,demand,3400.785310227289
3628,demand,3469.151466852967
3629,demand,4031.073986395615
3630,demand,4937.611793714361
3631,demand,5498.168573598287
3632,demand,5764.10989498245
3633,demand,5746.426856428051
3634,demand,5488.313241228278
3635,demand,5173.767721786779
3636,demand,5021.241509107922
3637,demand,4795.764874762781
3638,demand,4619.932280735836
3639,demand,4616.803448120413
3640,demand,4784.176351120269
3641,demand,4712.932316138969
3642,demand,4601.951832030034
3643,demand,4539.623211891641
3644,demand,4460.974800159838
3645,demand,4324.476004571397
3646,demand,4008.822283216139
3647,demand,3813.845765925606
3648,demand,3527.643415336098
3649,demand,3350.010986788592
3650,demand,3245.933832551428
3651,demand,3126.98827830731
3652,demand,3105.041690554229
3653,demand,3320.054140858356
3654,demand,3839.576232983247
3655,demand,4181.89617593129
3656,demand,4504.091512907396
3657,demand,4573.7619737168225
3658,demand,4357.974578652882
3659,demand,4126.557536133283
3660,demand,4016.5620655496623
3661,demand,3900.031999173839
3662,demand,3867.532965920745
3663,demand,3943.710658278699
3664,demand,4155.101695750686
3665,demand,4164.247207915222
3666,demand,4151.837201396418
3667,demand,4150.665421636168
3668,demand,4139.996056567807
3669,demand,4047.511737903676
3670,demand,3820.77420659892
3671,demand,3679.461031407473
3672,demand,3415.8461009835864
3673,demand,3253.347499004777
3674,demand,3131.03121271764
3675,demand,2990.802946438125
3676,demand,2938.53047065926
3677,demand,3134.293372761612
3678,demand,3586.728634479225
3679,demand,3900.4249156519127
3680,demand,4220.554608035578
3681,demand,4316.618747698264
3682,demand,4195.0750380462005
3683,demand,4058.643833595931
3684,demand,4041.313845754348
3685,demand,3964.7427509109048
3686,demand,3965.145156359279
3687,demand,4035.4302270717844
3688,demand,4253.086240212249
3689,demand,4295.192944183789
3690,demand,4281.948948051919
3691,demand,4318.706235056038
3692,demand,4183.228596147133
3693,demand,4048.4422250386992
3694,demand,3720.663144485441
3695,demand,3548.036393402797
3696,demand,3311.2734875238857
3697,demand,3362.939497751675
3698,demand,3302.57866144115
3699,demand,3242.205582120926
3700,demand,3371.911114889067
3701,demand,3900.98290000944
3702,demand,4873.748825737472
3703,demand,5393.737527401928
3704,demand,5553.649773055875
3705,demand,5520.262573632785
3706,demand,5308.669371124031
3707,demand,5067.602980841306
3708,demand,5022.685394154728
3709,demand,4918.107727806477
3710,demand,4781.551605717823
3711,demand,4790.757341051583
3712,demand,4972.400469838768
3713,demand,4907.429509877298
3714,demand,4781.9569777635215
3715,demand,4714.633329278358
3716,demand,4654.883768019992
3717,demand,4473.430717869099
3718,demand,4088.475399282378
3719,demand,3882.750720600527
3720,demand,3661.066954163743
3721,demand,3436.7291400341
3722,demand,3375.465982162878
3723,demand,3329.272637298859
3724,demand,3405.396003456262
3725,demand,3967.738217752258
3726,demand,4878.360328662928
3727,demand,5326.914439401849
3728,demand,5464.482332273281
3729,demand,5424.283623081794
3730,demand,5223.117012821817
3731,demand,5008.408865004289
3732,demand,4945.962960930241
3733,demand,4831.043529979438
3734,demand,4696.242571900836
3735,demand,4672.561969101379
3736,demand,4823.252912241456
3737,demand,4769.577344282529
3738,demand,4693.871314524598
3739,demand,4672.853000093906
3740,demand,4594.728509824244
3741,demand,4437.329536639297
3742,demand,4039.899747713983
3743,demand,3786.0193202640803
3744,demand,3527.036689617633
3745,demand,3464.768763039522
3746,demand,3388.085139991562
3747,demand,3316.945482477587
3748,demand,3411.4733084779173
3749,demand,3963.707337841504
3750,demand,4869.20934810059
3751,demand,5329.37603915808
3752,demand,5475.514436167434
3753,demand,5482.48478383958
3754,demand,5335.139044065296
3755,demand,5097.50746162377
3756,demand,5024.74746006404
3757,demand,4924.314510180697
3758,demand,4787.902838298969
3759,demand,4785.674855906727
3760,demand,4934.795031180685
3761,demand,4864.299038630725
3762,demand,4746.947336257238
3763,demand,4720.471126218609
3764,demand,4622.669896096575
3765,demand,4373.775322342342
3766,demand,3979.9155537988736
3767,demand,3716.355107469447
3768,demand,3431.45854173482
3769,demand,3522.250789518666
3770,demand,3444.469967499259
3771,demand,3367.2613533416106
3772,demand,3477.546544142972
3773,demand,3986.711236830936
3774,demand,4956.717700820791
3775,demand,5485.962618843698
3776,demand,5647.711693555827
3777,demand,5615.62185491925
3778,demand,5376.397955440115
3779,demand,5134.502370227785
3780,demand,5031.976349709041
3781,demand,4897.505169388345
3782,demand,4738.584277271626
3783,demand,4731.026766536969
3784,demand,4874.847492925787
3785,demand,4823.694963478072
3786,demand,4741.224157569607
3787,demand,4748.808466851213
3788,demand,4667.166156706662
3789,demand,4511.976957288551
3790,demand,4149.284993843804
3791,demand,3887.238807586865
3792,demand,3627.6447635965596
3793,demand,3543.048810561692
3794,demand,3465.512738575748
3795,demand,3391.3646010130283
3796,demand,3453.976139349271
3797,demand,3835.947749797136
3798,demand,4883.198038256903
3799,demand,5441.997135224035
3800,demand,5629.97950589253
3801,demand,5619.691657645195
3802,demand,5414.9350011217275
3803,demand,5136.068608605552
3804,demand,4954.770597087994
3805,demand,4805.104782404722
3806,demand,4673.229855672059
3807,demand,4735.015874052351
3808,demand,4902.768711831635
3809,demand,4829.70690644163
3810,demand,4694.762195998021
3811,demand,4624.9451216998095
3812,demand,4561.551048938819
3813,demand,4419.058388558578
3814,demand,4172.4904675862035
3815,demand,3998.416355825426
3816,demand,3720.32677475781
3817,demand,3601.790225571449
3818,demand,3510.662692101221
3819,demand,3369.552012965418
3820,demand,3317.249181558662
3821,demand,3501.81654240209
3822,demand,3972.812845929637
3823,demand,4338.678694921693
3824,demand,4678.077424838456
3825,demand,4748.618281676995
3826,demand,4522.884822031319
3827,demand,4304.752902648329
3828,demand,4169.68563193028
3829,demand,4032.440444936815
3830,demand,3949.892105385619
3831,demand,4015.244600325977
3832,demand,4197.863465615438
3833,demand,4179.41046584072
3834,demand,4118.747016090688
3835,demand,4136.946106565582
3836,demand,4121.267110059733
3837,demand,4070.4317578563196
3838,demand,3877.507845909705
3839,demand,3667.1566953061983
3840,demand,3402.8830505008536
3841,demand,3312.655390509257
3842,demand,3206.515933452606
3843,demand,3078.768192713029
3844,demand,3071.907262959523
3845,demand,3220.451281436669
3846,demand,3736.4593499358807
3847,demand,4086.909531442192
3848,demand,4373.697415767146
3849,demand,4443.958566569204
3850,demand,4297.193040820346
3851,demand,4135.050350580019
3852,demand,4092.641842901715
3853,demand,4004.1245286674703
3854,demand,3954.088719538031
3855,demand,4061.5425059045383
3856,demand,4339.025903940082
3857,demand,4364.3194840725555
3858,demand,4313.5307319874355
3859,demand,4335.942151157373
3860,demand,4269.525810734599
3861,demand,4142.581448106985
3862,demand,3927.634369697089
3863,demand,3695.641005005121
3864,demand,3456.451660221803
3865,demand,3315.5801400522
3866,demand,3270.198524259341
3867,demand,3184.309088288109
3868,demand,3280.728473370506
3869,demand,3795.584077639356
3870,demand,4717.900028130867
3871,demand,5251.712211164403
3872,demand,5554.801405415645
3873,demand,5538.067984379797
3874,demand,5345.991692727379
3875,demand,5120.948477343921
3876,demand,5052.580173148104
3877,demand,4988.427966157069
3878,demand,4857.508172139118
3879,demand,4812.127399136982
3880,demand,4995.965750405114
3881,demand,4908.390244324641
3882,demand,4759.252222211366
3883,demand,4688.298839433515
3884,demand,4589.716076337592
3885,demand,4380.576576673692
3886,demand,4069.158132916563
3887,demand,3775.2179058210204
3888,demand,3510.5092142790836
3889,demand,3414.0555469988262
3890,demand,3319.7830633192916
3891,demand,3241.817854654822
3892,demand,3335.168703029333
3893,demand,3828.7154427231853
3894,demand,4908.230534973547
3895,demand,5497.365931723782
3896,demand,5698.439799913559
3897,demand,5699.499239077432
3898,demand,5496.758960068599
3899,demand,5255.942625875287
3900,demand,5151.323353783326
3901,demand,5015.166518473177
3902,demand,4878.572936364004
3903,demand,4865.423068368973
3904,demand,5063.642260606175
3905,demand,4982.618432525111
3906,demand,4863.918857941607
3907,demand,4837.589586076832
3908,demand,4817.647309416436
3909,demand,4488.40985721449
3910,demand,4143.405374778953
3911,demand,3851.935532965008
3912,demand,3576.470757744013
3913,demand,3476.866737803633
3914,demand,3393.156031521815
3915,demand,3313.472776069209
3916,demand,3443.732007876665
3917,demand,3943.466106616535
3918,demand,4874.557393789917
3919,demand,5369.470640487726
3920,demand,5542.64565400698
3921,demand,5517.031541539039
3922,demand,5328.460412547052
3923,demand,5127.94893613955
3924,demand,5037.584663181253
3925,demand,4943.556199308926
3926,demand,4800.837285465492
3927,demand,4765.328867901551
3928,demand,4921.61235680337
3929,demand,4837.789495438031
3930,demand,4742.359304458216
3931,demand,4727.979717950844
3932,demand,4648.370405046799
3933,demand,4480.352848870696
3934,demand,4122.92992902168
3935,demand,3803.39212036677
3936,demand,3524.8775520075983
3937,demand,3416.79858574469
3938,demand,3337.595857038758
3939,demand,3257.36868161474
3940,demand,3384.902719927034
3941,demand,3877.6693522988307
3942,demand,4818.445563435893
3943,demand,5311.161360117089
3944,demand,5493.698138576895
3945,demand,5447.652047101205
3946,demand,5243.7773219466235
3947,demand,5025.830811054512
3948,demand,4993.248701180812
3949,demand,4862.8419168321125
3950,demand,4724.964191791245
3951,demand,4747.35855195347
3952,demand,4980.204451948909
3953,demand,4892.404039682666
3954,demand,4765.416130664599
3955,demand,4707.522869245734
3956,demand,4637.108447713445
3957,demand,4462.39633488187
3958,demand,4105.197323879605
3959,demand,3781.319753983775
3960,demand,3502.9348027998303
3961,demand,3424.979581366486
3962,demand,3339.61163883454
3963,demand,3261.0711515713238
3964,demand,3370.6573991722607
3965,demand,3880.600007555492
3966,demand,4798.908556270773
3967,demand,5304.826342600266
3968,demand,5520.75436288859
3969,demand,5514.770696797582
3970,demand,5305.416113681335
3971,demand,5063.578783078582
3972,demand,4953.036066746653
3973,demand,4784.688095763011
3974,demand,4666.188318160008
3975,demand,4610.0454555534125
3976,demand,4817.703935361929
3977,demand,4772.766201149407
3978,demand,4644.445087120319
3979,demand,4547.868538935054
3980,demand,4458.954430616729
3981,demand,4186.129107555653
3982,demand,3958.775587446322
3983,demand,3683.822453299581
3984,demand,3399.712244201479
3985,demand,3279.123781016681
3986,demand,3168.374647453429
3987,demand,3046.170621002084
3988,demand,3018.95557276477
3989,demand,3201.238906256401
3990,demand,3736.847601901776
3991,demand,4103.819095468697
3992,demand,4391.30758914631
3993,demand,4456.552778550567
3994,demand,4256.213070044863
3995,demand,4046.929535153366
3996,demand,3980.381487238823
3997,demand,3879.543357697524
3998,demand,3835.226479877042
3999,demand,3929.3623513835482
4000,demand,4129.262773086139
4001,demand,4138.6969780409545
4002,demand,4082.484464922652
4003,demand,4079.238738975625
4004,demand,4062.2360845858757
4005,demand,3982.593131406442
4006,demand,3769.38476383331
4007,demand,3542.0615692401443
4008,demand,3276.045729077896
4009,demand,3137.5662374964213
4010,demand,3026.39479112732
4011,demand,2896.581943608912
4012,demand,2858.294162682885
4013,demand,3027.540181560409
4014,demand,3530.821676224552
4015,demand,3863.00334947972
4016,demand,4174.660122441172
4017,demand,4247.54105166473
4018,demand,4122.639073294415
4019,demand,3980.1025262164003
4020,demand,3932.174013317511
4021,demand,3820.975869083658
4022,demand,3775.096749430657
4023,demand,3874.024094498197
4024,demand,4102.922124241239
4025,demand,4160.358209521013
4026,demand,4164.022718906506
4027,demand,4211.682332749486
4028,demand,4164.712614013194
4029,demand,4025.841038397989
4030,demand,3770.960806018088
4031,demand,3522.4463322316888
4032,demand,3285.403798210619
4033,demand,3172.330831202418
4034,demand,3120.579662679891
4035,demand,3073.117987834083
4036,demand,3213.142623284202
4037,demand,3717.851402372371
4038,demand,4638.365732903656
4039,demand,5152.428487822183
4040,demand,5380.541104712186
4041,demand,5379.522321744149
4042,demand,5202.257451056425
4043,demand,5000.22146127925
4044,demand,4953.420372491897
4045,demand,4847.922105615685
4046,demand,4709.514608863708
4047,demand,4679.92842565107
4048,demand,4828.763247248495
4049,demand,4809.782623688547
4050,demand,4690.8092635260455
4051,demand,4643.843167442477
4052,demand,4553.544427955111
4053,demand,4375.786055036532
4054,demand,4034.554946712764
4055,demand,3691.540973324808
4056,demand,3408.051523264232
4057,demand,3309.96842659103
4058,demand,3208.623318801408
4059,demand,3130.49953099662
4060,demand,3236.062707393622
4061,demand,3772.4892215648742
4062,demand,4732.9763621670345
4063,demand,5214.770037425193
4064,demand,5416.816163149716
4065,demand,5400.800067743694
4066,demand,5229.456661125019
4067,demand,5031.591604594719
4068,demand,4992.313151233446
4069,demand,4873.458369018868
4070,demand,4749.973305885346
4071,demand,4713.171624251838
4072,demand,4822.852975655949
4073,demand,4751.558418501234
4074,demand,4678.227486093745
4075,demand,4643.664334124909
4076,demand,4574.469797317808
4077,demand,4424.518226717653
4078,demand,4084.1703437043498
4079,demand,3756.917144587339
4080,demand,3474.99735618698
4081,demand,3404.657469136496
4082,demand,3313.870512358832
4083,demand,3231.01175661375
4084,demand,3341.298722190551
4085,demand,3853.732244504103
4086,demand,4737.928494089181
4087,demand,5280.41223305162
4088,demand,5517.780520424914
4089,demand,5504.079708992145
4090,demand,5315.122125299986
4091,demand,5103.569214624284
4092,demand,5037.477366760313
4093,demand,4903.006393882989
4094,demand,4751.677977102941
4095,demand,4702.899553151907
4096,demand,4829.112896339859
4097,demand,4759.480931913404
4098,demand,4653.3958487468935
4099,demand,4638.2193864740275
4100,demand,4550.287265915255
4101,demand,4387.633164079357
4102,demand,4062.581497300621
4103,demand,3741.60183236696
4104,demand,3463.777149989664
4105,demand,3472.507997917606
4106,demand,3392.171235457894
4107,demand,3315.621929517174
4108,demand,3443.294452219405
4109,demand,3920.97524201534
4110,demand,4855.303915322276
4111,demand,5353.961459602394
4112,demand,5530.372849252693
4113,demand,5518.110108836422
4114,demand,5333.207999979258
4115,demand,5112.471179845052
4116,demand,5042.890516341261
4117,demand,4915.805741661254
4118,demand,4772.127514383063
4119,demand,4751.537428642694
4120,demand,4897.4590275326755
4121,demand,4828.671394658564
4122,demand,4732.383466851484
4123,demand,4721.534352296
4124,demand,4663.847037407688
4125,demand,4473.2345528681
4126,demand,4167.6362284279
4127,demand,3848.989453432903
4128,demand,3578.618434320494
4129,demand,3513.540861553546
4130,demand,3434.950196515091
4131,demand,3358.829437466252
4132,demand,3465.987717322063
4133,demand,3926.299117162143
4134,demand,4860.744790020539
4135,demand,5357.9296692478
4136,demand,5519.150212852573
4137,demand,5469.594534069485
4138,demand,5228.291469650028
4139,demand,4961.417720751799
4140,demand,4781.889573483336
4141,demand,4566.557907990693
4142,demand,4388.283636085875
4143,demand,4391.836223410495
4144,demand,4526.913108805507
4145,demand,4497.726881396025
4146,demand,4453.271892574753
4147,demand,4458.088044194982
4148,demand,4375.014378972618
4149,demand,4261.614020691738
4150,demand,4063.1759993187216
4151,demand,3765.187554420394
4152,demand,3480.8121674807135
4153,demand,3291.498158006814
4154,demand,3187.07279255689
4155,demand,3070.6522377038673
4156,demand,3049.10924012861
4157,demand,3198.657111257408
4158,demand,3695.09984027825
4159,demand,4032.074415052581
4160,demand,4352.938184007702
4161,demand,4416.58159621581
4162,demand,4220.290961158966
4163,demand,4021.697016471944
4164,demand,3929.924353871413
4165,demand,3832.648989787609
4166,demand,3768.571180019294
4167,demand,3842.785388557053
4168,demand,4037.4682549341887
4169,demand,4036.199846700725
4170,demand,4022.4657639326415
4171,demand,4042.664567217513
4172,demand,4000.897777761257
4173,demand,3947.3438884359784
4174,demand,3798.107615976566
4175,demand,3547.403717211237
4176,demand,3287.014830658545
4177,demand,3074.894569235615
4178,demand,2966.5431132048298
4179,demand,2839.165489082013
4180,demand,2840.2101098648964
4181,demand,2973.255570129905
4182,demand,3470.809138756365
4183,demand,3805.617347592293
4184,demand,4120.281476268156
4185,demand,4201.03765177738
4186,demand,4058.245080581324
4187,demand,3896.557929030701
4188,demand,3839.0172870364886
4189,demand,3755.0585772041923
4190,demand,3713.319432768848
4191,demand,3806.765826147795
4192,demand,4053.112108630238
4193,demand,4114.700609498547
4194,demand,4113.938794580291
4195,demand,4147.179725854035
4196,demand,4111.916219789155
4197,demand,4000.2161865674198
4198,demand,3785.520703923711
4199,demand,3522.696595204958
4200,demand,3297.0919438387236
4201,demand,3192.121574261151
4202,demand,3110.841301100019
4203,demand,3033.649888778127
4204,demand,3174.938675469407
4205,demand,3660.629701780038
4206,demand,4579.20485590434
4207,demand,5104.082257866414
4208,demand,5323.900133010402
4209,demand,5312.046407033033
4210,demand,5130.290651927888
4211,demand,4948.2351392477885
4212,demand,4912.610488052078
4213,demand,4820.993211291122
4214,demand,4705.483697344722
4215,demand,4650.253711597052
4216,demand,4795.86915729713
4217,demand,4747.276000764226
4218,demand,4659.815431139468
4219,demand,4635.044302528322
4220,demand,4564.673371198359
4221,demand,4400.9965400107685
4222,demand,4080.481194202802
4223,demand,3762.329433477773
4224,demand,3494.9403729992446
4225,demand,3381.700444763779
4226,demand,3279.801661603631
4227,demand,3198.227653688321
4228,demand,3327.425790683773
4229,demand,3820.045493432869
4230,demand,4746.330357815113
4231,demand,5232.132143070261
4232,demand,5390.717417577928
4233,demand,5356.280028443115
4234,demand,5193.625139129438
4235,demand,5023.09754481081
4236,demand,4952.288223676095
4237,demand,4849.272412472326
4238,demand,4754.388104633416
4239,demand,4701.523819649499
4240,demand,4825.603551416433
4241,demand,4783.209105164991
4242,demand,4682.592306754554
4243,demand,4672.204495022516
4244,demand,4561.07568368438
4245,demand,4408.35573660888
4246,demand,4109.116417032108
4247,demand,3764.386181031601
4248,demand,3519.45464096088
4249,demand,3593.333290260657
4250,demand,3515.582797148331
4251,demand,3451.982408524609
4252,demand,3578.5623574595447
4253,demand,4026.964262985161
4254,demand,4941.398934034368
4255,demand,5392.3023485771555
4256,demand,5551.648009001161
4257,demand,5519.739587890216
4258,demand,5296.988948813392
4259,demand,5053.9880286456955
4260,demand,4960.059103072039
4261,demand,4854.532935209472
4262,demand,4703.619132286241
4263,demand,4669.59226347219
4264,demand,4808.73680170602
4265,demand,4772.831938111148
4266,demand,4678.292448587154
4267,demand,4686.370929355636
4268,demand,4597.734796788447
4269,demand,4439.149695469998
4270,demand,4126.711705837878
4271,demand,3781.803962059783
4272,demand,3511.191786490759
4273,demand,3375.916224749296
4274,demand,3290.998656279579
4275,demand,3211.0176380772136
4276,demand,3345.2906585059372
4277,demand,3807.5428574116477
4278,demand,4739.09216426537
4279,demand,5240.433367478319
4280,demand,5425.205793671474
4281,demand,5397.970183545192
4282,demand,5191.356800824939
4283,demand,4970.960981910694
4284,demand,4881.341386840379
4285,demand,4761.242502069135
4286,demand,4611.810644368103
4287,demand,4586.740914155756
4288,demand,4717.330219534904
4289,demand,4680.417546035582
4290,demand,4631.793734122237
4291,demand,4647.644066864808
4292,demand,4566.515936644383
4293,demand,4392.204042643654
4294,demand,4053.201491671536
4295,demand,3726.951538813135
4296,demand,3450.5528672363357
4297,demand,3317.3227937673482
4298,demand,3230.227932923756
4299,demand,3158.026314572429
4300,demand,3280.318628319114
4301,demand,3734.387917904514
4302,demand,4659.996841545018
4303,demand,5154.959890745868
4304,demand,5332.126231363014
4305,demand,5290.55363539196
4306,demand,5078.697874848876
4307,demand,4807.631878879255
4308,demand,4650.667513046762
4309,demand,4460.882238287867
4310,demand,4304.795929319057
4311,demand,4312.419489224828
4312,demand,4466.9777742186
4313,demand,4448.585279166481
4314,demand,4397.065889693253
4315,demand,4391.44033773821
4316,demand,4308.05017380386
4317,demand,4174.640513179485
4318,demand,3882.274891983621
4319,demand,3595.612789586059
4320,demand,3304.144777048541
4321,demand,3120.767889653971
4322,demand,3003.691625995062
4323,demand,2881.5065260618544
4324,demand,2891.1842515638114
4325,demand,3062.723595816707
4326,demand,3580.626948938082
4327,demand,3939.85324431641
4328,demand,4264.218294726624
4329,demand,4350.979234186343
4330,demand,4215.51357250551
4331,demand,4074.005610848737
4332,demand,4004.724636343069
4333,demand,3914.30318119694
4334,demand,3921.023632488509
4335,demand,3992.956753229213
4336,demand,4113.557207590779
4337,demand,4105.373776936523
4338,demand,4063.1709957887942
4339,demand,4054.468712146748
4340,demand,4038.555970486824
4341,demand,3952.7088102797143
4342,demand,3725.5540162074158
4343,demand,3484.78749562939
4344,demand,3239.129088029166
4345,demand,3175.344734170943
4346,demand,3081.604844650432
4347,demand,2963.8797467319378
4348,demand,2983.922381856738
4349,demand,3012.702924479654
4350,demand,3467.192023950637
4351,demand,3788.494157012596
4352,demand,4108.528036822172
4353,demand,4208.486710984494
4354,demand,4109.814283144457
4355,demand,3961.772599168774
4356,demand,3943.511771917375
4357,demand,3884.195275490442
4358,demand,3860.132020028265
4359,demand,3961.3620800859044
4360,demand,4160.164089846144
4361,demand,4222.450078259528
4362,demand,4175.47962085522
4363,demand,4208.538885921562
4364,demand,4183.302928809751
4365,demand,4104.630467876946
4366,demand,3858.8839014597706
4367,demand,3587.731331602212
4368,demand,3382.790753628862
4369,demand,3394.62241685045
4370,demand,3343.410574465085
4371,demand,3292.606183603002
4372,demand,3448.6526284000392
4373,demand,3765.730078081922
4374,demand,4592.136092372391
4375,demand,5129.410102282112
4376,demand,5392.9636291377665
4377,demand,5410.278421970703
4378,demand,5198.663871594243
4379,demand,4998.162038914218
4380,demand,4927.119422554349
4381,demand,4830.862933660815
4382,demand,4706.272847763723
4383,demand,4659.072796795864
4384,demand,4787.764585714894
4385,demand,4756.391206902881
4386,demand,4662.899153541751
4387,demand,4650.114183031358
4388,demand,4566.44813082602
4389,demand,4420.665237139923
4390,demand,4112.53751997572
4391,demand,3784.29985122808
4392,demand,3520.2426374120932
4393,demand,3446.1423134925512
4394,demand,3356.468279530619
4395,demand,3280.2078309122
4396,demand,3413.449087653814
4397,demand,3724.3251835728443
4398,demand,4584.53350086119
4399,demand,5086.266562606469
4400,demand,5314.193712684716
4401,demand,5338.998065244302
4402,demand,5144.345766310189
4403,demand,4914.066456809911
4404,demand,4832.359906753641
4405,demand,4772.716536095174
4406,demand,4663.313599107873
4407,demand,4643.344815571467
4408,demand,4800.589195247465
4409,demand,4746.073929789872
4410,demand,4662.55103344754
4411,demand,4643.935639413125
4412,demand,4551.884810518937
4413,demand,4440.310052526253
4414,demand,4157.407137101053
4415,demand,3839.562198393827
4416,demand,3574.2358657528084
4417,demand,3490.2324442122845
4418,demand,3407.13448080354
4419,demand,3317.037515377047
4420,demand,3425.135827108485
4421,demand,3722.0759924654267
4422,demand,4601.375802430868
4423,demand,5198.890616405791
4424,demand,5492.665784016164
4425,demand,5583.381691465596
4426,demand,5416.155603660651
4427,demand,5206.421700110972
4428,demand,5129.682149623304
4429,demand,5035.045562090462
4430,demand,4903.381532953529
4431,demand,4867.822973215924
4432,demand,5108.247671062663
4433,demand,5008.883534768435
4434,demand,4907.413261414007
4435,demand,4883.341921336367
4436,demand,4768.471589391442
4437,demand,4493.710469394181
4438,demand,4213.48144286757
4439,demand,3870.016745172989
4440,demand,3589.959065925609
4441,demand,3470.134752924576
4442,demand,3371.9362422172753
4443,demand,3267.6334413580926
4444,demand,3363.247938683498
4445,demand,3674.7649124518366
4446,demand,4483.0421973797565
4447,demand,4967.626552665736
4448,demand,5230.687425690391
4449,demand,5222.4661881542615
4450,demand,4999.439924461214
4451,demand,4754.4707241658725
4452,demand,4652.631151623849
4453,demand,4548.217367633581
4454,demand,4416.089214190979
4455,demand,4392.628466611693
4456,demand,4528.586334302802
4457,demand,4521.594651112292
4458,demand,4476.82082997652
4459,demand,4494.387152981347
4460,demand,4427.103596070614
4461,demand,4314.305757509885
4462,demand,4010.3475533863093
4463,demand,3699.076245880474
4464,demand,3423.621868511815
4465,demand,3357.612799784244
4466,demand,3267.83189664791
4467,demand,3191.516240993632
4468,demand,3244.1882381162004
4469,demand,3497.1789549518753
4470,demand,4541.163929397796
4471,demand,5075.438211824588
4472,demand,5337.906906329319
4473,demand,5399.563910616708
4474,demand,5210.007226489256
4475,demand,4903.520090149056
4476,demand,4716.888795735947
4477,demand,4525.559036231951
4478,demand,4342.009140520442
4479,demand,4339.277332433061
4480,demand,4530.718436487994
4481,demand,4506.783915072461
4482,demand,4432.139600880091
4483,demand,4372.6562834409415
4484,demand,4293.162139067144
4485,demand,4214.0711532740825
4486,demand,4008.567563276435
4487,demand,3748.7000014521736
4488,demand,3455.204691974529
4489,demand,3372.0775647043974
4490,demand,3257.2139224401617
4491,demand,3144.394611607478
4492,demand,3136.2852686338156
4493,demand,3194.3988735586818
4494,demand,3684.972716594367
4495,demand,4061.866157181502
4496,demand,4373.10435966967
4497,demand,4422.04955118569
4498,demand,4241.470534198139
4499,demand,4059.676908101359
4500,demand,3934.1070142238814
4501,demand,3814.5651801235426
4502,demand,3763.033506375638
4503,demand,3856.743615860317
4504,demand,4073.959588734691
4505,demand,4073.691503130497
4506,demand,4046.957556492675
4507,demand,4043.830445552952
4508,demand,4031.9581327658852
4509,demand,3987.4865675382516
4510,demand,3801.005728250958
4511,demand,3532.356298134872
4512,demand,3263.312390654417
4513,demand,3199.985974963794
4514,demand,3103.785915906788
4515,demand,3005.542762713735
4516,demand,3015.970263145293
4517,demand,3103.632905522517
4518,demand,3600.610521030687
4519,demand,3950.6244323969167
4520,demand,4239.829671791202
4521,demand,4271.533561002326
4522,demand,4092.496997375331
4523,demand,3898.530909740344
4524,demand,3801.5906766473454
4525,demand,3694.3034553382777
4526,demand,3671.52245192511
4527,demand,3768.880030421009
4528,demand,4040.056130132195
4529,demand,4120.536220080243
4530,demand,4111.326589427884
4531,demand,4155.111524522577
4532,demand,4137.7025324380265
4533,demand,4047.335003685357
4534,demand,3805.405371117551
4535,demand,3541.8594842104394
4536,demand,3305.563828412086
4537,demand,3193.277381358578
4538,demand,3128.8990101293402
4539,demand,3073.791163441951
4540,demand,3207.786621069637
4541,demand,3605.675426395891
4542,demand,4458.33770063331
4543,demand,4956.720665331014
4544,demand,5190.762551683742
4545,demand,5194.416326847807
4546,demand,4978.764817792477
4547,demand,4738.474200989793
4548,demand,4637.620717729649
4549,demand,4518.089069988398
4550,demand,4418.910130477497
4551,demand,4389.595621699113
4552,demand,4561.650637071519
4553,demand,4541.029847713987
4554,demand,4459.800718110984
4555,demand,4444.983957923652
4556,demand,4368.037720989678
4557,demand,4265.17275172113
4558,demand,3960.576276041573
4559,demand,3649.1561016608352
4560,demand,3387.73111111181
4561,demand,3309.1742223807987
4562,demand,3237.910959777708
4563,demand,3181.477086599603
4564,demand,3287.68434971147
4565,demand,3680.242467739289
4566,demand,4507.632333385627
4567,demand,4988.6945815610125
4568,demand,5199.529377284138
4569,demand,5174.15759124764
4570,demand,4930.21554366825
4571,demand,4696.8040113498755
4572,demand,4594.363670696892
4573,demand,4489.948582803016
4574,demand,4377.930846390881
4575,demand,4347.502962648317
4576,demand,4502.227675192093
4577,demand,4500.691172931333
4578,demand,4446.954499621187
4579,demand,4451.0109413661885
4580,demand,4399.895724861348
4581,demand,4267.371703237989
4582,demand,3967.488706134687
4583,demand,3661.6660028393953
4584,demand,3385.9395570214965
4585,demand,3311.346782024307
4586,demand,3234.670795770856
4587,demand,3171.991117877292
4588,demand,3263.675946686826
4589,demand,3667.4046964664167
4590,demand,4465.22115763217
4591,demand,4925.827368294895
4592,demand,5198.799644638635
4593,demand,5206.705026210101
4594,demand,4990.811823588621
4595,demand,4773.093068019797
4596,demand,4705.418645205093
4597,demand,4616.028477709031
4598,demand,4495.333640242459
4599,demand,4485.1163103355375
4600,demand,4628.713540935658
4601,demand,4567.91778180305
4602,demand,4492.5208943606285
4603,demand,4461.131893717308
4604,demand,4369.772523147035
4605,demand,4214.452532522745
4606,demand,3881.1639946564283
4607,demand,3620.4024968046688
4608,demand,3349.591183935051
4609,demand,3228.115996224446
4610,demand,3146.902422901367
4611,demand,3084.1317050541247
4612,demand,3113.538868562056
4613,demand,3439.871076380112
4614,demand,4402.456327854685
4615,demand,4940.576723545505
4616,demand,5157.818386683659
4617,demand,5156.477138890843
4618,demand,4956.820365497655
4619,demand,4730.178019407502
4620,demand,4652.852025939734
4621,demand,4545.831917848996
4622,demand,4440.563848978125
4623,demand,4403.16385946278
4624,demand,4518.367176854041
4625,demand,4479.852781819334
4626,demand,4393.066923503954
4627,demand,4375.422099241313
4628,demand,4323.814895171364
4629,demand,4194.574835335644
4630,demand,3831.772438257005
4631,demand,3568.23867233537
4632,demand,3293.735284647876
4633,demand,3240.407892871513
4634,demand,3154.080454539371
4635,demand,3093.03210653405
4636,demand,3127.368861908653
4637,demand,3556.361162877127
4638,demand,4335.320073029527
4639,demand,4831.167724539465
4640,demand,5061.2506828485075
4641,demand,5072.450585315139
4642,demand,4839.302547710424
4643,demand,4547.528237023051
4644,demand,4378.063874535471
4645,demand,4196.5252127750555
4646,demand,4044.395435059689
4647,demand,4061.4782081471913
4648,demand,4219.691964423901
4649,demand,4222.2552107177835
4650,demand,4158.096639331363
4651,demand,4116.997458776988
4652,demand,4046.66319494598
4653,demand,3988.6427718463483
4654,demand,3702.789155285447
4655,demand,3490.878792791706
4656,demand,3204.3987568731463
4657,demand,3164.287378615789
4658,demand,3055.945273760617
4659,demand,2956.283953301866
4660,demand,2867.650523418433
4661,demand,3021.0647332245007
4662,demand,3485.3993001465687
4663,demand,3883.8561372748873
4664,demand,4279.0027636641225
4665,demand,4338.861044668267
4666,demand,4138.967586725052
4667,demand,3927.890303790197
4668,demand,3805.481567657822
4669,demand,3686.919745618087
4670,demand,3633.1123360716383
4671,demand,3695.4083504310256
4672,demand,3889.774470871669
4673,demand,3922.99975808844
4674,demand,3892.5508048635847
4675,demand,3912.564701700516
4676,demand,3905.6904386667657
4677,demand,3856.343092310993
4678,demand,3612.998950717212
4679,demand,3419.242042512653
4680,demand,3161.645080074445
4681,demand,3094.742915618715
4682,demand,2991.494061304616
4683,demand,2892.640755631663
4684,demand,2789.0721963928227
4685,demand,2921.7700512948795
4686,demand,3364.6084631910817
4687,demand,3748.3039089918193
4688,demand,4123.916137280708
4689,demand,4184.914714065386
4690,demand,4028.529402843945
4691,demand,3857.600436404026
4692,demand,3760.688567577993
4693,demand,3668.6448785545263
4694,demand,3637.586266233997
4695,demand,3723.07256058848
4696,demand,3971.09264685362
4697,demand,4042.30780377171
4698,demand,4027.9829197321287
4699,demand,4067.169180504325
4700,demand,4052.806467776316
4701,demand,3966.373147705629
4702,demand,3653.9257149080922
4703,demand,3450.8990623212594
4704,demand,3217.524981900588
4705,demand,3093.724918793583
4706,demand,3023.8767986508683
4707,demand,2971.777959114572
4708,demand,2982.293027596882
4709,demand,3408.0276584619323
4710,demand,4214.73372012232
4711,demand,4758.634204101571
4712,demand,5082.770032036018
4713,demand,5101.4602466648685
4714,demand,4890.241078596988
4715,demand,4670.30229516693
4716,demand,4583.324983067112
4717,demand,4479.116834819133
4718,demand,4361.067772320623
4719,demand,4325.356679400249
4720,demand,4470.594015132976
4721,demand,4457.4958375888245
4722,demand,4380.73751228445
4723,demand,4366.70133102588
4724,demand,4295.252996376979
4725,demand,4191.670572230826
4726,demand,3829.8550752504307
4727,demand,3576.95167243598
4728,demand,3310.374088806966
4729,demand,3221.115224171434
4730,demand,3137.324772374549
4731,demand,3082.044196774673
4732,demand,3078.885989868329
4733,demand,3515.051643751909
4734,demand,4304.712710310359
4735,demand,4813.697184899239
4736,demand,5080.003808355456
4737,demand,5091.9545701973
4738,demand,4876.888074931724
4739,demand,4653.959755908405
4740,demand,4577.36629217506
4741,demand,4500.817778070004
4742,demand,4389.136856020323
4743,demand,4357.474968038653
4744,demand,4485.895594622579
4745,demand,4460.1200384285985
4746,demand,4390.889434362643
4747,demand,4386.780886628396
4748,demand,4313.36670341983
4749,demand,4200.941211020832
4750,demand,3844.062016951241
4751,demand,3579.701174984011
4752,demand,3305.193588269854
4753,demand,3195.9703456874768
4754,demand,3117.0810450108766
4755,demand,3056.006939158105
4756,demand,3049.639132902974
4757,demand,3494.804426749314
4758,demand,4306.3379594970975
4759,demand,4802.148038367168
4760,demand,5040.426473503448
4761,demand,5049.971142682509
4762,demand,4845.88222018636
4763,demand,4639.01945156946
4764,demand,4577.1765959253225
4765,demand,4506.945807395171
4766,demand,4391.529691973043
4767,demand,4393.667279023315
4768,demand,4543.845021426304
4769,demand,4503.82772268854
4770,demand,4417.614574202587
4771,demand,4385.433800256792
4772,demand,4316.368859191368
4773,demand,4176.839160341633
4774,demand,3836.9739516898558
4775,demand,3575.2547971257873
4776,demand,3309.2833547196396
4777,demand,3230.4896661334787
4778,demand,3144.775831651038
4779,demand,3081.261583861004
4780,demand,3067.815100240236
4781,demand,3411.48078761537
4782,demand,4286.213460356492
4783,demand,4840.266709355745
4784,demand,5110.349305320153
4785,demand,5117.650386473344
4786,demand,4915.38756174503
4787,demand,4714.312759804548
4788,demand,4640.567607151017
4789,demand,4526.555982507962
4790,demand,4399.604136049412
4791,demand,4366.847397526055
4792,demand,4467.528249012723
4793,demand,4422.801644499663
4794,demand,4357.064270030758
4795,demand,4363.651801761927
4796,demand,4298.405348798079
4797,demand,4158.751623684547
4798,demand,3805.7517437283386
4799,demand,3528.643836685553
4800,demand,3252.3333835486774
4801,demand,3158.469444039264
4802,demand,3073.335871931375
4803,demand,3014.801386631109
4804,demand,3000.52422571877
4805,demand,3351.674371819725
4806,demand,4196.257064258654
4807,demand,4758.925785156492
4808,demand,5057.154119173928
4809,demand,5068.396342010246
4810,demand,4835.825658545173
4811,demand,4585.13803049044
4812,demand,4426.358283399622
4813,demand,4264.688885720681
4814,demand,4158.785696660358
4815,demand,4165.193902129631
4816,demand,4339.868054984682
4817,demand,4344.438973694166
4818,demand,4224.93079567936
4819,demand,4163.86445014649
4820,demand,4080.591599498054
4821,demand,3943.592012194668
4822,demand,3670.260430658776
4823,demand,3451.847848470261
4824,demand,3174.265263740441
4825,demand,3121.510997191179
4826,demand,3012.0079997485027
4827,demand,2917.213387619057
4828,demand,2803.3086579636406
4829,demand,2855.5283374785013
4830,demand,3386.706906555044
4831,demand,3808.926159542077
4832,demand,4122.6522269968145
4833,demand,4224.835013440664
4834,demand,4049.136420944259
4835,demand,3894.336995211228
4836,demand,3805.5059168321172
4837,demand,3714.317422426888
4838,demand,3672.819132765311
4839,demand,3742.473100088936
4840,demand,3897.8932210444323
4841,demand,3921.360355735672
4842,demand,3873.826456931078
4843,demand,3889.969598201098
4844,demand,3860.557359932356
4845,demand,3805.096936448726
4846,demand,3557.443537522444
4847,demand,3353.3425666994117
4848,demand,3091.4823617585307
4849,demand,3062.673700875886
4850,demand,2957.690913110344
4851,demand,2859.560332875194
4852,demand,2747.9497377913694
4853,demand,2782.77179326236
4854,demand,3291.6256556917797
4855,demand,3706.2518662150187
4856,demand,4049.8069473200308
4857,demand,4141.243576351245
4858,demand,4053.867896626968
4859,demand,3931.4220491235164
4860,demand,3884.630791874745
4861,demand,3839.294444895543
4862,demand,3895.344353036059
4863,demand,4052.21573006804
4864,demand,4309.93684682527
4865,demand,4337.255519829105
4866,demand,4311.213133481928
4867,demand,4255.296935589476
4868,demand,4122.459291888857
4869,demand,3924.539879269075
4870,demand,3633.1208584136393
4871,demand,3429.30974396474
4872,demand,3211.468345579586
4873,demand,3058.755738055265
4874,demand,2976.316055181921
4875,demand,2919.445014849768
4876,demand,2920.915521856725
4877,demand,3283.4209079861976
4878,demand,4107.250306098958
4879,demand,4658.25803125894
4880,demand,4939.407054304488
4881,demand,4951.00366679938
4882,demand,4773.515577975735
4883,demand,4577.039334304488
4884,demand,4513.8935509827315
4885,demand,4407.245488344045
4886,demand,4310.280978563322
4887,demand,4284.956529906038
4888,demand,4425.123991329333
4889,demand,4428.244320062886
4890,demand,4379.725186510732
4891,demand,4367.169250535018
4892,demand,4291.462563993009
4893,demand,4152.208662445072
4894,demand,3789.2201655505614
4895,demand,3503.851226639521
4896,demand,3223.929118427577
4897,demand,3147.0053719477964
4898,demand,3055.610721401987
4899,demand,2999.592598896116
4900,demand,3002.320629579745
4901,demand,3352.366629731083
4902,demand,4184.087173919824
4903,demand,4715.335290215925
4904,demand,4978.927511464036
4905,demand,4993.722392477095
4906,demand,4811.624835315453
4907,demand,4612.4051085682495
4908,demand,4534.386475848776
4909,demand,4439.906266959588
4910,demand,4339.63961430276
4911,demand,4317.357121551399
4912,demand,4436.655860599567
4913,demand,4434.322732315059
4914,demand,4392.294312743744
4915,demand,4384.396961733948
4916,demand,4323.103644011448
4917,demand,4201.592284090926
4918,demand,3859.04560823714
4919,demand,3599.340021218216
4920,demand,3335.2495981569955
4921,demand,3251.783267494218
4922,demand,3161.060287716182
4923,demand,3095.7502911001966
4924,demand,3095.537828621379
4925,demand,3429.225984011564
4926,demand,4206.764508371013
4927,demand,4719.0885961689
4928,demand,4979.548311081313
4929,demand,4995.654358447104
4930,demand,4825.496288699545
4931,demand,4639.211357420537
4932,demand,4580.447697930888
4933,demand,4485.900110223876
4934,demand,4387.286713364904
4935,demand,4350.248077695827
4936,demand,4451.143957518665
4937,demand,4439.896897651251
4938,demand,4391.988993976108
4939,demand,4389.696282753167
4940,demand,4328.080391911665
4941,demand,4203.618657415739
4942,demand,3854.953214397581
4943,demand,3584.149469585594
4944,demand,3315.070073658295
4945,demand,3231.986640182694
4946,demand,3119.776539736125
4947,demand,3015.689810542778
4948,demand,3003.039129529504
4949,demand,3354.665777606514
4950,demand,4194.813112114742
4951,demand,4738.364793497997
4952,demand,5001.119522929415
4953,demand,5000.967209700555
4954,demand,4828.9712284803645
4955,demand,4647.86318444971
4956,demand,4584.507446092352
4957,demand,4498.1649368374265
4958,demand,4400.634572016278
4959,demand,4365.651716616256
4960,demand,4454.027171930623
4961,demand,4450.083033586543
4962,demand,4404.712972738515
4963,demand,4400.614320645567
4964,demand,4339.613430249532
4965,demand,4222.090162607423
4966,demand,3867.386862823563
4967,demand,3607.066636393549
4968,demand,3345.7899344233588
4969,demand,3249.406828194665
4970,demand,3146.598344088753
4971,demand,3077.538159327386
4972,demand,2954.483653676076
4973,demand,3388.8191390737375
4974,demand,4156.661425719751
4975,demand,4674.54200753052
4976,demand,4947.358865014349
4977,demand,4969.690174995765
4978,demand,4803.732866138424
4979,demand,4607.722944701955
4980,demand,4474.182524247289
4981,demand,4306.292102584807
4982,demand,4182.247268048862
4983,demand,4150.148796469085
4984,demand,4250.213423826466
4985,demand,4254.517518095084
4986,demand,4188.669687159632
4987,demand,4116.832078024678
4988,demand,4076.5623301149963
4989,demand,4011.3660155967536
4990,demand,3755.208809028034
4991,demand,3533.998374599779
4992,demand,3256.6361934171064
4993,demand,3160.695697482788
4994,demand,3046.4644169666517
4995,demand,2956.567459972908
4996,demand,2859.258444078781
4997,demand,2887.530064220336
4998,demand,3334.7634215905828
4999,demand,3758.91269273284
5000,demand,4082.556854606913
5001,demand,4160.207504394797
5002,demand,4030.5373522804966
5003,demand,3875.502848881598
5004,demand,3767.5643045458346
5005,demand,3688.029934717524
5006,demand,3652.3515095297707
5007,demand,3699.524613278767
5008,demand,3865.303968860372
5009,demand,3914.2862116240894
5010,demand,3847.6800128463956
5011,demand,3828.6967112692
5012,demand,3857.759425439645
5013,demand,3815.4784306451465
5014,demand,3574.660777874241
5015,demand,3374.072239535858
5016,demand,3124.328869383426
5017,demand,3029.046488185223
5018,demand,2911.8973155532276
5019,demand,2815.730637261471
5020,demand,2720.3274981436634
5021,demand,2733.6031575926363
5022,demand,3154.547624919205
5023,demand,3529.07218515692
5024,demand,3876.1344606578023
5025,demand,3968.132271418042
5026,demand,3859.7204142461287
5027,demand,3751.202997832652
5028,demand,3699.121616827539
5029,demand,3618.6417149097233
5030,demand,3619.069376586396
5031,demand,3696.6349357117424
5032,demand,3922.72397955655
5033,demand,4013.2899013141696
5034,demand,4001.363136257268
5035,demand,3998.845136163718
5036,demand,4004.757815465276
5037,demand,3911.257114966632
5038,demand,3621.218273823505
5039,demand,3411.3990249740027
5040,demand,3180.530059259491
5041,demand,3074.260704678468
5042,demand,2990.8362671953982
5043,demand,2939.190714957822
5044,demand,2961.776082422165
5045,demand,3285.800491800557
5046,demand,4086.988370170444
5047,demand,4629.297953486447
5048,demand,4925.888490976216
5049,demand,4965.915633197283
5050,demand,4817.600438315644
5051,demand,4634.719539282143
5052,demand,4577.469363838872
5053,demand,4491.354615113392
5054,demand,4386.3343712628
5055,demand,4344.98394860174
5056,demand,4507.841028310593
5057,demand,4492.288328169071
5058,demand,4410.216823451123
5059,demand,4392.455897977133
5060,demand,4345.457999411286
5061,demand,4109.6406238694435
5062,demand,3778.173437368207
5063,demand,3487.3780873329833
5064,demand,3175.88214661524
5065,demand,3197.2573599439847
5066,demand,3102.728127691661
5067,demand,3055.4116903759714
5068,demand,3078.5646985473686
5069,demand,3465.4257617180738
5070,demand,4256.948053534246
5071,demand,4794.049276047845
5072,demand,5045.409214356329
5073,demand,5088.579605544364
5074,demand,4905.9520181539665
5075,demand,4715.492769186085
5076,demand,4608.821282320925
5077,demand,4537.566894522337
5078,demand,4411.982453268254
5079,demand,4388.631470935303
5080,demand,4539.884037023852
5081,demand,4539.090043564947
5082,demand,4418.491313319486
5083,demand,4381.559344752731
5084,demand,4379.071195979035
5085,demand,4115.569152878965
5086,demand,3789.066973517765
5087,demand,3528.878133119334
5088,demand,3261.55180096117
5089,demand,3293.497098105325
5090,demand,3211.4688593649225
5091,demand,3179.129208735578
5092,demand,3228.3143945007073
5093,demand,3544.559849567129
5094,demand,4505.260695340952
5095,demand,5029.998131233773
5096,demand,5327.121988758556
5097,demand,5387.415486170959
5098,demand,5197.975399128622
5099,demand,4976.659375247706
5100,demand,4891.626382449043
5101,demand,4781.036830489146
5102,demand,4631.5195604282235
5103,demand,4591.999347898275
5104,demand,4740.1885203854945
5105,demand,4672.657422952002
5106,demand,4549.418367942071
5107,demand,4495.224460485537
5108,demand,4497.518047264366
5109,demand,4312.62674235413
5110,demand,3911.629518675988
5111,demand,3636.84352174789
5112,demand,3371.190476854533
5113,demand,3236.9603790744604
5114,demand,3156.430512675409
5115,demand,3122.7274715634708
5116,demand,3172.18951343157
5117,demand,3435.384738799937
5118,demand,4360.215475073121
5119,demand,4905.482054427025
5120,demand,5189.378882652634
5121,demand,5240.305648748943
5122,demand,5049.674530507051
5123,demand,4852.444911900406
5124,demand,4799.651995262043
5125,demand,4685.027009358945
5126,demand,4568.964752283192
5127,demand,4538.190538575489
5128,demand,4667.251175991948
5129,demand,4603.866879622702
5130,demand,4493.351413480115
5131,demand,4480.507534280783
5132,demand,4472.089337275014
5133,demand,4283.779614417367
5134,demand,3873.0703904910324
5135,demand,3592.3767109638347
5136,demand,3324.3015532868676
5137,demand,3213.514322401932
5138,demand,3125.817284342811
5139,demand,3095.065073662865
5140,demand,3144.559769313536
5141,demand,3390.766878516475
5142,demand,4300.058733695767
5143,demand,4847.808431993984
5144,demand,5131.983956637444
5145,demand,5171.826059729603
5146,demand,4954.0578764972615
5147,demand,4726.6782489027155
5148,demand,4575.370814837734
5149,demand,4370.218666548132
5150,demand,4218.478880873522
5151,demand,4233.488060011787
5152,demand,4384.652038437491
5153,demand,4329.473890358194
5154,demand,4236.908669468699
5155,demand,4175.924618743222
5156,demand,4177.150878099749
5157,demand,4043.936346067929
5158,demand,3713.3754710687217
5159,demand,3473.4716929417327
5160,demand,3190.994265449795
5161,demand,3146.0600292253857
5162,demand,3042.4771670597383
5163,demand,2977.515078884418
5164,demand,2929.4885267172967
5165,demand,2935.7300975431795
5166,demand,3506.256119198427
5167,demand,3935.9141244416705
5168,demand,4299.337635784606
5169,demand,4420.709112430381
5170,demand,4258.462747528574
5171,demand,4074.640075219617
5172,demand,3993.0697682197715
5173,demand,3871.206844076973
5174,demand,3816.296890278244
5175,demand,3914.7882911637616
5176,demand,4122.022994083082
5177,demand,4121.009714208865
5178,demand,4024.972894987464
5179,demand,4020.5404150671548
5180,demand,4089.6988836639057
5181,demand,3934.7424930567972
5182,demand,3640.527535568704
5183,demand,3429.808450407543
5184,demand,3175.731603834519
5185,demand,3053.754085534677
5186,demand,2948.689530967714
5187,demand,2881.773174152374
5188,demand,2832.2897232923415
5189,demand,2850.1528551815063
5190,demand,3381.931309438005
5191,demand,3795.12039656554
5192,demand,4161.093243199026
5193,demand,4255.415152116586
5194,demand,4124.731473394145
5195,demand,3985.585170051544
5196,demand,3927.793695129293
5197,demand,3825.255724788648
5198,demand,3791.961032428352
5199,demand,3876.661140171705
5200,demand,4140.712502906519
5201,demand,4187.950726647353
5202,demand,4143.372925218811
5203,demand,4189.780201615291
5204,demand,4204.491440663501
5205,demand,4002.294151335107
5206,demand,3653.724584442657
5207,demand,3431.7564428989062
5208,demand,3212.3238159536368
5209,demand,3088.440263238783
5210,demand,3018.0925409449046
5211,demand,2997.797079696626
5212,demand,3074.477648799017
5213,demand,3417.706500505651
5214,demand,4286.515977881565
5215,demand,4856.249966118108
5216,demand,5140.151045152676
5217,demand,5209.56216219814
5218,demand,5017.467455293445
5219,demand,4825.952584491489
5220,demand,4798.911416748709
5221,demand,4679.357411985933
5222,demand,4568.337726703497
5223,demand,4496.3110303500525
5224,demand,4658.669554331764
5225,demand,4640.979207059905
5226,demand,4513.861767947836
5227,demand,4475.012380601316
5228,demand,4450.969722071759
5229,demand,4249.2151067076875
5230,demand,3831.5314287224237
5231,demand,3550.2405084795128
5232,demand,3291.6173825844817
5233,demand,3237.1006177739473
5234,demand,3151.59211146639
5235,demand,3126.628572299836
5236,demand,3196.5224217564737
5237,demand,3515.418410947492
5238,demand,4363.546615884477
5239,demand,4918.521484826153
5240,demand,5221.292367428647
5241,demand,5272.52515520666
5242,demand,5081.004593389932
5243,demand,4901.245989086451
5244,demand,4855.950525100245
5245,demand,4754.930577985525
5246,demand,4614.838392681243
5247,demand,4587.622704537263
5248,demand,4731.236487388611
5249,demand,4655.636890251278
5250,demand,4524.614121519342
5251,demand,4494.995033707103
5252,demand,4493.916529380807
5253,demand,4280.36867125816
5254,demand,3880.0642640047718
5255,demand,3610.1080067250577
5256,demand,3349.0552505313426
5257,demand,3283.644992646173
5258,demand,3207.8694987944427
5259,demand,3182.795416719184
5260,demand,3261.301358763989
5261,demand,3595.273719173544
5262,demand,4421.735686816247
5263,demand,4977.775764506019
5264,demand,5248.5029831915435
5265,demand,5306.053193821236
5266,demand,5117.837667212274
5267,demand,4921.864044647763
5268,demand,4861.467465609093
5269,demand,4763.0425415827885
5270,demand,4622.639256114802
5271,demand,4605.09581241494
5272,demand,4798.01325692023
5273,demand,4721.733302340246
5274,demand,4600.916785371717
5275,demand,4570.582621128329
5276,demand,4554.270097891839
5277,demand,4316.200132241065
5278,demand,3909.3872941680793
5279,demand,3650.9868325506195
5280,demand,3390.129148369212
5281,demand,3251.0456878211107
5282,demand,3167.52879290426
5283,demand,3137.391472431092
5284,demand,3213.528847203652
5285,demand,3550.734545543375
5286,demand,4358.132340026133
5287,demand,4897.962556944653
5288,demand,5187.979360701736
5289,demand,5250.215027164969
5290,demand,5053.293802931128
5291,demand,4846.266511009503
5292,demand,4772.498446516338
5293,demand,4654.481152394013
5294,demand,4530.951010908648
5295,demand,4531.112185409655
5296,demand,4702.116349780292
5297,demand,4684.380745348422
5298,demand,4593.221907381426
5299,demand,4629.990562403099
5300,demand,4632.704631214612
5301,demand,4304.735073258045
5302,demand,3919.373358739167
5303,demand,3722.173421642648
5304,demand,3488.158178831677
5305,demand,3337.697276053179
5306,demand,3246.814635017634
5307,demand,3224.542830756869
5308,demand,3295.858213965351
5309,demand,3678.0275964600796
5310,demand,4493.789999932653
5311,demand,4972.984502554129
5312,demand,5234.1525555107255
5313,demand,5258.755522433628
5314,demand,5039.278852806704
5315,demand,4802.370921386273
5316,demand,4684.047415793779
5317,demand,4512.368009756668
5318,demand,4395.188594743832
5319,demand,4433.321118052934
5320,demand,4612.086042303445
5321,demand,4547.04735707462
5322,demand,4421.864857925139
5323,demand,4346.54958247125
5324,demand,4367.697199149551
5325,demand,4198.724828363455
5326,demand,3896.965660291623
5327,demand,3752.1205461788
5328,demand,3510.147075579117
5329,demand,3453.887064793942
5330,demand,3359.8985829259473
5331,demand,3283.365654183434
5332,demand,3238.053157084893
5333,demand,3306.502853076542
5334,demand,3711.8129360903768
5335,demand,4116.970432456209
5336,demand,4467.154431785254
5337,demand,4589.613819583323
5338,demand,4422.100296903163
5339,demand,4235.811472374686
5340,demand,4164.404209341947
5341,demand,4003.19480341444
5342,demand,3978.372497258284
5343,demand,4053.7939113177927
5344,demand,4194.781235903198
5345,demand,4178.180588397083
5346,demand,4072.074259751793
5347,demand,4073.499348380843
5348,demand,4134.533120515789
5349,demand,3919.752506061731
5350,demand,3610.4055928611488
5351,demand,3422.379997474113
5352,demand,3190.656376594174
5353,demand,3143.17012300646
5354,demand,3030.65488317792
5355,demand,2975.114877861507
5356,demand,2945.044585205719
5357,demand,3045.043853496022
5358,demand,3485.487026131218
5359,demand,3858.185125242848
5360,demand,4201.156625171838
5361,demand,4317.307677801762
5362,demand,4190.577720264325
5363,demand,4025.098664131904
5364,demand,3963.826422981566
5365,demand,3884.146785069106
5366,demand,3846.147988653259
5367,demand,3896.909070199156
5368,demand,4140.092077070918
5369,demand,4185.841150893429
5370,demand,4129.199030898981
5371,demand,4150.185320451117
5372,demand,4217.357020590185
5373,demand,3981.3758954458763
5374,demand,3619.60928225746
5375,demand,3399.02886737778
5376,demand,3173.764369941822
5377,demand,3218.8111491055815
5378,demand,3162.060737619999
5379,demand,3160.7444102152904
5380,demand,3285.883944641684
5381,demand,3738.29722171532
5382,demand,4665.225527440232
5383,demand,5244.05668220517
5384,demand,5451.987546130053
5385,demand,5461.65597311467
5386,demand,5253.5091040200405
5387,demand,5057.886144819655
5388,demand,4984.153489082312
5389,demand,4893.392362312584
5390,demand,4760.859684292174
5391,demand,4746.790203807169
5392,demand,4954.658729827074
5393,demand,4905.507984843001
5394,demand,4766.299750698726
5395,demand,4726.435798612102
5396,demand,4737.28719078622
5397,demand,4441.552212221974
5398,demand,3995.731550633231
5399,demand,3718.7051042828098
5400,demand,3462.5256542463176
5401,demand,3385.4023250575992
5402,demand,3317.543047741924
5403,demand,3314.173224590225
5404,demand,3438.3142438991654
5405,demand,3889.7811109371432
5406,demand,4780.130858844612
5407,demand,5316.110511277158
5408,demand,5497.819872621176
5409,demand,5493.0552134589525
5410,demand,5278.886006163388
5411,demand,5064.074526028125
5412,demand,4984.999209721921
5413,demand,4869.932678714227
5414,demand,4718.47126724294
5415,demand,4714.8065697719
5416,demand,4877.313351085685
5417,demand,4814.26831496829
5418,demand,4691.319479705123
5419,demand,4692.095757948391
5420,demand,4754.742626048546
5421,demand,4452.622960340752
5422,demand,4016.2638510046027
5423,demand,3732.0714079376576
5424,demand,3471.8475933180735
5425,demand,3359.848365825646
5426,demand,3290.336332122284
5427,demand,3283.404247941192
5428,demand,3414.6252218816
5429,demand,3875.8486016077113
5430,demand,4818.12392634312
5431,demand,5341.942801290574
5432,demand,5548.621998965141
5433,demand,5538.767982653724
5434,demand,5347.718488752586
5435,demand,5164.009571005268
5436,demand,5099.970388526548
5437,demand,5021.443712598259
5438,demand,4874.68558804971
5439,demand,4864.43219840433
5440,demand,5036.68646090135
5441,demand,4918.243165915529
5442,demand,4778.61485140386
5443,demand,4810.853287934143
5444,demand,4797.74470424418
5445,demand,4421.674545135416
5446,demand,3979.626495975079
5447,demand,3696.719257045882
5448,demand,3444.881378325046
5449,demand,3342.98421638148
5450,demand,3271.673984161165
5451,demand,3264.8462473287163
5452,demand,3392.681654855242
5453,demand,3851.1071585770906
5454,demand,4729.741746218593
5455,demand,5251.994449249213
5456,demand,5456.55271055495
5457,demand,5444.726788483082
5458,demand,5228.997297851179
5459,demand,5021.757722818667
5460,demand,4944.646140112355
5461,demand,4826.939819601113
5462,demand,4683.208026686107
5463,demand,4665.1850719280255
5464,demand,4838.944601575951
5465,demand,4777.1769585147385
5466,demand,4665.008892397336
5467,demand,4697.749540481318
5468,demand,4741.1544986397985
5469,demand,4390.0343543541485
5470,demand,3949.639523421234
5471,demand,3681.997320625081
5472,demand,3458.596511482818
5473,demand,3399.9964060390002
5474,demand,3357.698028373604
5475,demand,3378.763015033681
5476,demand,3525.91634164394
5477,demand,3983.4398490497733
5478,demand,4967.3188591792805
5479,demand,5421.86357752587
5480,demand,5638.043159051862
5481,demand,5722.7921037333235
5482,demand,5473.86908285401
5483,demand,5229.8359416614585
5484,demand,5003.685698749348
5485,demand,4702.261497417856
5486,demand,4570.0129307963825
5487,demand,4541.055471505402
5488,demand,4667.070879690136
5489,demand,4584.21776386049
5490,demand,4452.662192706096
5491,demand,4416.145184823525
5492,demand,4461.669562615316
5493,demand,4165.97692978866
5494,demand,3797.317345400209
5495,demand,3551.888221066254
5496,demand,3281.8858701045
5497,demand,3195.974255616474
5498,demand,3096.448632468184
5499,demand,3045.544448739674
5500,demand,3051.8973298712917
5501,demand,3183.826411656104
5502,demand,3657.2143327772847
5503,demand,4040.6591256073652
5504,demand,4397.796150692327
5505,demand,4505.606816190494
5506,demand,4364.109178811725
5507,demand,4212.616114456943
5508,demand,4124.73472655528
5509,demand,4043.368074666855
5510,demand,4028.053044132482
5511,demand,4076.7240053116793
5512,demand,4330.988068561204
5513,demand,4335.529754159811
5514,demand,4236.133897432158
5515,demand,4212.745866482036
5516,demand,4225.733766371126
5517,demand,3972.9190309128508
5518,demand,3663.443900348367
5519,demand,3467.450792354759
5520,demand,3219.403170236696
5521,demand,3120.4241199985117
5522,demand,3025.480386284451
5523,demand,2975.227008794862
5524,demand,2988.463078270038
5525,demand,3108.7210209891427
5526,demand,3544.1914521654935
5527,demand,3891.980768400854
5528,demand,4212.283384793269
5529,demand,4329.274569236837
5530,demand,4162.632104667737
5531,demand,4029.899262331932
5532,demand,3950.6889398442536
5533,demand,3868.61541049662
5534,demand,3816.0831562254807
5535,demand,3920.067091820313
5536,demand,4211.542300022002
5537,demand,4249.120800604833
5538,demand,4214.085131183426
5539,demand,4263.731303401242
5540,demand,4356.316792465424
5541,demand,4047.742145190031
5542,demand,3680.086503660833
5543,demand,3469.020695123958
5544,demand,3247.7754639134773
5545,demand,3200.5424392278646
5546,demand,3142.1574360073073
5547,demand,3146.3110729346117
5548,demand,3297.756053315025
5549,demand,3765.73805851354
5550,demand,4663.160554787176
5551,demand,5196.993735280687
5552,demand,5396.604972303533
5553,demand,5394.752215760668
5554,demand,5195.10697257801
5555,demand,4983.119692137879
5556,demand,4921.661531456088
5557,demand,4821.664851598418
5558,demand,4683.26391269606
5559,demand,4656.106945121259
5560,demand,4857.674931192315
5561,demand,4811.015434578686
5562,demand,4688.612962891686
5563,demand,4694.3945692498655
5564,demand,4758.965024138186
5565,demand,4388.981843691858
5566,demand,3939.186219992204
5567,demand,3663.026196837366
5568,demand,3413.097125712052
5569,demand,3361.957073749152
5570,demand,3296.625936183713
5571,demand,3301.56303730282
5572,demand,3451.6248226814087
5573,demand,3917.0150162473665
5574,demand,4827.152242683722
5575,demand,5310.343572227415
5576,demand,5481.581656195864
5577,demand,5460.253962256997
5578,demand,5250.5362542274
5579,demand,5038.3946420128395
5580,demand,4962.611630389934
5581,demand,4870.189451224745
5582,demand,4735.729479015411
5583,demand,4720.3435253848875
5584,demand,4902.167240094222
5585,demand,4823.368115619072
5586,demand,4703.719055923292
5587,demand,4711.627674443123
5588,demand,4798.7605561274795
5589,demand,4443.164897191455
5590,demand,4002.3956204543456
5591,demand,3719.305017987504
5592,demand,3464.8076267069546
5593,demand,3318.7281788298237
5594,demand,3257.948541531874
5595,demand,3257.97124093862
5596,demand,3411.664348849074
5597,demand,3874.7287500679677
5598,demand,4785.547910163398
5599,demand,5263.49693974218
5600,demand,5447.543783295453
5601,demand,5439.9234588639865
5602,demand,5252.103606477943
5603,demand,5074.532939992205
5604,demand,5011.300104321657
5605,demand,4915.286112004875
5606,demand,4785.49397485818
5607,demand,4769.451193531353
5608,demand,4926.085994221532
5609,demand,4845.595111907636
5610,demand,4728.178345207309
5611,demand,4747.767422108644
5612,demand,4781.896954295082
5613,demand,4391.668291841439
5614,demand,3940.1313748616103
5615,demand,3660.0922199389033
5616,demand,3413.792561588503
5617,demand,3308.0149608003558
5618,demand,3245.424403585004
5619,demand,3251.786629600564
5620,demand,3413.755701698803
5621,demand,3889.809274600927
5622,demand,4790.4089841108325
5623,demand,5266.770304741434
5624,demand,5476.228377737144
5625,demand,5480.609242780634
5626,demand,5277.256682300479
5627,demand,5033.094253422923
5628,demand,4961.623335164657
5629,demand,4847.156514721769
5630,demand,4683.034813167815
5631,demand,4674.6654737881
5632,demand,4837.4455320717
5633,demand,4757.983222700413
5634,demand,4646.206125825322
5635,demand,4668.612441010861
5636,demand,4743.740433039068
5637,demand,4352.3614890175195
5638,demand,3893.202121839903
5639,demand,3596.673652024355
5640,demand,3338.4864967548474
5641,demand,3267.004239465375
5642,demand,3188.900342624016
5643,demand,3185.915508986763
5644,demand,3332.584039510485
5645,demand,3777.808937716014
5646,demand,4696.969128241439
5647,demand,5181.710366505667
5648,demand,5372.865762916078
5649,demand,5337.2987448435015
5650,demand,5107.376071407892
5651,demand,4839.15442208077
5652,demand,4674.384665067715
5653,demand,4476.837126782048
5654,demand,4321.870993283486
5655,demand,4339.919172709925
5656,demand,4513.039371862239
5657,demand,4482.636382697006
5658,demand,4399.698277849182
5659,demand,4391.215934396008
5660,demand,4468.708617637018
5661,demand,4133.328495620013
5662,demand,3761.3367486112147
5663,demand,3514.436638998162
5664,demand,3244.168247419364
5665,demand,3116.2242115557046
5666,demand,3013.1106766234943
5667,demand,2961.8684187213303
5668,demand,2986.679964659093
5669,demand,3107.0647694118043
5670,demand,3578.256741879147
5671,demand,3937.2514893536463
5672,demand,4261.6274754700935
5673,demand,4361.275857433631
5674,demand,4192.9445105518935
5675,demand,4011.391441656806
5676,demand,3931.9770297234827
5677,demand,3817.762771416446
5678,demand,3771.687072473098
5679,demand,3871.0541461434022
5680,demand,4082.552848240208
5681,demand,4110.437656564616
5682,demand,4069.019155713626
5683,demand,4102.394073060028
5684,demand,4222.576448664406
5685,demand,3938.596057729421
5686,demand,3623.8206901794747
5687,demand,3416.700574697481
5688,demand,3166.450033971451
5689,demand,3054.746973221947
5690,demand,2947.02336161771
5691,demand,2893.3708189099543
5692,demand,2912.357194727345
5693,demand,3018.4079849112322
5694,demand,3478.061162442789
5695,demand,3799.39754653928
5696,demand,4125.276670504926
5697,demand,4227.087539760334
5698,demand,4081.507102804263
5699,demand,3944.391216426357
5700,demand,3899.981716698128
5701,demand,3798.624753810926
5702,demand,3772.870097190942
5703,demand,3882.390127910551
5704,demand,4129.56736119071
5705,demand,4190.397336450588
5706,demand,4179.10593510043
5707,demand,4251.88095684597
5708,demand,4358.0171009600635
5709,demand,4035.319460743331
5710,demand,3666.452419852325
5711,demand,3452.0290517364174
5712,demand,3232.6827448776507
5713,demand,3167.347887633415
5714,demand,3090.3075263364863
5715,demand,3071.572553533082
5716,demand,3226.274306525076
5717,demand,3679.621202381356
5718,demand,4584.765855011315
5719,demand,5111.972817676428
5720,demand,5344.705177018115
5721,demand,5354.441990186288
5722,demand,5188.425882610946
5723,demand,5004.751056367522
5724,demand,4933.255413353754
5725,demand,4815.47335473874
5726,demand,4690.477126946096
5727,demand,4681.34717469322
5728,demand,4852.5410762778465
5729,demand,4819.143937925137
5730,demand,4724.811620078856
5731,demand,4759.370357772614
5732,demand,4799.009143793433
5733,demand,4409.337939239237
5734,demand,3976.6389496367947
5735,demand,3685.105241255479
5736,demand,3436.9665138735063
5737,demand,3344.8119864242763
5738,demand,3261.269391193021
5739,demand,3260.027339915212
5740,demand,3417.136496111557
5741,demand,3877.3798493729873
5742,demand,4770.137695389409
5743,demand,5223.512595876877
5744,demand,5394.72879831084
5745,demand,5398.544061376819
5746,demand,5203.012757541128
5747,demand,5001.13433888828
5748,demand,4948.301362537736
5749,demand,4838.755274485414
5750,demand,4703.376593382846
5751,demand,4687.328442668032
5752,demand,4838.4214362194525
5753,demand,4800.545654054353
5754,demand,4707.147539546094
5755,demand,4744.615253148981
5756,demand,4793.589774226174
5757,demand,4414.5542658788545
5758,demand,3986.420649419585
5759,demand,3702.413006104789
5760,demand,3454.295290253018
5761,demand,3379.0476329145113
5762,demand,3297.196095613788
5763,demand,3283.497165670788
5764,demand,3440.0106003902392
5765,demand,3881.590499770636
5766,demand,4796.902499892056
5767,demand,5259.592687412388
5768,demand,5459.07536930975
5769,demand,5491.654704801069
5770,demand,5291.1366672215045
5771,demand,5045.319545327075
5772,demand,4974.599321962169
5773,demand,4872.874351276939
5774,demand,4740.327271946375
5775,demand,4701.030626351264
5776,demand,4865.425307181965
5777,demand,4795.228211364734
5778,demand,4688.839254214297
5779,demand,4735.410939011939
5780,demand,4754.412468958308
5781,demand,4346.011687505024
5782,demand,3894.4190435468
5783,demand,3581.26721581572
5784,demand,3301.025402970662
5785,demand,3301.62100023259
5786,demand,3226.784277979888
5787,demand,3222.041670685864
5788,demand,3382.095706968322
5789,demand,3816.702435987186
5790,demand,4759.972271554756
5791,demand,5215.745599779718
5792,demand,5422.747512586621
5793,demand,5416.342408934985
5794,demand,5232.225187940857
5795,demand,5048.538424042522
5796,demand,4990.748406612838
5797,demand,4882.738387928635
5798,demand,4747.3701747501345
5799,demand,4714.682262339156
5800,demand,4871.132663504751
5801,demand,4797.308702635538
5802,demand,4698.446501359009
5803,demand,4753.774084146242
5804,demand,4761.335067256655
5805,demand,4358.761691939659
5806,demand,3916.749772931714
5807,demand,3629.9938914258
5808,demand,3381.092075899508
5809,demand,3274.488707342337
5810,demand,3197.559424596921
5811,demand,3191.797443396514
5812,demand,3349.7887099308873
5813,demand,3772.324902945361
5814,demand,4695.360770936951
5815,demand,5148.014374581139
5816,demand,5353.724776248879
5817,demand,5334.846844020004
5818,demand,5120.6338605469955
5819,demand,4877.467412383736
5820,demand,4717.090746590372
5821,demand,4526.91517009104
5822,demand,4382.179480531847
5823,demand,4408.020099131687
5824,demand,4587.306472211336
5825,demand,4556.826838001083
5826,demand,4476.250489209598
5827,demand,4501.178468907787
5828,demand,4526.491394543392
5829,demand,4195.656277813533
5830,demand,3849.952242690989
5831,demand,3621.870074839927
5832,demand,3381.504253219584
5833,demand,3274.7455119477763
5834,demand,3152.210106302905
5835,demand,3062.3897272739814
5836,demand,3083.3196766489637
5837,demand,3309.572063909744
5838,demand,3726.1348609594843
5839,demand,4038.9520389611407
5840,demand,4329.386163539567
5841,demand,4435.135694910691
5842,demand,4258.230185856264
5843,demand,4078.817199014214
5844,demand,3983.328929956452
5845,demand,3867.631621183861
5846,demand,3813.6739208380377
5847,demand,3905.711598091886
5848,demand,4157.662001727239
5849,demand,4128.882793303623
5850,demand,4073.94586002424
5851,demand,4180.627328703281
5852,demand,4170.800714189962
5853,demand,3862.112325127987
5854,demand,3564.679387643655
5855,demand,3382.288547306352
5856,demand,3150.351584959075
5857,demand,3209.9931332032756
5858,demand,3127.6579827558908
5859,demand,3075.133610057323
5860,demand,3110.137850323952
5861,demand,3313.840420007152
5862,demand,3739.605893005198
5863,demand,4009.165857509609
5864,demand,4329.652664231522
5865,demand,4418.393848194471
5866,demand,4252.076375971614
5867,demand,4089.522333214143
5868,demand,4017.350157002171
5869,demand,3927.374119139282
5870,demand,3894.7733188174043
5871,demand,3979.4903451664577
5872,demand,4269.099332957738
5873,demand,4270.202888639268
5874,demand,4261.859562290196
5875,demand,4432.107145527942
5876,demand,4436.624839805373
5877,demand,4091.5271587180277
5878,demand,3741.54210565539
5879,demand,3548.4685652009803
5880,demand,3349.250849518096
5881,demand,3276.598501835034
5882,demand,3252.366062916233
5883,demand,3275.685741949842
5884,demand,3466.223468409793
5885,demand,4024.677612036439
5886,demand,4927.950837013468
5887,demand,5392.898970934989
5888,demand,5628.8556141831505
5889,demand,5599.8546971134
5890,demand,5352.531956546978
5891,demand,5114.198146709989
5892,demand,5013.664470975309
5893,demand,4897.183108928181
5894,demand,4757.297165519711
5895,demand,4760.455452297353
5896,demand,4950.7148579125405
5897,demand,4875.43579365223
5898,demand,4789.383705493539
5899,demand,4882.757867289732
5900,demand,4810.501093326802
5901,demand,4389.401495187627
5902,demand,3946.1313425001217
5903,demand,3690.88488660586
5904,demand,3451.589311547415
5905,demand,3360.416515316715
5906,demand,3292.8079398309856
5907,demand,3290.5174559650222
5908,demand,3464.902726732842
5909,demand,4029.702861900043
5910,demand,4917.090243018769
5911,demand,5375.129044831209
5912,demand,5566.375896061127
5913,demand,5573.492327177667
5914,demand,5365.909571118433
5915,demand,5173.136392606508
5916,demand,5125.417461950363
5917,demand,5045.335055084488
5918,demand,4936.257591933609
5919,demand,4991.065468342279
5920,demand,5227.335810324103
5921,demand,5128.01877016219
5922,demand,5037.9878552003065
5923,demand,5002.502374931755
5924,demand,4823.872484972833
5925,demand,4422.625282817399
5926,demand,3994.330810189648
5927,demand,3724.2151860410686
5928,demand,3481.7466329414256
5929,demand,3483.4851430589447
5930,demand,3421.272060334712
5931,demand,3421.632248803455
5932,demand,3605.170524413928
5933,demand,4161.301426532555
5934,demand,5049.858898852223
5935,demand,5508.954343114751
5936,demand,5706.605718136399
5937,demand,5676.342783591202
5938,demand,5446.86650424983
5939,demand,5243.6140463818565
5940,demand,5206.429277244086
5941,demand,5126.030835100274
5942,demand,4997.984731112993
5943,demand,5021.474172621025
5944,demand,5223.83536436968
5945,demand,5145.592059819715
5946,demand,5059.385554604459
5947,demand,5184.034753925872
5948,demand,5099.120047901078
5949,demand,4676.361769909614
5950,demand,4214.468194793103
5951,demand,3958.400951457559
5952,demand,3686.862917491714
5953,demand,3591.675513309993
5954,demand,3502.7142203117564
5955,demand,3476.275392560686
5956,demand,3650.029893589765
5957,demand,4209.052536734747
5958,demand,5122.627678910883
5959,demand,5586.280407925173
5960,demand,5773.317378016909
5961,demand,5768.273027414585
5962,demand,5560.559326234369
5963,demand,5299.926643833056
5964,demand,5217.946531877821
5965,demand,5136.159913730695
5966,demand,5012.140840659731
5967,demand,5031.546343988816
5968,demand,5252.353466874258
5969,demand,5207.1143506659555
5970,demand,5189.573358365564
5971,demand,5179.911266824383
5972,demand,5000.302704920341
5973,demand,4585.582971972418
5974,demand,4142.3681079407725
5975,demand,3871.894790973507
5976,demand,3608.7298701891887
5977,demand,3494.149427499456
5978,demand,3426.587456529484
5979,demand,3418.805784727514
5980,demand,3591.9356233623876
5981,demand,4133.453099570109
5982,demand,5022.926446175086
5983,demand,5461.973472956961
5984,demand,5633.152487414641
5985,demand,5566.385842794206
5986,demand,5301.992305616356
5987,demand,5021.444369131961
5988,demand,4839.440177438813
5989,demand,4628.8732599766045
5990,demand,4477.489423836131
5991,demand,4503.48082143017
5992,demand,4720.509794295461
5993,demand,4655.5619197304895
5994,demand,4620.763810442189
5995,demand,4725.780903252091
5996,demand,4626.916369034818
5997,demand,4267.38252452095
5998,demand,3907.700501089971
5999,demand,3678.1932411208327
6000,demand,3422.28569845219
6001,demand,3342.067852259087
6002,demand,3265.726075381308
6003,demand,3224.271004075647
6004,demand,3283.7135663926583
6005,demand,3518.110219757824
6006,demand,4024.9085504434033
6007,demand,4317.391531115919
6008,demand,4619.862852737986
6009,demand,4665.084938124413
6010,demand,4420.798277489306
6011,demand,4184.860954312001
6012,demand,4080.675093120023
6013,demand,3953.018072995783
6014,demand,3892.7789249524885
6015,demand,4001.244309088778
6016,demand,4267.410476531722
6017,demand,4252.265138062721
6018,demand,4267.870718909717
6019,demand,4467.52118301099
6020,demand,4406.054300036103
6021,demand,4089.931243372129
6022,demand,3768.0956724842517
6023,demand,3576.4295738738983
6024,demand,3335.9583455741904
6025,demand,3244.942064108574
6026,demand,3162.766756742941
6027,demand,3110.8735474526193
6028,demand,3174.345826586241
6029,demand,3400.980527717289
6030,demand,3888.2759703161228
6031,demand,4170.81048944107
6032,demand,4469.226713953562
6033,demand,4539.700799164746
6034,demand,4348.649044327611
6035,demand,4135.92304818706
6036,demand,4106.809044718601
6037,demand,4030.3278020509338
6038,demand,4010.2512136781033
6039,demand,4159.062359652549
6040,demand,4498.847726514361
6041,demand,4534.066118211631
6042,demand,4588.566412620698
6043,demand,4645.311349778142
6044,demand,4504.716597946568
6045,demand,4147.04752712912
6046,demand,3767.7639902665223
6047,demand,3558.215103561991
6048,demand,3346.4702182179317
6049,demand,3267.251068404864
6050,demand,3215.34213181655
6051,demand,3225.04721091368
6052,demand,3426.198735644747
6053,demand,4002.473563698277
6054,demand,4919.79385554641
6055,demand,5402.941149609689
6056,demand,5657.486344977732
6057,demand,5698.359355488158
6058,demand,5517.465272780248
6059,demand,5290.766218769402
6060,demand,5228.722954956782
6061,demand,5102.713676503205
6062,demand,4986.800750651825
6063,demand,4993.439471593024
6064,demand,5223.549241022134
6065,demand,5195.12493123985
6066,demand,5132.683033329471
6067,demand,5141.223323796787
6068,demand,4932.646262136998
6069,demand,4502.2162029358315
6070,demand,4038.915289158846
6071,demand,3790.416162827939
6072,demand,3544.860527270275
6073,demand,3486.614926904842
6074,demand,3422.348819964936
6075,demand,3425.6223524661227
6076,demand,3610.601698286016
6077,demand,4177.196271062853
6078,demand,5102.407362244053
6079,demand,5552.827388517848
6080,demand,5737.305502777547
6081,demand,5719.558972547352
6082,demand,5546.374593363621
6083,demand,5367.9689831201395
6084,demand,5347.252620213406
6085,demand,5271.412190548038
6086,demand,5236.0510513578265
6087,demand,5319.462808030579
6088,demand,5554.093884776714
6089,demand,5435.988987132908
6090,demand,5296.376659663885
6091,demand,5211.536161307932
6092,demand,4996.015935522573
6093,demand,4563.418054457219
6094,demand,4102.341790223603
6095,demand,3810.365971294135
6096,demand,3554.8313572821
6097,demand,3455.667566475041
6098,demand,3386.387599603663
6099,demand,3388.3986780947753
6100,demand,3587.1186978011065
6101,demand,4149.969248944315
6102,demand,5059.471729442598
6103,demand,5498.218022832407
6104,demand,5651.431258258104
6105,demand,5620.3071884948
6106,demand,5433.120223225208
6107,demand,5190.171069350228
6108,demand,5128.571877734811
6109,demand,5044.818070350277
6110,demand,4908.995196916239
6111,demand,4924.62666006419
6112,demand,5115.98602871256
6113,demand,5033.473683673736
6114,demand,4989.755527357964
6115,demand,5091.11445018511
6116,demand,4910.991647466931
6117,demand,4484.570908596353
6118,demand,4026.59135228162
6119,demand,3748.1695920697202
6120,demand,3499.936750872803
6121,demand,3466.192964642782
6122,demand,3409.664495204223
6123,demand,3430.153801260373
6124,demand,3642.045390367146
6125,demand,4223.469747358611
6126,demand,5138.395439980346
6127,demand,5605.49803891617
6128,demand,5772.030188325505
6129,demand,5762.690212449752
6130,demand,5531.692190750147
6131,demand,5270.058257199739
6132,demand,5174.627597842529
6133,demand,5067.454430503712
6134,demand,4936.485439070049
6135,demand,4937.694632924403
6136,demand,5127.797987840257
6137,demand,5062.910691051631
6138,demand,5012.587372275455
6139,demand,5177.146369331318
6140,demand,5013.722277596549
6141,demand,4591.305291507519
6142,demand,4135.67344341981
6143,demand,3863.399200720827
6144,demand,3609.745390088352
6145,demand,3553.628223605473
6146,demand,3492.257268689408
6147,demand,3486.894548658361
6148,demand,3665.475378074565
6149,demand,4211.790976440826
6150,demand,5128.105434049678
6151,demand,5579.025271485055
6152,demand,5721.214289212504
6153,demand,5652.750208585485
6154,demand,5402.952031562352
6155,demand,5118.274907930981
6156,demand,4941.461466278777
6157,demand,4749.046137152463
6158,demand,4604.877792135383
6159,demand,4639.232002275406
6160,demand,4851.141675511991
6161,demand,4808.610625428621
6162,demand,4772.770853651071
6163,demand,4918.33182210759
6164,demand,4777.268927905645
6165,demand,4448.648393854519
6166,demand,4122.151745021703
6167,demand,3947.018860677037
6168,demand,3729.97017129374
6169,demand,3637.883917796439
6170,demand,3581.268690363247
6171,demand,3529.629368421477
6172,demand,3582.874241721722
6173,demand,3796.240415269828
6174,demand,4230.275344049764
6175,demand,4488.84270709552
6176,demand,4818.308117855423
6177,demand,4897.859187008659
6178,demand,4712.451948820621
6179,demand,4490.780430610681
6180,demand,4415.174767950709
6181,demand,4269.913151208708
6182,demand,4230.541788091687
6183,demand,4404.9541606667135
6184,demand,4749.027159555119
6185,demand,4709.493329995607
6186,demand,4686.944948307189
6187,demand,4772.6651982732865
6188,demand,4649.689772777333
6189,demand,4339.801335297328
6190,demand,4017.274103518658
6191,demand,3825.6889719688743
6192,demand,3558.749330136663
6193,demand,3507.421462701509
6194,demand,3414.609845885937
6195,demand,3357.4344084664563
6196,demand,3414.333896327542
6197,demand,3610.865646833036
6198,demand,4079.1108520251273
6199,demand,4371.404156782546
6200,demand,4628.965362778684
6201,demand,4717.647637824533
6202,demand,4558.95964825566
6203,demand,4375.203011503601
6204,demand,4297.890469576336
6205,demand,4201.0746400808475
6206,demand,4149.14905456727
6207,demand,4273.979536635644
6208,demand,4574.805583880153
6209,demand,4613.960139433809
6210,demand,4652.509164448889
6211,demand,4827.542578782157
6212,demand,4672.364199993684
6213,demand,4316.513990763808
6214,demand,3951.041658031657
6215,demand,3741.507896945201
6216,demand,3549.356330999126
6217,demand,3603.143971140569
6218,demand,3573.344580008495
6219,demand,3600.65536688425
6220,demand,3820.03654547158
6221,demand,4397.250574599548
6222,demand,5369.949975040739
6223,demand,5897.561301120169
6224,demand,6080.097681889749
6225,demand,6074.437032242706
6226,demand,5847.974976746027
6227,demand,5617.065568413139
6228,demand,5540.79100616752
6229,demand,5432.149177787906
6230,demand,5300.699704604057
6231,demand,5295.796873645997
6232,demand,5498.941547636758
6233,demand,5395.969008079865
6234,demand,5347.700813759951
6235,demand,5475.952079324312
6236,demand,5251.531243771911
6237,demand,4808.723133802115
6238,demand,4336.24852934881
6239,demand,4095.8226421818717
6240,demand,3829.463610771966
6241,demand,3743.59390498969
6242,demand,3682.436294638823
6243,demand,3698.496250713782
6244,demand,3901.168732428312
6245,demand,4479.364570038534
6246,demand,5423.145550539295
6247,demand,5883.156114014365
6248,demand,6000.0478635346135
6249,demand,5951.881515378474
6250,demand,5684.458610786238
6251,demand,5440.930651378954
6252,demand,5316.376126479119
6253,demand,5198.374382011393
6254,demand,5066.466441790119
6255,demand,5042.023581175714
6256,demand,5267.46685733602
6257,demand,5229.156763038153
6258,demand,5220.587706530292
6259,demand,5388.57397092433
6260,demand,5197.242467635178
6261,demand,4782.138606193324
6262,demand,4322.862520365474
6263,demand,4064.565130961827
6264,demand,3783.2056401380078
6265,demand,3716.897760847998
6266,demand,3666.281361256342
6267,demand,3669.866448454405
6268,demand,3883.1957774545963
6269,demand,4449.29425716033
6270,demand,5423.590187905051
6271,demand,5905.262633803476
6272,demand,5992.415562045482
6273,demand,5879.268153739945
6274,demand,5612.472275038021
6275,demand,5346.884601153397
6276,demand,5242.768973115553
6277,demand,5132.884685685746
6278,demand,4994.735483169491
6279,demand,4987.441786160743
6280,demand,5226.002245295268
6281,demand,5193.614402400803
6282,demand,5215.506906810252
6283,demand,5378.950182218447
6284,demand,5193.916455578519
6285,demand,4781.649141848982
6286,demand,4314.0390385140245
6287,demand,4006.9951396578317
6288,demand,3744.8385344879352
6289,demand,3603.8932953626736
6290,demand,3537.531540902931
6291,demand,3526.5968621833267
6292,demand,3730.439822550683
6293,demand,4275.23987152384
6294,demand,5201.01199921204
6295,demand,5696.789484082491
6296,demand,5900.200162092713
6297,demand,5870.131882672611
6298,demand,5630.018410952684
6299,demand,5371.504796251437
6300,demand,5279.964280315309
6301,demand,5146.48817980184
6302,demand,5026.55522743631
6303,demand,5028.326188163252
6304,demand,5261.195650825276
6305,demand,5188.444088178655
6306,demand,5201.018001235611
6307,demand,5271.089687440501
6308,demand,5055.346449336203
6309,demand,4628.00923617062
6310,demand,4163.70752575651
6311,demand,3879.8138965655417
6312,demand,3629.961717323552
6313,demand,3534.41188864388
6314,demand,3466.5184566536877
6315,demand,3465.8331564171403
6316,demand,3665.306350305096
6317,demand,4203.95015170587
6318,demand,5121.30728063051
6319,demand,5619.98853095009
6320,demand,5772.108712124139
6321,demand,5680.457267583893
6322,demand,5409.366324786961
6323,demand,5097.744061711415
6324,demand,4891.007302040737
6325,demand,4669.428594134197
6326,demand,4513.467682960658
6327,demand,4534.648108120533
6328,demand,4750.079819637341
6329,demand,4767.41768489507
6330,demand,4819.979446060291
6331,demand,4964.584790630899
6332,demand,4771.977150649048
6333,demand,4418.265590429087
6334,demand,4045.13659152544
6335,demand,3806.497584558842
6336,demand,3537.249041564594
6337,demand,3436.075830263724
6338,demand,3350.5161958642984
6339,demand,3295.422617665162
6340,demand,3372.684638945616
6341,demand,3598.648892395226
6342,demand,4146.836899675035
6343,demand,4508.236755939328
6344,demand,4758.849117827576
6345,demand,4769.321239889992
6346,demand,4513.904195502684
6347,demand,4243.640186412656
6348,demand,4122.972284271074
6349,demand,3997.272377955966
6350,demand,3951.61668584211
6351,demand,4042.5764759580125
6352,demand,4301.63653156203
6353,demand,4373.202876955183
6354,demand,4472.734226695179
6355,demand,4632.1498272895515
6356,demand,4488.505449134087
6357,demand,4183.807565350562
6358,demand,3874.2419555382075
6359,demand,3711.995764416558
6360,demand,3491.870382130889
6361,demand,3412.91148875237
6362,demand,3325.072950152913
6363,demand,3266.943094346491
6364,demand,3328.065935327674
6365,demand,3520.717705904469
6366,demand,3983.588789720533
6367,demand,4308.366697063951
6368,demand,4632.746209977922
6369,demand,4708.54814527539
6370,demand,4521.135864002422
6371,demand,4307.647765935568
6372,demand,4193.438517609287
6373,demand,4087.8448503213267
6374,demand,4042.2165495961654
6375,demand,4170.786786319057
6376,demand,4504.943098526288
6377,demand,4577.120675284434
6378,demand,4711.007614824117
6379,demand,4801.233088290509
6380,demand,4614.565235379121
6381,demand,4249.113099912055
6382,demand,3863.0856251393798
6383,demand,3639.306723366586
6384,demand,3415.525301952283
6385,demand,3367.3244001958146
6386,demand,3309.3180155710425
6387,demand,3312.430882556562
6388,demand,3521.89855884469
6389,demand,4079.54267468934
6390,demand,5013.120360580532
6391,demand,5549.833555862608
6392,demand,5794.060184095149
6393,demand,5769.099748846632
6394,demand,5557.505971031409
6395,demand,5331.790403654826
6396,demand,5229.366079718569
6397,demand,5127.600011168491
6398,demand,4952.958504526574
6399,demand,4929.346395659447
6400,demand,5169.400125389759
6401,demand,5186.831148960642
6402,demand,5221.508695395472
6403,demand,5223.012845311641
6404,demand,4998.664057576513
6405,demand,4573.4051046241475
6406,demand,4103.808041384767
6407,demand,3818.760753689323
6408,demand,3566.955778619784
6409,demand,3485.8154120010395
6410,demand,3417.49594253273
6411,demand,3419.3648775335478
6412,demand,3620.9504645209718
6413,demand,4167.904570534802
6414,demand,5087.664362836387
6415,demand,5608.218433636513
6416,demand,5807.9530041949065
6417,demand,5769.306311970882
6418,demand,5566.105465190969
6419,demand,5311.279691185008
6420,demand,5231.368838885694
6421,demand,5126.678852621428
6422,demand,5002.16102034379
6423,demand,5002.927880111641
6424,demand,5222.904774307127
6425,demand,5218.783501960923
6426,demand,5282.029135630412
6427,demand,5251.449477581917
6428,demand,5022.89567031705
6429,demand,4599.108533672189
6430,demand,4138.505505101076
6431,demand,3849.655345719534
6432,demand,3590.235580588826
6433,demand,3509.91898358199
6434,demand,3443.293537180884
6435,demand,3439.067663762298
6436,demand,3642.192663161106
6437,demand,4179.836383111804
6438,demand,5096.025720495634
6439,demand,5617.975824520419
6440,demand,5852.9925388513
6441,demand,5839.681221938328
6442,demand,5600.332011061992
6443,demand,5352.465502150763
6444,demand,5254.705386568764
6445,demand,5157.23296307702
6446,demand,5028.495496415917
6447,demand,5024.744097938558
6448,demand,5251.138434596338
6449,demand,5224.766541635085
6450,demand,5293.145652264407
6451,demand,5264.09211438598
6452,demand,5051.307655109342
6453,demand,4643.899670948684
6454,demand,4197.960364998946
6455,demand,3930.364415813002
6456,demand,3649.872047687755
6457,demand,3549.180131303495
6458,demand,3455.928865198618
6459,demand,3430.446378681213
6460,demand,3611.750673298983
6461,demand,4143.807320360399
6462,demand,5045.179915678422
6463,demand,5580.555013143457
6464,demand,5810.772652288249
6465,demand,5772.5817575910805
6466,demand,5528.13660583198
6467,demand,5228.226749165207
6468,demand,5140.0000747482445
6469,demand,5017.850016471155
6470,demand,4888.845117960049
6471,demand,4910.982378644821
6472,demand,5117.281266281951
6473,demand,5108.366715512486
6474,demand,5204.025120328275
6475,demand,5213.688927155576
6476,demand,4998.148624394435
6477,demand,4580.534949185132
6478,demand,4119.446597601128
6479,demand,3835.5411051767114
6480,demand,3578.8786552740007
6481,demand,3546.5586559016238
6482,demand,3489.4124234414667
6483,demand,3499.025818562593
6484,demand,3683.75847458896
6485,demand,4203.06088956975
6486,demand,5111.4229770043385
6487,demand,5633.081922947875
6488,demand,5812.948392189158
6489,demand,5751.04829573447
6490,demand,5498.868691409966
6491,demand,5211.341047992007
6492,demand,5031.046096711896
6493,demand,4830.490197308012
6494,demand,4701.03197856748
6495,demand,4743.636159319072
6496,demand,4976.032055171244
6497,demand,5002.78980039831
6498,demand,5107.343401081092
6499,demand,5035.230721148775
6500,demand,4824.404190376588
6501,demand,4471.423932119364
6502,demand,4103.202894041417
6503,demand,3831.740678295124
6504,demand,3545.954033771909
6505,demand,3455.596100720936
6506,demand,3356.79953849893
6507,demand,3301.132332722168
6508,demand,3361.298367044643
6509,demand,3554.498752104917
6510,demand,4052.6814281991674
6511,demand,4442.98961588397
6512,demand,4746.087652687587
6513,demand,4809.3035788816815
6514,demand,4629.489036689655
6515,demand,4406.796641868382
6516,demand,4320.631047616088
6517,demand,4215.903835213052
6518,demand,4179.568707818307
6519,demand,4319.6573249576995
6520,demand,4599.7275479508735
6521,demand,4745.842036864066
6522,demand,4752.01217306243
6523,demand,4679.173911427518
6524,demand,4518.044143577246
6525,demand,4196.076159127738
6526,demand,3866.745196149617
6527,demand,3653.4832045362464
6528,demand,3401.181550191242
6529,demand,3361.379974445139
6530,demand,3262.622433289134
6531,demand,3207.0937700661198
6532,demand,3278.033791095316
6533,demand,3473.3672518029043
6534,demand,3984.672911297309
6535,demand,4383.163475040848
6536,demand,4786.970021498041
6537,demand,4900.634694173314
6538,demand,4732.066017626039
6539,demand,4511.397672789796
6540,demand,4446.674661832549
6541,demand,4382.4909735989295
6542,demand,4363.097748331222
6543,demand,4486.810803694215
6544,demand,4820.055287491445
6545,demand,4908.870493826076
6546,demand,5084.287265982683
6547,demand,5090.872464733278
6548,demand,4885.90490872372
6549,demand,4519.573568769504
6550,demand,4121.290942998962
6551,demand,3881.3150403784575
6552,demand,3637.4748684334672
6553,demand,3773.439955815333
6554,demand,3719.593534787438
6555,demand,3717.00183802405
6556,demand,3931.4099726070244
6557,demand,4533.106640634149
6558,demand,5587.692303544269
6559,demand,6065.225627292519
6560,demand,6250.4513975346945
6561,demand,6254.161722588036
6562,demand,5991.657866152598
6563,demand,5726.960951289619
6564,demand,5635.990361812352
6565,demand,5523.555488265154
6566,demand,5391.638006418555
6567,demand,5384.509597269525
6568,demand,5656.447158550885
6569,demand,5682.621014389562
6570,demand,5714.006002283808
6571,demand,5682.224123360236
6572,demand,5471.355399852925
6573,demand,5047.682102634764
6574,demand,4583.322627633591
6575,demand,4331.101475359648
6576,demand,4058.525176325582
6577,demand,3996.0183790591154
6578,demand,3936.984362309051
6579,demand,3953.541379244713
6580,demand,4166.817007543372
6581,demand,4763.925021600668
6582,demand,5802.117311763592
6583,demand,6236.108530107769
6584,demand,6325.7385752748705
6585,demand,6226.525020195506
6586,demand,5941.764972167011
6587,demand,5659.9714764983355
6588,demand,5569.952100246183
6589,demand,5475.345118619344
6590,demand,5360.855238461061
6591,demand,5397.8826469644255
6592,demand,5671.737597187799
6593,demand,5718.453590461388
6594,demand,5769.973357910566
6595,demand,5712.671326589703
6596,demand,5516.888279197083
6597,demand,5106.158943605192
6598,demand,4639.606904480922
6599,demand,4355.467266528779
6600,demand,4076.2441802819576
6601,demand,4034.474360338345
6602,demand,3974.057179799142
6603,demand,3981.1777013963674
6604,demand,4191.135154595157
6605,demand,4783.327365645237
6606,demand,5827.647804500949
6607,demand,6290.784312031739
6608,demand,6443.088174542411
6609,demand,6378.252285542056
6610,demand,6079.092626671595
6611,demand,5802.212601175346
6612,demand,5696.1397057802005
6613,demand,5597.931800116158
6614,demand,5431.365185799715
6615,demand,5436.135649302692
6616,demand,5680.1994633120685
6617,demand,5728.863076719972
6618,demand,5830.152522765979
6619,demand,5784.502310927002
6620,demand,5583.332179213062
6621,demand,5139.705823510187
6622,demand,4661.621607515575
6623,demand,4370.498510713568
6624,demand,4100.065116775969
6625,demand,4036.824857386116
6626,demand,3980.5259291462953
6627,demand,3978.552477162183
6628,demand,4189.676267427909
6629,demand,4785.41187237992
6630,demand,5824.538904399721
6631,demand,6301.501746845856
6632,demand,6467.834823502786
6633,demand,6409.500540501444
6634,demand,6132.099335384308
6635,demand,5859.323938722148
6636,demand,5722.819032346685
6637,demand,5609.228013159681
6638,demand,5475.060102816837
6639,demand,5472.0270553034115
6640,demand,5736.212537890544
6641,demand,5812.624503020637
6642,demand,5886.757412664461
6643,demand,5810.723053191978
6644,demand,5605.606225785015
6645,demand,5173.7086379598695
6646,demand,4696.616756416453
6647,demand,4406.72703828263
6648,demand,4141.056917580248
6649,demand,4151.064433374006
6650,demand,4100.877476514589
6651,demand,4124.14429351337
6652,demand,4345.506393012235
6653,demand,4938.7543381451305
6654,demand,5999.816845875016
6655,demand,6494.082096837783
6656,demand,6666.009616894289
6657,demand,6583.008140887647
6658,demand,6233.347743846102
6659,demand,5866.510219420022
6660,demand,5631.923442861044
6661,demand,5408.809607919359
6662,demand,5229.995746625539
6663,demand,5262.284213383698
6664,demand,5552.815112639175
6665,demand,5638.593206323453
6666,demand,5869.50619658529
6667,demand,5834.955502598762
6668,demand,5663.860120750533
6669,demand,5308.719227514578
6670,demand,4914.306064816875
6671,demand,4679.496654653057
6672,demand,4376.80064225666
6673,demand,4327.569132325234
6674,demand,4254.928361239611
6675,demand,4226.23283889167
6676,demand,4293.0161870951415
6677,demand,4536.230688670211
6678,demand,5203.02810896419
6679,demand,5551.854169187251
6680,demand,5750.398921057857
6681,demand,5673.097234361775
6682,demand,5349.467944234965
6683,demand,5052.386624857417
6684,demand,4908.3213431107415
6685,demand,4779.061188278858
6686,demand,4713.208014621735
6687,demand,4850.989288340184
6688,demand,5165.804603351917
6689,demand,5347.813608123523
6690,demand,5548.252416329975
6691,demand,5536.944767748758
6692,demand,5428.392923751364
6693,demand,5145.017009718852
6694,demand,4810.276752455794
6695,demand,4617.825545592774
6696,demand,4342.316978969911
6697,demand,4287.527381415615
6698,demand,4235.241006201695
6699,demand,4218.032689425125
6700,demand,4291.808836806042
6701,demand,4557.316975186396
6702,demand,5217.014268847077
6703,demand,5577.638872183536
6704,demand,5762.8404095128335
6705,demand,5657.74248767932
6706,demand,5316.22705593211
6707,demand,5042.361238923404
6708,demand,4899.49657501201
6709,demand,4793.146463651989
6710,demand,4720.912499992949
6711,demand,4872.437583139786
6712,demand,5256.555407763469
6713,demand,5504.60101980542
6714,demand,5739.4266544585225
6715,demand,5721.827472943534
6716,demand,5573.061195559785
6717,demand,5177.577965663798
6718,demand,4732.128824828141
6719,demand,4462.809371342505
6720,demand,4195.238320170986
6721,demand,3877.938101566383
6722,demand,3826.783478434242
6723,demand,3829.8063129812062
6724,demand,4038.920437053736
6725,demand,4638.0577318203705
6726,demand,5686.201398406663
6727,demand,6169.460689851063
6728,demand,6436.87579801836
6729,demand,6416.413856336917
6730,demand,6086.108353429929
6731,demand,5712.055970581014
6732,demand,5535.870226594403
6733,demand,5387.821676851937
6734,demand,5231.912056827963
6735,demand,5228.7182550294765
6736,demand,5515.614592900496
6737,demand,5613.7936678151345
6738,demand,5756.73142797668
6739,demand,5649.992112662795
6740,demand,5421.749718431311
6741,demand,4982.800917431754
6742,demand,4493.890320666461
6743,demand,4189.27733817703
6744,demand,3915.125744655942
6745,demand,3819.9723410288952
6746,demand,3759.6899262570387
6747,demand,3775.044068163984
6748,demand,3988.059343963111
6749,demand,4591.398341796824
6750,demand,5647.875000829037
6751,demand,6140.099486811674
6752,demand,6276.837222902618
6753,demand,6196.291826366478
6754,demand,5916.124828355096
6755,demand,5634.179156749382
6756,demand,5533.937325752315
6757,demand,5437.397054160855
6758,demand,5351.551139104595
6759,demand,5375.138151157712
6760,demand,5660.80244321944
6761,demand,5790.004367674483
6762,demand,5773.442250423703
6763,demand,5645.512215002075
6764,demand,5420.8379381798495
6765,demand,4995.384215159147
6766,demand,4520.269195410657
6767,demand,4219.16660816092
6768,demand,3938.213129263252
6769,demand,3880.110966634048
6770,demand,3828.127936722921
6771,demand,3831.54432691717
6772,demand,4043.176554828672
6773,demand,4630.861141513904
6774,demand,5681.835574403417
6775,demand,6184.490185107852
6776,demand,6339.799570505988
6777,demand,6230.437213887752
6778,demand,5940.042689996476
6779,demand,5650.707597698048
6780,demand,5529.112356182363
6781,demand,5437.9639519274915
6782,demand,5308.620729101739
6783,demand,5359.360546113077
6784,demand,5640.802021805142
6785,demand,5767.197750680476
6786,demand,5815.622815587672
6787,demand,5679.6553758743685
6788,demand,5453.631927956077
6789,demand,5030.476613412095
6790,demand,4552.882504891172
6791,demand,4241.257389620643
6792,demand,3958.1115311661815
6793,demand,3807.415753399721
6794,demand,3757.426722516556
6795,demand,3772.2858413437452
6796,demand,3996.113575398337
6797,demand,4592.052992490404
6798,demand,5590.900764578668
6799,demand,6041.245207241021
6800,demand,6259.121415774096
6801,demand,6195.748359762289
6802,demand,5923.792223491038
6803,demand,5664.543352699479
6804,demand,5614.116710429732
6805,demand,5609.145128634829
6806,demand,5562.7921995420475
6807,demand,5567.373394964263
6808,demand,5740.091942801634
6809,demand,5844.2512718475955
6810,demand,5728.131848829629
6811,demand,5579.726270135984
6812,demand,5352.738427650451
6813,demand,4923.898731141068
6814,demand,4457.802366473253
6815,demand,4176.086769010159
6816,demand,3883.3112981828463
6817,demand,3808.404276807406
6818,demand,3724.360226475996
6819,demand,3721.159169936982
6820,demand,3910.633540868102
6821,demand,4486.931429905138
6822,demand,5507.315508319043
6823,demand,6003.75142842464
6824,demand,6194.217588598699
6825,demand,6165.348686281644
6826,demand,5883.156024923366
6827,demand,5603.8240771381
6828,demand,5402.49994844958
6829,demand,5159.009349057451
6830,demand,5025.689581901997
6831,demand,5044.787913707874
6832,demand,5277.005944428303
6833,demand,5419.3293537513155
6834,demand,5480.159832754847
6835,demand,5300.351448016958
6836,demand,5070.4177727474635
6837,demand,4693.215942142851
6838,demand,4295.88974980414
6839,demand,4030.054550104122
6840,demand,3725.954565533944
6841,demand,3622.4053294350997
6842,demand,3528.275781063201
6843,demand,3481.127428392354
6844,demand,3548.982262019069
6845,demand,3783.537783933442
6846,demand,4402.89931165789
6847,demand,4761.505525934281
6848,demand,5086.470541988955
6849,demand,5138.290302040455
6850,demand,4926.26900386543
6851,demand,4711.044971972431
6852,demand,4574.022787450002
6853,demand,4489.006907998507
6854,demand,4514.245342372111
6855,demand,4696.251196194081
6856,demand,5082.684734350582
6857,demand,5231.797027286672
6858,demand,5126.5648588476415
6859,demand,4991.600499826288
6860,demand,4846.731189797022
6861,demand,4556.697274492638
6862,demand,4272.433045875843
6863,demand,4102.356961605711
6864,demand,3873.356474625347
6865,demand,3825.772080983759
6866,demand,3770.066906041233
6867,demand,3721.7360174755704
6868,demand,3769.3883603672575
6869,demand,3969.270067769952
6870,demand,4510.48158054202
6871,demand,4772.089852350996
6872,demand,4996.4219547262655
6873,demand,4967.743824954169
6874,demand,4778.886975548825
6875,demand,4564.799277707711
6876,demand,4469.774831199281
6877,demand,4360.310688865533
6878,demand,4313.966227571524
6879,demand,4430.575571312855
6880,demand,4794.653829950712
6881,demand,5130.910357702288
6882,demand,5208.151478494114
6883,demand,5123.074162848012
6884,demand,4956.514991494893
6885,demand,4589.512521072549
6886,demand,4193.756010033994
6887,demand,3960.283507877405
6888,demand,3726.830455131226
6889,demand,3622.89918258342
6890,demand,3580.994428546549
6891,demand,3596.909578852018
6892,demand,3788.7499534542167
6893,demand,4329.830491315241
6894,demand,5296.510221854589
6895,demand,5768.6117307924615
6896,demand,5985.107765667597
6897,demand,5937.657730655783
6898,demand,5664.1866031000045
6899,demand,5386.816057170864
6900,demand,5261.892475846897
6901,demand,5136.640160008705
6902,demand,5031.28768054492
6903,demand,5023.707362630299
6904,demand,5288.848685286546
6905,demand,5486.618849299476
6906,demand,5515.271896713096
6907,demand,5362.955327820586
6908,demand,5151.44964927419
6909,demand,4756.755325305761
6910,demand,4319.38255940394
6911,demand,4038.9565298484904
6912,demand,3757.535443968858
6913,demand,3691.340525357443
6914,demand,3615.041687347977
6915,demand,3601.981813427836
6916,demand,3765.439015419438
6917,demand,4273.41254894663
6918,demand,5229.523294307311
6919,demand,5731.703253031148
6920,demand,6035.352549704137
6921,demand,6140.774885825225
6922,demand,5938.324959247396
6923,demand,5679.90618751706
6924,demand,5594.975739654993
6925,demand,5495.999534382387
6926,demand,5339.102292113568
6927,demand,5293.642579932392
6928,demand,5509.428304351659
6929,demand,5645.024352535285
6930,demand,5584.890278094923
6931,demand,5442.524861028061
6932,demand,5238.024218717997
6933,demand,4844.586609949797
6934,demand,4414.941180034824
6935,demand,4114.285614215789
6936,demand,3825.1453273963234
6937,demand,3750.613324174885
6938,demand,3679.91952978848
6939,demand,3665.8058524563066
6940,demand,3829.26525107495
6941,demand,4322.125311101433
6942,demand,5264.152868211573
6943,demand,5748.230810748558
6944,demand,6061.14008116889
6945,demand,6159.740593098236
6946,demand,5931.31929407156
6947,demand,5645.708524607194
6948,demand,5478.647796481952
6949,demand,5362.060784244746
6950,demand,5211.6105119958465
6951,demand,5195.999326921967
6952,demand,5459.797195192112
6953,demand,5625.577077748403
6954,demand,5612.32430740229
6955,demand,5478.466694189277
6956,demand,5284.926584438128
6957,demand,4892.166656773384
6958,demand,4454.117245807211
6959,demand,4154.872656466915
6960,demand,3873.12156890558
6961,demand,3790.810502182978
6962,demand,3719.571317589378
6963,demand,3677.8860441668676
6964,demand,3828.659788251448
6965,demand,4315.053924012895
6966,demand,5264.254000987186
6967,demand,5765.62505514387
6968,demand,6042.394736132264
6969,demand,6029.846134887164
6970,demand,5781.099695428395
6971,demand,5546.081330988992
6972,demand,5404.332112653864
6973,demand,5319.386372975847
6974,demand,5195.847262476036
6975,demand,5191.918836262754
6976,demand,5460.122298740236
6977,demand,5719.342279538872
6978,demand,5702.28208152959
6979,demand,5578.664476877826
6980,demand,5401.980320237878
6981,demand,5043.025694997518
6982,demand,4626.41383932745
6983,demand,4356.952917386912
6984,demand,4027.0598999898903
6985,demand,3931.872535162006
6986,demand,3856.708142113446
6987,demand,3835.478495236106
6988,demand,3988.6419402382007
6989,demand,4455.905353018952
6990,demand,5375.852021052284
6991,demand,5878.697164636491
6992,demand,6119.823841469133
6993,demand,6049.819897985575
6994,demand,5768.983726537389
6995,demand,5466.594053246365
6996,demand,5251.102955394398
6997,demand,5032.580170571511
6998,demand,4882.079971945377
6999,demand,4936.4506194139685
7000,demand,5277.8253483009885
7001,demand,5537.09071562013
7002,demand,5408.571974227675
7003,demand,5219.789131616163
7004,demand,5010.11526397264
7005,demand,4664.091927709266
7006,demand,4297.43182892888
7007,demand,4029.939412662472
7008,demand,3723.667108902764
7009,demand,3680.960216359502
7010,demand,3583.904667991153
7011,demand,3531.029088712882
7012,demand,3584.802287187329
7013,demand,3796.056673944981
7014,demand,4434.228719801099
7015,demand,4841.554486144866
7016,demand,5168.117863390549
7017,demand,5158.862405267605
7018,demand,4930.293510249496
7019,demand,4727.629575965839
7020,demand,4587.843438943287
7021,demand,4477.29454173697
7022,demand,4427.33216850448
7023,demand,4518.122542443277
7024,demand,4856.720509523253
7025,demand,5178.845637520655
7026,demand,5194.841192847876
7027,demand,5090.062432264908
7028,demand,4947.231578490239
7029,demand,4628.690431528383
7030,demand,4294.0367580085585
7031,demand,4068.495299774587
7032,demand,3795.4242783811387
7033,demand,3740.529937703263
7034,demand,3634.2186877755157
7035,demand,3566.641105018963
7036,demand,3608.740282215931
7037,demand,3789.796993078775
7038,demand,4408.068124563083
7039,demand,4790.367309941581
7040,demand,5161.344658820558
7041,demand,5215.273853432729
7042,demand,5001.130338182351
7043,demand,4835.9076173818685
7044,demand,4745.228793256283
7045,demand,4650.635673306568
7046,demand,4653.164601917526
7047,demand,4809.198401853222
7048,demand,5174.442691282935
7049,demand,5443.961036655244
7050,demand,5376.513990934982
7051,demand,5265.981642213588
7052,demand,5094.239352421908
7053,demand,4731.977112613953
7054,demand,4334.010981110125
7055,demand,4069.1071455116953
7056,demand,3809.596413954807
7057,demand,3675.266888008092
7058,demand,3606.171216384081
7059,demand,3601.7654273201624
7060,demand,3788.478606636771
7061,demand,4344.198700875491
7062,demand,5407.131839718406
7063,demand,5987.719063732322
7064,demand,6255.7310303954455
7065,demand,6209.861799250234
7066,demand,5976.742529310421
7067,demand,5704.980447964192
7068,demand,5579.797638333036
7069,demand,5469.0719525491
7070,demand,5346.95061415708
7071,demand,5328.139261728001
7072,demand,5631.327996492409
7073,demand,5907.063404827494
7074,demand,5830.364807524257
7075,demand,5670.329137957198
7076,demand,5442.60568250894
7077,demand,5014.450355587606
7078,demand,4540.7680735310605
7079,demand,4217.033566147531
7080,demand,3925.404262845761
7081,demand,3840.607313092504
7082,demand,3753.05112529094
7083,demand,3740.416224132607
7084,demand,3905.0923797118603
7085,demand,4441.060114731687
7086,demand,5506.622126681068
7087,demand,6069.685225773303
7088,demand,6298.881581902206
7089,demand,6202.795909785138
7090,demand,5949.227993611847
7091,demand,5694.653390716341
7092,demand,5576.887545288435
7093,demand,5466.112361298866
7094,demand,5332.26430888349
7095,demand,5306.989917946945
7096,demand,5562.997513986815
7097,demand,5870.304081845818
7098,demand,5817.319897489786
7099,demand,5686.674246663907
7100,demand,5468.39228575803
7101,demand,5043.019533054686
7102,demand,4578.244966604569
7103,demand,4248.513667794836
7104,demand,3938.6985982347787
7105,demand,3786.8089861758112
7106,demand,3700.656143877617
7107,demand,3681.012866514097
7108,demand,3849.226301568722
7109,demand,4380.928418960517
7110,demand,5442.025955138844
7111,demand,6002.8246246760755
7112,demand,6256.450221489962
7113,demand,6193.451790316392
7114,demand,5953.692339929731
7115,demand,5755.159686057845
7116,demand,5618.486626109132
7117,demand,5551.541731273372
7118,demand,5404.9476735392855
7119,demand,5455.481598538164
7120,demand,5718.3862774255795
7121,demand,5887.644626537272
7122,demand,5749.420290081129
7123,demand,5608.05253941614
7124,demand,5388.189333416929
7125,demand,4958.332616767999
7126,demand,4514.796449859785
7127,demand,4224.633506721128
7128,demand,3989.400328624925
7129,demand,3959.476566897793
7130,demand,3917.3943746836903
7131,demand,3893.2735845034017
7132,demand,4017.766093629244
7133,demand,4495.05959789404
7134,demand,5491.387635143924
7135,demand,6047.303986780917
7136,demand,6314.014185303
7137,demand,6260.0898756376355
7138,demand,6003.087027951104
7139,demand,5770.227770156658
7140,demand,5654.484921855379
7141,demand,5569.2239510464005
7142,demand,5403.951420618079
7143,demand,5366.6337261679955
7144,demand,5579.640638553192
7145,demand,5889.881034399581
7146,demand,5810.542137157082
7147,demand,5672.871284266169
7148,demand,5451.340537295703
7149,demand,5028.440255023184
7150,demand,4601.176297236858
7151,demand,4458.398048685667
7152,demand,4235.505657582438
7153,demand,4103.709355291951
7154,demand,4014.94767109894
7155,demand,3992.82638220867
7156,demand,4138.204376034602
7157,demand,4622.527520561737
7158,demand,5569.741633488719
7159,demand,6022.261661844862
7160,demand,6233.034141690268
7161,demand,6251.651933109677
7162,demand,6024.868494326132
7163,demand,5768.830800759376
7164,demand,5555.975826504517
7165,demand,5397.151155337623
7166,demand,5252.605802423389
7167,demand,5282.973155954865
7168,demand,5534.616288288809
7169,demand,5700.078221639807
7170,demand,5518.833283622238
7171,demand,5340.10087416937
7172,demand,5121.945002664514
7173,demand,4752.098321538454
7174,demand,4366.580768516028
7175,demand,4077.511346788737
7176,demand,3778.127098507111
7177,demand,3794.448297606198
7178,demand,3715.05887813959
7179,demand,3697.271906927871
7180,demand,3795.8490028902497
7181,demand,4009.324664720747
7182,demand,4673.976885190065
7183,demand,5120.994336703062
7184,demand,5503.488030345019
7185,demand,5453.396782092842
7186,demand,5190.4143959464345
7187,demand,4969.836132626658
7188,demand,4859.196005572586
7189,demand,4752.376697810013
7190,demand,4684.805861520879
7191,demand,4786.397116160867
7192,demand,5076.115858047612
7193,demand,5500.786147058702
7194,demand,5440.39251128271
7195,demand,5304.768776732504
7196,demand,5151.9209506400675
7197,demand,4841.959747849423
7198,demand,4514.340551748532
7199,demand,4277.912307336797
7200,demand,4014.007094153162
7201,demand,3981.2642544929313
7202,demand,3859.072754123332
7203,demand,3787.5039645481784
7204,demand,3797.710242719202
7205,demand,3963.4385274583265
7206,demand,4625.956278258222
7207,demand,5084.644194449288
7208,demand,5474.780082499499
7209,demand,5378.853936849015
7210,demand,5136.971509512808
7211,demand,4921.953763684759
7212,demand,4775.62754608793
7213,demand,4704.447578246072
7214,demand,4686.150333339861
7215,demand,4799.351181060443
7216,demand,5194.795157203943
7217,demand,5727.292028218024
7218,demand,5724.614405250949
7219,demand,5639.436105289453
7220,demand,5501.352469442175
7221,demand,5172.436905033078
7222,demand,4788.3083695836285
7223,demand,4524.871735008571
7224,demand,4258.293578516579
7225,demand,4313.206986754232
7226,demand,4283.578540823661
7227,demand,4315.590060527884
7228,demand,4513.100407216105
7229,demand,5082.622952473213
7230,demand,6274.940251682339
7231,demand,6999.014208102562
7232,demand,7317.60847007349
7233,demand,7019.707820913452
7234,demand,6592.986852169914
7235,demand,6196.123499094063
7236,demand,6017.267963731778
7237,demand,5906.465470244307
7238,demand,5786.009259921189
7239,demand,5765.849078900122
7240,demand,6075.456246840181
7241,demand,6547.747022705897
7242,demand,6520.853072848803
7243,demand,6460.95830489286
7244,demand,6285.8505315863
7245,demand,5895.810852355373
7246,demand,5420.277562281889
7247,demand,5088.0901911685905
7248,demand,4768.48955521943
7249,demand,4697.427100216148
7250,demand,4656.556072064064
7251,demand,4717.547836032875
7252,demand,4922.674403870145
7253,demand,5453.001719202597
7254,demand,6638.299099202205
7255,demand,7325.909506220993
7256,demand,7586.403004741258
7257,demand,7284.937207374766
7258,demand,6817.997605120365
7259,demand,6402.317108702042
7260,demand,6173.739575514566
7261,demand,6040.797418916314
7262,demand,5901.168870947208
7263,demand,5871.828799408469
7264,demand,6202.655504512695
7265,demand,6611.388677334129
7266,demand,6510.071030161514
7267,demand,6375.952573336711
7268,demand,6159.04347098028
7269,demand,5717.4997940294725
7270,demand,5221.061743393483
7271,demand,4884.434004921385
7272,demand,4554.9183163739
7273,demand,4348.550837833158
7274,demand,4278.030606920578
7275,demand,4284.327491097261
7276,demand,4468.750099067725
7277,demand,4987.229386216695
7278,demand,6119.022363370835
7279,demand,6766.277135970706
7280,demand,7077.01909735725
7281,demand,6887.3001133166
7282,demand,6542.567409746969
7283,demand,6173.223848647904
7284,demand,5979.598822735865
7285,demand,5858.392064897056
7286,demand,5729.2678058554275
7287,demand,5710.214003665794
7288,demand,6012.085139950206
7289,demand,6463.421661418077
7290,demand,6381.619722597241
7291,demand,6253.853843019648
7292,demand,6061.374688208543
7293,demand,5645.082434285113
7294,demand,5156.660542465624
7295,demand,4801.355216467875
7296,demand,4487.315610513166
7297,demand,4737.645641868648
7298,demand,4656.813739484335
7299,demand,4675.545483144475
7300,demand,4785.101938760282
7301,demand,5152.916522128292
7302,demand,6286.419533550397
7303,demand,7224.063303919618
7304,demand,7595.51438116749
7305,demand,7363.319512563472
7306,demand,7093.003280338234
7307,demand,6794.438854962532
7308,demand,6581.263602120711
7309,demand,6498.175406904736
7310,demand,6411.100207992372
7311,demand,6357.5868022371
7312,demand,6603.908082618098
7313,demand,7096.328554150179
7314,demand,7007.495205645224
7315,demand,6840.494265482474
7316,demand,6581.9872284737885
7317,demand,6152.8632823245225
7318,demand,5622.811571123522
7319,demand,5208.978984251232
7320,demand,4811.583323679999
7321,demand,4481.863661106294
7322,demand,4357.742055755337
7323,demand,4308.501161342405
7324,demand,4366.2112243574265
7325,demand,4662.912155428089
7326,demand,5727.526308684404
7327,demand,6599.344097804193
7328,demand,6950.028703068754
7329,demand,6913.359702684258
7330,demand,6755.019600009786
7331,demand,6448.636112085333
7332,demand,6177.46074105423
7333,demand,6043.208890311884
7334,demand,5970.346112119674
7335,demand,5919.821693365506
7336,demand,6071.880544766136
7337,demand,6397.504382611818
7338,demand,6274.609056884635
7339,demand,6061.840517784583
7340,demand,5798.624645190021
7341,demand,5442.008021201077
7342,demand,5015.466560187508
7343,demand,4672.4488396258785
7344,demand,4285.6655102141885
7345,demand,4075.616755948532
7346,demand,3933.2179808551637
7347,demand,3840.1362772119987
7348,demand,3776.914734166448
7349,demand,3745.8111346201977
7350,demand,4377.445189954393
7351,demand,5095.142154888971
7352,demand,5535.775909425157
7353,demand,5570.936913059771
7354,demand,5435.3951259176265
7355,demand,5255.4071195478955
7356,demand,5036.931941995489
7357,demand,4938.605912291319
7358,demand,4922.999882760679
7359,demand,4921.395843602097
7360,demand,5200.376839313497
7361,demand,5825.684632724018
7362,demand,5798.1922060328525
7363,demand,5656.8926010969335
7364,demand,5477.14596298228
7365,demand,5166.826169351401
7366,demand,4786.063231564579
7367,demand,4472.28173445881
7368,demand,4116.490320938626
7369,demand,4040.742797304893
7370,demand,3907.585832242299
7371,demand,3833.080147791359
7372,demand,3787.406197493903
7373,demand,3770.616970178483
7374,demand,4403.390938163342
7375,demand,5118.299108467467
7376,demand,5583.332687794292
7377,demand,5713.252097821369
7378,demand,5703.079586468584
7379,demand,5601.0106151751515
7380,demand,5439.747766581979
7381,demand,5419.893587514353
7382,demand,5442.594394576467
7383,demand,5520.310791760636
7384,demand,5781.7895415168805
7385,demand,6195.86132431367
7386,demand,6155.170107625281
7387,demand,6027.3897389771355
7388,demand,5825.036181613579
7389,demand,5482.797669632916
7390,demand,5060.96610220786
7391,demand,4777.554559000268
7392,demand,4433.691175957036
7393,demand,4487.142388543448
7394,demand,4395.611272884277
7395,demand,4380.273623789466
7396,demand,4471.034449638813
7397,demand,4800.790602996367
7398,demand,5929.796356416084
7399,demand,6880.507486507809
7400,demand,7309.665601558871
7401,demand,7299.433858417188
7402,demand,7142.586070733379
7403,demand,6936.048389047117
7404,demand,6744.079324863576
7405,demand,6679.3791870004125
7406,demand,6615.137473100582
7407,demand,6574.764907918414
7408,demand,6812.12199310188
7409,demand,7182.92269714726
7410,demand,7071.935806129406
7411,demand,6909.547101076238
7412,demand,6662.652042643867
7413,demand,6255.420102965366
7414,demand,5736.730022964148
7415,demand,5333.0789228342255
7416,demand,4941.470381610559
7417,demand,4886.418816494642
7418,demand,4780.665151124344
7419,demand,4757.9191033623365
7420,demand,4843.05260157705
7421,demand,5175.2086043857
7422,demand,6325.516233616783
7423,demand,7290.5903860325725
7424,demand,7707.744361973304
7425,demand,7668.67759330051
7426,demand,7507.03197456926
7427,demand,7206.287164849255
7428,demand,6963.151300756708
7429,demand,6847.799411428651
7430,demand,6771.835020721074
7431,demand,6671.265130542173
7432,demand,6933.025424225634
7433,demand,7324.61398874893
7434,demand,7214.540411004375
7435,demand,7063.412393435739
7436,demand,6816.361862983698
7437,demand,6401.395108760133
7438,demand,5883.536675973526
7439,demand,5468.765062680789
7440,demand,5083.3273272500755
7441,demand,4882.424508405996
7442,demand,4761.033626582263
7443,demand,4718.714192740417
7444,demand,4803.545504434154
7445,demand,5121.737806495603
7446,demand,6277.793614253472
7447,demand,7247.007914041678
7448,demand,7653.52110418978
7449,demand,7471.545830704204
7450,demand,7189.984611983902
7451,demand,6897.120494839879
7452,demand,6645.306508974261
7453,demand,6560.846672360952
7454,demand,6457.24484221618
7455,demand,6361.178144975972
7456,demand,6609.60165623192
7457,demand,7170.400307585558
7458,demand,7087.783311076648
7459,demand,6926.331446086058
7460,demand,6664.035725966534
7461,demand,6224.733197196065
7462,demand,5681.970985145124
7463,demand,5249.044317643329
7464,demand,4841.282914579496
7465,demand,4584.219038360895
7466,demand,4450.346193106304
7467,demand,4399.366090537015
7468,demand,4455.314148216313
7469,demand,4751.1304616049765
7470,demand,5839.403940753116
7471,demand,6761.458067492845
7472,demand,7163.004662422227
7473,demand,7034.74339374238
7474,demand,6836.313062611153
7475,demand,6573.637493619206
7476,demand,6349.50972963509
7477,demand,6277.904155329423
7478,demand,6184.356284764757
7479,demand,6136.005629471107
7480,demand,6393.862811334731
7481,demand,6943.490383236436
7482,demand,6895.214317586605
7483,demand,6770.734070275928
7484,demand,6539.551338074278
7485,demand,6133.764066236853
7486,demand,5642.350751471535
7487,demand,5254.4269804102805
7488,demand,4862.791194091781
7489,demand,4803.901008207571
7490,demand,4688.787139651684
7491,demand,4640.024630499043
7492,demand,4698.916450525601
7493,demand,5001.221040612321
7494,demand,6100.9769546854495
7495,demand,7048.9301191118375
7496,demand,7455.429775029756
7497,demand,7340.82640199304
7498,demand,7074.282477670887
7499,demand,6726.8946273616675
7500,demand,6397.3203333872
7501,demand,6204.780313794397
7502,demand,6078.043034567455
7503,demand,6060.921534013227
7504,demand,6321.024831550079
7505,demand,6825.541542414003
7506,demand,6742.477344883278
7507,demand,6543.877697992426
7508,demand,6316.176315859058
7509,demand,5986.501408876538
7510,demand,5552.296165024285
7511,demand,5194.528356958832
7512,demand,4800.464921794703
7513,demand,4675.290771364778
7514,demand,4549.121271786468
7515,demand,4488.365351206126
7516,demand,4430.135073312265
7517,demand,4417.309100229605
7518,demand,5124.5517798689725
7519,demand,5933.152019450283
7520,demand,6442.078110341385
7521,demand,6364.986218793554
7522,demand,6131.251914142787
7523,demand,5848.383185657931
7524,demand,5586.659024677392
7525,demand,5489.442398726433
7526,demand,5475.388508466251
7527,demand,5551.558680406815
7528,demand,5885.055519502164
7529,demand,6476.343358838391
7530,demand,6430.474517670396
7531,demand,6283.826900167289
7532,demand,6089.349160675292
7533,demand,5774.840745442856
7534,demand,5381.850905963441
7535,demand,5080.641611169773
7536,demand,4703.011847013212
7537,demand,4495.58054269823
7538,demand,4334.100971630468
7539,demand,4236.689503685131
7540,demand,4160.096044774495
7541,demand,4109.163298938956
7542,demand,4780.621951954068
7543,demand,5525.80947630568
7544,demand,5989.123392362023
7545,demand,5976.347511243406
7546,demand,5864.640180059706
7547,demand,5689.7946965757965
7548,demand,5491.127896324001
7549,demand,5437.902255638869
7550,demand,5461.97924715013
7551,demand,5546.329590071931
7552,demand,5937.207659115909
7553,demand,6590.849677241153
7554,demand,6588.694108399993
7555,demand,6471.908509648425
7556,demand,6274.557938899221
7557,demand,5940.126972606198
7558,demand,5517.243767281718
7559,demand,5190.80670851939
7560,demand,4827.633558320185
7561,demand,4643.984615762423
7562,demand,4549.642918345465
7563,demand,4534.633008911885
7564,demand,4632.702683448849
7565,demand,4930.498121931494
7566,demand,6027.874653265145
7567,demand,6957.917010341296
7568,demand,7344.828906912398
7569,demand,7303.012629449586
7570,demand,7090.49014847469
7571,demand,6854.358696476823
7572,demand,6687.734219679015
7573,demand,6603.845635236315
7574,demand,6504.018190784758
7575,demand,6417.124972007676
7576,demand,6670.141635542786
7577,demand,7137.626648624315
7578,demand,7012.3387715164445
7579,demand,6850.675761362914
7580,demand,6592.014334379274
7581,demand,6169.0177201382085
7582,demand,5650.9240941488715
7583,demand,5248.60822295601
7584,demand,4868.293873669828
7585,demand,4768.692519107099
7586,demand,4657.374967812345
7587,demand,4652.346068194288
7588,demand,4737.159942447133
7589,demand,5035.136933177541
7590,demand,6175.230973644073
7591,demand,7131.191010818732
7592,demand,7542.722911611432
7593,demand,7384.944176164592
7594,demand,7058.217402408054
7595,demand,6781.183982122683
7596,demand,6590.0439206746705
7597,demand,6550.570993216379
7598,demand,6527.592064463986
7599,demand,6486.252027784647
7600,demand,6776.394182237234
7601,demand,7216.38308736939
7602,demand,7088.359838131247
7603,demand,6900.923631845124
7604,demand,6613.807476602826
7605,demand,6183.825677942407
7606,demand,5661.097414669237
7607,demand,5240.410568228544
7608,demand,4849.579384715004
7609,demand,4682.999213702531
7610,demand,4584.878560454554
7611,demand,4564.841091204151
7612,demand,4652.557384794158
7613,demand,4946.042279981828
7614,demand,6091.556892899434
7615,demand,7037.2243490753135
7616,demand,7458.321799588117
7617,demand,7317.506620481966
7618,demand,7025.784023763884
7619,demand,6742.046985766443
7620,demand,6517.685341549464
7621,demand,6453.174545065226
7622,demand,6349.817326279133
7623,demand,6307.088110540315
7624,demand,6624.771126446025
7625,demand,7170.277026303591
7626,demand,7091.603777897036
7627,demand,6934.155067623524
7628,demand,6688.358316924994
7629,demand,6280.955945854324
7630,demand,5756.8251732416775
7631,demand,5326.499503193603
7632,demand,4926.875370182874
7633,demand,4678.673788081792
7634,demand,4559.566178724201
7635,demand,4538.639612551834
7636,demand,4592.348628686818
7637,demand,4892.268395796073
7638,demand,6006.977376316869
7639,demand,6950.9507728586
7640,demand,7314.378106550796
7641,demand,7240.499148946672
7642,demand,7064.999688958318
7643,demand,6853.375664502103
7644,demand,6674.583026494394
7645,demand,6604.905293167156
7646,demand,6539.864115987198
7647,demand,6488.224303188743
7648,demand,6665.613947855034
7649,demand,6998.034076570015
7650,demand,6871.231138330644
7651,demand,6694.574803980329
7652,demand,6440.73656722083
7653,demand,6005.856230898526
7654,demand,5466.966134660854
7655,demand,5021.199589124792
7656,demand,4627.038143007757
7657,demand,4385.840652807825
7658,demand,4245.524421412437
7659,demand,4187.701114925179
7660,demand,4229.640266407452
7661,demand,4496.509206200938
7662,demand,5548.335528788752
7663,demand,6444.103233072408
7664,demand,6804.865457100275
7665,demand,6797.393093667689
7666,demand,6692.650702520683
7667,demand,6459.08006875488
7668,demand,6219.8909922751645
7669,demand,6082.649071353633
7670,demand,5991.9692725885525
7671,demand,5972.856911427323
7672,demand,6167.716452532951
7673,demand,6494.424857693759
7674,demand,6408.95627169786
7675,demand,6229.342296097488
7676,demand,5998.947262959989
7677,demand,5653.119894030514
7678,demand,5230.870789638082
7679,demand,4893.617952683391
7680,demand,4521.086297690034
7681,demand,4460.219881817822
7682,demand,4302.685082726377
7683,demand,4206.926948573571
7684,demand,4130.837620834331
7685,demand,4080.745944904954
7686,demand,4751.816860594321
7687,demand,5529.5356293855775
7688,demand,6030.1863148790035
7689,demand,6060.1421082481265
7690,demand,5896.113923328772
7691,demand,5679.933895134321
7692,demand,5442.427513835763
7693,demand,5360.205406641639
7694,demand,5365.971169348724
7695,demand,5467.9825332048185
7696,demand,5831.583138850396
7697,demand,6326.940836670625
7698,demand,6280.621117354465
7699,demand,6145.784811942773
7700,demand,5959.445787552595
7701,demand,5647.003310652553
7702,demand,5259.276542938653
7703,demand,4914.481191341997
7704,demand,4531.247297475359
7705,demand,4244.0534820277235
7706,demand,4080.616189044208
7707,demand,3984.64834344925
7708,demand,3904.051974236055
7709,demand,3830.27020915122
7710,demand,4423.545734804883
7711,demand,5120.97873106818
7712,demand,5559.923889116488
7713,demand,5646.926129008241
7714,demand,5614.8508209014235
7715,demand,5467.954899510233
7716,demand,5291.600661520679
7717,demand,5260.347411327826
7718,demand,5299.477838965706
7719,demand,5354.975110330338
7720,demand,5654.833966876935
7721,demand,6088.620419907227
7722,demand,6068.993875714149
7723,demand,5952.2057341002765
7724,demand,5753.815457074228
7725,demand,5428.511087722496
7726,demand,5018.638586411974
7727,demand,4708.17766112882
7728,demand,4381.5218336839735
7729,demand,4289.826432049377
7730,demand,4194.254910608832
7731,demand,4180.917997990925
7732,demand,4276.450276074054
7733,demand,4585.703695566872
7734,demand,5701.406615282371
7735,demand,6656.097134093119
7736,demand,7072.660000699512
7737,demand,7054.404156334433
7738,demand,6874.653049600286
7739,demand,6633.457899295177
7740,demand,6447.300681864573
7741,demand,6370.110742023161
7742,demand,6307.017400050852
7743,demand,6259.296872670118
7744,demand,6518.39338082338
7745,demand,6871.78323742843
7746,demand,6754.14032188345
7747,demand,6582.339585816744
7748,demand,6320.388689894135
7749,demand,5910.4211653755665
7750,demand,5392.565061755765
7751,demand,5003.802529624292
7752,demand,4630.488765512505
7753,demand,4502.401899503412
7754,demand,4389.275180199357
7755,demand,4367.868527303328
7756,demand,4449.82409063331
7757,demand,4767.4135349426815
7758,demand,5909.411356616115
7759,demand,6890.73920696629
7760,demand,7300.603853097391
7761,demand,7236.151739435786
7762,demand,6962.618757848204
7763,demand,6674.915481620092
7764,demand,6433.365388954198
7765,demand,6372.896658934323
7766,demand,6315.705743038197
7767,demand,6311.81199864818
7768,demand,6580.873261214689
7769,demand,6941.898472376377
7770,demand,6835.208801917327
7771,demand,6668.388455173866
7772,demand,6412.58184295801
7773,demand,6003.214079679892
7774,demand,5485.657285808761
7775,demand,5070.440380180096
7776,demand,4680.331857850684
7777,demand,4474.889445354351
7778,demand,4363.840848727352
7779,demand,4330.316415073221
7780,demand,4403.253190042713
7781,demand,4699.756177781911
7782,demand,5803.775076725921
7783,demand,6747.800473911747
7784,demand,7153.407938006294
7785,demand,7137.964777732132
7786,demand,6944.759510971
7787,demand,6706.326592817919
7788,demand,6545.402745006292
7789,demand,6509.765714760912
7790,demand,6422.632990958947
7791,demand,6394.010286220197
7792,demand,6556.6677312940155
7793,demand,6850.053364408432
7794,demand,6719.533884369442
7795,demand,6538.4114534588
7796,demand,6283.306600615035
7797,demand,5873.514458091642
7798,demand,5365.328931308618
7799,demand,4968.3236706870575
7800,demand,4591.3549634568535
7801,demand,4360.016951992481
7802,demand,4233.438232139304
7803,demand,4191.842526377359
7804,demand,4249.9782855499325
7805,demand,4526.678488840547
7806,demand,5579.387662733077
7807,demand,6474.5827138538025
7808,demand,6837.689306838891
7809,demand,6851.976549682709
7810,demand,6729.797389624303
7811,demand,6496.1446906492665
7812,demand,6278.053312796913
7813,demand,6189.042052783367
7814,demand,6096.165491217727
7815,demand,6063.849600592931
7816,demand,6340.02046803301
7817,demand,6733.082841625416
7818,demand,6645.1707081268905
7819,demand,6483.212340235104
7820,demand,6232.132495623842
7821,demand,5824.985801593482
7822,demand,5313.389792994917
7823,demand,4895.9406340309415
7824,demand,4517.841409948696
7825,demand,4384.7039666849705
7826,demand,4255.966326038325
7827,demand,4213.26135292061
7828,demand,4278.053317253642
7829,demand,4567.665145951792
7830,demand,5638.746038816313
7831,demand,6569.578604603257
7832,demand,6974.500642024301
7833,demand,6971.702305139571
7834,demand,6809.961290847949
7835,demand,6556.6365444028725
7836,demand,6284.54931805067
7837,demand,6161.123047011501
7838,demand,6076.780454456677
7839,demand,6081.424006237438
7840,demand,6315.658336875483
7841,demand,6683.787208815602
7842,demand,6602.964257686428
7843,demand,6415.959786560926
7844,demand,6180.021758095877
7845,demand,5825.208770853702
7846,demand,5386.700355445022
7847,demand,4985.0929175696565
7848,demand,4602.026936845973
7849,demand,4477.732542187584
7850,demand,4339.609408205971
7851,demand,4263.134787204869
7852,demand,4197.549398293647
7853,demand,4132.535721368406
7854,demand,4763.733596445052
7855,demand,5503.423971567094
7856,demand,5986.703444453542
7857,demand,6094.082123025559
7858,demand,6006.768859692196
7859,demand,5848.150799100094
7860,demand,5613.146820250163
7861,demand,5567.833274765371
7862,demand,5570.824122232731
7863,demand,5636.7485574124385
7864,demand,5903.955131306724
7865,demand,6310.391856360926
7866,demand,6261.879062074902
7867,demand,6103.149355093681
7868,demand,5907.0238710751455
7869,demand,5594.265820587774
7870,demand,5213.0335848374525
7871,demand,4886.497809595958
7872,demand,4512.6812780000855
7873,demand,4346.723867971113
7874,demand,4194.304383704451
7875,demand,4097.042847464286
7876,demand,4017.2027758465233
7877,demand,3941.303063013352
7878,demand,4563.733510265845
7879,demand,5299.658613563866
7880,demand,5779.55680169353
7881,demand,5898.3134013684175
7882,demand,5890.826887366638
7883,demand,5774.735578514261
7884,demand,5611.793313859342
7885,demand,5579.505202650715
7886,demand,5591.447973123237
7887,demand,5682.228294024246
7888,demand,5963.261855501268
7889,demand,6392.316349449462
7890,demand,6384.826452314757
7891,demand,6273.903641753181
7892,demand,6079.790276670199
7893,demand,5750.189514324415
7894,demand,5326.422104605163
7895,demand,4986.306358080525
7896,demand,4636.335894458396
7897,demand,4432.4962071466425
7898,demand,4316.536247230002
7899,demand,4278.913187789579
7900,demand,4342.998132757923
7901,demand,4630.040096472707
7902,demand,5718.668555968391
7903,demand,6664.949978348512
7904,demand,7082.841705488259
7905,demand,7098.576611152503
7906,demand,7000.852914202428
7907,demand,6816.30618575651
7908,demand,6654.613163443701
7909,demand,6608.558619271014
7910,demand,6498.413484577324
7911,demand,6453.305836128225
7912,demand,6653.584049094651
7913,demand,6975.68524929958
7914,demand,6865.584448410898
7915,demand,6686.54889465568
7916,demand,6422.610676806627
7917,demand,6008.501929175932
7918,demand,5487.511460418123
7919,demand,5072.697301319151
7920,demand,4682.265079003881
7921,demand,4400.599200152588
7922,demand,4261.968432675495
7923,demand,4214.753990861971
7924,demand,4265.248872881841
7925,demand,4538.386656824936
7926,demand,5588.198924246318
7927,demand,6480.36097836787
7928,demand,6851.839269425393
7929,demand,6847.549186798382
7930,demand,6720.517405615521
7931,demand,6540.91956681209
7932,demand,6374.13571941565
7933,demand,6367.027724013116
7934,demand,6321.870937816112
7935,demand,6316.390034677124
7936,demand,6513.102757696919
7937,demand,6810.592089957303
7938,demand,6708.983322927383
7939,demand,6541.365563719566
7940,demand,6286.557195758824
7941,demand,5880.0168577934855
7942,demand,5376.969666991643
7943,demand,4966.0600535017165
7944,demand,4577.22507848153
7945,demand,4383.958673694511
7946,demand,4266.6493710305895
7947,demand,4220.778419852382
7948,demand,4273.659917560783
7949,demand,4540.389197546842
7950,demand,5575.581335298704
7951,demand,6458.091395780482
7952,demand,6827.82583663319
7953,demand,6837.5730617826985
7954,demand,6710.0830214065045
7955,demand,6491.137995901727
7956,demand,6323.559025259448
7957,demand,6319.417937984996
7958,demand,6269.125301752367
7959,demand,6244.0707008146055
7960,demand,6429.665122832586
7961,demand,6744.3111853184355
7962,demand,6665.605205401047
7963,demand,6524.526563592246
7964,demand,6307.498499167581
7965,demand,5940.049576551767
7966,demand,5473.1838375883435
7967,demand,5107.009854980533
7968,demand,4761.59487545943
7969,demand,4868.574176725357
7970,demand,4791.588202693008
7971,demand,4832.526393731284
7972,demand,4976.873103140332
7973,demand,5316.425990374605
7974,demand,6440.947878290336
7975,demand,7381.439526578039
7976,demand,7815.753744738364
7977,demand,7810.656761329513
7978,demand,7572.154907120574
7979,demand,7304.1202883317965
7980,demand,6993.194979298185
7981,demand,6849.672315542044
7982,demand,6719.486724583645
7983,demand,6682.771296562501
7984,demand,7034.047431638644
7985,demand,7450.831989693479
7986,demand,7403.606191119177
7987,demand,7276.132145175072
7988,demand,7063.709864956642
7989,demand,6672.463888159954
7990,demand,6155.695392646809
7991,demand,5716.496943397125
7992,demand,5329.039260280775
7993,demand,5190.789030350441
7994,demand,5084.557614036307
7995,demand,5057.112601659811
7996,demand,5109.590022104504
7997,demand,5380.443286309854
7998,demand,6476.67337912604
7999,demand,7447.390347637882
8000,demand,7903.2353348092865
8001,demand,7883.809074318307
8002,demand,7502.071953467226
8003,demand,7063.638683374453
8004,demand,6685.900254707513
8005,demand,6457.5195154732755
8006,demand,6332.359403706641
8007,demand,6398.428803328507
8008,demand,6837.01538860523
8009,demand,7274.358200071179
8010,demand,7235.359588462223
8011,demand,7083.74600993196
8012,demand,6886.116320563188
8013,demand,6576.752715535489
8014,demand,6135.414767637375
8015,demand,5754.879980308353
8016,demand,5346.868860974774
8017,demand,5504.942091857198
8018,demand,5332.34108738835
8019,demand,5239.116038069734
8020,demand,5212.193014347586
8021,demand,5201.505796909066
8022,demand,5953.359325921549
8023,demand,6822.31101122906
8024,demand,7401.834411161819
8025,demand,7428.432989780065
8026,demand,7124.464054287098
8027,demand,6806.514780967278
8028,demand,6481.021337169323
8029,demand,6351.9984555931715
8030,demand,6364.813717066265
8031,demand,6450.102746208756
8032,demand,6785.946151976148
8033,demand,7163.944075998659
8034,demand,7114.196106859473
8035,demand,6984.303207012577
8036,demand,6814.292589394188
8037,demand,6514.348999940443
8038,demand,6098.8733950880105
8039,demand,5772.164727198944
8040,demand,5355.942508433888
8041,demand,5166.042110845594
8042,demand,5023.582366375042
8043,demand,4926.694994633817
8044,demand,4851.895268611094
8045,demand,4801.155765728695
8046,demand,5500.233329079529
8047,demand,6334.707092600205
8048,demand,6904.380477345158
8049,demand,6927.501641429498
8050,demand,6689.9748442329665
8051,demand,6446.46892250643
8052,demand,6188.6518832973925
8053,demand,6144.882146621932
8054,demand,6177.972609950311
8055,demand,6298.10558425716
8056,demand,6793.881943765976
8057,demand,7289.885534653846
8058,demand,7341.086912706114
8059,demand,7269.5795373180645
8060,demand,7145.051627675146
8061,demand,6864.150661578654
8062,demand,6428.4545311663605
8063,demand,6068.8638336230815
8064,demand,5695.055873526908
8065,demand,5413.177772917397
8066,demand,5317.14948821592
8067,demand,5294.474988892388
8068,demand,5365.488542897319
8069,demand,5632.501307389264
8070,demand,6750.620721201205
8071,demand,7752.042845010305
8072,demand,8197.853360809822
8073,demand,8051.034199543585
8074,demand,7709.296782962834
8075,demand,7411.478417029054
8076,demand,7195.933686100363
8077,demand,7128.791194620889
8078,demand,7082.36526444954
8079,demand,7005.274770433414
8080,demand,7152.829835301693
8081,demand,7407.107202130414
8082,demand,7289.825689245956
8083,demand,7117.593067315514
8084,demand,6861.5314987244765
8085,demand,6449.503770676556
8086,demand,5907.155688051563
8087,demand,5496.502332178245
8088,demand,5083.631868670159
8089,demand,4770.820375069974
8090,demand,4627.629282324402
8091,demand,4573.990961622481
8092,demand,4643.366365920978
8093,demand,4944.950383411975
8094,demand,6047.5237660050225
8095,demand,7003.42440217022
8096,demand,7449.370782299075
8097,demand,7390.296400931884
8098,demand,7121.056599717187
8099,demand,6816.531049563602
8100,demand,6600.789375643128
8101,demand,6535.24854480676
8102,demand,6470.648790294395
8103,demand,6480.337097120913
8104,demand,6826.9984293834095
8105,demand,7166.454750225756
8106,demand,7081.329179819408
8107,demand,6948.275608733672
8108,demand,6714.589796798355
8109,demand,6311.06332289159
8110,demand,5795.900735511428
8111,demand,5375.38013197565
8112,demand,4975.700421525865
8113,demand,4840.408901548177
8114,demand,4713.460755960698
8115,demand,4657.441356862679
8116,demand,4719.187529070526
8117,demand,5025.219269279472
8118,demand,6126.814602092375
8119,demand,7082.837984559644
8120,demand,7531.901434194084
8121,demand,7479.611407616116
8122,demand,7243.645278258591
8123,demand,6958.074633609627
8124,demand,6759.087780774106
8125,demand,6708.439564284
8126,demand,6655.34714088044
8127,demand,6662.593998217753
8128,demand,6955.679492249297
8129,demand,7253.9901186751995
8130,demand,7166.51594269686
8131,demand,7037.381518101189
8132,demand,6832.361426181141
8133,demand,6471.907685831295
8134,demand,5985.112970589011
8135,demand,5620.811175007916
8136,demand,5253.337958365754
8137,demand,5053.436214670313
8138,demand,4926.765323780028
8139,demand,4834.165077483085
8140,demand,4842.066133685552
8141,demand,5095.473661716677
8142,demand,6093.583730270271
8143,demand,6931.046953984349
8144,demand,7310.862723297072
8145,demand,7209.526822663039
8146,demand,7002.9910639130885
8147,demand,6784.7461956307525
8148,demand,6661.98111526325
8149,demand,6642.754853513563
8150,demand,6592.750018781314
8151,demand,6598.196961707793
8152,demand,6768.298114783536
8153,demand,7025.533336221502
8154,demand,6939.962651018231
8155,demand,6803.653315474866
8156,demand,6584.72356614039
8157,demand,6180.610404320294
8158,demand,5642.303777908241
8159,demand,5210.555058566462
8160,demand,4805.64094597638
8161,demand,4732.500532827298
8162,demand,4602.313522606578
8163,demand,4552.527142992069
8164,demand,4621.965384216678
8165,demand,4950.322846243955
8166,demand,6032.854383568954
8167,demand,6975.170020115609
8168,demand,7432.237185380282
8169,demand,7426.078966362633
8170,demand,7137.114865387999
8171,demand,6804.007760066112
8172,demand,6485.774375592104
8173,demand,6330.2237341358195
8174,demand,6262.75693739136
8175,demand,6323.858926613868
8176,demand,6640.766828881497
8177,demand,6939.647967807601
8178,demand,6850.195763361908
8179,demand,6674.2856550092765
8180,demand,6444.873363664817
8181,demand,6088.63415474849
8182,demand,5630.762579738447
8183,demand,5230.543961440429
8184,demand,4799.986402593182
8185,demand,4605.196209266018
8186,demand,4476.6849621133915
8187,demand,4419.781978997492
8188,demand,4408.30935313192
8189,demand,4422.05850332648
8190,demand,5046.337170697454
8191,demand,5729.703423083457
8192,demand,6253.474917341058
8193,demand,6307.99077560152
8194,demand,6273.260709248889
8195,demand,6144.084509525524
8196,demand,5949.603323682365
8197,demand,5794.814924374601
8198,demand,5764.1778032517705
8199,demand,5807.302961838775
8200,demand,6094.80690540978
8201,demand,6443.819885427284
8202,demand,6436.155543978433
8203,demand,6335.6804200851275
8204,demand,6184.2003396451655
8205,demand,5931.871121744112
8206,demand,5587.1440924529925
8207,demand,5242.2760506785835
8208,demand,4868.100356485709
8209,demand,4796.479261755753
8210,demand,4631.72365294705
8211,demand,4545.742702775995
8212,demand,4476.1885144917505
8213,demand,4404.670971677437
8214,demand,5021.782039480222
8215,demand,5756.56490334917
8216,demand,6279.704483345877
8217,demand,6332.179201707671
8218,demand,6202.111987897722
8219,demand,6046.846907208671
8220,demand,5877.271344799863
8221,demand,5824.457455882709
8222,demand,5865.929581008957
8223,demand,6008.084555676674
8224,demand,6409.363063758397
8225,demand,6815.775500437905
8226,demand,6836.761969258958
8227,demand,6736.745765596483
8228,demand,6554.241730113466
8229,demand,6250.866567697655
8230,demand,5819.098549995009
8231,demand,5505.483843253232
8232,demand,5121.565675503912
8233,demand,5101.285239765528
8234,demand,4985.49384752245
8235,demand,4976.545395010557
8236,demand,5081.8303034787405
8237,demand,5417.096286935727
8238,demand,6615.320943938963
8239,demand,7676.072811749717
8240,demand,8279.364213062716
8241,demand,8240.096370698288
8242,demand,7830.7620827783685
8243,demand,7410.065275829503
8244,demand,7112.239048101903
8245,demand,7008.792573861836
8246,demand,6951.526545038005
8247,demand,6989.506472680439
8248,demand,7335.395411887373
8249,demand,7668.204108570399
8250,demand,7624.4607090269965
8251,demand,7491.336632246279
8252,demand,7275.458958296647
8253,demand,6899.154919083454
8254,demand,6398.574646647574
8255,demand,6018.24455899497
8256,demand,5626.773902036242
8257,demand,5318.268010427262
8258,demand,5190.526596661893
8259,demand,5125.945463714028
8260,demand,5152.340444723968
8261,demand,5380.545848094919
8262,demand,6332.1681986964195
8263,demand,7166.6046626500065
8264,demand,7585.758768856767
8265,demand,7530.901563095835
8266,demand,7326.522959089492
8267,demand,7048.701390471127
8268,demand,6816.229242846499
8269,demand,6760.738717044757
8270,demand,6694.089114243414
8271,demand,6700.084317258625
8272,demand,6975.545208127332
8273,demand,7252.9976040345355
8274,demand,7176.825066464571
8275,demand,7037.1893695029385
8276,demand,6808.906666054641
8277,demand,6418.265139116815
8278,demand,5907.124483705924
8279,demand,5512.199187783028
8280,demand,5094.6844753037985
8281,demand,5018.293078150307
8282,demand,4899.292212342548
8283,demand,4861.896147638324
8284,demand,4943.954661715302
8285,demand,5252.25698887573
8286,demand,6354.331798411833
8287,demand,7307.350129586762
8288,demand,7795.3851164751995
8289,demand,7753.7473643098365
8290,demand,7557.079464131647
8291,demand,7323.65394009208
8292,demand,7111.83185424874
8293,demand,7012.414717398606
8294,demand,6918.138532416791
8295,demand,6871.965083219775
8296,demand,7146.9440971636795
8297,demand,7437.6239525491
8298,demand,7374.750045756461
8299,demand,7267.23720780511
8300,demand,7061.753432570185
8301,demand,6677.617921073345
8302,demand,6172.49767394031
8303,demand,5781.445508286557
8304,demand,5386.472403150619
8305,demand,5268.15370403802
8306,demand,5152.992355622799
8307,demand,5122.61493389017
8308,demand,5205.140876129454
8309,demand,5518.186069002679
8310,demand,6594.0556331337575
8311,demand,7530.195402628813
8312,demand,8001.27675760575
8313,demand,7951.3216499085775
8314,demand,7712.281568266804
8315,demand,7410.003587643737
8316,demand,7175.217044998943
8317,demand,7095.063975458917
8318,demand,7018.572453018975
8319,demand,7019.1744937312305
8320,demand,7266.223621900264
8321,demand,7516.760244379479
8322,demand,7432.990808000877
8323,demand,7278.642982981471
8324,demand,7049.198906130923
8325,demand,6666.223743567298
8326,demand,6145.753268400548
8327,demand,5747.935530575419
8328,demand,5352.878954306206
8329,demand,5171.134127580325
8330,demand,5051.690156498878
8331,demand,5023.782460561607
8332,demand,5095.74763063401
8333,demand,5384.947633818847
8334,demand,6449.251237290917
8335,demand,7371.406810050245
8336,demand,7860.797339994686
8337,demand,7793.156456503373
8338,demand,7597.297799512466
8339,demand,7335.1752684476105
8340,demand,7035.864564598409
8341,demand,6827.575088543092
8342,demand,6695.854813367049
8343,demand,6688.812773620966
8344,demand,6905.461801631602
8345,demand,7174.729447392508
8346,demand,7103.613214663032
8347,demand,6936.945458670332
8348,demand,6727.531969414296
8349,demand,6403.336240212833
8350,demand,5997.818281126619
8351,demand,5634.407152896805
8352,demand,5245.704552704631
8353,demand,5005.552076264489
8354,demand,4861.784312464665
8355,demand,4759.507510444215
8356,demand,4669.49571218638
8357,demand,4565.442926510921
8358,demand,5181.082235217353
8359,demand,5986.580719066803
8360,demand,6599.873536516345
8361,demand,6688.128156382011
8362,demand,6656.274755354982
8363,demand,6574.820345145113
8364,demand,6374.572398619224
8365,demand,6188.863582658999
8366,demand,6092.464052659101
8367,demand,6182.240226999284
8368,demand,6509.251820477548
8369,demand,6824.807242188643
8370,demand,6762.162364972906
8371,demand,6594.436893364274
8372,demand,6397.546086433541
8373,demand,6094.817412698478
8374,demand,5717.773908710216
8375,demand,5395.635652515183
8376,demand,5025.574789340337
8377,demand,4798.452832152612
8378,demand,4645.593580111525
8379,demand,4548.667588938858
8380,demand,4474.28128966015
8381,demand,4411.917595350782
8382,demand,4979.589808672661
8383,demand,5678.665148795328
8384,demand,6237.423972346296
8385,demand,6343.232913676264
8386,demand,6286.123599200162
8387,demand,6162.375721502291
8388,demand,5947.533367442196
8389,demand,5843.766840240671
8390,demand,5831.901162379565
8391,demand,5897.735780166765
8392,demand,6210.279098842668
8393,demand,6568.399490933206
8394,demand,6582.094805124912
8395,demand,6478.238646921916
8396,demand,6281.625094036783
8397,demand,5959.622756946394
8398,demand,5542.100556403281
8399,demand,5216.047578238088
8400,demand,4865.005247214487
8401,demand,4639.725512096082
8402,demand,4531.982185709828
8403,demand,4494.782290610998
8404,demand,4569.006706587533
8405,demand,4870.928832016845
8406,demand,5921.33178933894
8407,demand,6828.940235027478
8408,demand,7310.066530497814
8409,demand,7264.167064015723
8410,demand,7127.61335779834
8411,demand,6941.570591148901
8412,demand,6759.7949238524825
8413,demand,6653.505952984342
8414,demand,6547.0989031834815
8415,demand,6553.494703513218
8416,demand,6757.436138902348
8417,demand,6999.782088560421
8418,demand,6903.223800386905
8419,demand,6729.738014361999
8420,demand,6476.86763272803
8421,demand,6079.941648009544
8422,demand,5558.477469746265
8423,demand,5187.364142133606
8424,demand,4816.001120020481
8425,demand,4696.232898386279
8426,demand,4606.109265090941
8427,demand,4642.446812034413
8428,demand,4737.963739955967
8429,demand,5047.277837654803
8430,demand,6087.806558627238
8431,demand,6951.708728512225
8432,demand,7427.274299136208
8433,demand,7399.758025373667
8434,demand,7180.282122427479
8435,demand,6939.736923806103
8436,demand,6700.742505121716
8437,demand,6590.547568205771
8438,demand,6508.4627707191885
8439,demand,6530.999034755681
8440,demand,6851.088677178055
8441,demand,7159.518692452371
8442,demand,7116.984942432836
8443,demand,7019.310054076149
8444,demand,6805.722670005629
8445,demand,6445.476685432519
8446,demand,5955.406540548386
8447,demand,5540.137496328547
8448,demand,5137.163114048634
8449,demand,4972.496079755482
8450,demand,4852.703793531061
8451,demand,4813.458007572337
8452,demand,4861.472400391463
8453,demand,5127.749968255579
8454,demand,6144.159130788721
8455,demand,7025.254242747091
8456,demand,7513.758550237835
8457,demand,7473.918841550736
8458,demand,7277.538304772466
8459,demand,6996.8719759339965
8460,demand,6756.174380711026
8461,demand,6633.076392540421
8462,demand,6526.93561053994
8463,demand,6542.290820644891
8464,demand,6819.045612212208
8465,demand,7099.977564970788
8466,demand,7031.400675103351
8467,demand,6896.8337505252985
8468,demand,6689.262296388261
8469,demand,6313.856133180655
8470,demand,5818.309330411078
8471,demand,5421.570826680641
8472,demand,5025.219227882649
8473,demand,4836.920321291237
8474,demand,4706.791352968376
8475,demand,4670.289120766417
8476,demand,4735.545613021293
8477,demand,5022.637710851624
8478,demand,6026.739227103144
8479,demand,6888.675346587603
8480,demand,7383.46738401459
8481,demand,7370.74042665569
8482,demand,7227.362171103186
8483,demand,7049.078278951891
8484,demand,6859.697468878179
8485,demand,6758.877061644005
8486,demand,6679.882412583813
8487,demand,6700.079985971146
8488,demand,6902.161518649105
8489,demand,7154.381345590355
8490,demand,7079.723231450661
8491,demand,6914.007607888814
8492,demand,6662.358106003194
8493,demand,6250.1258622441765
8494,demand,5740.84007909845
8495,demand,5332.495595709083
8496,demand,4925.179156612088
8497,demand,4684.0014046995875
8498,demand,4531.207584307497
8499,demand,4473.618949735274
8500,demand,4544.070803792865
8501,demand,4815.968730214592
8502,demand,5790.513495320793
8503,demand,6643.70791629174
8504,demand,7142.234906184722
8505,demand,7119.42388009615
8506,demand,6923.742109100078
8507,demand,6622.544825407607
8508,demand,6327.337430841362
8509,demand,6122.13848990161
8510,demand,6022.570199266847
8511,demand,6077.007099983016
8512,demand,6417.53544889768
8513,demand,6751.740130948549
8514,demand,6712.829406709659
8515,demand,6570.090508775942
8516,demand,6349.696356792002
8517,demand,6010.8489282564915
8518,demand,5590.216813889846
8519,demand,5253.426864040209
8520,demand,4849.84411252491
8521,demand,4745.123033886857
8522,demand,4589.57929432305
8523,demand,4508.112473231876
8524,demand,4450.5544162249025
8525,demand,4405.301957891689
8526,demand,4985.83947800512
8527,demand,5681.709928603957
8528,demand,6271.738833566005
8529,demand,6357.146558333524
8530,demand,6226.92416813223
8531,demand,6044.638438202179
8532,demand,5872.151171644238
8533,demand,5801.2350990484065
8534,demand,5822.496274298912
8535,demand,5926.620654315278
8536,demand,6190.738058132064
8537,demand,6496.23742214151
8538,demand,6481.529303808413
8539,demand,6371.4633126901645
8540,demand,6214.047589518705
8541,demand,5933.532816511948
8542,demand,5571.076229339087
8543,demand,5256.680523828716
8544,demand,4872.841472905739
8545,demand,4594.082590647994
8546,demand,4428.269750688579
8547,demand,4321.053322480393
8548,demand,4248.66057253391
8549,demand,4174.6207894965755
8550,demand,4697.764273132326
8551,demand,5338.213116765942
8552,demand,5902.877406561127
8553,demand,5984.373863515939
8554,demand,5964.509591925034
8555,demand,5859.509577736472
8556,demand,5709.184369564707
8557,demand,5609.376345330384
8558,demand,5628.3658216136755
8559,demand,5738.968174895201
8560,demand,6005.433698387742
8561,demand,6355.827936501065
8562,demand,6376.638950099257
8563,demand,6301.444955611275
8564,demand,6137.532513307417
8565,demand,5833.076707465426
8566,demand,5427.167493831121
8567,demand,5142.3625047814185
8568,demand,4795.481602948552
8569,demand,4508.721670553564
8570,demand,4373.161945838239
8571,demand,4287.198230874412
8572,demand,4261.271184671268
8573,demand,4280.29513183261
8574,demand,4934.255373066157
8575,demand,5669.130405363318
8576,demand,6237.816750220612
8577,demand,6289.01167652971
8578,demand,6146.601677520301
8579,demand,5950.309384169734
8580,demand,5788.400184409593
8581,demand,5700.095361593725
8582,demand,5725.8832701414485
8583,demand,5824.672108646904
8584,demand,6112.961689114225
8585,demand,6414.089877773564
8586,demand,6370.077986969904
8587,demand,6325.846389093089
8588,demand,6206.950900082364
8589,demand,5931.22144289871
8590,demand,5544.700854229708
8591,demand,5244.351516856719
8592,demand,4870.083091858335
8593,demand,4807.282869367681
8594,demand,4641.54369200194
8595,demand,4549.060826052144
8596,demand,4518.532977376256
8597,demand,4546.685984367673
8598,demand,5206.9096062165845
8599,demand,5919.41475260564
8600,demand,6469.405190528177
8601,demand,6511.606657578335
8602,demand,6350.721092949461
8603,demand,6140.670132264606
8604,demand,5943.307502921651
8605,demand,5852.076371302526
8606,demand,5826.955218340416
8607,demand,5927.404848891903
8608,demand,6229.897357646446
8609,demand,6528.405303798145
8610,demand,6478.149933482214
8611,demand,6436.058600272382
8612,demand,6302.613365355062
8613,demand,6019.000110941381
8614,demand,5638.712466449371
8615,demand,5325.618602371276
8616,demand,4940.8977368994565
8617,demand,4919.998312530229
8618,demand,4751.3948300784705
8619,demand,4664.911506409627
8620,demand,4646.134245450958
8621,demand,4673.587486208792
8622,demand,5345.696866957746
8623,demand,6064.23889482716
8624,demand,6682.407882245491
8625,demand,6756.150272199262
8626,demand,6622.715115787736
8627,demand,6423.138840366455
8628,demand,6198.678925874923
8629,demand,6106.606440134839
8630,demand,6117.494300048749
8631,demand,6229.667546767657
8632,demand,6544.821826952654
8633,demand,6862.891567040879
8634,demand,6869.498064028702
8635,demand,6855.580766982261
8636,demand,6753.913209154489
8637,demand,6484.507299183308
8638,demand,6088.40640542912
8639,demand,5747.454967288748
8640,demand,5363.085722819393
8641,demand,5434.941930762917
8642,demand,5309.51054965859
8643,demand,5236.239844428115
8644,demand,5284.641076443938
8645,demand,5527.302599470989
8646,demand,6452.70005770878
8647,demand,7301.518783280175
8648,demand,7919.787176492437
8649,demand,7982.008070074606
8650,demand,7741.260352691452
8651,demand,7457.137867656615
8652,demand,7241.74573114553
8653,demand,7140.689067298624
8654,demand,7075.9838453527345
8655,demand,7100.198936347207
8656,demand,7330.398281358451
8657,demand,7599.59312271803
8658,demand,7583.137435761419
8659,demand,7483.7162632073105
8660,demand,7305.524334564557
8661,demand,6968.763929374556
8662,demand,6519.500840840622
8663,demand,6178.947090069085
8664,demand,5797.613421898734
8665,demand,5652.749872393835
8666,demand,5537.803815614196
8667,demand,5524.63554485911
8668,demand,5618.7166256937635
8669,demand,5883.1546764278
8670,demand,6819.873597936285
8671,demand,7640.813260852672
8672,demand,8286.1192853852
8673,demand,8347.485624880184
8674,demand,8118.01286057025
8675,demand,7749.8724535356705
8676,demand,7434.522405404324
8677,demand,7191.539842994971
8678,demand,7077.24945919099
8679,demand,7103.392044230901
8680,demand,7318.752759511466
8681,demand,7561.995712438472
8682,demand,7519.067191750239
8683,demand,7361.394037903403
8684,demand,7158.083000876461
8685,demand,6840.113654636313
8686,demand,6438.846021635035
8687,demand,6113.8305331969605
8688,demand,5700.825992262734
8689,demand,5263.531526404972
8690,demand,5107.951246535029
8691,demand,5006.505727631453
8692,demand,4909.604987262428
8693,demand,4817.04460013594
8694,demand,5304.526299240836
8695,demand,5902.020359342467
8696,demand,6484.780166677122
8697,demand,6553.848518588453
8698,demand,6445.200729438768
8699,demand,6296.323129028971
8700,demand,6117.578756522609
8701,demand,6034.589578328048
8702,demand,6011.212455146102
8703,demand,6100.362798807431
8704,demand,6337.87962244822
8705,demand,6667.321413949944
8706,demand,6681.545477563857
8707,demand,6586.291696429848
8708,demand,6446.822802244513
8709,demand,6201.107578835278
8710,demand,5873.251893992665
8711,demand,5576.065585648393
8712,demand,5220.720610194785
8713,demand,4750.424717217738
8714,demand,4584.723917615311
8715,demand,4461.571609829656
8716,demand,4385.296012550186
8717,demand,4294.236628057616
8718,demand,4708.418235991614
8719,demand,5213.969957515042
8720,demand,5747.960388337906
8721,demand,5845.159201595111
8722,demand,5716.255663513792
8723,demand,5538.470790422774
8724,demand,5358.308583604181
8725,demand,5271.658148771492
8726,demand,5302.371896384497
8727,demand,5503.558434200302
8728,demand,5876.6997528808115
8729,demand,6287.43099088278
8730,demand,6305.883201816453
8731,demand,6205.203710031497
8732,demand,6038.344640588896
8733,demand,5765.599351112145
8734,demand,5411.640035339958
8735,demand,5146.197072326525
8736,demand,4847.532056212632
8737,demand,4717.995036490739
8738,demand,4653.033431138538
8739,demand,4641.392484638316
8740,demand,4712.503916577346
8741,demand,4943.907311887656
8742,demand,5727.875907967375
8743,demand,6445.883911224342
8744,demand,6997.817079073722
8745,demand,7074.132431328938
8746,demand,6865.216578944552
8747,demand,6562.285585055552
8748,demand,6360.863042447367
8749,demand,6248.114504343326
8750,demand,6175.965065146926
8751,demand,6240.436329199794
8752,demand,6584.139593390522
8753,demand,6953.803363209501
8754,demand,6962.110982378417
8755,demand,6847.067384065807
8756,demand,6643.609221787205
8757,demand,6304.7425275163205
8758,demand,5861.057980849286
8759,demand,5517.699287554327
8760,demand,5126.595271200384
