,pv_aggregated_capacity_factor,onshore_aggregated_capacity_factor,offshore_aggregated_capacity_factor,Date,aggregated_demand,T
0,0.0,0.7792462,0.8918492,2030-01-01 00:00:00,4834.108621688991,1
1,0.0,0.8131993999999999,0.9134115999999999,2030-01-01 01:00:00,4675.022638681862,2
2,0.0,0.8380574,0.9246696,2030-01-01 02:00:00,4582.597881412101,3
3,0.0,0.8610925999999999,0.9376827999999999,2030-01-01 03:00:00,4523.577533407546,4
4,0.0,0.884924,0.9512623999999998,2030-01-01 04:00:00,4496.025740263449,5
5,0.0,0.900207,0.9561406,2030-01-01 05:00:00,5128.5648386224075,6
6,0.0,0.9069811999999999,0.9556511999999999,2030-01-01 06:00:00,5935.790712921192,7
7,0.0,0.9146402,0.9554022,2030-01-01 07:00:00,6522.268631031656,8
8,0.014,0.9239042,0.9603918,2030-01-01 08:00:00,6559.36754217089,9
9,0.067,0.9337177999999999,0.9663769999999999,2030-01-01 09:00:00,6419.858622689326,10
10,0.13,0.9427299999999998,0.9703374,2030-01-01 10:00:00,6276.062005956233,11
11,0.141,0.9499331999999999,0.9716136000000001,2030-01-01 11:00:00,6157.607672276708,12
12,0.121,0.9525277999999998,0.9718747999999999,2030-01-01 12:00:00,6144.043969031232,13
13,0.054,0.9511834,0.9712723999999999,2030-01-01 13:00:00,6129.664281342557,14
14,0.005,0.9466564,0.9690919999999998,2030-01-01 14:00:00,6160.332732113873,15
15,0.0,0.9363281999999999,0.9653129999999999,2030-01-01 15:00:00,6528.8256752041125,16
16,0.0,0.9191504,0.9605612000000001,2030-01-01 16:00:00,6974.134528326829,17
17,0.0,0.8995637999999999,0.9541498,2030-01-01 17:00:00,6904.291316710069,18
18,0.0,0.8815582,0.9455226,2030-01-01 18:00:00,6794.2131722802005,19
19,0.0,0.8707918000000001,0.9362554,2030-01-01 19:00:00,6614.739199387161,20
20,0.0,0.8627236,0.9297048,2030-01-01 20:00:00,6304.750434762762,21
21,0.0,0.8624096,0.9333494,2030-01-01 21:00:00,5918.177145526589,22
22,0.0,0.8649204000000001,0.9377724000000001,2030-01-01 22:00:00,5620.811980366386,23
23,0.0,0.8663152000000001,0.9388736,2030-01-01 23:00:00,5274.28864361177,24
24,0.0,0.8618366,0.9372465999999999,2030-01-02 00:00:00,5527.099274665585,25
25,0.0,0.8492642,0.9252480000000001,2030-01-02 01:00:00,5421.049857507106,26
26,0.0,0.8298219999999998,0.9096864,2030-01-02 02:00:00,5382.434299261998,27
27,0.0,0.8116914000000002,0.8891544,2030-01-02 03:00:00,5415.265232495132,28
28,0.0,0.7929736,0.8662118,2030-01-02 04:00:00,5639.154886348173,29
29,0.0,0.7657858,0.8385716000000001,2030-01-02 05:00:00,6593.523935755819,30
30,0.0,0.731164,0.8058409999999998,2030-01-02 06:00:00,7488.051465694259,31
31,0.0,0.6837306,0.7655152,2030-01-02 07:00:00,8055.060336481514,32
32,0.087,0.6332388,0.7253218,2030-01-02 08:00:00,8072.975862765161,33
33,0.231,0.5888638,0.6947715999999999,2030-01-02 09:00:00,7809.363593223588,34
34,0.314,0.5464434,0.670463,2030-01-02 10:00:00,7540.835530718314,35
35,0.324,0.5196214,0.6617362,2030-01-02 11:00:00,7302.147847228505,36
36,0.265,0.4942602,0.6556156,2030-01-02 12:00:00,7203.4645078101385,37
37,0.155,0.47348580000000007,0.6483350000000001,2030-01-02 13:00:00,7116.002744681512,38
38,0.029,0.45084159999999995,0.6355337999999999,2030-01-02 14:00:00,7097.145588176308,39
39,0.0,0.41409260000000003,0.6099270000000001,2030-01-02 15:00:00,7489.541223240595,40
40,0.0,0.36027619999999994,0.567709,2030-01-02 16:00:00,7963.928049458635,41
41,0.0,0.29736940000000006,0.5171318,2030-01-02 17:00:00,7943.794392230942,42
42,0.0,0.24809780000000003,0.46892480000000003,2030-01-02 18:00:00,7819.7928836534065,43
43,0.0,0.215555,0.427405,2030-01-02 19:00:00,7597.06878115057,44
44,0.0,0.1964644,0.3944892,2030-01-02 20:00:00,7215.927965561663,45
45,0.0,0.1897142,0.3822378,2030-01-02 21:00:00,6770.392884796209,46
46,0.0,0.19606459999999998,0.392241,2030-01-02 22:00:00,6372.9131806877085,47
47,0.0,0.2117194,0.414304,2030-01-02 23:00:00,5953.058272673721,48
48,0.0,0.2253226,0.4294288,2030-01-03 00:00:00,5985.722664305099,49
49,0.0,0.23225820000000003,0.4273014,2030-01-03 01:00:00,5842.083179061777,50
50,0.0,0.23575380000000004,0.4194768,2030-01-03 02:00:00,5806.762104701769,51
51,0.0,0.2343858,0.4036008,2030-01-03 03:00:00,5876.106626700654,52
52,0.0,0.2298104,0.385377,2030-01-03 04:00:00,6155.354600222606,53
53,0.0,0.2213698,0.3694808,2030-01-03 05:00:00,7258.233344004576,54
54,0.0,0.207538,0.3500706,2030-01-03 06:00:00,8266.20471496899,55
55,0.0,0.1914066,0.3247938,2030-01-03 07:00:00,8814.345339810578,56
56,0.062,0.17393720000000001,0.29377620000000004,2030-01-03 08:00:00,8751.46441384706,57
57,0.127,0.1540128,0.26891879999999996,2030-01-03 09:00:00,8432.474004760621,58
58,0.157,0.1340616,0.2480792,2030-01-03 10:00:00,8019.957478722788,59
59,0.165,0.115179,0.23129299999999997,2030-01-03 11:00:00,7719.976206395914,60
60,0.146,0.1083758,0.23107439999999996,2030-01-03 12:00:00,7629.044953997389,61
61,0.088,0.12043,0.255564,2030-01-03 13:00:00,7530.077610317383,62
62,0.016,0.1326528,0.26453,2030-01-03 14:00:00,7542.3760656961,63
63,0.0,0.1309322,0.2511574,2030-01-03 15:00:00,7937.270973793655,64
64,0.0,0.1338574,0.2463238,2030-01-03 16:00:00,8384.979548060273,65
65,0.0,0.1523472,0.2596554,2030-01-03 17:00:00,8370.914715914445,66
66,0.0,0.17456719999999998,0.2769842,2030-01-03 18:00:00,8196.523904970325,67
67,0.0,0.19941760000000003,0.29635360000000005,2030-01-03 19:00:00,7907.236356387037,68
68,0.0,0.2231422,0.3095542,2030-01-03 20:00:00,7409.73128144269,69
69,0.0,0.2518402,0.3278328,2030-01-03 21:00:00,6816.929721183941,70
70,0.0,0.2807368,0.359331,2030-01-03 22:00:00,6407.701978420861,71
71,0.0,0.30696219999999996,0.3955806,2030-01-03 23:00:00,5950.619379227293,72
72,0.0,0.3346624,0.4327088,2030-01-04 00:00:00,5385.945329419532,73
73,0.0,0.3716262,0.4784554,2030-01-04 01:00:00,5219.038692676704,74
74,0.0,0.41281300000000004,0.5255356000000001,2030-01-04 02:00:00,5134.159046325545,75
75,0.0,0.4279504,0.5592012,2030-01-04 03:00:00,5174.464467984173,76
76,0.0,0.4193873999999999,0.5738136,2030-01-04 04:00:00,5440.330638029784,77
77,0.0,0.4242668,0.5878414,2030-01-04 05:00:00,6465.360846994841,78
78,0.0,0.4354272,0.597125,2030-01-04 06:00:00,7390.304099611772,79
79,0.0,0.4349826,0.5967788,2030-01-04 07:00:00,7862.802773891068,80
80,0.01,0.4275232,0.5903678,2030-01-04 08:00:00,7774.417810395296,81
81,0.067,0.4079236,0.5793820000000001,2030-01-04 09:00:00,7576.188976072097,82
82,0.126,0.4173216,0.5872586,2030-01-04 10:00:00,7299.853968029687,83
83,0.134,0.43713959999999996,0.5941428,2030-01-04 11:00:00,7077.36701939116,84
84,0.092,0.45497820000000005,0.6042998,2030-01-04 12:00:00,6957.7937105424335,85
85,0.038,0.47935439999999996,0.6197079999999999,2030-01-04 13:00:00,6837.239394852638,86
86,0.003,0.5012405999999999,0.6377025999999999,2030-01-04 14:00:00,6826.8800677197905,87
87,0.0,0.519253,0.6545592,2030-01-04 15:00:00,7116.633796041384,88
88,0.0,0.5245022,0.6564662,2030-01-04 16:00:00,7504.9016749924995,89
89,0.0,0.5390392,0.6637504,2030-01-04 17:00:00,7417.611531226517,90
90,0.0,0.5436074,0.6734370000000001,2030-01-04 18:00:00,7243.213635070304,91
91,0.0,0.5421324,0.6804182000000001,2030-01-04 19:00:00,6972.100556150342,92
92,0.0,0.5317292,0.6724988,2030-01-04 20:00:00,6553.227159247896,93
93,0.0,0.5280748,0.6666304000000001,2030-01-04 21:00:00,6042.451367272,94
94,0.0,0.5180960000000001,0.656374,2030-01-04 22:00:00,5648.405438725137,95
95,0.0,0.5059556000000001,0.647346,2030-01-04 23:00:00,5234.344678558683,96
96,0.0,0.48152059999999997,0.6392716,2030-01-05 00:00:00,5101.2009392977125,97
97,0.0,0.46641640000000006,0.6294914,2030-01-05 01:00:00,4970.829728953355,98
98,0.0,0.45300520000000005,0.6243934,2030-01-05 02:00:00,4921.153585514475,99
99,0.0,0.4279648,0.615719,2030-01-05 03:00:00,4989.459118915995,100
100,0.0,0.40407779999999993,0.6037528,2030-01-05 04:00:00,5256.382226284477,101
101,0.0,0.37026479999999995,0.5842344,2030-01-05 05:00:00,6257.85740595874,102
102,0.0,0.3250718,0.5429112,2030-01-05 06:00:00,7176.248095595003,103
103,0.0,0.28129099999999996,0.49229139999999993,2030-01-05 07:00:00,7664.130842577154,104
104,0.023,0.2308208,0.43714140000000007,2030-01-05 08:00:00,7577.6182151475095,105
105,0.089,0.17530280000000004,0.3826562,2030-01-05 09:00:00,7349.215130691845,106
106,0.173,0.1289376,0.3291672,2030-01-05 10:00:00,6992.742384272444,107
107,0.202,0.10160799999999999,0.29199539999999996,2030-01-05 11:00:00,6652.705381579843,108
108,0.162,0.0858438,0.27463840000000006,2030-01-05 12:00:00,6481.658908687796,109
109,0.083,0.0844144,0.26857840000000005,2030-01-05 13:00:00,6383.028013387744,110
110,0.012,0.097287,0.27570979999999995,2030-01-05 14:00:00,6441.943357880064,111
111,0.0,0.10937779999999997,0.2828872,2030-01-05 15:00:00,6841.896083905089,112
112,0.0,0.10951040000000001,0.27691380000000004,2030-01-05 16:00:00,7374.438341021268,113
113,0.0,0.0969244,0.26331899999999997,2030-01-05 17:00:00,7393.123358503012,114
114,0.0,0.07944419999999999,0.24425819999999998,2030-01-05 18:00:00,7269.761952896533,115
115,0.0,0.0627812,0.226431,2030-01-05 19:00:00,7067.737633314557,116
116,0.0,0.049389,0.2123568,2030-01-05 20:00:00,6752.393976809587,117
117,0.0,0.04182280000000001,0.20832199999999998,2030-01-05 21:00:00,6369.267508694601,118
118,0.0,0.037285,0.2004406,2030-01-05 22:00:00,6113.504750998054,119
119,0.0,0.0331956,0.18964540000000002,2030-01-05 23:00:00,5687.782364828356,120
120,0.0,0.0293488,0.1806206,2030-01-06 00:00:00,5684.640026081668,121
121,0.0,0.0268216,0.1736934,2030-01-06 01:00:00,5533.006296785061,122
122,0.0,0.027094800000000002,0.174655,2030-01-06 02:00:00,5466.898947897635,123
123,0.0,0.027170800000000002,0.1712214,2030-01-06 03:00:00,5399.396054930379,124
124,0.0,0.028144600000000002,0.1725642,2030-01-06 04:00:00,5297.984317548782,125
125,0.0,0.030823999999999997,0.178424,2030-01-06 05:00:00,5904.460860392444,126
126,0.0,0.0341412,0.18382320000000002,2030-01-06 06:00:00,6674.323438038433,127
127,0.0,0.0406958,0.195819,2030-01-06 07:00:00,7226.820225706388,128
128,0.005,0.05107679999999999,0.2070342,2030-01-06 08:00:00,7252.015633040194,129
129,0.019,0.060036,0.20679480000000003,2030-01-06 09:00:00,7127.715933893851,130
130,0.037,0.0670316,0.20517219999999997,2030-01-06 10:00:00,6879.607587126331,131
131,0.044,0.0745122,0.2109882,2030-01-06 11:00:00,6589.02141881854,132
132,0.037,0.08817820000000001,0.22333239999999996,2030-01-06 12:00:00,6460.7483745626705,133
133,0.017,0.10732139999999998,0.2365158,2030-01-06 13:00:00,6406.13587621512,134
134,0.001,0.13150979999999998,0.24440999999999996,2030-01-06 14:00:00,6446.025576727795,135
135,0.0,0.15077639999999998,0.2365546,2030-01-06 15:00:00,6707.560232238622,136
136,0.0,0.14471879999999998,0.214597,2030-01-06 16:00:00,7158.102718917198,137
137,0.0,0.1268418,0.198272,2030-01-06 17:00:00,7136.260875162596,138
138,0.0,0.12730080000000002,0.2041248,2030-01-06 18:00:00,6989.461152045384,139
139,0.0,0.1401004,0.21554320000000002,2030-01-06 19:00:00,6784.199731539344,140
140,0.0,0.14931,0.22867160000000003,2030-01-06 20:00:00,6462.888892276551,141
141,0.0,0.152333,0.24155379999999999,2030-01-06 21:00:00,6078.27779181841,142
142,0.0,0.1469564,0.24114720000000003,2030-01-06 22:00:00,5744.322785653074,143
143,0.0,0.13888,0.24430659999999998,2030-01-06 23:00:00,5348.882391640991,144
144,0.0,0.13914279999999998,0.24650699999999998,2030-01-07 00:00:00,4955.934302091759,145
145,0.0,0.1409408,0.24066680000000001,2030-01-07 01:00:00,4790.697069816562,146
146,0.0,0.14066499999999998,0.24229620000000002,2030-01-07 02:00:00,4679.934934286963,147
147,0.0,0.1415872,0.2364684,2030-01-07 03:00:00,4597.118208697588,148
148,0.0,0.14628839999999999,0.228713,2030-01-07 04:00:00,4514.554519142487,149
149,0.0,0.1507614,0.2273488,2030-01-07 05:00:00,5101.527462471815,150
150,0.0,0.16176,0.23079260000000001,2030-01-07 06:00:00,5863.4854075671155,151
151,0.0,0.1752106,0.23705980000000001,2030-01-07 07:00:00,6419.651627059015,152
152,0.008,0.1827384,0.24459940000000002,2030-01-07 08:00:00,6465.0832189030625,153
153,0.035,0.1850848,0.2574144,2030-01-07 09:00:00,6410.6427680179,154
154,0.063,0.1866394,0.29182980000000003,2030-01-07 10:00:00,6259.807281021605,155
155,0.06,0.195877,0.34699800000000003,2030-01-07 11:00:00,6078.570096419478,156
156,0.038,0.2313358,0.4203082,2030-01-07 12:00:00,6040.314814387214,157
157,0.013,0.2972068,0.49430779999999996,2030-01-07 13:00:00,6090.48315766274,158
158,0.0,0.3754892,0.5540992,2030-01-07 14:00:00,6233.030237983739,159
159,0.0,0.42731720000000006,0.6047591999999999,2030-01-07 15:00:00,6560.162619827787,160
160,0.0,0.49685099999999993,0.6684688000000001,2030-01-07 16:00:00,7036.508594032258,161
161,0.0,0.5697778,0.7240013999999999,2030-01-07 17:00:00,7059.968417288548,162
162,0.0,0.6005491999999999,0.7543264000000001,2030-01-07 18:00:00,6924.060653782383,163
163,0.0,0.6173932000000001,0.7686531999999999,2030-01-07 19:00:00,6661.719776476501,164
164,0.0,0.6302654,0.7760894,2030-01-07 20:00:00,6275.648380718158,165
165,0.0,0.627394,0.789101,2030-01-07 21:00:00,5874.43540886718,166
166,0.0,0.6093704000000001,0.7882572000000001,2030-01-07 22:00:00,5557.088431484249,167
167,0.0,0.5974557999999999,0.7732168,2030-01-07 23:00:00,5221.166897886298,168
168,0.0,0.5774034,0.7366779999999999,2030-01-08 00:00:00,5124.860185789408,169
169,0.0,0.5142996,0.6959380000000001,2030-01-08 01:00:00,5028.28849312198,170
170,0.0,0.480429,0.7017924000000001,2030-01-08 02:00:00,5011.690522946881,171
171,0.0,0.5038777999999999,0.7179223999999998,2030-01-08 03:00:00,5043.529962524098,172
172,0.0,0.5472857999999999,0.7071729999999999,2030-01-08 04:00:00,5324.246417460628,173
173,0.0,0.5594892,0.6738938,2030-01-08 05:00:00,6413.882135407435,174
174,0.0,0.5404938,0.6768160000000001,2030-01-08 06:00:00,7402.6619010272425,175
175,0.0,0.535372,0.7042008,2030-01-08 07:00:00,7908.68466076097,176
176,0.02,0.547417,0.7265430000000002,2030-01-08 08:00:00,7894.958104401301,177
177,0.075,0.5515802,0.7436052,2030-01-08 09:00:00,7779.80157700519,178
178,0.124,0.5600272000000001,0.7555384,2030-01-08 10:00:00,7611.344507192836,179
179,0.134,0.604636,0.7641509999999999,2030-01-08 11:00:00,7428.67211854075,180
180,0.092,0.6365407999999999,0.7661925999999999,2030-01-08 12:00:00,7424.838502364497,181
181,0.04,0.6645744,0.7604114,2030-01-08 13:00:00,7415.509996433586,182
182,0.004,0.6897930000000001,0.7542798,2030-01-08 14:00:00,7423.119411391715,183
183,0.0,0.7096152,0.753152,2030-01-08 15:00:00,7666.380568010324,184
184,0.0,0.7203229999999999,0.748011,2030-01-08 16:00:00,8059.348171021578,185
185,0.0,0.7268228000000001,0.7464118,2030-01-08 17:00:00,8002.63756404625,186
186,0.0,0.7271024,0.7446898,2030-01-08 18:00:00,7846.926668521444,187
187,0.0,0.7221278,0.7419806,2030-01-08 19:00:00,7584.996241224064,188
188,0.0,0.7184004,0.7362146,2030-01-08 20:00:00,7161.00296426111,189
189,0.0,0.7250752,0.7408041999999999,2030-01-08 21:00:00,6633.569162895907,190
190,0.0,0.7421656,0.7543824,2030-01-08 22:00:00,6281.980033625756,191
191,0.0,0.7528458,0.7644675999999999,2030-01-08 23:00:00,5880.647109100866,192
192,0.0,0.7591280000000001,0.7722882,2030-01-09 00:00:00,5888.460436774056,193
193,0.0,0.757563,0.7784434000000001,2030-01-09 01:00:00,5777.433248990319,194
194,0.0,0.7520724,0.7870902,2030-01-09 02:00:00,5750.009927442033,195
195,0.0,0.7369244,0.7927891999999999,2030-01-09 03:00:00,5823.67770393874,196
196,0.0,0.7257358,0.7863096,2030-01-09 04:00:00,6105.621823594514,197
197,0.0,0.7189622,0.7747048000000001,2030-01-09 05:00:00,7166.104838092519,198
198,0.0,0.7128075999999999,0.7634714,2030-01-09 06:00:00,8127.227305914562,199
199,0.0,0.7053304,0.7481064,2030-01-09 07:00:00,8642.49418805905,200
200,0.101,0.6885008,0.7269874000000001,2030-01-09 08:00:00,8597.325989961628,201
201,0.238,0.6727749999999999,0.7107821999999999,2030-01-09 09:00:00,8340.287484100572,202
202,0.313,0.6617472,0.6989354,2030-01-09 10:00:00,8008.880537979506,203
203,0.322,0.6476852,0.6891348,2030-01-09 11:00:00,7764.196683716251,204
204,0.264,0.6418144,0.6758084,2030-01-09 12:00:00,7689.42809228525,205
205,0.157,0.6006904,0.6450152000000001,2030-01-09 13:00:00,7580.0404320691305,206
206,0.033,0.5390016,0.607939,2030-01-09 14:00:00,7512.604133041759,207
207,0.0,0.48993639999999994,0.574774,2030-01-09 15:00:00,7798.083412503647,208
208,0.0,0.44550160000000005,0.5376016,2030-01-09 16:00:00,8317.43290771211,209
209,0.0,0.40706980000000004,0.4938155999999999,2030-01-09 17:00:00,8259.651211521119,210
210,0.0,0.3636098,0.446114,2030-01-09 18:00:00,8105.166753677742,211
211,0.0,0.3182194,0.4017772,2030-01-09 19:00:00,7854.987946058842,212
212,0.0,0.2577492,0.3431942,2030-01-09 20:00:00,7444.687508881173,213
213,0.0,0.2218482,0.2963386,2030-01-09 21:00:00,6947.119651965911,214
214,0.0,0.184403,0.2608754,2030-01-09 22:00:00,6561.475574736731,215
215,0.0,0.15213480000000001,0.22734320000000002,2030-01-09 23:00:00,6165.804112660593,216
216,0.0,0.1288346,0.2071288,2030-01-10 00:00:00,6098.03311743621,217
217,0.0,0.11176879999999997,0.1915948,2030-01-10 01:00:00,5988.171991404,218
218,0.0,0.0965352,0.1771936,2030-01-10 02:00:00,5933.619141930136,219
219,0.0,0.086686,0.1636848,2030-01-10 03:00:00,6029.317932677478,220
220,0.0,0.07742399999999999,0.1532474,2030-01-10 04:00:00,6332.879832696368,221
221,0.0,0.0695794,0.1418136,2030-01-10 05:00:00,7447.1926810554105,222
222,0.0,0.0622472,0.12785960000000002,2030-01-10 06:00:00,8451.22228072932,223
223,0.0,0.05376840000000001,0.11200859999999999,2030-01-10 07:00:00,9021.858898659979,224
224,0.011,0.053097799999999994,0.1013586,2030-01-10 08:00:00,8959.770686099917,225
225,0.041,0.0563782,0.1006302,2030-01-10 09:00:00,8610.700004262637,226
226,0.063,0.0596186,0.1089504,2030-01-10 10:00:00,8276.027895078027,227
227,0.067,0.06487499999999999,0.12470599999999998,2030-01-10 11:00:00,8009.076680147122,228
228,0.046,0.07437,0.1372742,2030-01-10 12:00:00,7890.577374789897,229
229,0.019,0.08649860000000001,0.1496904,2030-01-10 13:00:00,7817.780389024127,230
230,0.001,0.10227040000000001,0.16614679999999998,2030-01-10 14:00:00,7744.924647969889,231
231,0.0,0.1232896,0.18451499999999998,2030-01-10 15:00:00,7952.338606771056,232
232,0.0,0.139093,0.20413299999999998,2030-01-10 16:00:00,8331.779046982105,233
233,0.0,0.153842,0.2344626,2030-01-10 17:00:00,8245.510854527147,234
234,0.0,0.1761976,0.25976659999999996,2030-01-10 18:00:00,8034.787892985866,235
235,0.0,0.20198680000000002,0.282609,2030-01-10 19:00:00,7726.920002225802,236
236,0.0,0.229555,0.31066040000000006,2030-01-10 20:00:00,7259.512904428089,237
237,0.0,0.265521,0.3582452,2030-01-10 21:00:00,6699.203178640759,238
238,0.0,0.3019638,0.4170439999999999,2030-01-10 22:00:00,6208.608985614212,239
239,0.0,0.3325458,0.46480840000000007,2030-01-10 23:00:00,5775.732197570827,240
240,0.0,0.3667728,0.5078364000000001,2030-01-11 00:00:00,5285.991340395796,241
241,0.0,0.39813240000000005,0.5451182,2030-01-11 01:00:00,5146.971979486771,242
242,0.0,0.423569,0.586887,2030-01-11 02:00:00,5098.973736508489,243
243,0.0,0.4474426,0.6162697999999999,2030-01-11 03:00:00,5151.349008964175,244
244,0.0,0.4780392,0.6409315999999999,2030-01-11 04:00:00,5423.673865464034,245
245,0.0,0.4946566,0.6524274,2030-01-11 05:00:00,6446.991341382889,246
246,0.0,0.49364020000000003,0.6659698000000001,2030-01-11 06:00:00,7381.177063796117,247
247,0.0,0.5048695999999999,0.6786570000000001,2030-01-11 07:00:00,7830.10690097471,248
248,0.022,0.5203498,0.6865736,2030-01-11 08:00:00,7764.740176227968,249
249,0.079,0.5309446,0.6962485999999999,2030-01-11 09:00:00,7557.782106257015,250
250,0.147,0.5380054000000001,0.6931396,2030-01-11 10:00:00,7296.975973818458,251
251,0.184,0.538753,0.6836742000000001,2030-01-11 11:00:00,7079.460427182867,252
252,0.197,0.5393435999999999,0.6760619999999999,2030-01-11 12:00:00,6985.726979318022,253
253,0.125,0.534122,0.6630893999999999,2030-01-11 13:00:00,6893.844154115525,254
254,0.026,0.5164389999999999,0.6435894,2030-01-11 14:00:00,6859.374196628171,255
255,0.0,0.486897,0.6194613999999999,2030-01-11 15:00:00,7134.114955784278,256
256,0.0,0.43935879999999994,0.5833876,2030-01-11 16:00:00,7658.459734049005,257
257,0.0,0.37744140000000004,0.534399,2030-01-11 17:00:00,7585.126711638706,258
258,0.0,0.32199940000000005,0.4863251999999999,2030-01-11 18:00:00,7430.239847583705,259
259,0.0,0.2907996,0.4487068000000001,2030-01-11 19:00:00,7203.311801118643,260
260,0.0,0.2764506,0.41654859999999994,2030-01-11 20:00:00,6827.932896157867,261
261,0.0,0.26304960000000005,0.37974759999999996,2030-01-11 21:00:00,6357.5723622227415,262
262,0.0,0.2505242,0.34126900000000004,2030-01-11 22:00:00,6002.92421565416,263
263,0.0,0.24239280000000002,0.3110254,2030-01-11 23:00:00,5611.1567013829645,264
264,0.0,0.240836,0.2983586,2030-01-12 00:00:00,5511.835074754207,265
265,0.0,0.2520878,0.3030878,2030-01-12 01:00:00,5388.069513219798,266
266,0.0,0.26934779999999997,0.3210762,2030-01-12 02:00:00,5329.047917973556,267
267,0.0,0.27760379999999996,0.34254799999999996,2030-01-12 03:00:00,5382.184779140247,268
268,0.0,0.2783802,0.35549859999999994,2030-01-12 04:00:00,5655.164890862046,269
269,0.0,0.2850398,0.37130040000000003,2030-01-12 05:00:00,6647.953272624613,270
270,0.0,0.2798352,0.3932816,2030-01-12 06:00:00,7565.207078044496,271
271,0.0,0.2997336,0.4500816,2030-01-12 07:00:00,8027.340029602165,272
272,0.004,0.3311516,0.5133138,2030-01-12 08:00:00,7909.945976561936,273
273,0.011,0.33739660000000005,0.5533819999999999,2030-01-12 09:00:00,7696.0632939117095,274
274,0.02,0.3826592,0.5863846,2030-01-12 10:00:00,7433.679577588471,275
275,0.03,0.42048699999999994,0.5807546,2030-01-12 11:00:00,7135.4784757148445,276
276,0.032,0.438954,0.5866976,2030-01-12 12:00:00,6990.936001489211,277
277,0.015,0.4444832000000001,0.5921246,2030-01-12 13:00:00,6863.991960104523,278
278,0.001,0.4165592,0.5881452,2030-01-12 14:00:00,6825.71932405625,279
279,0.0,0.396568,0.5912580000000001,2030-01-12 15:00:00,6968.968280739977,280
280,0.0,0.4067862,0.6001362,2030-01-12 16:00:00,7407.215688852411,281
281,0.0,0.40085540000000003,0.595187,2030-01-12 17:00:00,7341.170762179967,282
282,0.0,0.38764,0.566622,2030-01-12 18:00:00,7135.327708909386,283
283,0.0,0.3652316,0.5413598000000001,2030-01-12 19:00:00,6870.711878207298,284
284,0.0,0.33304839999999997,0.5205088,2030-01-12 20:00:00,6504.421451647029,285
285,0.0,0.3149708,0.4947312000000001,2030-01-12 21:00:00,6068.510465000999,286
286,0.0,0.3110108,0.473041,2030-01-12 22:00:00,5690.330152686044,287
287,0.0,0.31365180000000004,0.45327,2030-01-12 23:00:00,5266.923536283994,288
288,0.0,0.30521940000000003,0.4413152,2030-01-13 00:00:00,5020.529148966232,289
289,0.0,0.3111154,0.4440936000000001,2030-01-13 01:00:00,4885.460161161574,290
290,0.0,0.331055,0.44894179999999995,2030-01-13 02:00:00,4830.81311636039,291
291,0.0,0.3650882,0.4678728,2030-01-13 03:00:00,4750.842025754608,292
292,0.0,0.3711624,0.5091935999999999,2030-01-13 04:00:00,4697.189830311504,293
293,0.0,0.381623,0.5779328,2030-01-13 05:00:00,5300.698390894898,294
294,0.0,0.41956000000000004,0.6451162,2030-01-13 06:00:00,6052.048069700379,295
295,0.0,0.48974219999999996,0.6690967999999999,2030-01-13 07:00:00,6607.959630718615,296
296,0.002,0.5531432000000001,0.6749795999999999,2030-01-13 08:00:00,6670.060473543698,297
297,0.016,0.6387048,0.7293982000000001,2030-01-13 09:00:00,6633.368498251852,298
298,0.033,0.6888626,0.799072,2030-01-13 10:00:00,6443.478109445288,299
299,0.034,0.7226378,0.840452,2030-01-13 11:00:00,6205.661143131615,300
300,0.044,0.7526576,0.8575244,2030-01-13 12:00:00,6120.169177416089,301
301,0.022,0.7705763999999999,0.8686102,2030-01-13 13:00:00,6063.851150305187,302
302,0.001,0.7794472000000001,0.8781776000000001,2030-01-13 14:00:00,6138.366230466958,303
303,0.0,0.7791083999999999,0.8832438,2030-01-13 15:00:00,6404.070405529386,304
304,0.0,0.7733097999999999,0.8809308,2030-01-13 16:00:00,6933.62403359,305
305,0.0,0.7742106000000001,0.8747856,2030-01-13 17:00:00,6938.801582436637,306
306,0.0,0.7763154,0.8737616000000001,2030-01-13 18:00:00,6826.156125950718,307
307,0.0,0.7602524,0.8741249999999999,2030-01-13 19:00:00,6693.137502524822,308
308,0.0,0.7516976000000001,0.874808,2030-01-13 20:00:00,6436.634524687608,309
309,0.0,0.7638501999999999,0.8753848,2030-01-13 21:00:00,6090.504192298001,310
310,0.0,0.7679412,0.8698338,2030-01-13 22:00:00,5882.4537630732175,311
311,0.0,0.751511,0.8623908,2030-01-13 23:00:00,5586.075925966772,312
312,0.0,0.7504832,0.8727817999999999,2030-01-14 00:00:00,5745.352225921458,313
313,0.0,0.7824378000000001,0.8933876,2030-01-14 01:00:00,5653.098538420282,314
314,0.0,0.8012115999999999,0.9131364,2030-01-14 02:00:00,5612.126127632404,315
315,0.0,0.7990999999999999,0.9192410000000001,2030-01-14 03:00:00,5578.7448952758095,316
316,0.0,0.7802476,0.9148676,2030-01-14 04:00:00,5531.566109044738,317
317,0.0,0.766715,0.9065474,2030-01-14 05:00:00,6149.536874479766,318
318,0.0,0.7568681999999999,0.8969644000000001,2030-01-14 06:00:00,6929.7387740460235,319
319,0.0,0.7444166,0.8888037999999998,2030-01-14 07:00:00,7499.92651489519,320
320,0.07,0.7303044000000001,0.8804128,2030-01-14 08:00:00,7589.918027033658,321
321,0.175,0.7312011999999999,0.8803996,2030-01-14 09:00:00,7418.656714199153,322
322,0.249,0.7465618,0.8867894000000002,2030-01-14 10:00:00,7161.979944541964,323
323,0.284,0.7715408,0.8921294,2030-01-14 11:00:00,6908.915668751179,324
324,0.246,0.7933868000000001,0.9013962,2030-01-14 12:00:00,6808.438723814511,325
325,0.149,0.8072535999999999,0.9118996000000001,2030-01-14 13:00:00,6781.885491098235,326
326,0.032,0.8108558,0.9160372000000001,2030-01-14 14:00:00,6839.388341656436,327
327,0.0,0.8014060000000001,0.9108268,2030-01-14 15:00:00,7175.498968100604,328
328,0.0,0.7800402,0.896232,2030-01-14 16:00:00,7807.977987358787,329
329,0.0,0.759609,0.8759342,2030-01-14 17:00:00,7816.791338794072,330
330,0.0,0.7360518,0.8456798000000001,2030-01-14 18:00:00,7680.427009251206,331
331,0.0,0.700035,0.8049882,2030-01-14 19:00:00,7472.36922199918,332
332,0.0,0.6458215999999999,0.7604766,2030-01-14 20:00:00,7124.713447305934,333
333,0.0,0.5961527999999999,0.7304342,2030-01-14 21:00:00,6654.531094926473,334
334,0.0,0.5527924,0.7020084,2030-01-14 22:00:00,6275.753540219988,335
335,0.0,0.5084882000000001,0.6779122000000001,2030-01-14 23:00:00,5879.562527908654,336
336,0.0,0.4692550000000001,0.6583173999999999,2030-01-15 00:00:00,5432.0046084525675,337
337,0.0,0.43911,0.6297732,2030-01-15 01:00:00,5310.238053007742,338
338,0.0,0.4086334,0.5863822000000001,2030-01-15 02:00:00,5273.158751440005,339
339,0.0,0.3789606,0.5408371999999999,2030-01-15 03:00:00,5327.473008970295,340
340,0.0,0.36394040000000005,0.5067790000000001,2030-01-15 04:00:00,5567.013507109679,341
341,0.0,0.3259058,0.4795404,2030-01-15 05:00:00,6629.452256174007,342
342,0.0,0.27875780000000006,0.48109399999999997,2030-01-15 06:00:00,7596.733558799465,343
343,0.0,0.2685344,0.513178,2030-01-15 07:00:00,8088.755135542563,344
344,0.002,0.29529520000000004,0.5508328,2030-01-15 08:00:00,8026.963523894629,345
345,0.007,0.3760128,0.5881094,2030-01-15 09:00:00,7813.521738541531,346
346,0.008,0.47785320000000003,0.6078015999999999,2030-01-15 10:00:00,7617.19556030752,347
347,0.016,0.5412062000000001,0.6426738000000001,2030-01-15 11:00:00,7486.509154503103,348
348,0.035,0.6418062,0.693329,2030-01-15 12:00:00,7455.208004178653,349
349,0.037,0.680607,0.7222397999999999,2030-01-15 13:00:00,7306.234206543739,350
350,0.008,0.6847177999999999,0.7280884000000001,2030-01-15 14:00:00,7118.853981503551,351
351,0.0,0.6693874,0.7140426000000001,2030-01-15 15:00:00,7257.995367377151,352
352,0.0,0.6514556,0.695389,2030-01-15 16:00:00,7702.3302539134675,353
353,0.0,0.6168764,0.7009626,2030-01-15 17:00:00,7596.103011365141,354
354,0.0,0.5627182000000001,0.6848574000000001,2030-01-15 18:00:00,7401.6169341064815,355
355,0.0,0.5114821999999999,0.63482,2030-01-15 19:00:00,7112.7583482077935,356
356,0.0,0.46563679999999996,0.5943224,2030-01-15 20:00:00,6674.093907027373,357
357,0.0,0.42690219999999995,0.571753,2030-01-15 21:00:00,6138.0758408659785,358
358,0.0,0.3990668,0.556161,2030-01-15 22:00:00,5710.740765838766,359
359,0.0,0.38268280000000005,0.5441004,2030-01-15 23:00:00,5300.422416486567,360
360,0.0,0.3692672,0.5292627999999999,2030-01-16 00:00:00,4999.631545278666,361
361,0.0,0.3749868,0.5216179999999999,2030-01-16 01:00:00,4868.347540374215,362
362,0.0,0.387412,0.5240828,2030-01-16 02:00:00,4843.114403565598,363
363,0.0,0.40141479999999996,0.5327606000000001,2030-01-16 03:00:00,4911.715856878274,364
364,0.0,0.4066988,0.5419476000000001,2030-01-16 04:00:00,5233.730724516716,365
365,0.0,0.41842440000000003,0.5506732,2030-01-16 05:00:00,6303.909513159548,366
366,0.0,0.44069059999999993,0.5653612,2030-01-16 06:00:00,7258.327978312476,367
367,0.0,0.48399380000000003,0.5956556,2030-01-16 07:00:00,7706.309263480429,368
368,0.002,0.5330754,0.639199,2030-01-16 08:00:00,7657.29024998414,369
369,0.006,0.573933,0.6854894,2030-01-16 09:00:00,7507.091239702817,370
370,0.008,0.6075504,0.7336424000000001,2030-01-16 10:00:00,7356.864416385035,371
371,0.01,0.6364928000000001,0.7668330000000001,2030-01-16 11:00:00,7194.454417336289,372
372,0.011,0.6511216,0.7746178,2030-01-16 12:00:00,7123.1765124327185,373
373,0.008,0.6817552,0.7939554,2030-01-16 13:00:00,7021.884980613061,374
374,0.001,0.7019312,0.8073446000000001,2030-01-16 14:00:00,6975.393081715574,375
375,0.0,0.7200614,0.7964032,2030-01-16 15:00:00,7134.694530453417,376
376,0.0,0.7345238000000001,0.7852832,2030-01-16 16:00:00,7509.719064231795,377
377,0.0,0.7348994,0.7703072000000001,2030-01-16 17:00:00,7430.544462669721,378
378,0.0,0.7116124,0.7405000000000002,2030-01-16 18:00:00,7248.96975257496,379
379,0.0,0.6685722,0.7273454,2030-01-16 19:00:00,6993.835923095288,380
380,0.0,0.627299,0.710153,2030-01-16 20:00:00,6607.799676690158,381
381,0.0,0.5984738,0.6825994,2030-01-16 21:00:00,6125.349563733118,382
382,0.0,0.5702148,0.6516822,2030-01-16 22:00:00,5724.635554341402,383
383,0.0,0.5351154,0.6056275999999999,2030-01-16 23:00:00,5341.806713345376,384
384,0.0,0.4910336,0.5530488000000001,2030-01-17 00:00:00,5527.78923070626,385
385,0.0,0.44598519999999997,0.5203046,2030-01-17 01:00:00,5418.334741708042,386
386,0.0,0.3947256,0.5081434,2030-01-17 02:00:00,5381.180459024681,387
387,0.0,0.36281260000000004,0.5232103999999999,2030-01-17 03:00:00,5460.928627195909,388
388,0.0,0.3437122,0.5363832,2030-01-17 04:00:00,5765.024314236463,389
389,0.0,0.33368319999999996,0.5261032,2030-01-17 05:00:00,6855.208062923393,390
390,0.0,0.32932179999999994,0.5105456,2030-01-17 06:00:00,7873.3446059480575,391
391,0.0,0.33917600000000003,0.5068572,2030-01-17 07:00:00,8405.507667135716,392
392,0.013,0.35780100000000004,0.5125488,2030-01-17 08:00:00,8373.338350729568,393
393,0.04,0.3641374,0.5225555999999999,2030-01-17 09:00:00,8179.797582031668,394
394,0.068,0.3563548,0.5254114000000001,2030-01-17 10:00:00,7936.117190676693,395
395,0.083,0.3445252,0.5345108,2030-01-17 11:00:00,7731.34707742863,396
396,0.065,0.3184182,0.5457442,2030-01-17 12:00:00,7680.88087939702,397
397,0.039,0.31198040000000005,0.5526503999999999,2030-01-17 13:00:00,7631.3888061663865,398
398,0.008,0.326262,0.554706,2030-01-17 14:00:00,7647.379944722199,399
399,0.0,0.370251,0.5537346,2030-01-17 15:00:00,7888.966540303736,400
400,0.0,0.39554800000000007,0.530799,2030-01-17 16:00:00,8399.949457253466,401
401,0.0,0.3961366,0.5097240000000001,2030-01-17 17:00:00,8365.292716212574,402
402,0.0,0.36538059999999994,0.47419639999999996,2030-01-17 18:00:00,8239.918406552148,403
403,0.0,0.34051220000000004,0.4207042,2030-01-17 19:00:00,8008.3281364934,404
404,0.0,0.3305846,0.41471739999999996,2030-01-17 20:00:00,7616.771130014807,405
405,0.0,0.3189448,0.43739239999999996,2030-01-17 21:00:00,7128.317887026717,406
406,0.0,0.3031579999999999,0.44611999999999996,2030-01-17 22:00:00,6757.3744660855045,407
407,0.0,0.2836276,0.44241639999999993,2030-01-17 23:00:00,6343.906953119786,408
408,0.0,0.26389260000000003,0.4347161999999999,2030-01-18 00:00:00,6413.369845700792,409
409,0.0,0.2462562,0.42455679999999996,2030-01-18 01:00:00,6328.265107535256,410
410,0.0,0.23084980000000002,0.4046112,2030-01-18 02:00:00,6319.707038448172,411
411,0.0,0.20410460000000002,0.36423140000000004,2030-01-18 03:00:00,6419.526958070497,412
412,0.0,0.1818148,0.32153,2030-01-18 04:00:00,6697.46090212875,413
413,0.0,0.1762766,0.2989354,2030-01-18 05:00:00,7822.042853624169,414
414,0.0,0.179412,0.2917954,2030-01-18 06:00:00,8879.952823484457,415
415,0.004,0.184026,0.28993879999999994,2030-01-18 07:00:00,9459.32333450684,416
416,0.159,0.1783034,0.28369600000000006,2030-01-18 08:00:00,9417.923282629275,417
417,0.289,0.16309639999999997,0.2704868,2030-01-18 09:00:00,8931.661407682617,418
418,0.351,0.150851,0.2607176,2030-01-18 10:00:00,8447.261971275826,419
419,0.343,0.149109,0.25811,2030-01-18 11:00:00,8093.77931238545,420
420,0.279,0.154746,0.25647760000000003,2030-01-18 12:00:00,7908.649024478862,421
421,0.177,0.1655092,0.2523008,2030-01-18 13:00:00,7740.179875240754,422
422,0.049,0.1816576,0.244465,2030-01-18 14:00:00,7652.029958200446,423
423,0.0,0.193602,0.23423639999999998,2030-01-18 15:00:00,7931.488471795485,424
424,0.0,0.19542360000000003,0.22526840000000004,2030-01-18 16:00:00,8599.19484142369,425
425,0.0,0.19154839999999998,0.21661919999999996,2030-01-18 17:00:00,8603.380392029332,426
426,0.0,0.1850144,0.20656500000000003,2030-01-18 18:00:00,8449.778056392799,427
427,0.0,0.1779962,0.19699919999999999,2030-01-18 19:00:00,8218.377302925375,428
428,0.0,0.17151639999999999,0.189734,2030-01-18 20:00:00,7789.298523746126,429
429,0.0,0.1676032,0.186248,2030-01-18 21:00:00,7255.504751447969,430
430,0.0,0.163997,0.18642999999999996,2030-01-18 22:00:00,6849.809289272247,431
431,0.0,0.15909619999999997,0.1904516,2030-01-18 23:00:00,6424.107505286517,432
432,0.0,0.151274,0.1918944,2030-01-19 00:00:00,6249.741128296757,433
433,0.0,0.1418692,0.1913082,2030-01-19 01:00:00,6156.897753664994,434
434,0.0,0.13257380000000002,0.18827939999999999,2030-01-19 02:00:00,6157.2273336698545,435
435,0.0,0.12265199999999998,0.1786992,2030-01-19 03:00:00,6249.569951045986,436
436,0.0,0.11231459999999997,0.16723760000000001,2030-01-19 04:00:00,6544.971089104667,437
437,0.0,0.1057906,0.160557,2030-01-19 05:00:00,7686.237729856859,438
438,0.0,0.10581560000000001,0.1608388,2030-01-19 06:00:00,8734.419759816466,439
439,0.0,0.11362019999999999,0.1696164,2030-01-19 07:00:00,9320.817474630561,440
440,0.024,0.12580260000000001,0.18701779999999998,2030-01-19 08:00:00,9222.904696797847,441
441,0.049,0.1296844,0.20600100000000002,2030-01-19 09:00:00,8787.075830785558,442
442,0.067,0.134737,0.2218256,2030-01-19 10:00:00,8308.666728044784,443
443,0.078,0.13580419999999999,0.2294988,2030-01-19 11:00:00,7890.127152589483,444
444,0.072,0.1327426,0.2233866,2030-01-19 12:00:00,7635.951111764642,445
445,0.045,0.13106559999999998,0.2097868,2030-01-19 13:00:00,7462.205054919181,446
446,0.011,0.1275074,0.1958888,2030-01-19 14:00:00,7414.032623881015,447
447,0.0,0.1280478,0.1866246,2030-01-19 15:00:00,7642.618765948044,448
448,0.0,0.13072840000000002,0.1825286,2030-01-19 16:00:00,8294.17352647177,449
449,0.0,0.1349966,0.1837774,2030-01-19 17:00:00,8298.523996093774,450
450,0.0,0.1453044,0.1886636,2030-01-19 18:00:00,8156.698023544583,451
451,0.0,0.1518074,0.19290300000000002,2030-01-19 19:00:00,7943.635347316869,452
452,0.0,0.1540656,0.19320180000000003,2030-01-19 20:00:00,7599.4928202599585,453
453,0.0,0.15555100000000002,0.1934258,2030-01-19 21:00:00,7173.941597179462,454
454,0.0,0.15732960000000001,0.1946056,2030-01-19 22:00:00,6808.023029211512,455
455,0.0,0.15572780000000003,0.19505399999999998,2030-01-19 23:00:00,6389.02866652939,456
456,0.0,0.1494912,0.1889136,2030-01-20 00:00:00,6200.846896483918,457
457,0.0,0.14140999999999998,0.17874240000000002,2030-01-20 01:00:00,6062.177218047383,458
458,0.0,0.13247219999999998,0.1673142,2030-01-20 02:00:00,5985.292394249377,459
459,0.0,0.11970640000000002,0.1500724,2030-01-20 03:00:00,5932.9181682827875,460
460,0.0,0.10384380000000001,0.13133599999999998,2030-01-20 04:00:00,5907.775610172871,461
461,0.0,0.0905554,0.11543,2030-01-20 05:00:00,6632.911356308225,462
462,0.0,0.0803112,0.102639,2030-01-20 06:00:00,7515.356533350743,463
463,0.002,0.0727684,0.0932812,2030-01-20 07:00:00,8142.386081049337,464
464,0.084,0.067096,0.0885928,2030-01-20 08:00:00,8207.059354519364,465
465,0.19,0.0627522,0.08767499999999999,2030-01-20 09:00:00,7898.258024226828,466
466,0.269,0.059836,0.0912226,2030-01-20 10:00:00,7528.19822387195,467
467,0.279,0.059885,0.0971484,2030-01-20 11:00:00,7194.157913096615,468
468,0.239,0.062459600000000004,0.1046206,2030-01-20 12:00:00,7006.76081709424,469
469,0.154,0.068317,0.11388799999999999,2030-01-20 13:00:00,6912.1714357242945,470
470,0.043,0.07837340000000001,0.12343420000000001,2030-01-20 14:00:00,6913.547060719017,471
471,0.0,0.0877008,0.1307406,2030-01-20 15:00:00,7173.586130436646,472
472,0.0,0.097926,0.1400998,2030-01-20 16:00:00,7888.246033431982,473
473,0.0,0.1106174,0.1536574,2030-01-20 17:00:00,7927.117236416001,474
474,0.0,0.12625,0.1711784,2030-01-20 18:00:00,7801.634175617218,475
475,0.0,0.145011,0.19330540000000002,2030-01-20 19:00:00,7626.692027567852,476
476,0.0,0.1649032,0.22058880000000003,2030-01-20 20:00:00,7333.002654527238,477
477,0.0,0.18705080000000002,0.25479419999999997,2030-01-20 21:00:00,6935.962164790506,478
478,0.0,0.21059900000000004,0.2900994,2030-01-20 22:00:00,6589.060901215473,479
479,0.0,0.23692220000000003,0.32860880000000003,2030-01-20 23:00:00,6208.496760672351,480
480,0.0,0.25666020000000006,0.3676846,2030-01-21 00:00:00,5891.8959192574475,481
481,0.0,0.28603259999999997,0.40594159999999996,2030-01-21 01:00:00,5739.749879460478,482
482,0.0,0.2928988,0.43936920000000007,2030-01-21 02:00:00,5638.32562786497,483
483,0.0,0.3075052,0.4591114,2030-01-21 03:00:00,5582.82671766729,484
484,0.0,0.3336978,0.47893220000000003,2030-01-21 04:00:00,5517.55516741219,485
485,0.0,0.3529806,0.49161399999999994,2030-01-21 05:00:00,6157.137945240549,486
486,0.0,0.3777084,0.49574759999999995,2030-01-21 06:00:00,6940.977904310412,487
487,0.0,0.395005,0.486632,2030-01-21 07:00:00,7479.129313620924,488
488,0.026,0.39077799999999996,0.47127299999999994,2030-01-21 08:00:00,7547.346870149965,489
489,0.077,0.3700956,0.44433940000000005,2030-01-21 09:00:00,7392.519981303036,490
490,0.127,0.3579477999999999,0.41732040000000004,2030-01-21 10:00:00,7152.687596879832,491
491,0.165,0.32519860000000006,0.3837862,2030-01-21 11:00:00,6859.643395674995,492
492,0.171,0.29312079999999996,0.350823,2030-01-21 12:00:00,6715.985883224721,493
493,0.125,0.280922,0.32513899999999996,2030-01-21 13:00:00,6645.264831168977,494
494,0.038,0.2758028,0.3021986,2030-01-21 14:00:00,6650.017741607244,495
495,0.0,0.25449599999999994,0.2745972,2030-01-21 15:00:00,6925.971591065558,496
496,0.0,0.2200272,0.24158939999999998,2030-01-21 16:00:00,7633.671305098209,497
497,0.0,0.1733334,0.2018488,2030-01-21 17:00:00,7704.685960177458,498
498,0.0,0.1258492,0.16569399999999998,2030-01-21 18:00:00,7634.225498176393,499
499,0.0,0.08524459999999998,0.13733040000000002,2030-01-21 19:00:00,7481.655685444728,500
500,0.0,0.059696800000000015,0.12098760000000001,2030-01-21 20:00:00,7174.891436139767,501
501,0.0,0.0477204,0.11630919999999997,2030-01-21 21:00:00,6768.816717450396,502
502,0.0,0.043783,0.1221172,2030-01-21 22:00:00,6435.024322936779,503
503,0.0,0.0478224,0.13717359999999998,2030-01-21 23:00:00,6084.9620866588175,504
504,0.0,0.05896839999999999,0.1577922,2030-01-22 00:00:00,6001.892130052167,505
505,0.0,0.075047,0.1827114,2030-01-22 01:00:00,5917.101846507331,506
506,0.0,0.0941326,0.2088296,2030-01-22 02:00:00,5904.164787805363,507
507,0.0,0.10853220000000001,0.23051159999999998,2030-01-22 03:00:00,5993.5786661191,508
508,0.0,0.11905099999999999,0.252703,2030-01-22 04:00:00,6287.185074381439,509
509,0.0,0.1281962,0.2773924,2030-01-22 05:00:00,7424.3575806299295,510
510,0.0,0.13766779999999998,0.30463300000000004,2030-01-22 06:00:00,8470.611687768105,511
511,0.0,0.1533164,0.337349,2030-01-22 07:00:00,9016.238791817374,512
512,0.02,0.1716166,0.37160960000000004,2030-01-22 08:00:00,8980.552977426141,513
513,0.053,0.19223980000000002,0.4031708,2030-01-22 09:00:00,8754.0294541573,514
514,0.084,0.21791,0.4270054,2030-01-22 10:00:00,8492.43231189686,515
515,0.113,0.2437948,0.44469580000000003,2030-01-22 11:00:00,8247.60312876748,516
516,0.105,0.25726340000000003,0.4544102,2030-01-22 12:00:00,8151.708532490869,517
517,0.075,0.25976239999999995,0.4603847999999999,2030-01-22 13:00:00,8024.2893118874035,518
518,0.024,0.2825934,0.47243,2030-01-22 14:00:00,7911.222119572015,519
519,0.0,0.31593459999999995,0.49928999999999996,2030-01-22 15:00:00,8080.626443779367,520
520,0.0,0.3450418,0.5259556,2030-01-22 16:00:00,8641.339925984947,521
521,0.0,0.3689756,0.545538,2030-01-22 17:00:00,8589.811796433794,522
522,0.0,0.37902,0.554833,2030-01-22 18:00:00,8445.60480087869,523
523,0.0,0.38429,0.553467,2030-01-22 19:00:00,8187.286814798068,524
524,0.0,0.37782639999999995,0.542562,2030-01-22 20:00:00,7777.956982423957,525
525,0.0,0.36565499999999995,0.5263938,2030-01-22 21:00:00,7250.425301189553,526
526,0.0,0.3500812,0.5051808,2030-01-22 22:00:00,6852.234387690796,527
527,0.0,0.3287908,0.4803408,2030-01-22 23:00:00,6465.639549561172,528
528,0.0,0.30958080000000004,0.4583456,2030-01-23 00:00:00,6484.812060119963,529
529,0.0,0.29496,0.43823559999999995,2030-01-23 01:00:00,6396.118322690393,530
530,0.0,0.2867302,0.4235106,2030-01-23 02:00:00,6403.418760884606,531
531,0.0,0.2775476,0.41125819999999996,2030-01-23 03:00:00,6504.910035710898,532
532,0.0,0.2741638,0.404135,2030-01-23 04:00:00,6821.0430148722935,533
533,0.0,0.2782264,0.40298919999999994,2030-01-23 05:00:00,7982.855900395859,534
534,0.0,0.2756566,0.39857739999999997,2030-01-23 06:00:00,9069.667907278335,535
535,0.002,0.2678172,0.38708200000000004,2030-01-23 07:00:00,9668.18329715056,536
536,0.045,0.2626914,0.37046300000000004,2030-01-23 08:00:00,9616.968870450193,537
537,0.095,0.250366,0.344968,2030-01-23 09:00:00,9291.840739936155,538
538,0.127,0.22319719999999998,0.30959519999999996,2030-01-23 10:00:00,8966.984029720605,539
539,0.138,0.1953522,0.274297,2030-01-23 11:00:00,8676.774749068092,540
540,0.128,0.1729954,0.247086,2030-01-23 12:00:00,8553.150788093415,541
541,0.09,0.159454,0.2295522,2030-01-23 13:00:00,8431.72687399943,542
542,0.03,0.15503419999999998,0.22378299999999998,2030-01-23 14:00:00,8322.199875317538,543
543,0.0,0.16889800000000002,0.2349154,2030-01-23 15:00:00,8487.63679154136,544
544,0.0,0.1815836,0.24861120000000003,2030-01-23 16:00:00,9117.089474662618,545
545,0.0,0.1848536,0.2565026,2030-01-23 17:00:00,9148.741119584942,546
546,0.0,0.1830112,0.2585628,2030-01-23 18:00:00,9017.275556095885,547
547,0.0,0.1797996,0.255284,2030-01-23 19:00:00,8781.24395684888,548
548,0.0,0.1770784,0.2495758,2030-01-23 20:00:00,8369.374852328267,549
549,0.0,0.182113,0.249153,2030-01-23 21:00:00,7827.740531658394,550
550,0.0,0.1854178,0.2492938,2030-01-23 22:00:00,7366.500056459039,551
551,0.0,0.1794942,0.24189480000000002,2030-01-23 23:00:00,6896.6139910766215,552
552,0.0,0.1670984,0.22776939999999998,2030-01-24 00:00:00,6815.740338538215,553
553,0.0,0.1545938,0.21314019999999995,2030-01-24 01:00:00,6688.178596596859,554
554,0.0,0.1443068,0.1998632,2030-01-24 02:00:00,6653.480163061405,555
555,0.0,0.1330646,0.1848608,2030-01-24 03:00:00,6750.7687065309,556
556,0.0,0.1243258,0.1739524,2030-01-24 04:00:00,7076.6024695622655,557
557,0.0,0.12318860000000001,0.1755976,2030-01-24 05:00:00,8248.404576090412,558
558,0.0,0.1282984,0.18565139999999997,2030-01-24 06:00:00,9361.938160922016,559
559,0.006,0.1383454,0.2012552,2030-01-24 07:00:00,9975.111143488311,560
560,0.077,0.14546399999999998,0.21378499999999998,2030-01-24 08:00:00,9945.958134786822,561
561,0.161,0.145353,0.21421099999999998,2030-01-24 09:00:00,9676.778308169682,562
562,0.231,0.1410288,0.20512560000000005,2030-01-24 10:00:00,9371.07513295747,563
563,0.267,0.1261738,0.1879336,2030-01-24 11:00:00,9125.407305029914,564
564,0.233,0.10798159999999998,0.1682522,2030-01-24 12:00:00,9008.760135088822,565
565,0.149,0.092058,0.1516924,2030-01-24 13:00:00,8880.353706128126,566
566,0.043,0.0830348,0.13967859999999999,2030-01-24 14:00:00,8797.189062478205,567
567,0.0,0.084389,0.1380092,2030-01-24 15:00:00,8880.096836139786,568
568,0.0,0.088794,0.1436868,2030-01-24 16:00:00,9394.786074614705,569
569,0.0,0.091643,0.15408919999999998,2030-01-24 17:00:00,9343.519382091123,570
570,0.0,0.08964140000000001,0.1599278,2030-01-24 18:00:00,9195.104061759524,571
571,0.0,0.08189260000000001,0.1577924,2030-01-24 19:00:00,8947.156245396807,572
572,0.0,0.0700896,0.14894999999999997,2030-01-24 20:00:00,8501.387761269882,573
573,0.0,0.05694699999999999,0.136284,2030-01-24 21:00:00,7939.842525010647,574
574,0.0,0.0464546,0.12272920000000001,2030-01-24 22:00:00,7491.259271981756,575
575,0.0,0.0375846,0.1099016,2030-01-24 23:00:00,7034.598442329738,576
576,0.0,0.0313576,0.1011484,2030-01-25 00:00:00,6883.4916372474745,577
577,0.0,0.0265668,0.09567220000000001,2030-01-25 01:00:00,6774.502321135499,578
578,0.0,0.0232896,0.0923096,2030-01-25 02:00:00,6755.974632837331,579
579,0.0,0.02314,0.09517260000000001,2030-01-25 03:00:00,6849.088277739396,580
580,0.0,0.025624800000000003,0.10344799999999998,2030-01-25 04:00:00,7173.897237632049,581
581,0.0,0.0297176,0.1144344,2030-01-25 05:00:00,8357.82322206957,582
582,0.0,0.0352856,0.126164,2030-01-25 06:00:00,9486.121406973893,583
583,0.003,0.041928,0.14282100000000003,2030-01-25 07:00:00,10110.077857852431,584
584,0.04,0.047749799999999995,0.1629408,2030-01-25 08:00:00,10074.889798480968,585
585,0.072,0.05360620000000001,0.1867588,2030-01-25 09:00:00,9751.504177249895,586
586,0.08,0.06714600000000001,0.2151066,2030-01-25 10:00:00,9419.540671350316,587
587,0.07,0.0844942,0.2506074,2030-01-25 11:00:00,9149.583637330277,588
588,0.049,0.10523400000000001,0.2901816,2030-01-25 12:00:00,9017.241028768372,589
589,0.029,0.1304242,0.3285,2030-01-25 13:00:00,8875.234538461253,590
590,0.009,0.160718,0.36324900000000004,2030-01-25 14:00:00,8789.303810606565,591
591,0.0,0.18717920000000002,0.3910892,2030-01-25 15:00:00,8874.87087116506,592
592,0.0,0.2166462,0.403919,2030-01-25 16:00:00,9391.107605450488,593
593,0.0,0.24398499999999998,0.3890904,2030-01-25 17:00:00,9359.355954929557,594
594,0.0,0.2671882,0.37801819999999997,2030-01-25 18:00:00,9214.33558249956,595
595,0.0,0.2771844,0.38014840000000005,2030-01-25 19:00:00,8979.630504926998,596
596,0.0,0.28837520000000005,0.3652902,2030-01-25 20:00:00,8543.66335988907,597
597,0.0,0.2943602,0.3287062,2030-01-25 21:00:00,7976.381036185316,598
598,0.0,0.27707160000000003,0.2954022,2030-01-25 22:00:00,7490.878138107446,599
599,0.0,0.23833980000000002,0.2804678,2030-01-25 23:00:00,7018.694468150627,600
600,0.0,0.19649899999999998,0.2918784,2030-01-26 00:00:00,6525.363503809487,601
601,0.0,0.1692928,0.2840754,2030-01-26 01:00:00,6373.534182318408,602
602,0.0,0.15713159999999998,0.2691378,2030-01-26 02:00:00,6306.226018275048,603
603,0.0,0.1500734,0.2563456,2030-01-26 03:00:00,6362.15749691491,604
604,0.0,0.1535386,0.2450078,2030-01-26 04:00:00,6621.34928930296,605
605,0.0,0.1512644,0.22334459999999998,2030-01-26 05:00:00,7701.46859534228,606
606,0.0,0.142313,0.1965804,2030-01-26 06:00:00,8716.73222248584,607
607,0.0,0.13738,0.1786364,2030-01-26 07:00:00,9220.213728956505,608
608,0.008,0.12966380000000002,0.1710992,2030-01-26 08:00:00,9112.982998461814,609
609,0.02,0.12014720000000001,0.1687734,2030-01-26 09:00:00,8786.884314860179,610
610,0.032,0.10951219999999999,0.1655212,2030-01-26 10:00:00,8418.856635687418,611
611,0.035,0.1030446,0.1665892,2030-01-26 11:00:00,8041.93149002187,612
612,0.027,0.0991794,0.17200260000000003,2030-01-26 12:00:00,7830.453351134232,613
613,0.014,0.10084299999999999,0.18597619999999998,2030-01-26 13:00:00,7684.835189704578,614
614,0.003,0.10858319999999999,0.21145260000000002,2030-01-26 14:00:00,7626.59391501402,615
615,0.0,0.1299406,0.2550744,2030-01-26 15:00:00,7778.915580735855,616
616,0.0,0.16039940000000003,0.3065648,2030-01-26 16:00:00,8274.196860118356,617
617,0.0,0.2022456,0.35365079999999993,2030-01-26 17:00:00,8233.19415686421,618
618,0.0,0.2468912,0.39459160000000004,2030-01-26 18:00:00,8038.8302725207095,619
619,0.0,0.28088860000000004,0.4297368,2030-01-26 19:00:00,7776.148687378369,620
620,0.0,0.31281780000000003,0.4644247999999999,2030-01-26 20:00:00,7393.819254138446,621
621,0.0,0.33920380000000006,0.49176380000000003,2030-01-26 21:00:00,6927.5496564925015,622
622,0.0,0.351557,0.5074288,2030-01-26 22:00:00,6573.967922988808,623
623,0.0,0.3696948,0.5170975999999999,2030-01-26 23:00:00,6137.465733798068,624
624,0.0,0.387282,0.5303436,2030-01-27 00:00:00,5789.684381647966,625
625,0.0,0.3958832,0.535244,2030-01-27 01:00:00,5632.059481568237,626
626,0.0,0.4077242,0.552341,2030-01-27 02:00:00,5531.278567530217,627
627,0.0,0.41988699999999995,0.5685024000000001,2030-01-27 03:00:00,5457.8155576223335,628
628,0.0,0.421891,0.585562,2030-01-27 04:00:00,5400.175075719926,629
629,0.0,0.426248,0.597942,2030-01-27 05:00:00,6050.990704504247,630
630,0.0,0.4237516,0.605219,2030-01-27 06:00:00,6875.480690956042,631
631,0.0,0.41469120000000004,0.6014006,2030-01-27 07:00:00,7432.8708321314425,632
632,0.004,0.3948396,0.5937824,2030-01-27 08:00:00,7492.881818094102,633
633,0.013,0.3628044,0.5682758,2030-01-27 09:00:00,7410.126144590084,634
634,0.021,0.3283552,0.5326972,2030-01-27 10:00:00,7234.488793864115,635
635,0.026,0.287388,0.49223719999999993,2030-01-27 11:00:00,7011.8138556297035,636
636,0.025,0.25173619999999997,0.4541812,2030-01-27 12:00:00,6915.177664495118,637
637,0.017,0.2272806,0.4348364,2030-01-27 13:00:00,6847.158148559176,638
638,0.004,0.21657880000000002,0.4294356,2030-01-27 14:00:00,6820.152835625897,639
639,0.0,0.21739860000000003,0.43338219999999994,2030-01-27 15:00:00,6966.53692996069,640
640,0.0,0.21314539999999998,0.4323228,2030-01-27 16:00:00,7431.972493097172,641
641,0.0,0.2020816,0.4178732,2030-01-27 17:00:00,7430.418730320149,642
642,0.0,0.183649,0.394671,2030-01-27 18:00:00,7299.119599297919,643
643,0.0,0.16172939999999997,0.3695246,2030-01-27 19:00:00,7104.0746996731905,644
644,0.0,0.14241920000000002,0.3459262,2030-01-27 20:00:00,6796.197589716379,645
645,0.0,0.1273514,0.32772439999999997,2030-01-27 21:00:00,6407.578440423267,646
646,0.0,0.11821579999999998,0.31292939999999997,2030-01-27 22:00:00,6078.341103115903,647
647,0.0,0.1159524,0.3048844,2030-01-27 23:00:00,5671.694901776744,648
648,0.0,0.1175676,0.2980606,2030-01-28 00:00:00,5581.902909729293,649
649,0.0,0.1209668,0.290181,2030-01-28 01:00:00,5435.250164706395,650
650,0.0,0.1291406,0.28309860000000003,2030-01-28 02:00:00,5360.791125625493,651
651,0.0,0.1371636,0.2788268,2030-01-28 03:00:00,5311.8196668216515,652
652,0.0,0.14443679999999998,0.2829734,2030-01-28 04:00:00,5275.624771104256,653
653,0.0,0.1540396,0.3010546,2030-01-28 05:00:00,5950.503953512246,654
654,0.0,0.166662,0.31671119999999997,2030-01-28 06:00:00,6788.931282140335,655
655,0.0,0.1776116,0.32028059999999997,2030-01-28 07:00:00,7386.0501151259305,656
656,0.012,0.176808,0.3204214,2030-01-28 08:00:00,7471.019588570103,657
657,0.034,0.1723842,0.3140722,2030-01-28 09:00:00,7392.629132755433,658
658,0.05,0.17899500000000002,0.302665,2030-01-28 10:00:00,7228.095410200423,659
659,0.051,0.1836116,0.29419760000000006,2030-01-28 11:00:00,6982.526877616664,660
660,0.042,0.1902988,0.29195160000000003,2030-01-28 12:00:00,6953.485290930483,661
661,0.024,0.1991388,0.29495940000000004,2030-01-28 13:00:00,6944.4654503189695,662
662,0.007,0.208031,0.3019924,2030-01-28 14:00:00,6949.126665202059,663
663,0.0,0.20954820000000002,0.3076746,2030-01-28 15:00:00,7180.5632858456665,664
664,0.0,0.21501160000000002,0.309341,2030-01-28 16:00:00,7812.37109269935,665
665,0.0,0.21772740000000002,0.30113639999999997,2030-01-28 17:00:00,7898.839076902952,666
666,0.0,0.223308,0.2901866,2030-01-28 18:00:00,7832.5962619031225,667
667,0.0,0.22756059999999997,0.28497999999999996,2030-01-28 19:00:00,7649.2917876559295,668
668,0.0,0.2300326,0.289522,2030-01-28 20:00:00,7329.831425374587,669
669,0.0,0.2272502,0.29341779999999995,2030-01-28 21:00:00,6919.757018991246,670
670,0.0,0.21333700000000003,0.2904192,2030-01-28 22:00:00,6583.032165160059,671
671,0.0,0.1969808,0.28264839999999997,2030-01-28 23:00:00,6236.64157407592,672
672,0.0,0.1806106,0.2702,2030-01-29 00:00:00,6192.197331466899,673
673,0.0,0.1643798,0.25172859999999997,2030-01-29 01:00:00,6129.496347506854,674
674,0.0,0.1541892,0.2313926,2030-01-29 02:00:00,6130.905424263192,675
675,0.0,0.14554720000000002,0.209736,2030-01-29 03:00:00,6248.584604833977,676
676,0.0,0.13435460000000005,0.1894814,2030-01-29 04:00:00,6586.439619605258,677
677,0.0,0.127237,0.1775388,2030-01-29 05:00:00,7761.937302536852,678
678,0.0,0.1274664,0.1735926,2030-01-29 06:00:00,8857.692261861008,679
679,0.02,0.13341980000000003,0.17848360000000002,2030-01-29 07:00:00,9426.107650593764,680
680,0.11,0.13717059999999998,0.1877802,2030-01-29 08:00:00,9329.572561257115,681
681,0.177,0.13671640000000002,0.2002526,2030-01-29 09:00:00,8835.245593226335,682
682,0.206,0.1348714,0.2134224,2030-01-29 10:00:00,8416.618856719406,683
683,0.195,0.1341754,0.2234714,2030-01-29 11:00:00,8089.697495109742,684
684,0.158,0.1381818,0.22861979999999998,2030-01-29 12:00:00,7921.756424642497,685
685,0.092,0.1337418,0.22523060000000003,2030-01-29 13:00:00,7753.436368429855,686
686,0.031,0.140722,0.21927400000000002,2030-01-29 14:00:00,7635.0714019872175,687
687,0.0,0.1544756,0.21656140000000001,2030-01-29 15:00:00,7807.977833943922,688
688,0.0,0.1660406,0.21893820000000003,2030-01-29 16:00:00,8449.191261390908,689
689,0.0,0.16857680000000003,0.22342900000000002,2030-01-29 17:00:00,8477.30302166265,690
690,0.0,0.1710672,0.23137339999999998,2030-01-29 18:00:00,8310.070148577386,691
691,0.0,0.1744992,0.24223060000000002,2030-01-29 19:00:00,8043.37599889653,692
692,0.0,0.1718072,0.24604120000000002,2030-01-29 20:00:00,7608.9902709781045,693
693,0.0,0.17269420000000002,0.2517274,2030-01-29 21:00:00,7043.365782528203,694
694,0.0,0.17335319999999999,0.2624062,2030-01-29 22:00:00,6618.127536265594,695
695,0.0,0.16360740000000001,0.2681708,2030-01-29 23:00:00,6207.604764237129,696
696,0.0,0.15604080000000004,0.27234300000000006,2030-01-30 00:00:00,5983.44951217347,697
697,0.0,0.15205259999999998,0.2793488,2030-01-30 01:00:00,5897.236019063837,698
698,0.0,0.146222,0.2891758,2030-01-30 02:00:00,5910.107546783145,699
699,0.0,0.14560579999999998,0.29333220000000004,2030-01-30 03:00:00,6051.586203789758,700
700,0.0,0.15570840000000002,0.3017624,2030-01-30 04:00:00,6385.683957309084,701
701,0.0,0.1662692,0.31952440000000004,2030-01-30 05:00:00,7567.535518650328,702
702,0.0,0.185584,0.34271140000000005,2030-01-30 06:00:00,8636.757105349625,703
703,0.007,0.20168160000000004,0.3615866,2030-01-30 07:00:00,9183.174551921633,704
704,0.052,0.212711,0.3706184,2030-01-30 08:00:00,9071.632362459983,705
705,0.108,0.2140006,0.37209640000000005,2030-01-30 09:00:00,8672.501669232732,706
706,0.167,0.21946680000000002,0.3748334,2030-01-30 10:00:00,8307.84829031646,707
707,0.194,0.23328859999999998,0.3772854,2030-01-30 11:00:00,8022.767772043423,708
708,0.165,0.23801200000000003,0.3850576,2030-01-30 12:00:00,7911.36864071438,709
709,0.095,0.2637336,0.4070678,2030-01-30 13:00:00,7786.000876729227,710
710,0.031,0.3022492,0.44308040000000004,2030-01-30 14:00:00,7670.583679407879,711
711,0.0,0.3381556,0.48082539999999996,2030-01-30 15:00:00,7815.76417465074,712
712,0.0,0.3634862,0.5156182,2030-01-30 16:00:00,8444.97400267368,713
713,0.0,0.38961579999999996,0.5533656,2030-01-30 17:00:00,8468.801248802112,714
714,0.0,0.4173432,0.5859482,2030-01-30 18:00:00,8322.608161740838,715
715,0.0,0.438861,0.6060190000000001,2030-01-30 19:00:00,8072.985738971409,716
716,0.0,0.45042980000000005,0.617669,2030-01-30 20:00:00,7650.077512569042,717
717,0.0,0.45169880000000007,0.6168980000000001,2030-01-30 21:00:00,7119.387448878864,718
718,0.0,0.44850260000000003,0.6115427999999999,2030-01-30 22:00:00,6708.040528201272,719
719,0.0,0.4429253999999999,0.6001724,2030-01-30 23:00:00,6287.060358471517,720
720,0.0,0.439583,0.5894978,2030-01-31 00:00:00,6123.458715761299,721
721,0.0,0.438022,0.5815148000000001,2030-01-31 01:00:00,6021.089177928881,722
722,0.0,0.43498739999999997,0.5774994,2030-01-31 02:00:00,6001.427801033953,723
723,0.0,0.4375566,0.574965,2030-01-31 03:00:00,6074.761575151096,724
724,0.0,0.4370474,0.5732662000000001,2030-01-31 04:00:00,6378.855000857673,725
725,0.0,0.42260539999999996,0.5662962,2030-01-31 05:00:00,7504.110988943688,726
726,0.0,0.4081352,0.5555614,2030-01-31 06:00:00,8534.159698237605,727
727,0.003,0.3925078,0.5420212,2030-01-31 07:00:00,9075.567800956325,728
728,0.029,0.363982,0.5164828,2030-01-31 08:00:00,9029.15731341984,729
729,0.064,0.3441476,0.488803,2030-01-31 09:00:00,8782.48697735426,730
730,0.086,0.32211900000000004,0.4658934,2030-01-31 10:00:00,8536.035089961217,731
731,0.091,0.3017886,0.4457154000000001,2030-01-31 11:00:00,8276.583840920457,732
732,0.09,0.2878984,0.4277004,2030-01-31 12:00:00,8132.395353606692,733
733,0.061,0.2569858,0.4081048,2030-01-31 13:00:00,8009.786842197057,734
734,0.026,0.2369698,0.39168159999999996,2030-01-31 14:00:00,7863.943323600659,735
735,0.0,0.240322,0.3890936,2030-01-31 15:00:00,7923.491829773871,736
736,0.0,0.2365494,0.3873428,2030-01-31 16:00:00,8442.261912919188,737
737,0.0,0.227485,0.38810639999999996,2030-01-31 17:00:00,8454.016710365177,738
738,0.0,0.2203446,0.3861854,2030-01-31 18:00:00,8306.177238517093,739
739,0.0,0.2147246,0.3816012,2030-01-31 19:00:00,8055.731483931577,740
740,0.0,0.2003444,0.3721364,2030-01-31 20:00:00,7646.839963642,741
741,0.0,0.1876118,0.3614524,2030-01-31 21:00:00,7089.348082802298,742
742,0.0,0.1767884,0.3464146,2030-01-31 22:00:00,6674.475950177324,743
743,0.0,0.16825220000000002,0.32731000000000005,2030-01-31 23:00:00,6240.186272074646,744
744,0.0,0.16034739999999997,0.3107998,2030-02-01 00:00:00,5687.911640383178,745
745,0.0,0.16350320000000002,0.30654080000000006,2030-02-01 01:00:00,5564.418729837749,746
746,0.0,0.1798528,0.3160888,2030-02-01 02:00:00,5525.135418997837,747
747,0.0,0.20283259999999997,0.3326478,2030-02-01 03:00:00,5614.211938523161,748
748,0.0,0.2217016,0.3532114,2030-02-01 04:00:00,5925.170376071263,749
749,0.0,0.24074520000000002,0.37530460000000004,2030-02-01 05:00:00,7061.929665467802,750
750,0.0,0.2543496,0.3904804,2030-02-01 06:00:00,8044.033378876089,751
751,0.015,0.26597020000000005,0.4039688,2030-02-01 07:00:00,8495.664272469696,752
752,0.096,0.2745568,0.40977040000000003,2030-02-01 08:00:00,8489.09080180857,753
753,0.198,0.2762802,0.40236679999999997,2030-02-01 09:00:00,8176.269164062133,754
754,0.278,0.29643260000000005,0.3961158,2030-02-01 10:00:00,7883.846033716158,755
755,0.243,0.29315599999999997,0.38692099999999996,2030-02-01 11:00:00,7607.730757793144,756
756,0.179,0.2828434,0.37977279999999997,2030-02-01 12:00:00,7488.413881242496,757
757,0.109,0.2686242,0.37879960000000007,2030-02-01 13:00:00,7364.176102378767,758
758,0.037,0.26732880000000003,0.3854506,2030-02-01 14:00:00,7244.2500110304245,759
759,0.0,0.2690916,0.39251,2030-02-01 15:00:00,7309.4928840262555,760
760,0.0,0.2579924,0.38483539999999994,2030-02-01 16:00:00,7925.3927381683825,761
761,0.0,0.236686,0.3635936,2030-02-01 17:00:00,8011.798805060649,762
762,0.0,0.2161222,0.3335806,2030-02-01 18:00:00,7849.831915723476,763
763,0.0,0.20241220000000001,0.31153859999999994,2030-02-01 19:00:00,7568.704333343503,764
764,0.0,0.19307259999999998,0.2897198,2030-02-01 20:00:00,7132.686942391346,765
765,0.0,0.1824058,0.2701026,2030-02-01 21:00:00,6592.698476221236,766
766,0.0,0.17043979999999997,0.2490072,2030-02-01 22:00:00,6169.553569949992,767
767,0.0,0.1551534,0.23004800000000003,2030-02-01 23:00:00,5747.294801166386,768
768,0.0,0.14984780000000003,0.22340560000000004,2030-02-02 00:00:00,5586.985447827824,769
769,0.0,0.1545278,0.22546180000000002,2030-02-02 01:00:00,5466.604735617834,770
770,0.0,0.1656656,0.23618139999999999,2030-02-02 02:00:00,5435.650324857674,771
771,0.0,0.169416,0.242653,2030-02-02 03:00:00,5508.715488564135,772
772,0.0,0.16324000000000002,0.24201060000000005,2030-02-02 04:00:00,5781.521545112004,773
773,0.0,0.1581104,0.242997,2030-02-02 05:00:00,6891.126329931711,774
774,0.0,0.1585416,0.24967099999999998,2030-02-02 06:00:00,7849.448717356899,775
775,0.008,0.16400720000000002,0.2529572,2030-02-02 07:00:00,8298.251619419267,776
776,0.054,0.1569908,0.249137,2030-02-02 08:00:00,8297.142827401967,777
777,0.105,0.1479816,0.24410820000000003,2030-02-02 09:00:00,8054.1545192178255,778
778,0.153,0.15471819999999997,0.2514514,2030-02-02 10:00:00,7744.695673351495,779
779,0.166,0.1625578,0.25594700000000004,2030-02-02 11:00:00,7411.662080759341,780
780,0.138,0.1660232,0.256441,2030-02-02 12:00:00,7192.556926677371,781
781,0.075,0.16653579999999998,0.25496379999999996,2030-02-02 13:00:00,7078.373623342857,782
782,0.023,0.1733558,0.25200839999999997,2030-02-02 14:00:00,7022.939725376894,783
783,0.0,0.18406519999999998,0.2462122,2030-02-02 15:00:00,7123.417760816392,784
784,0.0,0.1832548,0.2359426,2030-02-02 16:00:00,7664.113178960593,785
785,0.0,0.172478,0.2249104,2030-02-02 17:00:00,7711.7660679169185,786
786,0.0,0.1625906,0.21653119999999998,2030-02-02 18:00:00,7519.840942774408,787
787,0.0,0.1573402,0.215672,2030-02-02 19:00:00,7262.243751637521,788
788,0.0,0.16272899999999998,0.2216014,2030-02-02 20:00:00,6891.754021941053,789
789,0.0,0.1766938,0.23933379999999999,2030-02-02 21:00:00,6443.6793616682335,790
790,0.0,0.1893318,0.2628794,2030-02-02 22:00:00,6045.850036963184,791
791,0.0,0.19494799999999998,0.27783159999999996,2030-02-02 23:00:00,5609.623910707369,792
792,0.0,0.1953874,0.2862974,2030-02-03 00:00:00,5469.621808918317,793
793,0.0,0.2051968,0.29475379999999995,2030-02-03 01:00:00,5322.293670179251,794
794,0.0,0.22136079999999997,0.29923299999999997,2030-02-03 02:00:00,5240.568893148923,795
795,0.0,0.23348719999999998,0.295295,2030-02-03 03:00:00,5184.791922570597,796
796,0.0,0.2382304,0.2799136,2030-02-03 04:00:00,5135.267421535361,797
797,0.0,0.2290124,0.258608,2030-02-03 05:00:00,5831.11825780164,798
798,0.0,0.2070468,0.2334736,2030-02-03 06:00:00,6655.565677112719,799
799,0.023,0.1869148,0.21229559999999997,2030-02-03 07:00:00,7218.6447262487,800
800,0.134,0.164545,0.19914199999999999,2030-02-03 08:00:00,7315.9924309890375,801
801,0.291,0.14347139999999997,0.1914476,2030-02-03 09:00:00,7061.434458007202,802
802,0.35,0.13784180000000004,0.18888560000000001,2030-02-03 10:00:00,6817.280703943916,803
803,0.356,0.137882,0.1953958,2030-02-03 11:00:00,6559.141849743821,804
804,0.297,0.14094620000000002,0.20577600000000001,2030-02-03 12:00:00,6430.651449718411,805
805,0.196,0.1361174,0.20955620000000003,2030-02-03 13:00:00,6367.585220660287,806
806,0.084,0.1330492,0.21233139999999998,2030-02-03 14:00:00,6319.803919244539,807
807,0.005,0.138704,0.21082080000000003,2030-02-03 15:00:00,6438.453221555458,808
808,0.0,0.13805499999999998,0.1988684,2030-02-03 16:00:00,7193.690509701002,809
809,0.0,0.1340788,0.1834158,2030-02-03 17:00:00,7423.701718992753,810
810,0.0,0.1306134,0.174841,2030-02-03 18:00:00,7301.706457877652,811
811,0.0,0.1306466,0.1860504,2030-02-03 19:00:00,7135.415692016041,812
812,0.0,0.13209559999999998,0.20229219999999998,2030-02-03 20:00:00,6831.609121463052,813
813,0.0,0.13754159999999999,0.226544,2030-02-03 21:00:00,6456.876865577178,814
814,0.0,0.1468458,0.24807460000000003,2030-02-03 22:00:00,6128.712775622034,815
815,0.0,0.156916,0.265366,2030-02-03 23:00:00,5747.275051554166,816
816,0.0,0.16806320000000002,0.2832384,2030-02-04 00:00:00,5560.089748063676,817
817,0.0,0.18983719999999998,0.3164286,2030-02-04 01:00:00,5418.271474169699,818
818,0.0,0.23415179999999997,0.3475692,2030-02-04 02:00:00,5314.72903663048,819
819,0.0,0.2606664,0.35919539999999994,2030-02-04 03:00:00,5231.39981178351,820
820,0.0,0.2789584,0.37231080000000005,2030-02-04 04:00:00,5143.69260898539,821
821,0.0,0.304174,0.38968959999999997,2030-02-04 05:00:00,5784.231481776707,822
822,0.0,0.3391124,0.4261844000000001,2030-02-04 06:00:00,6554.669805666739,823
823,0.009,0.3934316,0.47718679999999997,2030-02-04 07:00:00,7100.425441799076,824
824,0.041,0.4226808,0.5237252,2030-02-04 08:00:00,7185.288952800205,825
825,0.049,0.44727459999999997,0.5737554,2030-02-04 09:00:00,7087.85790570606,826
826,0.041,0.48278360000000003,0.6228756,2030-02-04 10:00:00,6946.134338064195,827
827,0.034,0.5158541999999999,0.6611036,2030-02-04 11:00:00,6716.442521334693,828
828,0.027,0.5515369999999999,0.6932118,2030-02-04 12:00:00,6612.4984122118985,829
829,0.017,0.5852272,0.7208242,2030-02-04 13:00:00,6585.8184191488635,830
830,0.006,0.626091,0.75015,2030-02-04 14:00:00,6645.813078965768,831
831,0.0,0.6746782,0.7749622,2030-02-04 15:00:00,6843.954796660008,832
832,0.0,0.7134790000000001,0.7955814,2030-02-04 16:00:00,7463.672322236567,833
833,0.0,0.7464031999999999,0.8082940000000001,2030-02-04 17:00:00,7596.466164506678,834
834,0.0,0.7629618,0.8233606,2030-02-04 18:00:00,7487.956576754685,835
835,0.0,0.7664386000000001,0.820919,2030-02-04 19:00:00,7267.083691943184,836
836,0.0,0.7403432000000001,0.8136190000000001,2030-02-04 20:00:00,6894.043021108766,837
837,0.0,0.7262386,0.8145921999999999,2030-02-04 21:00:00,6427.352216415634,838
838,0.0,0.707361,0.8139208,2030-02-04 22:00:00,6040.297887561734,839
839,0.0,0.6920868,0.8091573999999999,2030-02-04 23:00:00,5652.4609297739935,840
840,0.0,0.673065,0.8026152,2030-02-05 00:00:00,5321.388993170417,841
841,0.0,0.6561132,0.795184,2030-02-05 01:00:00,5207.568908022794,842
842,0.0,0.6514568,0.7824209999999999,2030-02-05 02:00:00,5152.791037479518,843
843,0.0,0.6502632,0.7745291999999999,2030-02-05 03:00:00,5202.466002948492,844
844,0.0,0.6475884,0.758186,2030-02-05 04:00:00,5483.887083474532,845
845,0.0,0.6361434,0.7423026,2030-02-05 05:00:00,6551.496356648489,846
846,0.0,0.6198478,0.7297578,2030-02-05 06:00:00,7475.07216213094,847
847,0.013,0.5827664,0.6980578,2030-02-05 07:00:00,7882.02563557378,848
848,0.076,0.5574382,0.670644,2030-02-05 08:00:00,7861.568776437068,849
849,0.145,0.5279556000000001,0.6464454,2030-02-05 09:00:00,7537.139373503462,850
850,0.213,0.5160818,0.6292989999999999,2030-02-05 10:00:00,7246.133021133064,851
851,0.253,0.5128796,0.6242466,2030-02-05 11:00:00,7030.341469250263,852
852,0.24,0.5124428,0.6162944,2030-02-05 12:00:00,6885.099587232011,853
853,0.181,0.5051517999999999,0.6017958,2030-02-05 13:00:00,6760.124644885487,854
854,0.086,0.4837858,0.57579,2030-02-05 14:00:00,6618.358920700417,855
855,0.007,0.4632468,0.5357212,2030-02-05 15:00:00,6664.953284224808,856
856,0.0,0.4392636,0.494494,2030-02-05 16:00:00,7317.067176708295,857
857,0.0,0.40014819999999995,0.444414,2030-02-05 17:00:00,7472.545219982392,858
858,0.0,0.3490994,0.3885536000000001,2030-02-05 18:00:00,7318.437431853804,859
859,0.0,0.293932,0.3353448,2030-02-05 19:00:00,7055.227983299219,860
860,0.0,0.2358748,0.2962492,2030-02-05 20:00:00,6653.178272335187,861
861,0.0,0.1985482,0.281637,2030-02-05 21:00:00,6154.522471373222,862
862,0.0,0.1830528,0.289916,2030-02-05 22:00:00,5771.173344357593,863
863,0.0,0.18680939999999996,0.3082146,2030-02-05 23:00:00,5373.612881727175,864
864,0.0,0.19377819999999998,0.3368398,2030-02-06 00:00:00,5312.194035871906,865
865,0.0,0.20091780000000004,0.37539740000000005,2030-02-06 01:00:00,5188.821361385908,866
866,0.0,0.2051222,0.3955858,2030-02-06 02:00:00,5145.27555854405,867
867,0.0,0.20800760000000001,0.4107202000000001,2030-02-06 03:00:00,5224.929313764995,868
868,0.0,0.21241220000000002,0.4180562,2030-02-06 04:00:00,5520.22012978088,869
869,0.0,0.23321740000000002,0.41987399999999997,2030-02-06 05:00:00,6639.300616867826,870
870,0.0,0.2659914,0.41335940000000004,2030-02-06 06:00:00,7602.428287068676,871
871,0.001,0.30192260000000004,0.4013496,2030-02-06 07:00:00,8081.414213854818,872
872,0.011,0.340883,0.4059828,2030-02-06 08:00:00,8166.070234574877,873
873,0.022,0.362715,0.4248722,2030-02-06 09:00:00,8065.003260562106,874
874,0.027,0.3563262,0.4304316,2030-02-06 10:00:00,7828.47294157531,875
875,0.023,0.336484,0.429772,2030-02-06 11:00:00,7613.806999570183,876
876,0.016,0.32655,0.42799899999999996,2030-02-06 12:00:00,7508.660971778763,877
877,0.007,0.3186364,0.41342680000000004,2030-02-06 13:00:00,7338.850672825192,878
878,0.002,0.309318,0.39443719999999993,2030-02-06 14:00:00,7140.564785533426,879
879,0.0,0.2997784,0.38081380000000004,2030-02-06 15:00:00,7140.260468380152,880
880,0.0,0.29616339999999997,0.3762352,2030-02-06 16:00:00,7504.303778954648,881
881,0.0,0.28567339999999997,0.3683058,2030-02-06 17:00:00,7504.780543115773,882
882,0.0,0.2710096,0.3583284,2030-02-06 18:00:00,7320.254268825151,883
883,0.0,0.2528208,0.33718640000000005,2030-02-06 19:00:00,7036.802942544772,884
884,0.0,0.23583199999999999,0.3098706,2030-02-06 20:00:00,6613.00100831778,885
885,0.0,0.2120144,0.2761978,2030-02-06 21:00:00,6100.788094580294,886
886,0.0,0.1881398,0.2478282,2030-02-06 22:00:00,5682.406126422216,887
887,0.0,0.1680616,0.21878219999999998,2030-02-06 23:00:00,5279.141867176286,888
888,0.0,0.1398678,0.19265300000000002,2030-02-07 00:00:00,5077.812785507011,889
889,0.0,0.1191544,0.1776668,2030-02-07 01:00:00,4970.912873810338,890
890,0.0,0.11492139999999999,0.1790724,2030-02-07 02:00:00,4942.816425349896,891
891,0.0,0.11991480000000002,0.1951832,2030-02-07 03:00:00,5027.640619831557,892
892,0.0,0.14088340000000002,0.23495159999999998,2030-02-07 04:00:00,5332.987935270912,893
893,0.0,0.1822164,0.29976860000000005,2030-02-07 05:00:00,6432.271069137825,894
894,0.0,0.2411082,0.3837116,2030-02-07 06:00:00,7373.036962385899,895
895,0.0,0.2990568,0.46671379999999996,2030-02-07 07:00:00,7805.024488901415,896
896,0.007,0.35055400000000003,0.5273322,2030-02-07 08:00:00,7872.188895070834,897
897,0.017,0.3784394,0.5583952,2030-02-07 09:00:00,7770.497709960558,898
898,0.023,0.41306220000000005,0.5886658,2030-02-07 10:00:00,7568.156177544131,899
899,0.023,0.4405874000000001,0.608275,2030-02-07 11:00:00,7392.4799389196105,900
900,0.021,0.4715948,0.6325921999999999,2030-02-07 12:00:00,7344.355400585868,901
901,0.021,0.5007041999999999,0.6515701999999999,2030-02-07 13:00:00,7187.013491374055,902
902,0.016,0.5539426000000001,0.6755776,2030-02-07 14:00:00,7013.984966840237,903
903,0.002,0.6077733999999999,0.7014226,2030-02-07 15:00:00,6940.708132064891,904
904,0.0,0.6492310000000001,0.7076544,2030-02-07 16:00:00,7385.822738490604,905
905,0.0,0.6861522,0.6974252,2030-02-07 17:00:00,7473.088085629079,906
906,0.0,0.708377,0.6949605999999999,2030-02-07 18:00:00,7353.83471640622,907
907,0.0,0.7163548,0.7007098,2030-02-07 19:00:00,7142.452973273342,908
908,0.0,0.7258138000000001,0.7254176,2030-02-07 20:00:00,6741.080612979716,909
909,0.0,0.7466942,0.766066,2030-02-07 21:00:00,6243.455874189739,910
910,0.0,0.7575141999999999,0.7880056,2030-02-07 22:00:00,5844.013895814265,911
911,0.0,0.7806058,0.8090569999999999,2030-02-07 23:00:00,5432.330349017254,912
912,0.0,0.7826064,0.8208236,2030-02-08 00:00:00,5217.283267050868,913
913,0.0,0.7613784000000001,0.8106502000000001,2030-02-08 01:00:00,5101.371469307021,914
914,0.0,0.7233964,0.7823178,2030-02-08 02:00:00,5039.733673226279,915
915,0.0,0.6759017999999999,0.7417383999999999,2030-02-08 03:00:00,5090.790691925269,916
916,0.0,0.6262236,0.68941,2030-02-08 04:00:00,5347.255669475358,917
917,0.0,0.5767172,0.6362251999999999,2030-02-08 05:00:00,6374.212587289439,918
918,0.0,0.5258556000000001,0.6014940000000001,2030-02-08 06:00:00,7259.971117965566,919
919,0.019,0.5036742000000001,0.5897726000000001,2030-02-08 07:00:00,7648.077222969767,920
920,0.068,0.4876184,0.598039,2030-02-08 08:00:00,7592.48336917306,921
921,0.066,0.4794415999999999,0.615576,2030-02-08 09:00:00,7305.4382510312935,922
922,0.051,0.48011479999999995,0.6396179999999999,2030-02-08 10:00:00,7052.36457265615,923
923,0.041,0.48470139999999995,0.650334,2030-02-08 11:00:00,6849.957326075704,924
924,0.035,0.49380659999999993,0.6539288,2030-02-08 12:00:00,6818.6567627207805,925
925,0.023,0.5098344,0.661022,2030-02-08 13:00:00,6774.488387109632,926
926,0.007,0.5481499999999999,0.6804914,2030-02-08 14:00:00,6771.279318624378,927
927,0.0,0.5943866,0.7175032000000001,2030-02-08 15:00:00,6876.230311825873,928
928,0.0,0.645323,0.7633094,2030-02-08 16:00:00,7308.432733236385,929
929,0.0,0.688423,0.7918292,2030-02-08 17:00:00,7343.390901798764,930
930,0.0,0.7174158,0.811266,2030-02-08 18:00:00,7179.864411429335,931
931,0.0,0.742472,0.8238298000000001,2030-02-08 19:00:00,6929.591968185881,932
932,0.0,0.7644454,0.8350823999999999,2030-02-08 20:00:00,6530.750212289742,933
933,0.0,0.7749086000000001,0.8322462000000002,2030-02-08 21:00:00,6038.218704206183,934
934,0.0,0.7708657999999999,0.8248312,2030-02-08 22:00:00,5656.872742839572,935
935,0.0,0.7466763999999999,0.819271,2030-02-08 23:00:00,5281.527722620625,936
936,0.0,0.7173346,0.8103684,2030-02-09 00:00:00,5108.279908348968,937
937,0.0,0.6958552,0.8080406,2030-02-09 01:00:00,4988.722356898548,938
938,0.0,0.6640124000000001,0.7872364,2030-02-09 02:00:00,4927.432967588443,939
939,0.0,0.6377096000000001,0.762374,2030-02-09 03:00:00,4964.097199319113,940
940,0.0,0.629407,0.7540048,2030-02-09 04:00:00,5213.87151419628,941
941,0.0,0.6313688000000001,0.748249,2030-02-09 05:00:00,6248.515249953375,942
942,0.0,0.623515,0.7457638,2030-02-09 06:00:00,7099.737073729297,943
943,0.004,0.6056275999999999,0.7454264,2030-02-09 07:00:00,7457.216045526272,944
944,0.055,0.6208234000000001,0.7715834,2030-02-09 08:00:00,7421.907699748428,945
945,0.193,0.6507244,0.8068097999999999,2030-02-09 09:00:00,7195.269876516202,946
946,0.323,0.6932824,0.824789,2030-02-09 10:00:00,6893.687992817448,947
947,0.326,0.7591867999999999,0.8259744,2030-02-09 11:00:00,6615.665425123065,948
948,0.182,0.8037422,0.8335376,2030-02-09 12:00:00,6512.36731176954,949
949,0.054,0.8242162000000001,0.8517828,2030-02-09 13:00:00,6475.228598945099,950
950,0.008,0.8320806,0.8731221999999998,2030-02-09 14:00:00,6509.305749303285,951
951,0.0,0.8371722,0.8849197999999999,2030-02-09 15:00:00,6594.561001583428,952
952,0.0,0.850094,0.8934882,2030-02-09 16:00:00,7025.0013644123555,953
953,0.0,0.8583466,0.907781,2030-02-09 17:00:00,7060.945929059861,954
954,0.0,0.8633194,0.9143462,2030-02-09 18:00:00,6847.785212325096,955
955,0.0,0.8643919999999999,0.9183423999999999,2030-02-09 19:00:00,6588.857824571552,956
956,0.0,0.8562042,0.9170944000000001,2030-02-09 20:00:00,6254.851460064325,957
957,0.0,0.8418167999999999,0.9064539999999999,2030-02-09 21:00:00,5848.646886149356,958
958,0.0,0.8275321999999999,0.8959355999999999,2030-02-09 22:00:00,5501.128149585258,959
959,0.0,0.8049184,0.8875386000000001,2030-02-09 23:00:00,5096.147119567038,960
960,0.0,0.7582760000000001,0.865719,2030-02-10 00:00:00,5014.308361777577,961
961,0.0,0.7156910000000001,0.835567,2030-02-10 01:00:00,4879.293703577881,962
962,0.0,0.6713384,0.8043332,2030-02-10 02:00:00,4787.393887500371,963
963,0.0,0.626771,0.7749804,2030-02-10 03:00:00,4700.564113355439,964
964,0.0,0.5802433999999999,0.7360648,2030-02-10 04:00:00,4621.677983603694,965
965,0.0,0.5355416,0.682672,2030-02-10 05:00:00,5248.822671207185,966
966,0.0,0.49606779999999995,0.633052,2030-02-10 06:00:00,5972.65869037952,967
967,0.007,0.45115440000000007,0.5707654,2030-02-10 07:00:00,6460.78275958763,968
968,0.027,0.3938676,0.5082622,2030-02-10 08:00:00,6486.491862636119,969
969,0.042,0.337948,0.4430876,2030-02-10 09:00:00,6295.360356117186,970
970,0.049,0.275158,0.36832960000000003,2030-02-10 10:00:00,6083.959788076135,971
971,0.054,0.20205599999999996,0.30139319999999997,2030-02-10 11:00:00,5875.34507937204,972
972,0.049,0.14733459999999998,0.2574054,2030-02-10 12:00:00,5831.6885175026455,973
973,0.032,0.11608979999999999,0.23665060000000002,2030-02-10 13:00:00,5820.93164805834,974
974,0.013,0.111339,0.2471494,2030-02-10 14:00:00,5842.037536417874,975
975,0.001,0.11660279999999998,0.2674862,2030-02-10 15:00:00,5975.870093294955,976
976,0.0,0.11804440000000001,0.28245580000000003,2030-02-10 16:00:00,6538.370160960775,977
977,0.0,0.1246046,0.2969496,2030-02-10 17:00:00,6670.168920243696,978
978,0.0,0.14690000000000003,0.30608,2030-02-10 18:00:00,6550.597252064082,979
979,0.0,0.1904336,0.3341694,2030-02-10 19:00:00,6362.23216886266,980
980,0.0,0.23410200000000003,0.3751174,2030-02-10 20:00:00,6053.600972087537,981
981,0.0,0.2899186,0.43794199999999994,2030-02-10 21:00:00,5692.199285107614,982
982,0.0,0.3327216,0.5060732,2030-02-10 22:00:00,5358.0696467191665,983
983,0.0,0.3479344,0.5302384,2030-02-10 23:00:00,4979.464575880176,984
984,0.0,0.363336,0.5512352,2030-02-11 00:00:00,4908.0053901527135,985
985,0.0,0.3802046,0.5684038,2030-02-11 01:00:00,4776.453827191236,986
986,0.0,0.40805579999999997,0.5671046000000001,2030-02-11 02:00:00,4721.718205739016,987
987,0.0,0.44882140000000004,0.5819262000000001,2030-02-11 03:00:00,4689.243767534555,988
988,0.0,0.4893712,0.6121909999999999,2030-02-11 04:00:00,4637.864556118977,989
989,0.0,0.5199793999999999,0.64824,2030-02-11 05:00:00,5280.46560957064,990
990,0.0,0.5406748,0.676417,2030-02-11 06:00:00,6036.679611924505,991
991,0.103,0.5467882000000001,0.6903371999999999,2030-02-11 07:00:00,6608.209994481458,992
992,0.282,0.5431266,0.705968,2030-02-11 08:00:00,6636.482053099037,993
993,0.416,0.551848,0.7199712,2030-02-11 09:00:00,6407.597593717951,994
994,0.483,0.6048926000000001,0.7352174,2030-02-11 10:00:00,6230.799537717843,995
995,0.495,0.6192366,0.7425903999999999,2030-02-11 11:00:00,6009.592335136858,996
996,0.441,0.6193132,0.7508506,2030-02-11 12:00:00,5901.38895606595,997
997,0.333,0.6100124,0.7544136,2030-02-11 13:00:00,5848.692497286114,998
998,0.189,0.5984884,0.7586419999999999,2030-02-11 14:00:00,5844.184797018683,999
999,0.034,0.589581,0.7558254000000001,2030-02-11 15:00:00,5981.1509075900885,1000
1000,0.0,0.5698318,0.7412232,2030-02-11 16:00:00,6723.762597487295,1001
1001,0.0,0.5541396000000001,0.7268924,2030-02-11 17:00:00,7095.024210671361,1002
1002,0.0,0.538941,0.711707,2030-02-11 18:00:00,6996.977788275541,1003
1003,0.0,0.5346208,0.7091318,2030-02-11 19:00:00,6800.754868418712,1004
1004,0.0,0.5332766,0.7028674,2030-02-11 20:00:00,6466.797753264153,1005
1005,0.0,0.5338497999999999,0.6978012,2030-02-11 21:00:00,6062.294033429413,1006
1006,0.0,0.5278385999999999,0.6854668,2030-02-11 22:00:00,5732.610935342228,1007
1007,0.0,0.501594,0.654467,2030-02-11 23:00:00,5359.345262523232,1008
1008,0.0,0.47531819999999997,0.623752,2030-02-12 00:00:00,5202.311672970673,1009
1009,0.0,0.4428866,0.5975132000000001,2030-02-12 01:00:00,5088.987538424831,1010
1010,0.0,0.41092300000000004,0.5629299999999999,2030-02-12 02:00:00,5031.006381805149,1011
1011,0.0,0.3733122000000001,0.5066744,2030-02-12 03:00:00,5087.862023678528,1012
1012,0.0,0.3237264,0.43528979999999995,2030-02-12 04:00:00,5364.296705060443,1013
1013,0.0,0.2692398,0.36196480000000003,2030-02-12 05:00:00,6448.474581752429,1014
1014,0.0,0.21846699999999997,0.298895,2030-02-12 06:00:00,7417.85841377537,1015
1015,0.121,0.1717654,0.24481699999999998,2030-02-12 07:00:00,7981.877485969515,1016
1016,0.259,0.1330696,0.20611279999999996,2030-02-12 08:00:00,7847.987340686623,1017
1017,0.335,0.1204588,0.1988348,2030-02-12 09:00:00,7472.280407106649,1018
1018,0.328,0.1297542,0.2144984,2030-02-12 10:00:00,7160.252145206607,1019
1019,0.272,0.15153840000000002,0.2484356,2030-02-12 11:00:00,6885.278247588665,1020
1020,0.169,0.16615639999999998,0.2892538,2030-02-12 12:00:00,6750.984524986812,1021
1021,0.087,0.168519,0.321686,2030-02-12 13:00:00,6612.072409457741,1022
1022,0.041,0.1794494,0.3483708,2030-02-12 14:00:00,6489.476697187014,1023
1023,0.006,0.21811980000000003,0.38827639999999997,2030-02-12 15:00:00,6551.942199829556,1024
1024,0.0,0.2668818,0.42876919999999996,2030-02-12 16:00:00,7148.5211418701,1025
1025,0.0,0.3070066,0.4714238,2030-02-12 17:00:00,7362.116307970906,1026
1026,0.0,0.3438634,0.5172518,2030-02-12 18:00:00,7176.601679305219,1027
1027,0.0,0.3993318,0.5533585999999999,2030-02-12 19:00:00,6910.802486988698,1028
1028,0.0,0.44760039999999995,0.5616047999999999,2030-02-12 20:00:00,6527.607935313068,1029
1029,0.0,0.46544740000000007,0.5793038000000001,2030-02-12 21:00:00,6035.690698068199,1030
1030,0.0,0.48475520000000005,0.612696,2030-02-12 22:00:00,5604.729760523105,1031
1031,0.0,0.5320234,0.6343732,2030-02-12 23:00:00,5206.207841081839,1032
1032,0.0,0.5560552,0.6484563999999999,2030-02-13 00:00:00,4861.1325032930035,1033
1033,0.0,0.5548185999999999,0.6687304,2030-02-13 01:00:00,4727.890124952218,1034
1034,0.0,0.5536638,0.6748532,2030-02-13 02:00:00,4687.575740467041,1035
1035,0.0,0.5382484,0.6645706,2030-02-13 03:00:00,4727.0884133374,1036
1036,0.0,0.5112424,0.6433142000000001,2030-02-13 04:00:00,4976.165817798655,1037
1037,0.0,0.4792948,0.6204763999999999,2030-02-13 05:00:00,5960.891511265832,1038
1038,0.0,0.452117,0.5907325999999999,2030-02-13 06:00:00,6792.383202651865,1039
1039,0.01,0.4213875999999999,0.5511758,2030-02-13 07:00:00,7211.977537087194,1040
1040,0.035,0.40322800000000003,0.5218512000000001,2030-02-13 08:00:00,7178.27154699673,1041
1041,0.086,0.3871154,0.5079696,2030-02-13 09:00:00,6920.288871096989,1042
1042,0.126,0.36741520000000005,0.493386,2030-02-13 10:00:00,6650.901899971472,1043
1043,0.107,0.36424700000000004,0.48732039999999993,2030-02-13 11:00:00,6414.786389999672,1044
1044,0.084,0.36095780000000005,0.48500219999999994,2030-02-13 12:00:00,6305.191074904649,1045
1045,0.062,0.34557819999999995,0.48129099999999997,2030-02-13 13:00:00,6184.71868991968,1046
1046,0.029,0.3367344,0.4990092,2030-02-13 14:00:00,6078.556797364736,1047
1047,0.002,0.3386472,0.5135972000000001,2030-02-13 15:00:00,6149.096292355147,1048
1048,0.0,0.3235992,0.5022114,2030-02-13 16:00:00,6730.460364341373,1049
1049,0.0,0.31126560000000003,0.47303939999999994,2030-02-13 17:00:00,6890.772726486603,1050
1050,0.0,0.3119034,0.45237540000000004,2030-02-13 18:00:00,6723.202545356542,1051
1051,0.0,0.31571620000000006,0.4434324,2030-02-13 19:00:00,6451.147981097931,1052
1052,0.0,0.3239296,0.4254378,2030-02-13 20:00:00,6043.156394948588,1053
1053,0.0,0.32282859999999997,0.4189784,2030-02-13 21:00:00,5571.349726000836,1054
1054,0.0,0.31152100000000005,0.41905200000000004,2030-02-13 22:00:00,5174.762323133855,1055
1055,0.0,0.296562,0.41289799999999993,2030-02-13 23:00:00,4785.841222297427,1056
1056,0.0,0.2948944,0.41132360000000007,2030-02-14 00:00:00,4705.9569405329075,1057
1057,0.0,0.29739859999999996,0.401699,2030-02-14 01:00:00,4590.736085676529,1058
1058,0.0,0.27410840000000003,0.3767426,2030-02-14 02:00:00,4540.867059094251,1059
1059,0.0,0.2289514,0.328626,2030-02-14 03:00:00,4600.659262201012,1060
1060,0.0,0.19086039999999999,0.2877826,2030-02-14 04:00:00,4850.447910447193,1061
1061,0.0,0.18394,0.28125279999999997,2030-02-14 05:00:00,5849.559442971211,1062
1062,0.0,0.19508260000000002,0.293492,2030-02-14 06:00:00,6727.723699681132,1063
1063,0.007,0.20565419999999998,0.3082866,2030-02-14 07:00:00,7203.294552711153,1064
1064,0.031,0.21327860000000004,0.3209114,2030-02-14 08:00:00,7229.960632825965,1065
1065,0.065,0.2404054,0.3379686,2030-02-14 09:00:00,7025.258642446845,1066
1066,0.088,0.2651764,0.35313059999999996,2030-02-14 10:00:00,6807.731011994367,1067
1067,0.118,0.27395420000000004,0.35531680000000004,2030-02-14 11:00:00,6591.093911620996,1068
1068,0.119,0.27366000000000007,0.3507378,2030-02-14 12:00:00,6492.160298463109,1069
1069,0.099,0.2596986,0.34024540000000003,2030-02-14 13:00:00,6351.025173276315,1070
1070,0.048,0.23296619999999998,0.32006959999999995,2030-02-14 14:00:00,6206.59696630811,1071
1071,0.006,0.20646740000000002,0.29758300000000004,2030-02-14 15:00:00,6198.559196574059,1072
1072,0.0,0.19558959999999997,0.28758619999999996,2030-02-14 16:00:00,6699.684181041204,1073
1073,0.0,0.17961080000000001,0.2760536,2030-02-14 17:00:00,6943.466825151229,1074
1074,0.0,0.1694098,0.26784,2030-02-14 18:00:00,6807.3517520997975,1075
1075,0.0,0.16966699999999996,0.26696780000000003,2030-02-14 19:00:00,6560.060556138547,1076
1076,0.0,0.1768784,0.27103299999999997,2030-02-14 20:00:00,6188.213282803438,1077
1077,0.0,0.18190299999999998,0.2747658,2030-02-14 21:00:00,5718.625739306099,1078
1078,0.0,0.1793048,0.2747428,2030-02-14 22:00:00,5325.777702616036,1079
1079,0.0,0.1765682,0.27334200000000003,2030-02-14 23:00:00,4945.8284446379785,1080
1080,0.0,0.16647320000000002,0.2583446,2030-02-15 00:00:00,4863.38503976734,1081
1081,0.0,0.15544220000000003,0.24006939999999996,2030-02-15 01:00:00,4763.84380598224,1082
1082,0.0,0.14735020000000001,0.23017120000000002,2030-02-15 02:00:00,4736.238069836696,1083
1083,0.0,0.1433432,0.223569,2030-02-15 03:00:00,4818.195412253676,1084
1084,0.0,0.1386684,0.2202314,2030-02-15 04:00:00,5095.283603283039,1085
1085,0.0,0.13895,0.221362,2030-02-15 05:00:00,6157.105867207814,1086
1086,0.0,0.13653880000000002,0.22161499999999998,2030-02-15 06:00:00,7095.823329436908,1087
1087,0.034,0.1403644,0.2299588,2030-02-15 07:00:00,7604.628546844446,1088
1088,0.197,0.14505059999999997,0.2412954,2030-02-15 08:00:00,7476.454302723783,1089
1089,0.396,0.136961,0.246797,2030-02-15 09:00:00,7124.911037947482,1090
1090,0.486,0.1372652,0.25475820000000005,2030-02-15 10:00:00,6742.085894037509,1091
1091,0.495,0.14552139999999997,0.2669312,2030-02-15 11:00:00,6401.491488238855,1092
1092,0.442,0.1534798,0.27997799999999995,2030-02-15 12:00:00,6204.996785434138,1093
1093,0.342,0.1622954,0.2928136,2030-02-15 13:00:00,6006.265337195593,1094
1094,0.209,0.1838058,0.311374,2030-02-15 14:00:00,5873.618325721178,1095
1095,0.054,0.2376532,0.3488908,2030-02-15 15:00:00,5904.942466473927,1096
1096,0.0,0.2965816,0.39144680000000004,2030-02-15 16:00:00,6477.733861121234,1097
1097,0.0,0.3283442,0.4250336,2030-02-15 17:00:00,6919.736960937402,1098
1098,0.0,0.3444504,0.44864240000000005,2030-02-15 18:00:00,6844.362165500717,1099
1099,0.0,0.35405800000000004,0.4621414,2030-02-15 19:00:00,6644.587619874905,1100
1100,0.0,0.3587878,0.46699280000000004,2030-02-15 20:00:00,6283.601320430218,1101
1101,0.0,0.3617792,0.4681086,2030-02-15 21:00:00,5837.346578692852,1102
1102,0.0,0.3649296,0.468199,2030-02-15 22:00:00,5419.756283765315,1103
1103,0.0,0.3659904,0.46468399999999993,2030-02-15 23:00:00,5043.372094212856,1104
1104,0.0,0.36465899999999996,0.45977100000000004,2030-02-16 00:00:00,4843.930615352799,1105
1105,0.0,0.36197860000000004,0.458252,2030-02-16 01:00:00,4725.389754168439,1106
1106,0.0,0.3566442,0.45910460000000003,2030-02-16 02:00:00,4687.442089202796,1107
1107,0.0,0.34801940000000003,0.46285980000000004,2030-02-16 03:00:00,4736.840175201112,1108
1108,0.0,0.34520880000000004,0.4741352,2030-02-16 04:00:00,4996.468211010451,1109
1109,0.0,0.3491546,0.48913080000000003,2030-02-16 05:00:00,6008.224435742955,1110
1110,0.001,0.3604002,0.5021552,2030-02-16 06:00:00,6902.827380285451,1111
1111,0.081,0.36770739999999996,0.5129916000000001,2030-02-16 07:00:00,7375.967779065271,1112
1112,0.311,0.354786,0.5069353999999999,2030-02-16 08:00:00,7182.95979618798,1113
1113,0.427,0.3491576,0.5005512,2030-02-16 09:00:00,6829.37354798595,1114
1114,0.459,0.37914000000000003,0.5121148,2030-02-16 10:00:00,6434.3187663585495,1115
1115,0.437,0.43236040000000003,0.5359514,2030-02-16 11:00:00,6060.117729926401,1116
1116,0.353,0.43733760000000005,0.5403022,2030-02-16 12:00:00,5848.356207227544,1117
1117,0.233,0.41640879999999997,0.5319068,2030-02-16 13:00:00,5697.35410224134,1118
1118,0.116,0.3840156,0.516852,2030-02-16 14:00:00,5623.688099835303,1119
1119,0.024,0.3672028,0.5095008,2030-02-16 15:00:00,5671.339298520645,1120
1120,0.0,0.3651664,0.5039467999999999,2030-02-16 16:00:00,6205.916496280344,1121
1121,0.0,0.3463608,0.48439219999999994,2030-02-16 17:00:00,6526.443341018245,1122
1122,0.0,0.3266228,0.4654852,2030-02-16 18:00:00,6356.555832507379,1123
1123,0.0,0.30391819999999997,0.44373140000000005,2030-02-16 19:00:00,6116.208537117074,1124
1124,0.0,0.2998264,0.427219,2030-02-16 20:00:00,5784.742462028191,1125
1125,0.0,0.2887232,0.4099496,2030-02-16 21:00:00,5401.780291915412,1126
1126,0.0,0.2820156,0.39250419999999997,2030-02-16 22:00:00,5072.356319563298,1127
1127,0.0,0.27121300000000004,0.3733418,2030-02-16 23:00:00,4667.922477571148,1128
1128,0.0,0.2490068,0.3529188,2030-02-17 00:00:00,4524.740847106397,1129
1129,0.0,0.220072,0.33323659999999994,2030-02-17 01:00:00,4380.472308667336,1130
1130,0.0,0.19461879999999998,0.3110026,2030-02-17 02:00:00,4295.929780396694,1131
1131,0.0,0.1690054,0.28771840000000004,2030-02-17 03:00:00,4245.493138431758,1132
1132,0.0,0.1492698,0.2747814,2030-02-17 04:00:00,4217.330430877676,1133
1133,0.0,0.13309699999999997,0.2531704,2030-02-17 05:00:00,4884.742098075865,1134
1134,0.0,0.1233554,0.2424646,2030-02-17 06:00:00,5618.215696109091,1135
1135,0.01,0.12629459999999998,0.2365948,2030-02-17 07:00:00,6112.283914972635,1136
1136,0.04,0.12428779999999999,0.22934320000000002,2030-02-17 08:00:00,6130.43200062073,1137
1137,0.083,0.1195986,0.22510660000000002,2030-02-17 09:00:00,5939.7974681033,1138
1138,0.134,0.1159556,0.21705579999999997,2030-02-17 10:00:00,5708.396365852506,1139
1139,0.173,0.11789239999999998,0.21677419999999997,2030-02-17 11:00:00,5433.761857417772,1140
1140,0.173,0.11259079999999999,0.22324480000000002,2030-02-17 12:00:00,5308.562864095399,1141
1141,0.143,0.1072276,0.2322342,2030-02-17 13:00:00,5230.4517031408195,1142
1142,0.091,0.105813,0.2435988,2030-02-17 14:00:00,5177.224243885895,1143
1143,0.023,0.1338718,0.2641714,2030-02-17 15:00:00,5219.0761899876725,1144
1144,0.0,0.191197,0.29942759999999996,2030-02-17 16:00:00,5791.462966279631,1145
1145,0.0,0.2492224,0.3416204,2030-02-17 17:00:00,6188.567202432863,1146
1146,0.0,0.28712499999999996,0.3761926,2030-02-17 18:00:00,6127.493061892816,1147
1147,0.0,0.3033124,0.3979436,2030-02-17 19:00:00,5976.247428837622,1148
1148,0.0,0.30400839999999996,0.40515080000000003,2030-02-17 20:00:00,5686.183095434679,1149
1149,0.0,0.2968218,0.4011986,2030-02-17 21:00:00,5358.803901463993,1150
1150,0.0,0.276462,0.38563620000000004,2030-02-17 22:00:00,5070.807851462458,1151
1151,0.0,0.262803,0.3688944,2030-02-17 23:00:00,4706.629512073012,1152
1152,0.0,0.23704200000000003,0.3456338,2030-02-18 00:00:00,4610.567718371801,1153
1153,0.0,0.215915,0.3282206,2030-02-18 01:00:00,4479.019436064615,1154
1154,0.0,0.20494099999999998,0.3159612,2030-02-18 02:00:00,4407.448144099655,1155
1155,0.0,0.19588519999999998,0.3078366,2030-02-18 03:00:00,4357.731062120617,1156
1156,0.0,0.18659559999999997,0.3003354,2030-02-18 04:00:00,4314.887036827638,1157
1157,0.0,0.1843814,0.30131579999999997,2030-02-18 05:00:00,4989.223763864752,1158
1158,0.0,0.1843766,0.3082224,2030-02-18 06:00:00,5725.595227194479,1159
1159,0.024,0.187212,0.3181388,2030-02-18 07:00:00,6247.468822521547,1160
1160,0.082,0.1808826,0.3243466,2030-02-18 08:00:00,6138.385732891811,1161
1161,0.176,0.1810514,0.32915320000000003,2030-02-18 09:00:00,5905.568303659308,1162
1162,0.276,0.20304859999999997,0.3364284,2030-02-18 10:00:00,5636.693761764449,1163
1163,0.341,0.23698059999999996,0.3409162,2030-02-18 11:00:00,5360.831577299655,1164
1164,0.337,0.24577239999999997,0.33983939999999996,2030-02-18 12:00:00,5230.2629803901755,1165
1165,0.228,0.2283964,0.33419380000000004,2030-02-18 13:00:00,5161.740274723553,1166
1166,0.114,0.2044346,0.32425319999999996,2030-02-18 14:00:00,5153.840184714087,1167
1167,0.025,0.201663,0.3239186,2030-02-18 15:00:00,5268.399367459154,1168
1168,0.0,0.21732420000000002,0.33941000000000004,2030-02-18 16:00:00,5898.216033855428,1169
1169,0.0,0.234817,0.3618518,2030-02-18 17:00:00,6341.731030002678,1170
1170,0.0,0.24848659999999997,0.3882208,2030-02-18 18:00:00,6299.47664800438,1171
1171,0.0,0.263022,0.4141494,2030-02-18 19:00:00,6127.188508060895,1172
1172,0.0,0.2711748,0.43369559999999996,2030-02-18 20:00:00,5809.333580905621,1173
1173,0.0,0.2723938,0.4379700000000001,2030-02-18 21:00:00,5390.50500656243,1174
1174,0.0,0.272021,0.43444220000000006,2030-02-18 22:00:00,5059.834835574973,1175
1175,0.0,0.28142999999999996,0.4307628,2030-02-18 23:00:00,4716.821369897119,1176
1176,0.0,0.2948564,0.43123880000000003,2030-02-19 00:00:00,4547.760864553139,1177
1177,0.0,0.307198,0.4418564,2030-02-19 01:00:00,4453.582488114915,1178
1178,0.0,0.31463579999999997,0.453555,2030-02-19 02:00:00,4432.39897534657,1179
1179,0.0,0.307626,0.4610157999999999,2030-02-19 03:00:00,4491.195958021953,1180
1180,0.0,0.3221464,0.47559399999999996,2030-02-19 04:00:00,4757.805117232299,1181
1181,0.0,0.3611528,0.5004555999999999,2030-02-19 05:00:00,5795.335976872401,1182
1182,0.0,0.3929794,0.533659,2030-02-19 06:00:00,6697.786950749874,1183
1183,0.008,0.40712420000000005,0.5540732,2030-02-19 07:00:00,7184.661401556166,1184
1184,0.022,0.44109440000000005,0.581503,2030-02-19 08:00:00,7170.865874855776,1185
1185,0.039,0.4852614,0.6146906,2030-02-19 09:00:00,6981.686307478101,1186
1186,0.056,0.534828,0.643893,2030-02-19 10:00:00,6744.81103267007,1187
1187,0.067,0.5689873999999999,0.6704614000000001,2030-02-19 11:00:00,6544.731733911859,1188
1188,0.112,0.5985159999999999,0.6913782,2030-02-19 12:00:00,6439.429532032168,1189
1189,0.121,0.6202196,0.7102308,2030-02-19 13:00:00,6341.161320297423,1190
1190,0.078,0.6269880000000001,0.7270019999999999,2030-02-19 14:00:00,6224.395563190422,1191
1191,0.021,0.6277231999999999,0.7324535999999999,2030-02-19 15:00:00,6265.278304646616,1192
1192,0.0,0.6226936000000001,0.722955,2030-02-19 16:00:00,6715.41065503479,1193
1193,0.0,0.6005666000000001,0.6978162,2030-02-19 17:00:00,6992.823397522715,1194
1194,0.0,0.5759714,0.674162,2030-02-19 18:00:00,6840.823040463583,1195
1195,0.0,0.5514938,0.6598143999999999,2030-02-19 19:00:00,6589.918160710845,1196
1196,0.0,0.5308624,0.6487981999999999,2030-02-19 20:00:00,6216.945101398393,1197
1197,0.0,0.5209564,0.6445978000000001,2030-02-19 21:00:00,5751.620452165114,1198
1198,0.0,0.5104339999999999,0.642825,2030-02-19 22:00:00,5386.45742969344,1199
1199,0.0,0.49090419999999996,0.6195424,2030-02-19 23:00:00,5011.614390459373,1200
1200,0.0,0.47579279999999996,0.5945172,2030-02-20 00:00:00,4875.715689798296,1201
1201,0.0,0.46297840000000007,0.5700164,2030-02-20 01:00:00,4750.909231403649,1202
1202,0.0,0.442632,0.5429678000000001,2030-02-20 02:00:00,4691.5719650670835,1203
1203,0.0,0.4224318,0.507142,2030-02-20 03:00:00,4724.292544632243,1204
1204,0.0,0.3856162,0.45862400000000003,2030-02-20 04:00:00,4959.847024079649,1205
1205,0.0,0.342328,0.42127,2030-02-20 05:00:00,5961.331889699322,1206
1206,0.0,0.3058064,0.3796494,2030-02-20 06:00:00,6821.304032490514,1207
1207,0.018,0.27322860000000004,0.34822879999999995,2030-02-20 07:00:00,7269.394474343491,1208
1208,0.046,0.24836719999999998,0.3347792,2030-02-20 08:00:00,7135.709327773688,1209
1209,0.085,0.23364020000000002,0.3262526,2030-02-20 09:00:00,6868.8858601127595,1210
1210,0.146,0.23962979999999998,0.32975319999999997,2030-02-20 10:00:00,6601.557533879588,1211
1211,0.201,0.25151979999999996,0.33690620000000004,2030-02-20 11:00:00,6390.90658248616,1212
1212,0.2,0.2587196,0.3380746,2030-02-20 12:00:00,6309.054130100545,1213
1213,0.118,0.24955760000000002,0.3333904,2030-02-20 13:00:00,6195.4755701140675,1214
1214,0.036,0.21807759999999998,0.31901379999999996,2030-02-20 14:00:00,6106.6732402506605,1215
1215,0.004,0.19619,0.31772079999999997,2030-02-20 15:00:00,6171.054108703493,1216
1216,0.0,0.19139980000000004,0.32961739999999995,2030-02-20 16:00:00,6661.384422391568,1217
1217,0.0,0.18783840000000002,0.3327442,2030-02-20 17:00:00,6823.159469979865,1218
1218,0.0,0.191269,0.337719,2030-02-20 18:00:00,6676.084192986475,1219
1219,0.0,0.20776600000000003,0.3547122,2030-02-20 19:00:00,6423.367894896101,1220
1220,0.0,0.23265940000000002,0.37562280000000003,2030-02-20 20:00:00,6033.245125200091,1221
1221,0.0,0.254662,0.3948956,2030-02-20 21:00:00,5570.411374635041,1222
1222,0.0,0.2724764,0.4143382,2030-02-20 22:00:00,5195.428367760478,1223
1223,0.0,0.29241039999999996,0.4371818,2030-02-20 23:00:00,4810.231961582816,1224
1224,0.0,0.3204026,0.462001,2030-02-21 00:00:00,4655.559407967813,1225
1225,0.0,0.341513,0.47463,2030-02-21 01:00:00,4545.035094492739,1226
1226,0.0,0.3543544,0.4862412,2030-02-21 02:00:00,4500.302479745452,1227
1227,0.0,0.3557742,0.490943,2030-02-21 03:00:00,4544.688894621253,1228
1228,0.0,0.37787139999999997,0.4990092,2030-02-21 04:00:00,4797.147682697194,1229
1229,0.0,0.38123440000000003,0.4899158,2030-02-21 05:00:00,5791.473784080345,1230
1230,0.0,0.37483799999999995,0.47022700000000006,2030-02-21 06:00:00,6629.557507044328,1231
1231,0.01,0.37187600000000004,0.44856099999999993,2030-02-21 07:00:00,7079.08067558702,1232
1232,0.037,0.36538600000000004,0.42506960000000005,2030-02-21 08:00:00,7050.632506445481,1233
1233,0.063,0.35588620000000004,0.408545,2030-02-21 09:00:00,6850.829878160677,1234
1234,0.076,0.34191019999999994,0.3903758,2030-02-21 10:00:00,6634.425085139859,1235
1235,0.086,0.3296544,0.3686238,2030-02-21 11:00:00,6477.43977418561,1236
1236,0.083,0.30056019999999994,0.3501296,2030-02-21 12:00:00,6383.04067893828,1237
1237,0.068,0.266295,0.32300619999999997,2030-02-21 13:00:00,6240.558302795915,1238
1238,0.04,0.2342108,0.2883296,2030-02-21 14:00:00,6156.826465341797,1239
1239,0.008,0.21490420000000002,0.2639286,2030-02-21 15:00:00,6178.732516783695,1240
1240,0.0,0.20415540000000001,0.24597700000000003,2030-02-21 16:00:00,6606.499928666032,1241
1241,0.0,0.19234279999999998,0.2349484,2030-02-21 17:00:00,6728.851227217987,1242
1242,0.0,0.18527780000000002,0.2439896,2030-02-21 18:00:00,6590.74314505555,1243
1243,0.0,0.18958139999999998,0.257287,2030-02-21 19:00:00,6367.4865480668705,1244
1244,0.0,0.19801280000000002,0.2681998,2030-02-21 20:00:00,6016.880029098469,1245
1245,0.0,0.20768040000000001,0.29240220000000006,2030-02-21 21:00:00,5604.348254545286,1246
1246,0.0,0.2192662,0.32167579999999996,2030-02-21 22:00:00,5254.878216581262,1247
1247,0.0,0.2200606,0.33678700000000006,2030-02-21 23:00:00,4910.499978984319,1248
1248,0.0,0.2157248,0.3352274,2030-02-22 00:00:00,5077.493286708086,1249
1249,0.0,0.20968460000000003,0.3230436,2030-02-22 01:00:00,4986.230523938334,1250
1250,0.0,0.2070862,0.310487,2030-02-22 02:00:00,4965.890589325836,1251
1251,0.0,0.2127608,0.3055564,2030-02-22 03:00:00,5061.387797115514,1252
1252,0.0,0.21935260000000004,0.305706,2030-02-22 04:00:00,5352.757180584378,1253
1253,0.0,0.22991520000000004,0.3111428,2030-02-22 05:00:00,6420.70153415636,1254
1254,0.013,0.24000579999999996,0.3265832,2030-02-22 06:00:00,7359.06830823577,1255
1255,0.144,0.24961859999999997,0.3448848,2030-02-22 07:00:00,7874.050547365536,1256
1256,0.278,0.2870822,0.360956,2030-02-22 08:00:00,7840.897238515362,1257
1257,0.372,0.2811874,0.3515228,2030-02-22 09:00:00,7623.754270046415,1258
1258,0.38,0.2519582,0.3281242,2030-02-22 10:00:00,7345.251503215401,1259
1259,0.326,0.2219288,0.2979174,2030-02-22 11:00:00,7096.6325929782615,1260
1260,0.273,0.1958902,0.2650994,2030-02-22 12:00:00,6965.746904462482,1261
1261,0.229,0.172354,0.2414936,2030-02-22 13:00:00,6793.815999341335,1262
1262,0.167,0.15264379999999997,0.2298438,2030-02-22 14:00:00,6636.032769235057,1263
1263,0.064,0.14021699999999998,0.22258840000000002,2030-02-22 15:00:00,6642.810415409524,1264
1264,0.0,0.14664439999999998,0.22260819999999998,2030-02-22 16:00:00,7087.04035132748,1265
1265,0.0,0.15422739999999996,0.22638480000000002,2030-02-22 17:00:00,7401.772579439357,1266
1266,0.0,0.1565974,0.2321558,2030-02-22 18:00:00,7309.462704601121,1267
1267,0.0,0.1735418,0.24867760000000003,2030-02-22 19:00:00,7113.324399156712,1268
1268,0.0,0.1967912,0.2692232,2030-02-22 20:00:00,6716.146490326139,1269
1269,0.0,0.2112924,0.28104399999999996,2030-02-22 21:00:00,6237.53922276512,1270
1270,0.0,0.2101934,0.28604379999999996,2030-02-22 22:00:00,5847.95718231883,1271
1271,0.0,0.20670339999999995,0.28638559999999996,2030-02-22 23:00:00,5462.316218503823,1272
1272,0.0,0.2001588,0.27709700000000004,2030-02-23 00:00:00,5305.450268927261,1273
1273,0.0,0.18707020000000002,0.26827600000000007,2030-02-23 01:00:00,5199.972359058186,1274
1274,0.0,0.18732580000000001,0.2655148,2030-02-23 02:00:00,5163.187700081551,1275
1275,0.0,0.18198240000000002,0.262445,2030-02-23 03:00:00,5240.198255616965,1276
1276,0.0,0.16792479999999999,0.2566444,2030-02-23 04:00:00,5495.559897857123,1277
1277,0.0,0.16000140000000002,0.25177740000000004,2030-02-23 05:00:00,6549.178481619832,1278
1278,0.011,0.1638924,0.2529018,2030-02-23 06:00:00,7455.770156146541,1279
1279,0.132,0.1596342,0.252229,2030-02-23 07:00:00,7926.90959801516,1280
1280,0.297,0.1549904,0.2567876,2030-02-23 08:00:00,7738.620351188647,1281
1281,0.414,0.1595054,0.25729420000000003,2030-02-23 09:00:00,7428.457277870828,1282
1282,0.465,0.1563224,0.2499504,2030-02-23 10:00:00,7035.22715633018,1283
1283,0.456,0.1441346,0.24217740000000001,2030-02-23 11:00:00,6640.169537638225,1284
1284,0.393,0.1285072,0.2314876,2030-02-23 12:00:00,6369.947301970375,1285
1285,0.295,0.11793039999999999,0.2243654,2030-02-23 13:00:00,6145.605570564955,1286
1286,0.188,0.1096556,0.21946920000000003,2030-02-23 14:00:00,6033.672758106573,1287
1287,0.066,0.1119048,0.2267978,2030-02-23 15:00:00,6046.353315312256,1288
1288,0.0,0.1470302,0.25494859999999997,2030-02-23 16:00:00,6513.885444202739,1289
1289,0.0,0.18929500000000002,0.28688299999999994,2030-02-23 17:00:00,6964.55780082007,1290
1290,0.0,0.22148239999999997,0.31251999999999996,2030-02-23 18:00:00,6896.853851017298,1291
1291,0.0,0.2348642,0.3261032,2030-02-23 19:00:00,6697.570681476815,1292
1292,0.0,0.23740580000000003,0.33219960000000004,2030-02-23 20:00:00,6385.538183764988,1293
1293,0.0,0.23194800000000004,0.330871,2030-02-23 21:00:00,5981.349108030599,1294
1294,0.0,0.2248548,0.3268936,2030-02-23 22:00:00,5624.354646465792,1295
1295,0.0,0.2222988,0.3231884,2030-02-23 23:00:00,5209.18240117961,1296
1296,0.0,0.21810680000000002,0.3125898,2030-02-24 00:00:00,4965.34242914795,1297
1297,0.0,0.21313300000000002,0.295292,2030-02-24 01:00:00,4829.409759919035,1298
1298,0.0,0.20426919999999998,0.2714114,2030-02-24 02:00:00,4757.144587747071,1299
1299,0.0,0.19938059999999996,0.2518202,2030-02-24 03:00:00,4724.029469074379,1300
1300,0.0,0.1965904,0.2400528,2030-02-24 04:00:00,4722.097772188116,1301
1301,0.0,0.1956138,0.23092600000000002,2030-02-24 05:00:00,5439.489976746612,1302
1302,0.023,0.19066860000000002,0.2195548,2030-02-24 06:00:00,6177.610165961663,1303
1303,0.182,0.1658362,0.20493160000000002,2030-02-24 07:00:00,6663.89974701475,1304
1304,0.304,0.1311748,0.18725960000000003,2030-02-24 08:00:00,6331.462658419245,1305
1305,0.395,0.1206132,0.1748532,2030-02-24 09:00:00,6013.345645367837,1306
1306,0.422,0.1280708,0.1718054,2030-02-24 10:00:00,5682.066199189761,1307
1307,0.4,0.13968260000000002,0.18147779999999997,2030-02-24 11:00:00,5370.932154776532,1308
1308,0.34,0.14819900000000003,0.19142019999999998,2030-02-24 12:00:00,5229.2644108260865,1309
1309,0.255,0.1537574,0.1992358,2030-02-24 13:00:00,5143.72949648682,1310
1310,0.164,0.1478132,0.19942500000000002,2030-02-24 14:00:00,5117.853272842562,1311
1311,0.054,0.1441678,0.20359699999999997,2030-02-24 15:00:00,5209.258982215083,1312
1312,0.0,0.1535652,0.2147552,2030-02-24 16:00:00,5738.180234070748,1313
1313,0.0,0.1597084,0.2198862,2030-02-24 17:00:00,6211.069446782974,1314
1314,0.0,0.15805699999999998,0.21539460000000005,2030-02-24 18:00:00,6207.013385661034,1315
1315,0.0,0.1528432,0.204255,2030-02-24 19:00:00,6062.548481740874,1316
1316,0.0,0.13541220000000004,0.18531740000000002,2030-02-24 20:00:00,5791.781168345766,1317
1317,0.0,0.121279,0.16481780000000001,2030-02-24 21:00:00,5466.516403283461,1318
1318,0.0,0.1088422,0.1455174,2030-02-24 22:00:00,5196.597658617987,1319
1319,0.0,0.10336039999999999,0.1353786,2030-02-24 23:00:00,4852.424676148345,1320
1320,0.0,0.104567,0.1367744,2030-02-25 00:00:00,4728.977765146664,1321
1321,0.0,0.11251980000000002,0.14319379999999998,2030-02-25 01:00:00,4606.433542946594,1322
1322,0.0,0.12033940000000001,0.15514100000000003,2030-02-25 02:00:00,4547.657419385484,1323
1323,0.0,0.12922660000000002,0.16424119999999998,2030-02-25 03:00:00,4511.321807632916,1324
1324,0.0,0.13296760000000002,0.17095880000000002,2030-02-25 04:00:00,4490.398605300185,1325
1325,0.0,0.13237780000000002,0.17285499999999998,2030-02-25 05:00:00,5174.443982342398,1326
1326,0.005,0.1298308,0.17350720000000003,2030-02-25 06:00:00,5877.536380298927,1327
1327,0.052,0.12632859999999999,0.1776144,2030-02-25 07:00:00,6391.37382995345,1328
1328,0.156,0.12476380000000001,0.1818848,2030-02-25 08:00:00,6361.17082596008,1329
1329,0.259,0.13248739999999998,0.1894688,2030-02-25 09:00:00,6167.473013292083,1330
1330,0.306,0.1497364,0.2074318,2030-02-25 10:00:00,5881.486178796664,1331
1331,0.32,0.164671,0.2280142,2030-02-25 11:00:00,5567.139238932265,1332
1332,0.28,0.1829392,0.2444484,2030-02-25 12:00:00,5405.704843209679,1333
1333,0.211,0.2035456,0.2563116,2030-02-25 13:00:00,5307.8009272791205,1334
1334,0.128,0.2169864,0.2675766,2030-02-25 14:00:00,5253.273346815363,1335
1335,0.044,0.21968040000000003,0.28051060000000005,2030-02-25 15:00:00,5361.378608325213,1336
1336,0.0,0.24119980000000002,0.3014744,2030-02-25 16:00:00,5888.522064504625,1337
1337,0.0,0.2601366,0.32088340000000004,2030-02-25 17:00:00,6344.526642197464,1338
1338,0.0,0.249953,0.3190552,2030-02-25 18:00:00,6354.089738666771,1339
1339,0.0,0.22878539999999997,0.2984108,2030-02-25 19:00:00,6190.803518167448,1340
1340,0.0,0.21584260000000005,0.283319,2030-02-25 20:00:00,5864.725754883317,1341
1341,0.0,0.19458799999999998,0.2702858,2030-02-25 21:00:00,5454.097682767887,1342
1342,0.0,0.1714478,0.24837099999999998,2030-02-25 22:00:00,5141.460703773372,1343
1343,0.0,0.1523924,0.21946139999999997,2030-02-25 23:00:00,4787.0510157165445,1344
1344,0.0,0.1377934,0.1994978,2030-02-26 00:00:00,4490.996985738604,1345
1345,0.0,0.1188866,0.177965,2030-02-26 01:00:00,4375.392672867774,1346
1346,0.0,0.10503580000000001,0.1608204,2030-02-26 02:00:00,4350.404516951974,1347
1347,0.0,0.0991386,0.15011619999999998,2030-02-26 03:00:00,4430.4477981394275,1348
1348,0.0,0.0965872,0.1438298,2030-02-26 04:00:00,4729.104903794283,1349
1349,0.0,0.09283140000000001,0.1395232,2030-02-26 05:00:00,5795.213874099947,1350
1350,0.001,0.0873356,0.1336662,2030-02-26 06:00:00,6673.867206279026,1351
1351,0.032,0.0782514,0.12479520000000002,2030-02-26 07:00:00,7108.575794850299,1352
1352,0.099,0.0696184,0.1227644,2030-02-26 08:00:00,6989.391409687794,1353
1353,0.219,0.064452,0.1265932,2030-02-26 09:00:00,6686.776118397846,1354
1354,0.381,0.0646946,0.13397019999999998,2030-02-26 10:00:00,6371.341075695776,1355
1355,0.437,0.0730398,0.145525,2030-02-26 11:00:00,6073.112814759823,1356
1356,0.42,0.08140019999999999,0.1576078,2030-02-26 12:00:00,5918.016352993394,1357
1357,0.342,0.0878522,0.16328199999999998,2030-02-26 13:00:00,5771.655629045965,1358
1358,0.224,0.0867216,0.159251,2030-02-26 14:00:00,5619.018797714014,1359
1359,0.083,0.0932788,0.1554132,2030-02-26 15:00:00,5643.738592193486,1360
1360,0.002,0.11750799999999999,0.1585228,2030-02-26 16:00:00,6093.180480610991,1361
1361,0.0,0.13962239999999998,0.1641644,2030-02-26 17:00:00,6526.672069271128,1362
1362,0.0,0.1493094,0.1699546,2030-02-26 18:00:00,6525.93410724581,1363
1363,0.0,0.1507124,0.174935,2030-02-26 19:00:00,6338.220903929519,1364
1364,0.0,0.153273,0.180782,2030-02-26 20:00:00,6003.8971528224265,1365
1365,0.0,0.15907939999999998,0.18701299999999998,2030-02-26 21:00:00,5572.364744067908,1366
1366,0.0,0.166063,0.1959136,2030-02-26 22:00:00,5208.696674930859,1367
1367,0.0,0.1748724,0.2086094,2030-02-26 23:00:00,4866.664051767729,1368
1368,0.0,0.184484,0.22261519999999999,2030-02-27 00:00:00,4762.639829866894,1369
1369,0.0,0.196831,0.23516560000000003,2030-02-27 01:00:00,4680.777507720881,1370
1370,0.0,0.2028994,0.24562699999999998,2030-02-27 02:00:00,4667.511680762856,1371
1371,0.0,0.20438900000000002,0.2531774,2030-02-27 03:00:00,4745.8781402160585,1372
1372,0.0,0.207181,0.26172320000000004,2030-02-27 04:00:00,5041.868373778068,1373
1373,0.0,0.20846360000000003,0.2690614,2030-02-27 05:00:00,6110.104504454416,1374
1374,0.014,0.2049976,0.2634846,2030-02-27 06:00:00,6957.509679781211,1375
1375,0.125,0.195243,0.25208100000000006,2030-02-27 07:00:00,7321.496648273736,1376
1376,0.328,0.1717534,0.24337599999999998,2030-02-27 08:00:00,7048.779071359533,1377
1377,0.471,0.17468140000000001,0.25669240000000004,2030-02-27 09:00:00,6686.306712859011,1378
1378,0.542,0.2019998,0.2899986,2030-02-27 10:00:00,6286.734775762263,1379
1379,0.539,0.240164,0.33435139999999997,2030-02-27 11:00:00,6011.557246220655,1380
1380,0.484,0.26958699999999997,0.3664176,2030-02-27 12:00:00,5887.341816320158,1381
1381,0.388,0.2843434,0.382477,2030-02-27 13:00:00,5735.979686413271,1382
1382,0.248,0.27914399999999995,0.3897712,2030-02-27 14:00:00,5601.633885063596,1383
1383,0.081,0.2972384,0.408872,2030-02-27 15:00:00,5664.1440186095115,1384
1384,0.002,0.3377738,0.44032920000000003,2030-02-27 16:00:00,6162.895450833709,1385
1385,0.0,0.3633658,0.4607932,2030-02-27 17:00:00,6579.9006488571,1386
1386,0.0,0.3625152,0.4697634,2030-02-27 18:00:00,6572.548237570534,1387
1387,0.0,0.360079,0.47013380000000005,2030-02-27 19:00:00,6371.3650074008965,1388
1388,0.0,0.34596340000000003,0.46312120000000007,2030-02-27 20:00:00,6019.891796787733,1389
1389,0.0,0.33397240000000006,0.46156620000000004,2030-02-27 21:00:00,5583.314396406765,1390
1390,0.0,0.3316336000000001,0.46869760000000005,2030-02-27 22:00:00,5227.777175745065,1391
1391,0.0,0.33011500000000005,0.471915,2030-02-27 23:00:00,4868.623425170096,1392
1392,0.0,0.334111,0.4732177999999999,2030-02-28 00:00:00,4848.189445184407,1393
1393,0.0,0.3418486,0.46994959999999997,2030-02-28 01:00:00,4743.906005069261,1394
1394,0.0,0.3470136,0.46394820000000003,2030-02-28 02:00:00,4699.96672371613,1395
1395,0.0,0.3402166,0.46324819999999994,2030-02-28 03:00:00,4764.480444462592,1396
1396,0.0,0.34303659999999997,0.45749019999999996,2030-02-28 04:00:00,5074.113030148863,1397
1397,0.0,0.3280676,0.4334098,2030-02-28 05:00:00,6113.301458538703,1398
1398,0.012,0.2998704,0.4131096,2030-02-28 06:00:00,6959.009632633566,1399
1399,0.094,0.26154780000000005,0.3898264,2030-02-28 07:00:00,7348.117120709241,1400
1400,0.293,0.2211388,0.33841119999999997,2030-02-28 08:00:00,7135.777337466546,1401
1401,0.498,0.16627799999999998,0.2794214,2030-02-28 09:00:00,6835.042368588236,1402
1402,0.573,0.1150506,0.23114479999999998,2030-02-28 10:00:00,6511.355826170311,1403
1403,0.568,0.08576220000000001,0.1984544,2030-02-28 11:00:00,6271.738113405151,1404
1404,0.507,0.0744398,0.18572340000000004,2030-02-28 12:00:00,6159.087566711933,1405
1405,0.4,0.07107799999999999,0.18325160000000001,2030-02-28 13:00:00,6008.483942731791,1406
1406,0.269,0.06860379999999999,0.18387920000000002,2030-02-28 14:00:00,5878.625053799138,1407
1407,0.116,0.0708144,0.1858826,2030-02-28 15:00:00,5930.207368019369,1408
1408,0.005,0.08163240000000001,0.18694539999999998,2030-02-28 16:00:00,6398.1514828122945,1409
1409,0.0,0.08529479999999999,0.18451640000000002,2030-02-28 17:00:00,6842.591484123185,1410
1410,0.0,0.0810134,0.17798980000000003,2030-02-28 18:00:00,6880.330957228947,1411
1411,0.0,0.0692468,0.16306400000000001,2030-02-28 19:00:00,6734.723992735924,1412
1412,0.0,0.05307459999999999,0.1427902,2030-02-28 20:00:00,6400.0815989929615,1413
1413,0.0,0.039583,0.1278062,2030-02-28 21:00:00,5956.26560531161,1414
1414,0.0,0.0317446,0.12179119999999999,2030-02-28 22:00:00,5590.094617124595,1415
1415,0.0,0.029559999999999996,0.12466139999999999,2030-02-28 23:00:00,5211.025151460557,1416
1416,0.0,0.031412,0.1375988,2030-03-01 00:00:00,5455.410864474813,1417
1417,0.0,0.035753,0.15486679999999997,2030-03-01 01:00:00,5344.958415321658,1418
1418,0.0,0.0420964,0.1775704,2030-03-01 02:00:00,5294.505784022488,1419
1419,0.0,0.0462594,0.197455,2030-03-01 03:00:00,5389.905719207338,1420
1420,0.0,0.049125,0.20826799999999998,2030-03-01 04:00:00,5692.675609858231,1421
1421,0.0,0.049254,0.2104974,2030-03-01 05:00:00,6664.142153939258,1422
1422,0.012,0.047649800000000006,0.20794740000000003,2030-03-01 06:00:00,7542.724984934084,1423
1423,0.067,0.04938360000000001,0.1978498,2030-03-01 07:00:00,8087.564742013305,1424
1424,0.165,0.0553322,0.1819824,2030-03-01 08:00:00,7899.596648019815,1425
1425,0.32,0.0613694,0.17168460000000002,2030-03-01 09:00:00,7608.312716875049,1426
1426,0.474,0.063501,0.152367,2030-03-01 10:00:00,7226.477475603888,1427
1427,0.521,0.062130399999999995,0.13066,2030-03-01 11:00:00,6901.490245204496,1428
1428,0.467,0.057338,0.1073208,2030-03-01 12:00:00,6722.479524272321,1429
1429,0.344,0.0499398,0.087227,2030-03-01 13:00:00,6553.037904284554,1430
1430,0.197,0.0407592,0.07152240000000001,2030-03-01 14:00:00,6412.900089783338,1431
1431,0.074,0.0341632,0.061431599999999996,2030-03-01 15:00:00,6408.040134979607,1432
1432,0.003,0.0346522,0.054042599999999996,2030-03-01 16:00:00,6846.119673625835,1433
1433,0.0,0.034596,0.043689799999999994,2030-03-01 17:00:00,7362.001977630388,1434
1434,0.0,0.0330684,0.0332086,2030-03-01 18:00:00,7434.365253698026,1435
1435,0.0,0.0312976,0.0252212,2030-03-01 19:00:00,7271.354401122613,1436
1436,0.0,0.0299554,0.022992000000000002,2030-03-01 20:00:00,6920.998889264743,1437
1437,0.0,0.030335,0.025515,2030-03-01 21:00:00,6464.360519623782,1438
1438,0.0,0.03487,0.031130400000000003,2030-03-01 22:00:00,6110.317694698533,1439
1439,0.0,0.0438504,0.041836200000000004,2030-03-01 23:00:00,5730.564443877204,1440
1440,0.0,0.053743200000000005,0.05798679999999999,2030-03-02 00:00:00,5594.4207550991905,1441
1441,0.0,0.06282940000000001,0.073684,2030-03-02 01:00:00,5496.932083874381,1442
1442,0.0,0.06945860000000001,0.08599399999999999,2030-03-02 02:00:00,5493.814257139376,1443
1443,0.0,0.07162500000000001,0.09603239999999999,2030-03-02 03:00:00,5555.6634409119815,1444
1444,0.0,0.0736596,0.10732460000000002,2030-03-02 04:00:00,5818.711755861502,1445
1445,0.0,0.08078379999999999,0.119936,2030-03-02 05:00:00,6773.9476822286515,1446
1446,0.014,0.0887016,0.133365,2030-03-02 06:00:00,7655.169164779092,1447
1447,0.071,0.092769,0.1552716,2030-03-02 07:00:00,8175.128536067037,1448
1448,0.134,0.10574919999999999,0.18894539999999999,2030-03-02 08:00:00,8033.7400264282405,1449
1449,0.239,0.1323312,0.2137162,2030-03-02 09:00:00,7659.24329064415,1450
1450,0.359,0.15245899999999998,0.2287982,2030-03-02 10:00:00,7264.925736303856,1451
1451,0.384,0.17055320000000002,0.247343,2030-03-02 11:00:00,6872.799162469959,1452
1452,0.321,0.1781582,0.27228640000000004,2030-03-02 12:00:00,6634.604545128664,1453
1453,0.196,0.1770914,0.30381739999999996,2030-03-02 13:00:00,6459.270561958498,1454
1454,0.078,0.183197,0.3322074,2030-03-02 14:00:00,6370.730221659835,1455
1455,0.017,0.2119268,0.36854679999999995,2030-03-02 15:00:00,6405.050539576795,1456
1456,0.0,0.26912400000000003,0.4145636,2030-03-02 16:00:00,6865.464080591919,1457
1457,0.0,0.3345182,0.45621539999999994,2030-03-02 17:00:00,7143.887672496845,1458
1458,0.0,0.36731860000000005,0.47617259999999995,2030-03-02 18:00:00,7022.1743741559585,1459
1459,0.0,0.3815664,0.5168424,2030-03-02 19:00:00,6775.2647834820455,1460
1460,0.0,0.3969914,0.550524,2030-03-02 20:00:00,6411.761955921635,1461
1461,0.0,0.43719339999999995,0.5776996000000001,2030-03-02 21:00:00,5993.9761150880695,1462
1462,0.0,0.45941019999999994,0.5882198000000001,2030-03-02 22:00:00,5612.557184339803,1463
1463,0.0,0.46524099999999996,0.5909648,2030-03-02 23:00:00,5185.639297297535,1464
1464,0.0,0.48785920000000005,0.61869,2030-03-03 00:00:00,4792.634099165628,1465
1465,0.0,0.49737960000000003,0.6487812,2030-03-03 01:00:00,4647.981882296834,1466
1466,0.0,0.5142914000000001,0.6723977999999999,2030-03-03 02:00:00,4570.145750913371,1467
1467,0.0,0.552536,0.6805272,2030-03-03 03:00:00,4532.262442987453,1468
1468,0.0,0.5853882,0.6792688,2030-03-03 04:00:00,4504.287540384028,1469
1469,0.0,0.5923224,0.6825628,2030-03-03 05:00:00,5019.282231188408,1470
1470,0.009,0.5962812,0.6970652000000002,2030-03-03 06:00:00,5640.948060050292,1471
1471,0.093,0.594224,0.6993694,2030-03-03 07:00:00,6197.187906922274,1472
1472,0.221,0.5873342,0.6953997999999999,2030-03-03 08:00:00,6183.941641621173,1473
1473,0.329,0.6257280000000001,0.7032108000000001,2030-03-03 09:00:00,5960.346762977817,1474
1474,0.355,0.6314432,0.7079146,2030-03-03 10:00:00,5679.974508813841,1475
1475,0.283,0.6113094,0.6983752,2030-03-03 11:00:00,5467.6096420002195,1476
1476,0.288,0.570992,0.6557318000000001,2030-03-03 12:00:00,5374.100346795224,1477
1477,0.27,0.5110366,0.601619,2030-03-03 13:00:00,5314.207771062191,1478
1478,0.147,0.43626259999999994,0.5465494000000001,2030-03-03 14:00:00,5298.653469387784,1479
1479,0.047,0.35895299999999997,0.49699119999999997,2030-03-03 15:00:00,5366.82548322925,1480
1480,0.001,0.299156,0.44080820000000004,2030-03-03 16:00:00,5838.373882336835,1481
1481,0.0,0.2842476,0.41894739999999997,2030-03-03 17:00:00,6276.192202971135,1482
1482,0.0,0.27360260000000003,0.39528480000000005,2030-03-03 18:00:00,6270.517312970755,1483
1483,0.0,0.24517659999999997,0.352655,2030-03-03 19:00:00,6064.159343030827,1484
1484,0.0,0.22069239999999998,0.3184722,2030-03-03 20:00:00,5753.377374342437,1485
1485,0.0,0.208042,0.32566759999999995,2030-03-03 21:00:00,5387.021896874198,1486
1486,0.0,0.20990319999999998,0.3424602,2030-03-03 22:00:00,5059.463446298788,1487
1487,0.0,0.22145199999999998,0.347844,2030-03-03 23:00:00,4679.1445913212665,1488
1488,0.0,0.27675779999999994,0.401176,2030-03-04 00:00:00,4542.542753794097,1489
1489,0.0,0.37670900000000007,0.49262559999999994,2030-03-04 01:00:00,4416.570440935552,1490
1490,0.0,0.4750244,0.5538900000000001,2030-03-04 02:00:00,4339.19027856314,1491
1491,0.0,0.5170954,0.5994439999999999,2030-03-04 03:00:00,4246.35013909178,1492
1492,0.0,0.5432848,0.648096,2030-03-04 04:00:00,4173.83478795639,1493
1493,0.0,0.5502664,0.6384166,2030-03-04 05:00:00,4687.405388288311,1494
1494,0.014,0.5330646,0.6390812,2030-03-04 06:00:00,5292.057748515092,1495
1495,0.078,0.5302768,0.6391198,2030-03-04 07:00:00,5844.895860831519,1496
1496,0.124,0.5200188000000001,0.6155856,2030-03-04 08:00:00,5910.27074239424,1497
1497,0.139,0.5489368,0.6066104,2030-03-04 09:00:00,5876.955373492197,1498
1498,0.165,0.5692245999999999,0.6009342,2030-03-04 10:00:00,5771.139022952981,1499
1499,0.163,0.5860272,0.5918561999999999,2030-03-04 11:00:00,5598.015632484097,1500
1500,0.142,0.583378,0.5695958,2030-03-04 12:00:00,5567.153116542356,1501
1501,0.106,0.5467500000000001,0.5397992,2030-03-04 13:00:00,5615.936500113974,1502
1502,0.073,0.481058,0.536659,2030-03-04 14:00:00,5590.144609499572,1503
1503,0.029,0.4595039999999999,0.5589066,2030-03-04 15:00:00,5668.222009284364,1504
1504,0.0,0.478001,0.5748956,2030-03-04 16:00:00,6174.386997614806,1505
1505,0.0,0.5073831999999999,0.5947536,2030-03-04 17:00:00,6559.304084499121,1506
1506,0.0,0.5431706000000001,0.6209461999999999,2030-03-04 18:00:00,6527.615720948852,1507
1507,0.0,0.5901756,0.6397983999999999,2030-03-04 19:00:00,6341.612676235057,1508
1508,0.0,0.6297147999999999,0.6727004000000001,2030-03-04 20:00:00,6035.198548864376,1509
1509,0.0,0.6539396,0.6954106,2030-03-04 21:00:00,5654.287141458159,1510
1510,0.0,0.6623296,0.699669,2030-03-04 22:00:00,5366.6411535588995,1511
1511,0.0,0.6515730000000001,0.6903278,2030-03-04 23:00:00,5051.615679667244,1512
1512,0.0,0.635036,0.6707178,2030-03-05 00:00:00,5071.77912370311,1513
1513,0.0,0.607577,0.6520626,2030-03-05 01:00:00,4960.4598577757915,1514
1514,0.0,0.5678576,0.6371361999999999,2030-03-05 02:00:00,4905.52831362566,1515
1515,0.0,0.5332398,0.6290232,2030-03-05 03:00:00,4959.646062690472,1516
1516,0.0,0.5075812,0.6171746,2030-03-05 04:00:00,5246.217350391248,1517
1517,0.0,0.4805002,0.5988218,2030-03-05 05:00:00,6248.550586240812,1518
1518,0.004,0.45059899999999997,0.5767144,2030-03-05 06:00:00,7128.618138241138,1519
1519,0.027,0.42923920000000004,0.5588946,2030-03-05 07:00:00,7668.769314574357,1520
1520,0.062,0.4145923999999999,0.5428892000000001,2030-03-05 08:00:00,7657.6966606663045,1521
1521,0.099,0.40836480000000003,0.5333522,2030-03-05 09:00:00,7347.33442976177,1522
1522,0.126,0.40341379999999993,0.5237364,2030-03-05 10:00:00,7071.825330848195,1523
1523,0.15,0.4014532,0.5039591999999999,2030-03-05 11:00:00,6860.935574610338,1524
1524,0.156,0.3865266,0.4693168,2030-03-05 12:00:00,6779.96222658572,1525
1525,0.141,0.35091740000000005,0.42290360000000005,2030-03-05 13:00:00,6632.928276336043,1526
1526,0.107,0.308287,0.36931299999999995,2030-03-05 14:00:00,6493.413352365596,1527
1527,0.05,0.2698646,0.3035008,2030-03-05 15:00:00,6534.213018600698,1528
1528,0.004,0.23708279999999998,0.2560158,2030-03-05 16:00:00,6927.97993351374,1529
1529,0.0,0.2089436,0.237675,2030-03-05 17:00:00,7155.616118650476,1530
1530,0.0,0.1901416,0.22501359999999998,2030-03-05 18:00:00,7087.782201379408,1531
1531,0.0,0.1884786,0.21688079999999998,2030-03-05 19:00:00,6863.498697623142,1532
1532,0.0,0.179121,0.20180260000000003,2030-03-05 20:00:00,6440.480292084645,1533
1533,0.0,0.1570906,0.184057,2030-03-05 21:00:00,5951.038537724363,1534
1534,0.0,0.1322486,0.1619344,2030-03-05 22:00:00,5535.301013244922,1535
1535,0.0,0.114587,0.15804500000000002,2030-03-05 23:00:00,5175.835479310692,1536
1536,0.0,0.1065536,0.1633976,2030-03-06 00:00:00,5022.757631384636,1537
1537,0.0,0.11379619999999999,0.17994079999999996,2030-03-06 01:00:00,4937.395859652791,1538
1538,0.0,0.13241540000000002,0.2041754,2030-03-06 02:00:00,4895.007823938143,1539
1539,0.0,0.148858,0.221285,2030-03-06 03:00:00,4970.368030270122,1540
1540,0.0,0.1652348,0.2352266,2030-03-06 04:00:00,5277.258922013332,1541
1541,0.0,0.1955006,0.26476879999999997,2030-03-06 05:00:00,6305.685576958838,1542
1542,0.01,0.22499639999999999,0.2967138,2030-03-06 06:00:00,7168.58699617857,1543
1543,0.048,0.2373382,0.332079,2030-03-06 07:00:00,7631.906139586357,1544
1544,0.084,0.25669600000000004,0.3687318,2030-03-06 08:00:00,7528.080983734778,1545
1545,0.117,0.29289639999999995,0.41898100000000005,2030-03-06 09:00:00,7297.213684022507,1546
1546,0.107,0.332445,0.4646663999999999,2030-03-06 10:00:00,7040.015412196612,1547
1547,0.079,0.35300180000000003,0.49103320000000006,2030-03-06 11:00:00,6860.545643188791,1548
1548,0.063,0.38530179999999997,0.5226034,2030-03-06 12:00:00,6846.149643128923,1549
1549,0.047,0.4190296,0.5633446,2030-03-06 13:00:00,6776.23400607405,1550
1550,0.027,0.461337,0.6078698,2030-03-06 14:00:00,6743.864649974044,1551
1551,0.009,0.5192058,0.6597206,2030-03-06 15:00:00,6779.724677464463,1552
1552,0.0,0.5573750000000001,0.694699,2030-03-06 16:00:00,7099.2479174251075,1553
1553,0.0,0.5722786000000001,0.6979282,2030-03-06 17:00:00,7215.927985983781,1554
1554,0.0,0.5794219999999999,0.6927668,2030-03-06 18:00:00,7060.631146944096,1555
1555,0.0,0.5733074,0.6835366,2030-03-06 19:00:00,6757.019558225961,1556
1556,0.0,0.5423276,0.6620818,2030-03-06 20:00:00,6302.989785425354,1557
1557,0.0,0.4952112000000001,0.6306238000000001,2030-03-06 21:00:00,5789.360896654613,1558
1558,0.0,0.44189540000000005,0.5994474000000001,2030-03-06 22:00:00,5355.307291436365,1559
1559,0.0,0.3945906,0.5721646,2030-03-06 23:00:00,4951.085090872844,1560
1560,0.0,0.3677246,0.55226,2030-03-07 00:00:00,4655.374305767273,1561
1561,0.0,0.35494,0.5261853999999999,2030-03-07 01:00:00,4530.816269594048,1562
1562,0.0,0.3411608,0.497645,2030-03-07 02:00:00,4491.783268590521,1563
1563,0.0,0.3150798,0.4733422,2030-03-07 03:00:00,4550.584734453439,1564
1564,0.0,0.29381739999999995,0.4618848,2030-03-07 04:00:00,4836.515660468621,1565
1565,0.0,0.289972,0.46533940000000007,2030-03-07 05:00:00,5807.361302714626,1566
1566,0.002,0.2993948,0.46872359999999996,2030-03-07 06:00:00,6617.252536793552,1567
1567,0.014,0.29008079999999997,0.4686412,2030-03-07 07:00:00,7109.599072129718,1568
1568,0.033,0.2957254,0.45886380000000004,2030-03-07 08:00:00,7130.70121422688,1569
1569,0.065,0.306751,0.4504518,2030-03-07 09:00:00,6930.606127318093,1570
1570,0.094,0.3376214,0.4482252,2030-03-07 10:00:00,6713.697303624227,1571
1571,0.103,0.37437180000000003,0.48145239999999995,2030-03-07 11:00:00,6570.9941936315445,1572
1572,0.105,0.4486714000000001,0.5522498,2030-03-07 12:00:00,6609.439191722871,1573
1573,0.102,0.5437388,0.611517,2030-03-07 13:00:00,6552.7607038157,1574
1574,0.072,0.6349986000000001,0.6798116000000001,2030-03-07 14:00:00,6527.48027616332,1575
1575,0.043,0.7006446,0.7338114,2030-03-07 15:00:00,6459.79427510206,1576
1576,0.006,0.723313,0.75715,2030-03-07 16:00:00,6705.9040554916555,1577
1577,0.0,0.6878756,0.7411631999999999,2030-03-07 17:00:00,6965.025360005371,1578
1578,0.0,0.6608279999999999,0.7081768000000002,2030-03-07 18:00:00,6907.396350161749,1579
1579,0.0,0.6549884,0.6917458,2030-03-07 19:00:00,6636.134054243088,1580
1580,0.0,0.6301724,0.6689678,2030-03-07 20:00:00,6244.632741360059,1581
1581,0.0,0.6362182,0.6545766000000001,2030-03-07 21:00:00,5757.819408962144,1582
1582,0.0,0.6376288,0.6363172,2030-03-07 22:00:00,5400.696099308578,1583
1583,0.0,0.6004934,0.6269906,2030-03-07 23:00:00,5012.293313203636,1584
1584,0.0,0.5509062,0.6639482,2030-03-08 00:00:00,4981.922893531202,1585
1585,0.0,0.5151696,0.6828939999999999,2030-03-08 01:00:00,4842.22256252223,1586
1586,0.0,0.48033839999999994,0.7066547999999999,2030-03-08 02:00:00,4796.343790511457,1587
1587,0.0,0.4696644,0.7490466,2030-03-08 03:00:00,4865.6042086201305,1588
1588,0.0,0.535992,0.7981486,2030-03-08 04:00:00,5190.9067835998485,1589
1589,0.0,0.6538666,0.8278396000000001,2030-03-08 05:00:00,6236.845445777746,1590
1590,0.027,0.7476536,0.8519952,2030-03-08 06:00:00,7134.939354001855,1591
1591,0.171,0.8090328,0.8768974,2030-03-08 07:00:00,7679.242572949578,1592
1592,0.371,0.8584362000000001,0.9056711999999999,2030-03-08 08:00:00,7647.284197348852,1593
1593,0.551,0.8891541999999999,0.9213146,2030-03-08 09:00:00,7431.8097471745305,1594
1594,0.612,0.89985,0.9155572,2030-03-08 10:00:00,7109.945853906114,1595
1595,0.604,0.8921680000000001,0.899259,2030-03-08 11:00:00,6893.675330017399,1596
1596,0.531,0.8666484000000001,0.8801502000000001,2030-03-08 12:00:00,6752.211576125006,1597
1597,0.42,0.8394368,0.8647259999999999,2030-03-08 13:00:00,6614.23094320814,1598
1598,0.29,0.8096476000000001,0.8429550000000001,2030-03-08 14:00:00,6504.52195696849,1599
1599,0.144,0.7546124,0.8021939999999999,2030-03-08 15:00:00,6491.977955325485,1600
1600,0.018,0.6625218,0.7561378000000001,2030-03-08 16:00:00,6785.578334158621,1601
1601,0.0,0.5873238000000001,0.7183596000000001,2030-03-08 17:00:00,7075.72780465687,1602
1602,0.0,0.5420432,0.6787745999999999,2030-03-08 18:00:00,7115.242542915864,1603
1603,0.0,0.49203159999999996,0.6452142000000001,2030-03-08 19:00:00,6858.0219479404295,1604
1604,0.0,0.44287459999999995,0.6152628,2030-03-08 20:00:00,6440.227436769303,1605
1605,0.0,0.4062482,0.5989538000000001,2030-03-08 21:00:00,5945.613291637215,1606
1606,0.0,0.39673780000000003,0.5873107999999999,2030-03-08 22:00:00,5573.515360324767,1607
1607,0.0,0.3830768,0.5685962,2030-03-08 23:00:00,5191.576942834404,1608
1608,0.0,0.3956562,0.5663218,2030-03-09 00:00:00,5062.655025838504,1609
1609,0.0,0.4042276,0.5812077999999999,2030-03-09 01:00:00,4948.420899753934,1610
1610,0.0,0.42969939999999995,0.6056497999999999,2030-03-09 02:00:00,4919.452702130892,1611
1611,0.0,0.49376680000000006,0.62721,2030-03-09 03:00:00,5010.892132128799,1612
1612,0.0,0.5292252,0.682062,2030-03-09 04:00:00,5343.27796491835,1613
1613,0.0,0.5909104000000001,0.7430551999999999,2030-03-09 05:00:00,6353.250206830771,1614
1614,0.002,0.6506265999999999,0.7970510000000001,2030-03-09 06:00:00,7224.493841361194,1615
1615,0.03,0.7168963999999999,0.828279,2030-03-09 07:00:00,7761.195381811294,1616
1616,0.08,0.7972476,0.8484518,2030-03-09 08:00:00,7719.254796955645,1617
1617,0.154,0.8429817999999999,0.8734325999999999,2030-03-09 09:00:00,7386.2412109986435,1618
1618,0.218,0.8649681999999999,0.8943462,2030-03-09 10:00:00,7006.526613716452,1619
1619,0.271,0.877017,0.9169446000000001,2030-03-09 11:00:00,6672.225474481271,1620
1620,0.286,0.8771172,0.9293986000000001,2030-03-09 12:00:00,6468.1831553663305,1621
1621,0.239,0.8658752000000002,0.926919,2030-03-09 13:00:00,6292.712396640794,1622
1622,0.157,0.8400086,0.9203694,2030-03-09 14:00:00,6208.71241956719,1623
1623,0.068,0.8056401999999998,0.9059967999999999,2030-03-09 15:00:00,6228.322428462106,1624
1624,0.008,0.778056,0.8902744,2030-03-09 16:00:00,6574.206847674041,1625
1625,0.0,0.7659054,0.8760695999999999,2030-03-09 17:00:00,6927.613497035963,1626
1626,0.0,0.7648956,0.862021,2030-03-09 18:00:00,6993.151201727189,1627
1627,0.0,0.764551,0.8496933999999999,2030-03-09 19:00:00,6788.03114366981,1628
1628,0.0,0.763952,0.8376737999999999,2030-03-09 20:00:00,6453.39532970306,1629
1629,0.0,0.768598,0.8296024,2030-03-09 21:00:00,6041.536086799909,1630
1630,0.0,0.7810756000000001,0.8366232,2030-03-09 22:00:00,5703.987106210124,1631
1631,0.0,0.7920483999999999,0.8515474000000001,2030-03-09 23:00:00,5321.78499131174,1632
1632,0.0,0.7953514,0.845828,2030-03-10 00:00:00,5289.6076316436365,1633
1633,0.0,0.7747196,0.8249150000000001,2030-03-10 01:00:00,5135.975667835587,1634
1634,0.0,0.7288018,0.8023362,2030-03-10 02:00:00,4990.538634646913,1635
1635,0.0,0.6704676,0.7573184,2030-03-10 03:00:00,4912.392501553036,1636
1636,0.0,0.5976792,0.688428,2030-03-10 04:00:00,4859.28782742224,1637
1637,0.0,0.5111898,0.6057302,2030-03-10 05:00:00,5410.818215295941,1638
1638,0.072,0.42014819999999997,0.5098692,2030-03-10 06:00:00,6077.120854037822,1639
1639,0.204,0.3431036,0.4239756,2030-03-10 07:00:00,6586.305521485414,1640
1640,0.337,0.33328539999999995,0.3727004,2030-03-10 08:00:00,6553.783295579693,1641
1641,0.417,0.29967,0.321403,2030-03-10 09:00:00,6352.935652234087,1642
1642,0.402,0.2506882,0.2701678,2030-03-10 10:00:00,6101.366837455684,1643
1643,0.354,0.2113864,0.22889879999999999,2030-03-10 11:00:00,5861.9815751903825,1644
1644,0.299,0.1842604,0.20179500000000003,2030-03-10 12:00:00,5747.964420636582,1645
1645,0.253,0.1644092,0.18768980000000002,2030-03-10 13:00:00,5682.47837129537,1646
1646,0.19,0.14825860000000002,0.1777314,2030-03-10 14:00:00,5694.634105715471,1647
1647,0.108,0.1409768,0.17680620000000002,2030-03-10 15:00:00,5774.736186411905,1648
1648,0.022,0.1433394,0.18139560000000002,2030-03-10 16:00:00,6208.594682354022,1649
1649,0.0,0.1473014,0.1784948,2030-03-10 17:00:00,6628.9400847328125,1650
1650,0.0,0.134112,0.16745459999999998,2030-03-10 18:00:00,6828.251396049622,1651
1651,0.0,0.11433959999999999,0.16320420000000002,2030-03-10 19:00:00,6726.370705651856,1652
1652,0.0,0.1014308,0.170321,2030-03-10 20:00:00,6478.300689366781,1653
1653,0.0,0.10050540000000001,0.175828,2030-03-10 21:00:00,6148.4657315446275,1654
1654,0.0,0.10475399999999999,0.1723906,2030-03-10 22:00:00,5867.949884345009,1655
1655,0.0,0.1033156,0.16139040000000002,2030-03-10 23:00:00,5504.638916799764,1656
1656,0.0,0.09101820000000001,0.1443292,2030-03-11 00:00:00,5544.876541769952,1657
1657,0.0,0.07297139999999999,0.126882,2030-03-11 01:00:00,5403.854314204926,1658
1658,0.0,0.05914899999999999,0.11044000000000001,2030-03-11 02:00:00,5321.5369280053255,1659
1659,0.0,0.04832100000000001,0.09616880000000001,2030-03-11 03:00:00,5306.207421691628,1660
1660,0.0,0.0384664,0.08678880000000001,2030-03-11 04:00:00,5288.664888259122,1661
1661,0.0,0.031000000000000007,0.081766,2030-03-11 05:00:00,5908.326193345046,1662
1662,0.036,0.0249938,0.0780114,2030-03-11 06:00:00,6592.085148476919,1663
1663,0.11,0.0205874,0.07276439999999999,2030-03-11 07:00:00,7038.107566551975,1664
1664,0.204,0.017974800000000003,0.06452179999999999,2030-03-11 08:00:00,6908.326181529035,1665
1665,0.307,0.0177632,0.055959400000000006,2030-03-11 09:00:00,6604.543842799044,1666
1666,0.385,0.019939,0.053436399999999995,2030-03-11 10:00:00,6297.668297303084,1667
1667,0.401,0.028908800000000002,0.0629728,2030-03-11 11:00:00,5999.69564617152,1668
1668,0.381,0.05018979999999999,0.08830160000000001,2030-03-11 12:00:00,5859.915283695603,1669
1669,0.327,0.08385139999999999,0.12519220000000003,2030-03-11 13:00:00,5785.6594411198475,1670
1670,0.241,0.1183616,0.16059260000000003,2030-03-11 14:00:00,5746.840263450758,1671
1671,0.139,0.1311474,0.1850992,2030-03-11 15:00:00,5826.17261059864,1672
1672,0.031,0.13759639999999998,0.20795280000000002,2030-03-11 16:00:00,6317.260453412684,1673
1673,0.0,0.1575334,0.23998239999999998,2030-03-11 17:00:00,6789.557936637801,1674
1674,0.0,0.1745372,0.2646326,2030-03-11 18:00:00,7097.544128425545,1675
1675,0.0,0.1913632,0.2782606,2030-03-11 19:00:00,6983.335262791412,1676
1676,0.0,0.1905676,0.27017499999999994,2030-03-11 20:00:00,6681.843101261293,1677
1677,0.0,0.1807746,0.25311779999999995,2030-03-11 21:00:00,6264.625183285962,1678
1678,0.0,0.1780864,0.2351892,2030-03-11 22:00:00,5971.622521397384,1679
1679,0.0,0.1772862,0.2193798,2030-03-11 23:00:00,5617.921085935668,1680
1680,0.0,0.1706692,0.20786880000000002,2030-03-12 00:00:00,5355.952787044261,1681
1681,0.0,0.1603294,0.20966659999999998,2030-03-12 01:00:00,5227.097756108541,1682
1682,0.0,0.1546076,0.22421659999999996,2030-03-12 02:00:00,5148.960368057524,1683
1683,0.0,0.1498564,0.2500252,2030-03-12 03:00:00,5214.674638141713,1684
1684,0.0,0.15631219999999998,0.2896696,2030-03-12 04:00:00,5572.740647354062,1685
1685,0.0,0.17921159999999997,0.33865520000000005,2030-03-12 05:00:00,6632.0526082916385,1686
1686,0.006,0.20406960000000002,0.4019444,2030-03-12 06:00:00,7504.502392115024,1687
1687,0.024,0.25395639999999997,0.472567,2030-03-12 07:00:00,7918.754518047419,1688
1688,0.048,0.3319238,0.5411684,2030-03-12 08:00:00,7817.044859744847,1689
1689,0.07,0.4176474,0.6004252,2030-03-12 09:00:00,7551.074746477756,1690
1690,0.081,0.49027200000000004,0.646896,2030-03-12 10:00:00,7301.948215325957,1691
1691,0.078,0.553177,0.6761188,2030-03-12 11:00:00,7144.491707950033,1692
1692,0.064,0.6055459999999999,0.6916762,2030-03-12 12:00:00,7070.869777617506,1693
1693,0.043,0.636636,0.691859,2030-03-12 13:00:00,7057.038351598796,1694
1694,0.022,0.6552925999999999,0.685916,2030-03-12 14:00:00,7042.13080261988,1695
1695,0.007,0.673467,0.6806114000000001,2030-03-12 15:00:00,7199.332322279927,1696
1696,0.0,0.6942691999999999,0.6863897999999999,2030-03-12 16:00:00,7478.410766267716,1697
1697,0.0,0.7121324,0.695357,2030-03-12 17:00:00,7575.180192111053,1698
1698,0.0,0.7239599999999999,0.7020012,2030-03-12 18:00:00,7472.81503996985,1699
1699,0.0,0.7192551999999999,0.6897596,2030-03-12 19:00:00,7211.200470727574,1700
1700,0.0,0.7045598,0.6641186000000001,2030-03-12 20:00:00,6790.597850823475,1701
1701,0.0,0.6724466,0.6293752,2030-03-12 21:00:00,6278.102119839865,1702
1702,0.0,0.6011768,0.6187012,2030-03-12 22:00:00,5878.804044523379,1703
1703,0.0,0.548862,0.6367792000000001,2030-03-12 23:00:00,5504.1350966293685,1704
1704,0.0,0.5243066000000001,0.6562591999999999,2030-03-13 00:00:00,5268.721488718262,1705
1705,0.0,0.5083862,0.6670815999999999,2030-03-13 01:00:00,5153.329820183428,1706
1706,0.0,0.5078951999999999,0.6588506,2030-03-13 02:00:00,5097.473970860741,1707
1707,0.0,0.5046636,0.6503,2030-03-13 03:00:00,5108.493222936141,1708
1708,0.0,0.525539,0.6685087999999999,2030-03-13 04:00:00,5429.1316213868395,1709
1709,0.0,0.5623689999999999,0.6845180000000001,2030-03-13 05:00:00,6462.972154014457,1710
1710,0.017,0.6201779999999999,0.6970148,2030-03-13 06:00:00,7295.6302656143625,1711
1711,0.031,0.6844908000000001,0.7108322,2030-03-13 07:00:00,7731.895970875094,1712
1712,0.054,0.7290827999999999,0.7201204,2030-03-13 08:00:00,7694.794164256971,1713
1713,0.08,0.7383052,0.6993248000000001,2030-03-13 09:00:00,7465.363873565122,1714
1714,0.085,0.7308406000000001,0.6642091999999999,2030-03-13 10:00:00,7215.56260770268,1715
1715,0.088,0.6906437999999999,0.6234409999999999,2030-03-13 11:00:00,6972.175389245758,1716
1716,0.096,0.6364523999999999,0.5893710000000001,2030-03-13 12:00:00,6811.149803365241,1717
1717,0.083,0.5760164000000001,0.5881434000000001,2030-03-13 13:00:00,6641.075086957313,1718
1718,0.058,0.5058798,0.5870360000000001,2030-03-13 14:00:00,6526.024789990552,1719
1719,0.025,0.44404380000000004,0.5916197999999999,2030-03-13 15:00:00,6499.421002063362,1720
1720,0.005,0.40766360000000007,0.6125018,2030-03-13 16:00:00,6736.404585691692,1721
1721,0.0,0.39213099999999995,0.632195,2030-03-13 17:00:00,6984.12487482124,1722
1722,0.0,0.3967148,0.6302854000000001,2030-03-13 18:00:00,7028.870820164377,1723
1723,0.0,0.4083056,0.6166560000000001,2030-03-13 19:00:00,6778.394333190434,1724
1724,0.0,0.42869539999999995,0.5944386,2030-03-13 20:00:00,6347.931218188956,1725
1725,0.0,0.4434294,0.5673922,2030-03-13 21:00:00,5857.258383182906,1726
1726,0.0,0.4417148,0.54184,2030-03-13 22:00:00,5545.885771485449,1727
1727,0.0,0.4345032,0.5248144,2030-03-13 23:00:00,5187.590005065689,1728
1728,0.0,0.42026340000000006,0.5124527999999999,2030-03-14 00:00:00,5087.40820687171,1729
1729,0.0,0.4021428,0.5156216,2030-03-14 01:00:00,4999.9248499183905,1730
1730,0.0,0.3689382,0.4923081999999999,2030-03-14 02:00:00,4974.820146142292,1731
1731,0.0,0.3279542,0.4577477999999999,2030-03-14 03:00:00,5035.9421751033005,1732
1732,0.0,0.312857,0.43340560000000006,2030-03-14 04:00:00,5355.138737613474,1733
1733,0.0,0.3210032,0.44647120000000007,2030-03-14 05:00:00,6354.422863985789,1734
1734,0.008,0.3230696,0.4588902,2030-03-14 06:00:00,7149.542380865019,1735
1735,0.024,0.327339,0.48215779999999997,2030-03-14 07:00:00,7557.253159312724,1736
1736,0.045,0.36057079999999997,0.5117118,2030-03-14 08:00:00,7462.117405479301,1737
1737,0.064,0.4157166,0.5351060000000001,2030-03-14 09:00:00,7278.305421939687,1738
1738,0.078,0.4481364,0.5185248,2030-03-14 10:00:00,7040.004143418841,1739
1739,0.073,0.4519514,0.482207,2030-03-14 11:00:00,6905.342756035923,1740
1740,0.052,0.4036004,0.41793880000000005,2030-03-14 12:00:00,6838.074172657726,1741
1741,0.036,0.33264239999999995,0.36040839999999996,2030-03-14 13:00:00,6788.863803708235,1742
1742,0.022,0.2688336,0.3449006,2030-03-14 14:00:00,6656.461159159984,1743
1743,0.009,0.23538259999999997,0.36284020000000006,2030-03-14 15:00:00,6672.028435109723,1744
1744,0.001,0.2177302,0.3940202,2030-03-14 16:00:00,6966.690626669777,1745
1745,0.0,0.2165394,0.4144204,2030-03-14 17:00:00,7095.227447608317,1746
1746,0.0,0.21831679999999998,0.41286900000000004,2030-03-14 18:00:00,7012.1919097126265,1747
1747,0.0,0.2173468,0.4091066,2030-03-14 19:00:00,6761.787744297979,1748
1748,0.0,0.2291104,0.397401,2030-03-14 20:00:00,6335.06215808506,1749
1749,0.0,0.2591954,0.388013,2030-03-14 21:00:00,5815.139284136852,1750
1750,0.0,0.2824044,0.3673956,2030-03-14 22:00:00,5425.303832259666,1751
1751,0.0,0.2853216,0.3394838,2030-03-14 23:00:00,5062.116223843044,1752
1752,0.0,0.28110659999999993,0.3237046,2030-03-15 00:00:00,4955.3285080869955,1753
1753,0.0,0.28010599999999997,0.3099124,2030-03-15 01:00:00,4867.106859628984,1754
1754,0.0,0.26468780000000003,0.2964732,2030-03-15 02:00:00,4836.125761193008,1755
1755,0.0,0.24329859999999998,0.28899280000000005,2030-03-15 03:00:00,4932.988723708814,1756
1756,0.0,0.22994560000000003,0.28526779999999996,2030-03-15 04:00:00,5279.98584344579,1757
1757,0.0,0.2272776,0.29372499999999996,2030-03-15 05:00:00,6293.9598700786555,1758
1758,0.029,0.2166454,0.3071408,2030-03-15 06:00:00,7127.410313439057,1759
1759,0.082,0.22295360000000003,0.3374056,2030-03-15 07:00:00,7551.36993701529,1760
1760,0.114,0.2655274,0.3836006,2030-03-15 08:00:00,7475.6962180522205,1761
1761,0.137,0.3229784,0.41757279999999997,2030-03-15 09:00:00,7219.179271209697,1762
1762,0.147,0.36248460000000005,0.44371,2030-03-15 10:00:00,6960.237230293065,1763
1763,0.137,0.37558539999999996,0.47180799999999995,2030-03-15 11:00:00,6802.406819208346,1764
1764,0.1,0.38189320000000004,0.5242174,2030-03-15 12:00:00,6732.685650474293,1765
1765,0.085,0.4200878,0.579875,2030-03-15 13:00:00,6696.304666850421,1766
1766,0.068,0.4973214,0.6209305999999999,2030-03-15 14:00:00,6635.869546372896,1767
1767,0.036,0.5612655999999999,0.6622238,2030-03-15 15:00:00,6720.45833738796,1768
1768,0.007,0.6348372,0.695289,2030-03-15 16:00:00,6953.915356255691,1769
1769,0.0,0.7026826,0.7503224,2030-03-15 17:00:00,7169.895440560023,1770
1770,0.0,0.745234,0.7831126,2030-03-15 18:00:00,7219.164114099025,1771
1771,0.0,0.7619258,0.8076495999999999,2030-03-15 19:00:00,7011.319418497022,1772
1772,0.0,0.7537100000000001,0.8036749999999999,2030-03-15 20:00:00,6612.667077194099,1773
1773,0.0,0.7293814000000001,0.7833622,2030-03-15 21:00:00,6099.542573938602,1774
1774,0.0,0.6872694,0.7672342000000001,2030-03-15 22:00:00,5727.856493506815,1775
1775,0.0,0.6391682000000001,0.7471352,2030-03-15 23:00:00,5310.868414148511,1776
1776,0.0,0.5941673999999999,0.7224796,2030-03-16 00:00:00,5127.232138793161,1777
1777,0.0,0.5637443999999999,0.6991064,2030-03-16 01:00:00,5033.980903016437,1778
1778,0.0,0.5422326,0.6682446000000001,2030-03-16 02:00:00,4995.218037541304,1779
1779,0.0,0.5264922000000001,0.6369046,2030-03-16 03:00:00,5057.0942827176395,1780
1780,0.0,0.5015604,0.6087936,2030-03-16 04:00:00,5364.138467024737,1781
1781,0.0,0.461543,0.5692344,2030-03-16 05:00:00,6322.010115735059,1782
1782,0.036,0.42378499999999997,0.5381132,2030-03-16 06:00:00,7081.8900963690685,1783
1783,0.091,0.3984032,0.49634799999999996,2030-03-16 07:00:00,7438.970583747561,1784
1784,0.14,0.39709659999999997,0.4787612,2030-03-16 08:00:00,7313.477541095879,1785
1785,0.162,0.40368899999999996,0.4693932,2030-03-16 09:00:00,7051.075680235631,1786
1786,0.151,0.381158,0.44429040000000003,2030-03-16 10:00:00,6717.301135100357,1787
1787,0.141,0.33655360000000006,0.40461,2030-03-16 11:00:00,6414.510279304981,1788
1788,0.112,0.2901986,0.3627874,2030-03-16 12:00:00,6244.668178400798,1789
1789,0.079,0.24166539999999997,0.3421612,2030-03-16 13:00:00,6121.429033396254,1790
1790,0.047,0.20862599999999998,0.34248559999999995,2030-03-16 14:00:00,6105.808881548823,1791
1791,0.018,0.2084718,0.3587344,2030-03-16 15:00:00,6257.465367633805,1792
1792,0.002,0.2441332,0.3934838,2030-03-16 16:00:00,6676.736876316316,1793
1793,0.0,0.301643,0.452672,2030-03-16 17:00:00,6934.592627847553,1794
1794,0.0,0.3671016,0.5201676,2030-03-16 18:00:00,6858.044999666251,1795
1795,0.0,0.4447554,0.5805429999999999,2030-03-16 19:00:00,6630.025171808284,1796
1796,0.0,0.5194104,0.6407276,2030-03-16 20:00:00,6257.956879496466,1797
1797,0.0,0.5687485999999999,0.6880912,2030-03-16 21:00:00,5785.099279404161,1798
1798,0.0,0.6307582,0.7490916000000001,2030-03-16 22:00:00,5384.317657591268,1799
1799,0.0,0.7024644,0.7939849999999999,2030-03-16 23:00:00,4995.456900196346,1800
1800,0.0,0.7486278,0.8157908,2030-03-17 00:00:00,4816.368642006645,1801
1801,0.0,0.777112,0.840997,2030-03-17 01:00:00,4724.336764580199,1802
1802,0.0,0.7953582,0.8614274,2030-03-17 02:00:00,4634.333073946156,1803
1803,0.0,0.7805296,0.8646965999999999,2030-03-17 03:00:00,4576.38856496886,1804
1804,0.0,0.7556762000000001,0.8611132000000001,2030-03-17 04:00:00,4580.019887009601,1805
1805,0.0,0.726707,0.8560416,2030-03-17 05:00:00,5136.755098749233,1806
1806,0.032,0.7146236,0.8541394,2030-03-17 06:00:00,5748.653765201538,1807
1807,0.122,0.7244587999999998,0.8593268000000001,2030-03-17 07:00:00,6301.211914167739,1808
1808,0.264,0.756034,0.8640535999999999,2030-03-17 08:00:00,6412.606823199096,1809
1809,0.353,0.7816296,0.8661128,2030-03-17 09:00:00,6246.945601728508,1810
1810,0.384,0.8042626,0.8760144000000001,2030-03-17 10:00:00,6027.566463802545,1811
1811,0.355,0.821514,0.8838855999999999,2030-03-17 11:00:00,5788.00098207661,1812
1812,0.303,0.8291382,0.8807054000000001,2030-03-17 12:00:00,5671.6908323972675,1813
1813,0.217,0.8247652000000001,0.8742632,2030-03-17 13:00:00,5594.018141532264,1814
1814,0.133,0.816211,0.8678524000000001,2030-03-17 14:00:00,5607.096576793761,1815
1815,0.066,0.8070641999999999,0.8638351999999999,2030-03-17 15:00:00,5660.247304987458,1816
1816,0.014,0.7990228,0.8606558,2030-03-17 16:00:00,6010.655267919416,1817
1817,0.0,0.7944861999999999,0.8593173999999999,2030-03-17 17:00:00,6316.098462013063,1818
1818,0.0,0.795181,0.8635838,2030-03-17 18:00:00,6494.737835761158,1819
1819,0.0,0.7947936,0.8733813999999999,2030-03-17 19:00:00,6350.88405198458,1820
1820,0.0,0.7903992,0.8744156000000001,2030-03-17 20:00:00,6062.0493868401845,1821
1821,0.0,0.7856744,0.8758821999999998,2030-03-17 21:00:00,5717.314203044922,1822
1822,0.0,0.7819712,0.8754084000000001,2030-03-17 22:00:00,5455.5908824835315,1823
1823,0.0,0.7753814,0.8723253999999999,2030-03-17 23:00:00,5105.041458900661,1824
1824,0.0,0.769071,0.8685074,2030-03-18 00:00:00,5057.738432503366,1825
1825,0.0,0.757547,0.8670838,2030-03-18 01:00:00,4917.31048449041,1826
1826,0.0,0.7354208,0.8567202,2030-03-18 02:00:00,4830.908652570803,1827
1827,0.0,0.712172,0.8558252000000002,2030-03-18 03:00:00,4756.465430728324,1828
1828,0.0,0.6920808,0.8504455999999999,2030-03-18 04:00:00,4713.590955634803,1829
1829,0.004,0.6660902,0.8434868,2030-03-18 05:00:00,5243.863689592513,1830
1830,0.114,0.6391145999999999,0.8337950000000001,2030-03-18 06:00:00,5806.661898072717,1831
1831,0.269,0.6242904,0.8196372000000001,2030-03-18 07:00:00,6232.091290544555,1832
1832,0.413,0.6407266,0.8064344,2030-03-18 08:00:00,6247.025457826519,1833
1833,0.507,0.6216872,0.783269,2030-03-18 09:00:00,6052.464676318366,1834
1834,0.544,0.5951744000000001,0.7562046,2030-03-18 10:00:00,5924.4750853659625,1835
1835,0.54,0.574014,0.7363529999999999,2030-03-18 11:00:00,5691.439779995857,1836
1836,0.48,0.5603018,0.7230252,2030-03-18 12:00:00,5577.860357855715,1837
1837,0.393,0.5417454,0.7113222,2030-03-18 13:00:00,5496.287585496351,1838
1838,0.29,0.5081712,0.6934074000000001,2030-03-18 14:00:00,5444.052418021697,1839
1839,0.167,0.43840060000000003,0.6617142,2030-03-18 15:00:00,5528.44416840105,1840
1840,0.052,0.38128660000000003,0.6312762000000001,2030-03-18 16:00:00,5912.647038103797,1841
1841,0.0,0.36367779999999994,0.6071158,2030-03-18 17:00:00,6246.14294610771,1842
1842,0.0,0.34537120000000004,0.5817247999999999,2030-03-18 18:00:00,6522.064308467018,1843
1843,0.0,0.3268646,0.5542043999999999,2030-03-18 19:00:00,6367.861079215002,1844
1844,0.0,0.30690660000000003,0.5189942000000001,2030-03-18 20:00:00,6047.865575469103,1845
1845,0.0,0.2770376,0.48200319999999997,2030-03-18 21:00:00,5668.616297471049,1846
1846,0.0,0.23751260000000002,0.4305732,2030-03-18 22:00:00,5382.743610851616,1847
1847,0.0,0.2044852,0.38452120000000006,2030-03-18 23:00:00,5085.460323934066,1848
1848,0.0,0.18327300000000002,0.34667000000000003,2030-03-19 00:00:00,5093.472528617018,1849
1849,0.0,0.1617528,0.3128766,2030-03-19 01:00:00,5050.431737277513,1850
1850,0.0,0.1384108,0.2779998,2030-03-19 02:00:00,5067.487734160236,1851
1851,0.0,0.12130679999999998,0.253663,2030-03-19 03:00:00,5221.032734206302,1852
1852,0.0,0.1086352,0.23712879999999997,2030-03-19 04:00:00,5619.675040268073,1853
1853,0.012,0.09806859999999999,0.21814619999999998,2030-03-19 05:00:00,6711.244399955871,1854
1854,0.152,0.08205779999999999,0.18636619999999998,2030-03-19 06:00:00,7543.414511093485,1855
1855,0.344,0.06815479999999999,0.1539464,2030-03-19 07:00:00,7799.410316694175,1856
1856,0.518,0.0659344,0.1361204,2030-03-19 08:00:00,7569.998839907152,1857
1857,0.62,0.0670694,0.13117820000000002,2030-03-19 09:00:00,7199.373753101662,1858
1858,0.658,0.0747554,0.1389088,2030-03-19 10:00:00,6869.48221090602,1859
1859,0.649,0.0900408,0.1521244,2030-03-19 11:00:00,6619.567131094818,1860
1860,0.593,0.107779,0.16079159999999998,2030-03-19 12:00:00,6480.684420811415,1861
1861,0.493,0.117241,0.1609646,2030-03-19 13:00:00,6324.842291934866,1862
1862,0.364,0.11832580000000001,0.1571164,2030-03-19 14:00:00,6183.60594810782,1863
1863,0.214,0.1125282,0.15665639999999997,2030-03-19 15:00:00,6205.113560439087,1864
1864,0.07,0.10762400000000001,0.1602268,2030-03-19 16:00:00,6519.169336794595,1865
1865,0.0,0.11793279999999999,0.1760942,2030-03-19 17:00:00,6802.889725612595,1866
1866,0.0,0.1312796,0.2030754,2030-03-19 18:00:00,7157.611641854577,1867
1867,0.0,0.1535314,0.246493,2030-03-19 19:00:00,7016.23467866807,1868
1868,0.0,0.1854244,0.2965332,2030-03-19 20:00:00,6634.252480644809,1869
1869,0.0,0.2163834,0.337872,2030-03-19 21:00:00,6136.499909820318,1870
1870,0.0,0.2397548,0.36509920000000007,2030-03-19 22:00:00,5752.642739757504,1871
1871,0.0,0.263391,0.3879502,2030-03-19 23:00:00,5383.347112947829,1872
1872,0.0,0.2874152,0.4127574,2030-03-20 00:00:00,5044.52756296756,1873
1873,0.0,0.30343180000000003,0.428669,2030-03-20 01:00:00,4936.710511987683,1874
1874,0.0,0.32320000000000004,0.4395896,2030-03-20 02:00:00,4877.0260202717545,1875
1875,0.0,0.3405386,0.442867,2030-03-20 03:00:00,4939.678924046707,1876
1876,0.0,0.36068459999999997,0.4569222,2030-03-20 04:00:00,5266.328100782603,1877
1877,0.0,0.377157,0.460711,2030-03-20 05:00:00,6226.44626491559,1878
1878,0.009,0.3846396,0.44665,2030-03-20 06:00:00,6939.213664931532,1879
1879,0.026,0.34794579999999997,0.4149906,2030-03-20 07:00:00,7343.799026353112,1880
1880,0.074,0.3177428,0.40100379999999997,2030-03-20 08:00:00,7331.08457513468,1881
1881,0.15,0.3303518,0.412603,2030-03-20 09:00:00,7069.084244385533,1882
1882,0.216,0.3515838,0.4167014,2030-03-20 10:00:00,6744.439424674947,1883
1883,0.223,0.35087280000000004,0.4109058,2030-03-20 11:00:00,6489.196904916958,1884
1884,0.21,0.3389024,0.40596439999999995,2030-03-20 12:00:00,6322.739916149033,1885
1885,0.151,0.3269724,0.4022996,2030-03-20 13:00:00,6119.502975794484,1886
1886,0.096,0.2882954,0.39756179999999997,2030-03-20 14:00:00,5971.305236571276,1887
1887,0.059,0.2485478,0.3741652000000001,2030-03-20 15:00:00,5990.949172741743,1888
1888,0.025,0.22518080000000001,0.3475206,2030-03-20 16:00:00,6261.559710101061,1889
1889,0.0,0.226945,0.32832799999999995,2030-03-20 17:00:00,6462.915834718022,1890
1890,0.0,0.22191480000000002,0.31676519999999997,2030-03-20 18:00:00,6619.552104342598,1891
1891,0.0,0.21305659999999998,0.31974800000000003,2030-03-20 19:00:00,6418.252617551387,1892
1892,0.0,0.2056578,0.3358852,2030-03-20 20:00:00,6022.621315648414,1893
1893,0.0,0.21302220000000002,0.3554076,2030-03-20 21:00:00,5527.553153196554,1894
1894,0.0,0.2251982,0.386766,2030-03-20 22:00:00,5141.177597080603,1895
1895,0.0,0.25683480000000003,0.40947680000000003,2030-03-20 23:00:00,4778.471664844472,1896
1896,0.0,0.303581,0.44764780000000004,2030-03-21 00:00:00,4549.711872132753,1897
1897,0.0,0.3248352,0.4803444,2030-03-21 01:00:00,4459.540970385833,1898
1898,0.0,0.36223520000000003,0.5034563999999999,2030-03-21 02:00:00,4436.93150178746,1899
1899,0.0,0.367244,0.5208276,2030-03-21 03:00:00,4540.038792182291,1900
1900,0.0,0.3732150000000001,0.5365896,2030-03-21 04:00:00,4899.222954100316,1901
1901,0.001,0.403439,0.553717,2030-03-21 05:00:00,5879.284635993883,1902
1902,0.031,0.41743179999999996,0.5707188,2030-03-21 06:00:00,6600.94995153769,1903
1903,0.089,0.4332074,0.5936798000000001,2030-03-21 07:00:00,6985.479845925412,1904
1904,0.17,0.4635974,0.6046083999999999,2030-03-21 08:00:00,6951.249369215856,1905
1905,0.239,0.5067094,0.6248438000000001,2030-03-21 09:00:00,6693.54074807683,1906
1906,0.29,0.5435956,0.6475424,2030-03-21 10:00:00,6428.862426849177,1907
1907,0.321,0.5527462,0.6414256,2030-03-21 11:00:00,6218.899726167652,1908
1908,0.308,0.5405472,0.6217324000000001,2030-03-21 12:00:00,6108.446722763427,1909
1909,0.259,0.5158202000000001,0.5966243999999999,2030-03-21 13:00:00,5943.109155013678,1910
1910,0.189,0.4910518,0.5685857999999999,2030-03-21 14:00:00,5863.992440648897,1911
1911,0.108,0.4461232,0.5377936,2030-03-21 15:00:00,5878.869148237765,1912
1912,0.029,0.40430340000000003,0.5039640000000001,2030-03-21 16:00:00,6126.956605687048,1913
1913,0.0,0.365352,0.46554840000000003,2030-03-21 17:00:00,6325.960396397442,1914
1914,0.0,0.3319598,0.4259646,2030-03-21 18:00:00,6396.906305030926,1915
1915,0.0,0.2952852,0.3968026,2030-03-21 19:00:00,6181.487606871786,1916
1916,0.0,0.2666858,0.3549112,2030-03-21 20:00:00,5775.056537909287,1917
1917,0.0,0.224412,0.3006694,2030-03-21 21:00:00,5287.566164214873,1918
1918,0.0,0.18748420000000002,0.2677888,2030-03-21 22:00:00,4938.605745835766,1919
1919,0.0,0.1658878,0.23540139999999998,2030-03-21 23:00:00,4602.543272985985,1920
1920,0.0,0.13179000000000002,0.1804492,2030-03-22 00:00:00,4647.7935932976125,1921
1921,0.0,0.08447360000000001,0.1393462,2030-03-22 01:00:00,4581.503770343075,1922
1922,0.0,0.0661636,0.11592820000000001,2030-03-22 02:00:00,4606.035181966314,1923
1923,0.0,0.0462848,0.1150954,2030-03-22 03:00:00,4739.239981153816,1924
1924,0.0,0.030741,0.1003898,2030-03-22 04:00:00,5153.144387465925,1925
1925,0.001,0.037089,0.10542720000000001,2030-03-22 05:00:00,6194.474736183896,1926
1926,0.032,0.053716200000000006,0.130354,2030-03-22 06:00:00,6935.59015636185,1927
1927,0.093,0.0715496,0.1565998,2030-03-22 07:00:00,7276.533137707711,1928
1928,0.178,0.08039579999999999,0.1732202,2030-03-22 08:00:00,7192.37309720078,1929
1929,0.214,0.08585100000000001,0.1929762,2030-03-22 09:00:00,6908.282258569903,1930
1930,0.199,0.09879160000000001,0.21809000000000003,2030-03-22 10:00:00,6583.510747317733,1931
1931,0.159,0.11835779999999999,0.2441166,2030-03-22 11:00:00,6392.130586300477,1932
1932,0.132,0.14833400000000002,0.27643819999999997,2030-03-22 12:00:00,6311.2857998387935,1933
1933,0.091,0.1800854,0.3041076,2030-03-22 13:00:00,6158.436000684793,1934
1934,0.065,0.21243280000000003,0.3278886,2030-03-22 14:00:00,6079.624973408912,1935
1935,0.036,0.22454860000000001,0.3400784,2030-03-22 15:00:00,6118.618409718035,1936
1936,0.009,0.22801980000000005,0.3480502,2030-03-22 16:00:00,6336.117935332679,1937
1937,0.0,0.25152260000000004,0.38206,2030-03-22 17:00:00,6550.571275777054,1938
1938,0.0,0.28115100000000004,0.42003900000000005,2030-03-22 18:00:00,6604.674142812146,1939
1939,0.0,0.29380320000000004,0.4365855999999999,2030-03-22 19:00:00,6386.1475907468,1940
1940,0.0,0.3003248,0.4457124,2030-03-22 20:00:00,5968.2490743153885,1941
1941,0.0,0.30122479999999996,0.44482160000000004,2030-03-22 21:00:00,5469.688274556816,1942
1942,0.0,0.29665860000000005,0.44119260000000005,2030-03-22 22:00:00,5091.48814448339,1943
1943,0.0,0.2853308,0.42971459999999995,2030-03-22 23:00:00,4735.980351297703,1944
1944,0.0,0.2867918,0.42257540000000005,2030-03-23 00:00:00,4596.585686268409,1945
1945,0.0,0.2893266,0.40483159999999996,2030-03-23 01:00:00,4494.1554330231465,1946
1946,0.0,0.27534519999999996,0.38821279999999997,2030-03-23 02:00:00,4468.138973124104,1947
1947,0.0,0.2373228,0.348082,2030-03-23 03:00:00,4556.955780875513,1948
1948,0.0,0.2142518,0.33063560000000003,2030-03-23 04:00:00,4900.215529657664,1949
1949,0.001,0.2151876,0.3293154,2030-03-23 05:00:00,5881.2255857300315,1950
1950,0.036,0.20824579999999998,0.32737900000000003,2030-03-23 06:00:00,6629.587617552246,1951
1951,0.079,0.2268036,0.350814,2030-03-23 07:00:00,7011.939404304593,1952
1952,0.262,0.295993,0.3969804,2030-03-23 08:00:00,6941.290301055573,1953
1953,0.425,0.36712639999999996,0.437801,2030-03-23 09:00:00,6657.761745557176,1954
1954,0.555,0.4256488,0.4821802,2030-03-23 10:00:00,6345.603907333425,1955
1955,0.591,0.47891780000000006,0.5300079999999999,2030-03-23 11:00:00,6009.742087103014,1956
1956,0.55,0.5141484000000001,0.55739,2030-03-23 12:00:00,5799.29651058842,1957
1957,0.463,0.5333918000000001,0.581264,2030-03-23 13:00:00,5655.765792048858,1958
1958,0.31,0.5249608,0.5748526,2030-03-23 14:00:00,5588.155732632106,1959
1959,0.171,0.4840694,0.5441856,2030-03-23 15:00:00,5634.474369454071,1960
1960,0.065,0.4208512000000001,0.5120308,2030-03-23 16:00:00,5917.918178647685,1961
1961,0.001,0.3794972,0.49128040000000006,2030-03-23 17:00:00,6149.30068595217,1962
1962,0.0,0.3642794,0.4700222,2030-03-23 18:00:00,6359.416351291458,1963
1963,0.0,0.33571579999999995,0.43858379999999997,2030-03-23 19:00:00,6214.176093293977,1964
1964,0.0,0.31235739999999995,0.4119784,2030-03-23 20:00:00,5895.394145781946,1965
1965,0.0,0.304325,0.3997516,2030-03-23 21:00:00,5511.932907304379,1966
1966,0.0,0.298552,0.3854484,2030-03-23 22:00:00,5187.903768575345,1967
1967,0.0,0.2788372,0.3636652,2030-03-23 23:00:00,4829.688657060014,1968
1968,0.0,0.24949820000000003,0.33514140000000003,2030-03-24 00:00:00,4824.037457169895,1969
1969,0.0,0.2198022,0.306131,2030-03-24 01:00:00,4709.451122453027,1970
1970,0.0,0.1978748,0.2885854,2030-03-24 02:00:00,4645.478467954803,1971
1971,0.0,0.1857354,0.28772739999999997,2030-03-24 03:00:00,4602.771837416318,1972
1972,0.0,0.1768364,0.2948934,2030-03-24 04:00:00,4612.382156162297,1973
1973,0.001,0.17394099999999998,0.2965592,2030-03-24 05:00:00,5210.381123947648,1974
1974,0.022,0.1807862,0.300933,2030-03-24 06:00:00,5789.644464563024,1975
1975,0.101,0.1862514,0.3036168,2030-03-24 07:00:00,6244.446754120969,1976
1976,0.251,0.237649,0.3200126,2030-03-24 08:00:00,6254.0490889679,1977
1977,0.419,0.28999579999999997,0.3553478,2030-03-24 09:00:00,5998.257022217918,1978
1978,0.529,0.32781639999999995,0.395077,2030-03-24 10:00:00,5723.698376496715,1979
1979,0.513,0.3577108,0.42872659999999996,2030-03-24 11:00:00,5474.797178557354,1980
1980,0.405,0.38520760000000004,0.45939140000000006,2030-03-24 12:00:00,5370.402545710567,1981
1981,0.304,0.40752360000000004,0.4859542,2030-03-24 13:00:00,5307.539978650576,1982
1982,0.216,0.42117699999999997,0.5096284,2030-03-24 14:00:00,5282.311912061343,1983
1983,0.118,0.4103274,0.5190387999999999,2030-03-24 15:00:00,5357.507057277265,1984
1984,0.037,0.40171980000000007,0.5274213999999999,2030-03-24 16:00:00,5707.419990633263,1985
1985,0.0,0.4145519999999999,0.5467854,2030-03-24 17:00:00,5954.961938152312,1986
1986,0.0,0.4246202,0.5572402000000001,2030-03-24 18:00:00,6188.624747929483,1987
1987,0.0,0.4201218,0.550442,2030-03-24 19:00:00,6102.1432766192465,1988
1988,0.0,0.405625,0.5446975999999999,2030-03-24 20:00:00,5826.500255600644,1989
1989,0.0,0.3890182,0.5339446,2030-03-24 21:00:00,5481.641806663335,1990
1990,0.0,0.37354879999999996,0.5221808,2030-03-24 22:00:00,5200.682835731492,1991
1991,0.0,0.3742666,0.5247580000000001,2030-03-24 23:00:00,4892.438532069526,1992
1992,0.0,0.3788684,0.5047257999999999,2030-03-25 00:00:00,4820.859690490241,1993
1993,0.0,0.3648808,0.4787546000000001,2030-03-25 01:00:00,4714.058033195177,1994
1994,0.0,0.3371128,0.4637704,2030-03-25 02:00:00,4665.288777816756,1995
1995,0.0,0.31821580000000005,0.45318440000000004,2030-03-25 03:00:00,4617.201763631164,1996
1996,0.0,0.3032998,0.45447619999999994,2030-03-25 04:00:00,4614.120283422113,1997
1997,0.01,0.2914756,0.4670538000000001,2030-03-25 05:00:00,5189.254908374898,1998
1998,0.094,0.283208,0.4768684,2030-03-25 06:00:00,5731.646968690502,1999
1999,0.213,0.322355,0.47833439999999994,2030-03-25 07:00:00,6151.598563355647,2000
2000,0.327,0.344432,0.4585212,2030-03-25 08:00:00,6176.956624954482,2001
2001,0.436,0.3425528,0.4266678,2030-03-25 09:00:00,6008.6114429175905,2002
2002,0.49,0.3380168,0.39921700000000004,2030-03-25 10:00:00,5855.57034333534,2003
2003,0.529,0.339866,0.374733,2030-03-25 11:00:00,5652.36280756204,2004
2004,0.502,0.33858,0.34905859999999994,2030-03-25 12:00:00,5496.270734634686,2005
2005,0.444,0.314006,0.33150699999999994,2030-03-25 13:00:00,5376.607166054669,2006
2006,0.325,0.27432580000000006,0.3273064,2030-03-25 14:00:00,5335.377114667338,2007
2007,0.207,0.23454419999999998,0.333602,2030-03-25 15:00:00,5430.40998684602,2008
2008,0.085,0.1898762,0.3422004,2030-03-25 16:00:00,5734.724549703091,2009
2009,0.002,0.19506640000000003,0.37095020000000006,2030-03-25 17:00:00,6009.685796242999,2010
2010,0.0,0.2375444,0.39971919999999994,2030-03-25 18:00:00,6358.997594585886,2011
2011,0.0,0.2819298,0.4234472,2030-03-25 19:00:00,6310.5025221002,2012
2012,0.0,0.3100232,0.4308034,2030-03-25 20:00:00,6013.3455148662615,2013
2013,0.0,0.3332674,0.4379916,2030-03-25 21:00:00,5629.259896002837,2014
2014,0.0,0.35458080000000003,0.4652386,2030-03-25 22:00:00,5371.078987832018,2015
2015,0.0,0.3790084,0.4938657999999999,2030-03-25 23:00:00,5074.076962343984,2016
2016,0.0,0.41565959999999996,0.5341906,2030-03-26 00:00:00,4866.80967767067,2017
2017,0.0,0.44843120000000003,0.5745406,2030-03-26 01:00:00,4778.566480194079,2018
2018,0.0,0.4887811999999999,0.620433,2030-03-26 02:00:00,4745.4844545733395,2019
2019,0.0,0.5146024,0.647024,2030-03-26 03:00:00,4816.846679917823,2020
2020,0.0,0.5278334,0.6601676,2030-03-26 04:00:00,5138.118720612865,2021
2021,0.031,0.5251178000000001,0.659999,2030-03-26 05:00:00,6073.731831357186,2022
2022,0.168,0.4995102000000001,0.6338112,2030-03-26 06:00:00,6781.19608326904,2023
2023,0.305,0.5112086,0.6068596000000002,2030-03-26 07:00:00,7134.191868082553,2024
2024,0.357,0.4956544,0.5650358,2030-03-26 08:00:00,7144.589816922453,2025
2025,0.354,0.4231446,0.5022822,2030-03-26 09:00:00,6838.282509397611,2026
2026,0.419,0.35569360000000005,0.44546260000000004,2030-03-26 10:00:00,6555.2182720528435,2027
2027,0.473,0.31166040000000006,0.4006641999999999,2030-03-26 11:00:00,6319.737670814859,2028
2028,0.428,0.28955539999999996,0.3735718,2030-03-26 12:00:00,6174.710292634174,2029
2029,0.294,0.279301,0.35434,2030-03-26 13:00:00,6028.220964261426,2030
2030,0.162,0.2547854,0.32239880000000004,2030-03-26 14:00:00,5889.231648755931,2031
2031,0.088,0.20948419999999998,0.2758914,2030-03-26 15:00:00,5940.9365888636075,2032
2032,0.04,0.168004,0.241024,2030-03-26 16:00:00,6213.100308151063,2033
2033,0.001,0.161714,0.2316068,2030-03-26 17:00:00,6407.013685046687,2034
2034,0.0,0.1703678,0.2409788,2030-03-26 18:00:00,6593.852267194999,2035
2035,0.0,0.1789962,0.26198540000000003,2030-03-26 19:00:00,6427.030189257413,2036
2036,0.0,0.19820359999999998,0.288223,2030-03-26 20:00:00,6048.0654621878275,2037
2037,0.0,0.2165676,0.3266576,2030-03-26 21:00:00,5581.00190358456,2038
2038,0.0,0.2451924,0.3655028,2030-03-26 22:00:00,5229.131020895361,2039
2039,0.0,0.2887402,0.4047108,2030-03-26 23:00:00,4883.718107329001,2040
2040,0.0,0.3143648,0.4303736000000001,2030-03-27 00:00:00,4614.502562222024,2041
2041,0.0,0.3248914,0.44490860000000004,2030-03-27 01:00:00,4460.835495638493,2042
2042,0.0,0.3378002,0.46303040000000006,2030-03-27 02:00:00,4408.968196423977,2043
2043,0.0,0.34451360000000003,0.455692,2030-03-27 03:00:00,4476.6811483135425,2044
2044,0.0,0.33919540000000004,0.4384518,2030-03-27 04:00:00,4787.524226943535,2045
2045,0.001,0.34280000000000005,0.4399786,2030-03-27 05:00:00,5698.806496295628,2046
2046,0.022,0.3385808,0.4497028,2030-03-27 06:00:00,6386.324199125705,2047
2047,0.059,0.345647,0.46018919999999996,2030-03-27 07:00:00,6865.536092238528,2048
2048,0.102,0.3651332,0.462099,2030-03-27 08:00:00,6874.89153953606,2049
2049,0.179,0.38720199999999994,0.46129239999999994,2030-03-27 09:00:00,6610.780668044701,2050
2050,0.243,0.3949786,0.46750499999999995,2030-03-27 10:00:00,6333.774834101804,2051
2051,0.255,0.3897878,0.46962840000000006,2030-03-27 11:00:00,6138.58879111179,2052
2052,0.231,0.38992039999999994,0.4747739999999999,2030-03-27 12:00:00,5995.5769964942865,2053
2053,0.192,0.37492960000000003,0.4651660000000001,2030-03-27 13:00:00,5867.423520424638,2054
2054,0.143,0.35706540000000003,0.45007719999999996,2030-03-27 14:00:00,5779.251577762846,2055
2055,0.076,0.3378772,0.44196,2030-03-27 15:00:00,5823.029628569613,2056
2056,0.024,0.3185468,0.44037040000000005,2030-03-27 16:00:00,6026.158909022282,2057
2057,0.0,0.30857720000000005,0.43736500000000006,2030-03-27 17:00:00,6221.244555110348,2058
2058,0.0,0.3140054,0.42977920000000003,2030-03-27 18:00:00,6297.822240444742,2059
2059,0.0,0.29464660000000004,0.40664880000000003,2030-03-27 19:00:00,6105.471008811575,2060
2060,0.0,0.27077860000000004,0.3771366,2030-03-27 20:00:00,5721.663123698957,2061
2061,0.0,0.2540014,0.3513654,2030-03-27 21:00:00,5261.325669026778,2062
2062,0.0,0.237065,0.328212,2030-03-27 22:00:00,4918.855136466866,2063
2063,0.0,0.2304948,0.3154344,2030-03-27 23:00:00,4570.64612375448,2064
2064,0.0,0.22538239999999998,0.30814600000000003,2030-03-28 00:00:00,4386.10530094523,2065
2065,0.0,0.22682919999999998,0.3049036,2030-03-28 01:00:00,4277.937436290313,2066
2066,0.0,0.22664340000000002,0.2969752,2030-03-28 02:00:00,4237.396940876191,2067
2067,0.0,0.2241264,0.2814968,2030-03-28 03:00:00,4312.82217694648,2068
2068,0.0,0.21332619999999997,0.25338000000000005,2030-03-28 04:00:00,4624.376621052485,2069
2069,0.004,0.18694899999999998,0.2173794,2030-03-28 05:00:00,5530.013123833046,2070
2070,0.046,0.1473844,0.182701,2030-03-28 06:00:00,6202.6148485995855,2071
2071,0.15,0.1290084,0.1707798,2030-03-28 07:00:00,6635.9901482766345,2072
2072,0.307,0.1434218,0.1880138,2030-03-28 08:00:00,6644.188718239491,2073
2073,0.396,0.1674844,0.2097038,2030-03-28 09:00:00,6399.781367282523,2074
2074,0.429,0.19976760000000002,0.2271678,2030-03-28 10:00:00,6104.713728173006,2075
2075,0.424,0.23140360000000001,0.2461296,2030-03-28 11:00:00,5922.355697514178,2076
2076,0.39,0.24996200000000002,0.2642792,2030-03-28 12:00:00,5780.457330553423,2077
2077,0.325,0.2513032,0.273399,2030-03-28 13:00:00,5612.633303692144,2078
2078,0.239,0.24174960000000004,0.2747158,2030-03-28 14:00:00,5449.690000751934,2079
2079,0.146,0.22022779999999997,0.2743242,2030-03-28 15:00:00,5439.550078784088,2080
2080,0.063,0.1890628,0.2801074,2030-03-28 16:00:00,5651.556462478175,2081
2081,0.004,0.197558,0.304629,2030-03-28 17:00:00,5827.835372207585,2082
2082,0.0,0.2328638,0.3415614,2030-03-28 18:00:00,6046.515310491246,2083
2083,0.0,0.25548699999999996,0.37621340000000003,2030-03-28 19:00:00,5950.021561371064,2084
2084,0.0,0.269106,0.4019718,2030-03-28 20:00:00,5603.518436889905,2085
2085,0.0,0.2750014,0.4192918,2030-03-28 21:00:00,5178.180127533442,2086
2086,0.0,0.2781094,0.43548220000000004,2030-03-28 22:00:00,4863.174839890002,2087
2087,0.0,0.280624,0.45281520000000003,2030-03-28 23:00:00,4549.451215246231,2088
2088,0.0,0.2865884,0.46532359999999995,2030-03-29 00:00:00,4425.943940038847,2089
2089,0.0,0.298996,0.47094579999999997,2030-03-29 01:00:00,4337.03079057203,2090
2090,0.0,0.312902,0.478617,2030-03-29 02:00:00,4289.092402300308,2091
2091,0.0,0.3370086,0.4881476,2030-03-29 03:00:00,4286.970692602112,2092
2092,0.0,0.3736884,0.5001666,2030-03-29 04:00:00,4393.762918429711,2093
2093,0.033,0.3973446,0.5083692,2030-03-29 05:00:00,5062.248880822298,2094
2094,0.165,0.41039080000000006,0.5104634000000001,2030-03-29 06:00:00,5603.3747440944535,2095
2095,0.355,0.4414688,0.5216262,2030-03-29 07:00:00,5910.376180542452,2096
2096,0.51,0.5073435999999999,0.5523324000000001,2030-03-29 08:00:00,5869.906661459271,2097
2097,0.602,0.5341832,0.5634306,2030-03-29 09:00:00,5657.561474628887,2098
2098,0.632,0.5269686,0.560697,2030-03-29 10:00:00,5395.63048406682,2099
2099,0.626,0.5143856,0.5535836000000001,2030-03-29 11:00:00,5180.341230397629,2100
2100,0.583,0.5090245999999999,0.547748,2030-03-29 12:00:00,5052.250290814168,2101
2101,0.495,0.5036172000000001,0.5394148,2030-03-29 13:00:00,4963.8151915403505,2102
2102,0.373,0.4862626,0.5260414,2030-03-29 14:00:00,4912.333680326498,2103
2103,0.235,0.45305920000000005,0.5058621999999999,2030-03-29 15:00:00,4955.569746865113,2104
2104,0.1,0.394609,0.47902259999999997,2030-03-29 16:00:00,5173.420179400223,2105
2105,0.008,0.365513,0.4645804,2030-03-29 17:00:00,5361.620650628907,2106
2106,0.0,0.3602552,0.4572172,2030-03-29 18:00:00,5693.900986807679,2107
2107,0.0,0.3484852,0.44658359999999997,2030-03-29 19:00:00,5699.510846164578,2108
2108,0.0,0.3303772,0.43247460000000004,2030-03-29 20:00:00,5418.980725364338,2109
2109,0.0,0.3086136,0.417215,2030-03-29 21:00:00,5056.758143703136,2110
2110,0.0,0.28148,0.3945716,2030-03-29 22:00:00,4766.985791035499,2111
2111,0.0,0.2610944,0.3686518,2030-03-29 23:00:00,4459.469079191055,2112
2112,0.0,0.24087899999999998,0.34035479999999996,2030-03-30 00:00:00,4475.980547746942,2113
2113,0.0,0.22061279999999997,0.3163632,2030-03-30 01:00:00,4369.979408882165,2114
2114,0.0,0.19948660000000001,0.2941562,2030-03-30 02:00:00,4319.9660196752575,2115
2115,0.0,0.18190179999999997,0.2770688,2030-03-30 03:00:00,4314.593298378191,2116
2116,0.0,0.1700454,0.2620766,2030-03-30 04:00:00,4414.879284972924,2117
2117,0.016,0.16697440000000002,0.25634060000000003,2030-03-30 05:00:00,5101.519219503657,2118
2118,0.084,0.1667496,0.2581432,2030-03-30 06:00:00,5657.592433300237,2119
2119,0.238,0.178856,0.2729442,2030-03-30 07:00:00,5959.803569108199,2120
2120,0.375,0.2187522,0.3050788,2030-03-30 08:00:00,5867.070660129049,2121
2121,0.539,0.2718472,0.3410032,2030-03-30 09:00:00,5535.713107468951,2122
2122,0.619,0.3227656,0.3749836,2030-03-30 10:00:00,5231.005651544606,2123
2123,0.613,0.3623484,0.40630059999999996,2030-03-30 11:00:00,4922.8419661045555,2124
2124,0.548,0.387903,0.4205743999999999,2030-03-30 12:00:00,4727.071136649415,2125
2125,0.447,0.4095967999999999,0.4334898,2030-03-30 13:00:00,4641.734286295269,2126
2126,0.327,0.41978119999999997,0.4472987999999999,2030-03-30 14:00:00,4614.737771497415,2127
2127,0.187,0.3997648,0.44919339999999996,2030-03-30 15:00:00,4718.8005201590095,2128
2128,0.066,0.3693342,0.4554998,2030-03-30 16:00:00,4989.069171822997,2129
2129,0.003,0.3643716,0.4740648,2030-03-30 17:00:00,5158.6987008532615,2130
2130,0.0,0.37211340000000004,0.488773,2030-03-30 18:00:00,5458.452421206456,2131
2131,0.0,0.36814840000000004,0.5035198,2030-03-30 19:00:00,5444.17853094491,2132
2132,0.0,0.363043,0.5373187999999999,2030-03-30 20:00:00,5208.651120104031,2133
2133,0.0,0.3727576,0.5607749999999999,2030-03-30 21:00:00,4926.112489006647,2134
2134,0.0,0.3889244,0.5738412,2030-03-30 22:00:00,4675.028196300803,2135
2135,0.0,0.40363679999999996,0.5773278,2030-03-30 23:00:00,4350.775656071268,2136
2136,0.0,0.427182,0.586865,2030-03-31 00:00:00,4680.072907285684,2137
2137,0.0,0.4693154,0.6173542,2030-03-31 01:00:00,4624.487600893197,2138
2138,0.0,0.4913798,0.633501,2030-03-31 02:00:00,4622.6829863275125,2139
2139,0.0,0.49213260000000003,0.6261984,2030-03-31 03:00:00,4644.989308776128,2140
2140,0.0,0.47212820000000005,0.6117468,2030-03-31 04:00:00,4727.856834789039,2141
2141,0.075,0.4527366,0.5903196,2030-03-31 05:00:00,5358.1506944604,2142
2142,0.25,0.44949779999999995,0.5753068000000001,2030-03-31 06:00:00,5890.330642531083,2143
2143,0.427,0.5093574000000001,0.5727536000000001,2030-03-31 07:00:00,6275.6664198302005,2144
2144,0.561,0.4875358,0.5401636,2030-03-31 08:00:00,6312.208837902004,2145
2145,0.646,0.4375324,0.496251,2030-03-31 09:00:00,6070.6729471746075,2146
2146,0.681,0.3845762,0.45524520000000007,2030-03-31 10:00:00,5782.863902089244,2147
2147,0.67,0.3501492,0.42858260000000004,2030-03-31 11:00:00,5543.022685180495,2148
2148,0.613,0.3270804,0.4063996,2030-03-31 12:00:00,5399.795420406049,2149
2149,0.515,0.308937,0.38869980000000004,2030-03-31 13:00:00,5299.26796192868,2150
2150,0.39,0.2881978,0.364543,2030-03-31 14:00:00,5286.10671871454,2151
2151,0.249,0.2608052,0.3393462,2030-03-31 15:00:00,5389.317263379218,2152
2152,0.111,0.2240738,0.308043,2030-03-31 16:00:00,5676.444866225185,2153
2153,0.011,0.1974672,0.2823576,2030-03-31 17:00:00,5909.995128781366,2154
2154,0.0,0.1855884,0.2611882,2030-03-31 18:00:00,6243.9840304194295,2155
2155,0.0,0.1617004,0.2343318,2030-03-31 19:00:00,6323.913765030797,2156
2156,0.0,0.1331136,0.2028608,2030-03-31 20:00:00,6096.5833286468005,2157
2157,0.0,0.1092052,0.174803,2030-03-31 21:00:00,5794.790039837052,2158
2158,0.0,0.087176,0.1477168,2030-03-31 22:00:00,5584.261694676277,2159
2159,0.0,0.0646376,0.1155562,2030-03-31 23:00:00,5307.378566037594,2160
2160,0.0,0.043079,0.0842046,2030-04-01 00:00:00,4476.125944764359,2161
2161,0.0,0.025023800000000002,0.055848600000000005,2030-04-01 01:00:00,4402.979524834953,2162
2162,0.0,0.0134524,0.032861999999999995,2030-04-01 02:00:00,4354.825053545425,2163
2163,0.0,0.0082244,0.0173834,2030-04-01 03:00:00,4317.529391827176,2164
2164,0.0,0.006989199999999999,0.011630000000000001,2030-04-01 04:00:00,4091.4181144257163,2165
2165,0.086,0.010334,0.013983200000000001,2030-04-01 05:00:00,4440.965302032913,2166
2166,0.264,0.015677200000000002,0.0192842,2030-04-01 06:00:00,4681.456112719674,2167
2167,0.435,0.023534799999999998,0.026692,2030-04-01 07:00:00,4738.988696344897,2168
2168,0.569,0.0356966,0.0376284,2030-04-01 08:00:00,4730.007508668261,2169
2169,0.656,0.043329,0.047016,2030-04-01 09:00:00,4497.184914997147,2170
2170,0.693,0.048781,0.0565188,2030-04-01 10:00:00,4301.510463574207,2171
2171,0.682,0.0557704,0.0676074,2030-04-01 11:00:00,4121.658417464221,2172
2172,0.627,0.0649624,0.08114360000000001,2030-04-01 12:00:00,4006.230602222729,2173
2173,0.527,0.0756608,0.09594120000000002,2030-04-01 13:00:00,4030.2161653910616,2174
2174,0.398,0.0891612,0.1153234,2030-04-01 14:00:00,4173.092131655142,2175
2175,0.256,0.106836,0.1412836,2030-04-01 15:00:00,4472.115514565459,2176
2176,0.117,0.12127899999999998,0.1715708,2030-04-01 16:00:00,4640.198762213806,2177
2177,0.014,0.15418559999999998,0.2186084,2030-04-01 17:00:00,4748.234206855854,2178
2178,0.0,0.21178999999999998,0.276295,2030-04-01 18:00:00,5143.100397853708,2179
2179,0.0,0.2577052,0.3236728,2030-04-01 19:00:00,5270.405500090952,2180
2180,0.0,0.28783400000000003,0.3592256,2030-04-01 20:00:00,5037.759174258343,2181
2181,0.0,0.30748600000000004,0.3844014,2030-04-01 21:00:00,4725.274930420538,2182
2182,0.0,0.321813,0.40487700000000004,2030-04-01 22:00:00,4548.8778234460915,2183
2183,0.0,0.33802180000000004,0.42874159999999994,2030-04-01 23:00:00,4291.825788470098,2184
2184,0.0,0.3518458,0.44128639999999997,2030-04-02 00:00:00,4146.261760411804,2185
2185,0.0,0.366573,0.4497492,2030-04-02 01:00:00,4059.0242120150942,2186
2186,0.0,0.3828586,0.46908380000000005,2030-04-02 02:00:00,4039.032506176418,2187
2187,0.0,0.38832799999999995,0.488769,2030-04-02 03:00:00,4130.800715553666,2188
2188,0.0,0.4015272,0.5078168,2030-04-02 04:00:00,4321.053777018027,2189
2189,0.07,0.41339,0.5281418,2030-04-02 05:00:00,5124.097823450284,2190
2190,0.24,0.4159464,0.5576408,2030-04-02 06:00:00,5546.999908231433,2191
2191,0.416,0.4706144,0.5836336,2030-04-02 07:00:00,5766.484290146868,2192
2192,0.552,0.5247356,0.610178,2030-04-02 08:00:00,5712.579986356759,2193
2193,0.637,0.564232,0.6390546,2030-04-02 09:00:00,5423.3229669364355,2194
2194,0.674,0.5875096,0.6552125999999999,2030-04-02 10:00:00,5137.549170974102,2195
2195,0.662,0.5984416,0.6628732000000002,2030-04-02 11:00:00,4964.4451981521,2196
2196,0.592,0.6033436000000001,0.6656898000000001,2030-04-02 12:00:00,4843.916544214118,2197
2197,0.46,0.5969952,0.6597404,2030-04-02 13:00:00,4774.147184821776,2198
2198,0.302,0.577538,0.6544994,2030-04-02 14:00:00,4821.483065925422,2199
2199,0.169,0.5471934,0.6481638000000001,2030-04-02 15:00:00,5045.921209555314,2200
2200,0.062,0.52515,0.6504962000000001,2030-04-02 16:00:00,5100.304221952656,2201
2201,0.004,0.5291708,0.6612946,2030-04-02 17:00:00,5117.0069330644055,2202
2202,0.0,0.5231608000000001,0.668036,2030-04-02 18:00:00,5366.769943807438,2203
2203,0.0,0.4934010000000001,0.658427,2030-04-02 19:00:00,5334.398124055876,2204
2204,0.0,0.464276,0.6332578000000001,2030-04-02 20:00:00,4977.90026307766,2205
2205,0.0,0.4437538,0.6134808,2030-04-02 21:00:00,4572.233291737662,2206
2206,0.0,0.4142218,0.5862255999999999,2030-04-02 22:00:00,4316.88548485681,2207
2207,0.0,0.3961332,0.5591438,2030-04-02 23:00:00,4046.335725988876,2208
2208,0.0,0.366314,0.513311,2030-04-03 00:00:00,4055.635407149496,2209
2209,0.0,0.3320752,0.4714694,2030-04-03 01:00:00,3989.219002836534,2210
2210,0.0,0.3012538,0.45377140000000005,2030-04-03 02:00:00,4006.527646354758,2211
2211,0.0,0.275613,0.4274558,2030-04-03 03:00:00,4186.837063246998,2212
2212,0.0,0.245534,0.389454,2030-04-03 04:00:00,4622.5342046852165,2213
2213,0.008,0.2174404,0.34113499999999997,2030-04-03 05:00:00,5694.917583015168,2214
2214,0.03,0.1701472,0.28269320000000003,2030-04-03 06:00:00,6246.106036268693,2215
2215,0.063,0.1284278,0.24562599999999998,2030-04-03 07:00:00,6415.885004195168,2216
2216,0.123,0.11939200000000001,0.2193568,2030-04-03 08:00:00,6291.082668876799,2217
2217,0.177,0.11078139999999999,0.19120259999999997,2030-04-03 09:00:00,5977.906544814938,2218
2218,0.2,0.0989218,0.1759268,2030-04-03 10:00:00,5690.421694701697,2219
2219,0.191,0.099285,0.1765516,2030-04-03 11:00:00,5543.888206263242,2220
2220,0.154,0.1123046,0.1916856,2030-04-03 12:00:00,5423.991330534508,2221
2221,0.11,0.131307,0.2211494,2030-04-03 13:00:00,5301.160859101001,2222
2222,0.072,0.146484,0.2517824,2030-04-03 14:00:00,5310.383610552802,2223
2223,0.042,0.1656886,0.29032420000000003,2030-04-03 15:00:00,5536.387391061504,2224
2224,0.017,0.20110859999999997,0.3411272,2030-04-03 16:00:00,5567.859345563935,2225
2225,0.001,0.23777520000000002,0.3800962,2030-04-03 17:00:00,5536.073899071449,2226
2226,0.0,0.2630864,0.410862,2030-04-03 18:00:00,5659.495465385038,2227
2227,0.0,0.277218,0.44625539999999997,2030-04-03 19:00:00,5542.51150984815,2228
2228,0.0,0.2901358,0.48349279999999994,2030-04-03 20:00:00,5126.849269914788,2229
2229,0.0,0.2960058,0.4970668,2030-04-03 21:00:00,4658.140239263026,2230
2230,0.0,0.31183180000000005,0.4945594,2030-04-03 22:00:00,4372.224720022121,2231
2231,0.0,0.31262080000000003,0.478852,2030-04-03 23:00:00,4096.338613157732,2232
2232,0.0,0.3157378,0.46383640000000004,2030-04-04 00:00:00,4019.079809376358,2233
2233,0.0,0.3125794,0.4507478,2030-04-04 01:00:00,3980.440617538092,2234
2234,0.0,0.31716099999999997,0.4425103999999999,2030-04-04 02:00:00,4009.885867312384,2235
2235,0.0,0.31401599999999996,0.42676400000000003,2030-04-04 03:00:00,4198.223187860935,2236
2236,0.0,0.30297739999999995,0.4104658,2030-04-04 04:00:00,4648.8897649130595,2237
2237,0.034,0.2905748,0.3936742,2030-04-04 05:00:00,5723.348347333597,2238
2238,0.127,0.2592274,0.3738414,2030-04-04 06:00:00,6248.132727411865,2239
2239,0.251,0.25069660000000005,0.36097199999999996,2030-04-04 07:00:00,6404.036623973312,2240
2240,0.381,0.25126539999999997,0.347861,2030-04-04 08:00:00,6263.049601785281,2241
2241,0.478,0.23770059999999998,0.3416184,2030-04-04 09:00:00,5944.596567833939,2242
2242,0.532,0.24001679999999997,0.34499779999999997,2030-04-04 10:00:00,5644.133528834688,2243
2243,0.511,0.2573366,0.3519872,2030-04-04 11:00:00,5481.565035385143,2244
2244,0.443,0.28117739999999997,0.361542,2030-04-04 12:00:00,5333.414831255975,2245
2245,0.369,0.2986266,0.3699272,2030-04-04 13:00:00,5168.312387283831,2246
2246,0.278,0.299363,0.377417,2030-04-04 14:00:00,5136.04489519574,2247
2247,0.187,0.2720956,0.3824694,2030-04-04 15:00:00,5321.110574902369,2248
2248,0.088,0.2565372,0.3966042,2030-04-04 16:00:00,5337.123964530424,2249
2249,0.012,0.2773368,0.4189036,2030-04-04 17:00:00,5329.558134852564,2250
2250,0.0,0.2989452,0.4250484,2030-04-04 18:00:00,5523.646300774676,2251
2251,0.0,0.2912456,0.4151452,2030-04-04 19:00:00,5492.012020618486,2252
2252,0.0,0.280905,0.39816,2030-04-04 20:00:00,5084.6756268248755,2253
2253,0.0,0.28302679999999997,0.39092019999999994,2030-04-04 21:00:00,4610.635591677213,2254
2254,0.0,0.28175819999999996,0.3852552,2030-04-04 22:00:00,4317.823527629535,2255
2255,0.0,0.25436739999999997,0.3599494,2030-04-04 23:00:00,4035.812227734634,2256
2256,0.0,0.22509179999999995,0.32306260000000003,2030-04-05 00:00:00,3948.1003803265803,2257
2257,0.0,0.1974658,0.2897594,2030-04-05 01:00:00,3901.3551108022657,2258
2258,0.0,0.1856558,0.27421219999999996,2030-04-05 02:00:00,3934.1139013575694,2259
2259,0.0,0.18490259999999997,0.2744438,2030-04-05 03:00:00,4138.195990173645,2260
2260,0.0,0.1886784,0.2837006,2030-04-05 04:00:00,4590.381354466633,2261
2261,0.033,0.19874880000000003,0.29232939999999996,2030-04-05 05:00:00,5671.882381819881,2262
2262,0.129,0.20548100000000002,0.3034436,2030-04-05 06:00:00,6180.126592585248,2263
2263,0.278,0.2251204,0.31709400000000004,2030-04-05 07:00:00,6301.07467813429,2264
2264,0.41,0.25149900000000003,0.341553,2030-04-05 08:00:00,6153.968023827233,2265
2265,0.514,0.2758412,0.37200700000000003,2030-04-05 09:00:00,5839.66174474014,2266
2266,0.564,0.29347120000000004,0.3913138,2030-04-05 10:00:00,5523.041542554512,2267
2267,0.565,0.303859,0.3971566,2030-04-05 11:00:00,5364.531538032537,2268
2268,0.526,0.3086212,0.3953052,2030-04-05 12:00:00,5206.155895074627,2269
2269,0.446,0.31314319999999995,0.39693759999999995,2030-04-05 13:00:00,5050.237177229258,2270
2270,0.329,0.3194826,0.41195440000000005,2030-04-05 14:00:00,5030.950274561197,2271
2271,0.198,0.31648119999999996,0.42822200000000005,2030-04-05 15:00:00,5228.823291817386,2272
2272,0.078,0.3220546,0.46104179999999995,2030-04-05 16:00:00,5267.30575655992,2273
2273,0.009,0.3477308,0.5033608,2030-04-05 17:00:00,5293.645317942521,2274
2274,0.0,0.3546965999999999,0.5149282000000001,2030-04-05 18:00:00,5493.094677540299,2275
2275,0.0,0.3397958,0.5065736000000001,2030-04-05 19:00:00,5443.900374489921,2276
2276,0.0,0.3032234,0.47935999999999995,2030-04-05 20:00:00,5030.974325684805,2277
2277,0.0,0.26892360000000004,0.4476208,2030-04-05 21:00:00,4560.507104184137,2278
2278,0.0,0.244617,0.4181762,2030-04-05 22:00:00,4238.925491347237,2279
2279,0.0,0.228978,0.3834276,2030-04-05 23:00:00,3960.1911613739985,2280
2280,0.0,0.19604,0.3508452,2030-04-06 00:00:00,3876.145791147984,2281
2281,0.0,0.17468460000000002,0.32562579999999997,2030-04-06 01:00:00,3823.3860198836564,2282
2282,0.0,0.1550952,0.3103668,2030-04-06 02:00:00,3845.7947097010397,2283
2283,0.0,0.1402444,0.302766,2030-04-06 03:00:00,4035.933236119628,2284
2284,0.0,0.1306168,0.2886906,2030-04-06 04:00:00,4484.991351879396,2285
2285,0.014,0.1222714,0.269864,2030-04-06 05:00:00,5537.829249431018,2286
2286,0.065,0.110446,0.25539459999999997,2030-04-06 06:00:00,6067.780379385262,2287
2287,0.139,0.10845819999999999,0.2447978,2030-04-06 07:00:00,6225.403166229638,2288
2288,0.221,0.1166166,0.2443996,2030-04-06 08:00:00,6080.408068828434,2289
2289,0.301,0.12760080000000001,0.2510386,2030-04-06 09:00:00,5764.0548763960705,2290
2290,0.366,0.1444984,0.2614328,2030-04-06 10:00:00,5400.332532158587,2291
2291,0.41,0.16060040000000003,0.26477059999999997,2030-04-06 11:00:00,5137.89113328275,2292
2292,0.41,0.1714212,0.2647672,2030-04-06 12:00:00,4880.195284601927,2293
2293,0.372,0.17706919999999998,0.265474,2030-04-06 13:00:00,4686.881785719483,2294
2294,0.294,0.1768074,0.26676219999999995,2030-04-06 14:00:00,4674.491376651205,2295
2295,0.187,0.1779602,0.2759572,2030-04-06 15:00:00,4873.94674090249,2296
2296,0.086,0.1784518,0.2879726,2030-04-06 16:00:00,4915.024820638304,2297
2297,0.014,0.19577139999999998,0.3034536,2030-04-06 17:00:00,4923.404140059529,2298
2298,0.0,0.2132966,0.3121032,2030-04-06 18:00:00,5093.1935788419405,2299
2299,0.0,0.2037268,0.29643460000000005,2030-04-06 19:00:00,5109.451454352654,2300
2300,0.0,0.17944759999999998,0.2612678,2030-04-06 20:00:00,4780.347492873663,2301
2301,0.0,0.151107,0.2217104,2030-04-06 21:00:00,4415.457272673365,2302
2302,0.0,0.12169959999999999,0.18336959999999997,2030-04-06 22:00:00,4157.202699071779,2303
2303,0.0,0.09315939999999999,0.1460552,2030-04-06 23:00:00,3877.9586833308613,2304
2304,0.0,0.0697998,0.1145098,2030-04-07 00:00:00,3833.389357575195,2305
2305,0.0,0.05395099999999999,0.0932666,2030-04-07 01:00:00,3768.9734719832304,2306
2306,0.0,0.0454128,0.0824454,2030-04-07 02:00:00,3754.9854853527722,2307
2307,0.0,0.0457968,0.0832338,2030-04-07 03:00:00,3838.549902478094,2308
2308,0.0,0.053694,0.09353639999999999,2030-04-07 04:00:00,3972.443542844375,2309
2309,0.056,0.0636374,0.10806560000000001,2030-04-07 05:00:00,4633.986340593159,2310
2310,0.188,0.0610328,0.1184442,2030-04-07 06:00:00,4935.557602609884,2311
2311,0.352,0.0586932,0.1279642,2030-04-07 07:00:00,5157.310221706059,2312
2312,0.487,0.06261760000000001,0.1363446,2030-04-07 08:00:00,5101.906503884065,2313
2313,0.575,0.0634474,0.1393154,2030-04-07 09:00:00,4815.769809808432,2314
2314,0.61,0.0604846,0.1357556,2030-04-07 10:00:00,4538.293486405764,2315
2315,0.599,0.0558682,0.129154,2030-04-07 11:00:00,4361.919477597693,2316
2316,0.548,0.053565600000000005,0.12492220000000001,2030-04-07 12:00:00,4204.279526676721,2317
2317,0.462,0.0559848,0.12595299999999998,2030-04-07 13:00:00,4113.34611511328,2318
2318,0.346,0.06526099999999999,0.1331028,2030-04-07 14:00:00,4197.550373619608,2319
2319,0.215,0.0811644,0.1433086,2030-04-07 15:00:00,4452.800176218176,2320
2320,0.102,0.0993382,0.1527164,2030-04-07 16:00:00,4536.752494843172,2321
2321,0.018,0.1212628,0.1646466,2030-04-07 17:00:00,4592.01409327518,2322
2322,0.0,0.1494628,0.179975,2030-04-07 18:00:00,4803.563535723603,2323
2323,0.0,0.16209759999999998,0.19001859999999998,2030-04-07 19:00:00,4896.308823133695,2324
2324,0.0,0.1615826,0.1939202,2030-04-07 20:00:00,4626.720671513653,2325
2325,0.0,0.1565766,0.1952386,2030-04-07 21:00:00,4317.475744033072,2326
2326,0.0,0.1545312,0.1992798,2030-04-07 22:00:00,4118.4000594680365,2327
2327,0.0,0.1620236,0.2094622,2030-04-07 23:00:00,3858.365453932901,2328
2328,0.0,0.1815274,0.2318028,2030-04-08 00:00:00,3918.717400762731,2329
2329,0.0,0.2082414,0.2704122,2030-04-08 01:00:00,3842.618998106511,2330
2330,0.0,0.2295318,0.31156480000000003,2030-04-08 02:00:00,3839.745846638984,2331
2331,0.0,0.25125359999999997,0.34273580000000003,2030-04-08 03:00:00,3916.406641591562,2332
2332,0.001,0.26436339999999997,0.3697146,2030-04-08 04:00:00,4048.807999233156,2333
2333,0.096,0.2702512,0.3871006,2030-04-08 05:00:00,4677.623446042999,2334
2334,0.267,0.29233180000000003,0.40704700000000005,2030-04-08 06:00:00,4965.913688317873,2335
2335,0.431,0.3294226,0.4242582,2030-04-08 07:00:00,5233.485099158459,2336
2336,0.562,0.32176860000000007,0.41546019999999995,2030-04-08 08:00:00,5231.770571999676,2337
2337,0.65,0.2915148,0.389839,2030-04-08 09:00:00,4996.108492289821,2338
2338,0.69,0.2622136,0.36067140000000003,2030-04-08 10:00:00,4777.090332865939,2339
2339,0.682,0.2411114,0.33416039999999997,2030-04-08 11:00:00,4642.364805023329,2340
2340,0.629,0.22339439999999997,0.3090214,2030-04-08 12:00:00,4538.35331756116,2341
2341,0.535,0.2099552,0.2870436,2030-04-08 13:00:00,4479.384785213681,2342
2342,0.409,0.20006079999999998,0.2702148,2030-04-08 14:00:00,4567.029684967264,2343
2343,0.27,0.1912034,0.25643000000000005,2030-04-08 15:00:00,4880.920502405239,2344
2344,0.132,0.178155,0.24080759999999998,2030-04-08 16:00:00,4975.763714202563,2345
2345,0.028,0.163525,0.23013319999999998,2030-04-08 17:00:00,5025.889729247302,2346
2346,0.0,0.1676784,0.22934539999999998,2030-04-08 18:00:00,5272.7148376870955,2347
2347,0.0,0.1655488,0.21944160000000004,2030-04-08 19:00:00,5352.497644742034,2348
2348,0.0,0.16641979999999998,0.213286,2030-04-08 20:00:00,5036.571926811745,2349
2349,0.0,0.1760748,0.2189664,2030-04-08 21:00:00,4686.386488444308,2350
2350,0.0,0.19442399999999999,0.24052559999999995,2030-04-08 22:00:00,4458.843061204199,2351
2351,0.0,0.20901620000000004,0.2538288,2030-04-08 23:00:00,4228.354901411562,2352
2352,0.0,0.2095478,0.263755,2030-04-09 00:00:00,4298.476416676424,2353
2353,0.0,0.20567660000000001,0.277593,2030-04-09 01:00:00,4267.448875326991,2354
2354,0.0,0.20512819999999996,0.2905068,2030-04-09 02:00:00,4331.844924735132,2355
2355,0.0,0.2019898,0.29367099999999996,2030-04-09 03:00:00,4543.644925516621,2356
2356,0.002,0.1995822,0.2931764,2030-04-09 04:00:00,5033.34786365313,2357
2357,0.105,0.1946896,0.287297,2030-04-09 05:00:00,6161.212403417972,2358
2358,0.272,0.2011126,0.274952,2030-04-09 06:00:00,6659.258117995003,2359
2359,0.448,0.21350699999999997,0.2601422,2030-04-09 07:00:00,6881.72716144287,2360
2360,0.579,0.1951656,0.23544739999999997,2030-04-09 08:00:00,6793.91050601421,2361
2361,0.667,0.17506,0.20604079999999997,2030-04-09 09:00:00,6479.827818896228,2362
2362,0.71,0.15668699999999997,0.17785560000000003,2030-04-09 10:00:00,6150.102859783363,2363
2363,0.706,0.14546399999999998,0.1564948,2030-04-09 11:00:00,5978.697288856707,2364
2364,0.654,0.14217059999999998,0.14158700000000002,2030-04-09 12:00:00,5832.748653797205,2365
2365,0.556,0.1439714,0.1322922,2030-04-09 13:00:00,5646.221239918471,2366
2366,0.426,0.1482994,0.128398,2030-04-09 14:00:00,5610.433925481966,2367
2367,0.284,0.152823,0.1313658,2030-04-09 15:00:00,5823.402295824742,2368
2368,0.144,0.15279179999999998,0.1376668,2030-04-09 16:00:00,5861.083621528971,2369
2369,0.034,0.1516304,0.15034,2030-04-09 17:00:00,5853.914231117122,2370
2370,0.0,0.16360420000000003,0.1658852,2030-04-09 18:00:00,6048.8861682317165,2371
2371,0.0,0.1635946,0.16846,2030-04-09 19:00:00,6120.01066323835,2372
2372,0.0,0.1567198,0.160361,2030-04-09 20:00:00,5719.720369168925,2373
2373,0.0,0.14753679999999997,0.14967219999999998,2030-04-09 21:00:00,5253.661055401787,2374
2374,0.0,0.13644620000000002,0.1396974,2030-04-09 22:00:00,4999.3475072781,2375
2375,0.0,0.128194,0.13302560000000002,2030-04-09 23:00:00,4732.690065330693,2376
2376,0.0,0.1217926,0.1293696,2030-04-10 00:00:00,4720.023187389593,2377
2377,0.0,0.12100459999999999,0.1307226,2030-04-10 01:00:00,4688.788741676415,2378
2378,0.0,0.1265606,0.1370706,2030-04-10 02:00:00,4715.914933572407,2379
2379,0.0,0.1420668,0.1497908,2030-04-10 03:00:00,4921.752491125605,2380
2380,0.002,0.164935,0.169051,2030-04-10 04:00:00,5398.134308092807,2381
2381,0.094,0.1752384,0.1845496,2030-04-10 05:00:00,6487.440328649673,2382
2382,0.239,0.172872,0.19267340000000002,2030-04-10 06:00:00,6959.37555857064,2383
2383,0.364,0.1843742,0.19920459999999998,2030-04-10 07:00:00,7127.870194931018,2384
2384,0.441,0.17576699999999998,0.1939596,2030-04-10 08:00:00,7005.849589108309,2385
2385,0.496,0.15677020000000003,0.1772254,2030-04-10 09:00:00,6686.207840480121,2386
2386,0.516,0.137899,0.15667840000000002,2030-04-10 10:00:00,6387.096101505014,2387
2387,0.517,0.12398819999999999,0.14129540000000002,2030-04-10 11:00:00,6212.980813633612,2388
2388,0.489,0.11465479999999999,0.13166399999999998,2030-04-10 12:00:00,6093.160178179351,2389
2389,0.425,0.1096444,0.1265606,2030-04-10 13:00:00,5921.134011034497,2390
2390,0.306,0.1092462,0.126136,2030-04-10 14:00:00,5899.929616376747,2391
2391,0.2,0.109443,0.1301506,2030-04-10 15:00:00,6101.431361292817,2392
2392,0.1,0.1091116,0.1375734,2030-04-10 16:00:00,6050.461387071813,2393
2393,0.023,0.1102412,0.149363,2030-04-10 17:00:00,5993.629187431863,2394
2394,0.0,0.1187658,0.16083219999999998,2030-04-10 18:00:00,6156.111430893801,2395
2395,0.0,0.1172638,0.1610534,2030-04-10 19:00:00,6162.029218861964,2396
2396,0.0,0.10903840000000001,0.1532678,2030-04-10 20:00:00,5770.017908427151,2397
2397,0.0,0.100716,0.1415458,2030-04-10 21:00:00,5300.418464464056,2398
2398,0.0,0.0925296,0.12791639999999999,2030-04-10 22:00:00,4991.2422865883855,2399
2399,0.0,0.0850004,0.11602459999999999,2030-04-10 23:00:00,4708.325320614727,2400
2400,0.0,0.0782504,0.1068874,2030-04-11 00:00:00,4654.465863698325,2401
2401,0.0,0.0720948,0.0992452,2030-04-11 01:00:00,4615.875442267496,2402
2402,0.0,0.0653464,0.0918898,2030-04-11 02:00:00,4641.321266791654,2403
2403,0.0,0.060287200000000006,0.0858188,2030-04-11 03:00:00,4834.969538936592,2404
2404,0.0,0.058374599999999985,0.08359159999999999,2030-04-11 04:00:00,5327.288654831191,2405
2405,0.053,0.0577536,0.08340080000000001,2030-04-11 05:00:00,6421.1393222281895,2406
2406,0.155,0.053081,0.0823372,2030-04-11 06:00:00,6950.836998962621,2407
2407,0.266,0.051579,0.08382520000000002,2030-04-11 07:00:00,7181.450663587504,2408
2408,0.351,0.0525634,0.0863354,2030-04-11 08:00:00,7049.893503056226,2409
2409,0.42,0.051041800000000005,0.0856744,2030-04-11 09:00:00,6727.948561714172,2410
2410,0.439,0.0475654,0.0825536,2030-04-11 10:00:00,6405.618878904039,2411
2411,0.432,0.044203000000000006,0.0814622,2030-04-11 11:00:00,6231.627410609764,2412
2412,0.381,0.0416132,0.08279059999999999,2030-04-11 12:00:00,6056.109741827615,2413
2413,0.322,0.040872000000000006,0.08784020000000001,2030-04-11 13:00:00,5850.801144367691,2414
2414,0.247,0.0436092,0.097024,2030-04-11 14:00:00,5796.218069197281,2415
2415,0.17,0.048108200000000004,0.10722119999999999,2030-04-11 15:00:00,5993.008554796137,2416
2416,0.088,0.053873000000000004,0.1169886,2030-04-11 16:00:00,5970.302635246748,2417
2417,0.021,0.06241540000000001,0.12706440000000002,2030-04-11 17:00:00,5918.1485788586615,2418
2418,0.0,0.0744258,0.13542379999999998,2030-04-11 18:00:00,6097.032108345056,2419
2419,0.0,0.0801242,0.13811800000000002,2030-04-11 19:00:00,6172.575504415117,2420
2420,0.0,0.08061739999999999,0.13625899999999996,2030-04-11 20:00:00,5806.733919680878,2421
2421,0.0,0.08004619999999998,0.1348876,2030-04-11 21:00:00,5338.847084419626,2422
2422,0.0,0.0783172,0.1338522,2030-04-11 22:00:00,5046.788568664663,2423
2423,0.0,0.07741519999999999,0.133155,2030-04-11 23:00:00,4783.101511519543,2424
2424,0.0,0.0784568,0.1345104,2030-04-12 00:00:00,4750.143314672694,2425
2425,0.0,0.08010419999999999,0.1383254,2030-04-12 01:00:00,4707.623998837576,2426
2426,0.0,0.08249000000000001,0.1422476,2030-04-12 02:00:00,4725.394172259305,2427
2427,0.0,0.08603639999999999,0.1457924,2030-04-12 03:00:00,4925.587891068248,2428
2428,0.002,0.0913524,0.14897719999999998,2030-04-12 04:00:00,5429.615739844619,2429
2429,0.08,0.09419259999999999,0.14907600000000001,2030-04-12 05:00:00,6511.715895839276,2430
2430,0.211,0.08693219999999999,0.1432744,2030-04-12 06:00:00,7004.04653463551,2431
2431,0.336,0.08292940000000001,0.1377954,2030-04-12 07:00:00,7164.904297378398,2432
2432,0.384,0.0808836,0.13465860000000002,2030-04-12 08:00:00,7016.7970957953785,2433
2433,0.406,0.07997220000000001,0.13044419999999998,2030-04-12 09:00:00,6693.818246460274,2434
2434,0.404,0.08088920000000001,0.12624580000000002,2030-04-12 10:00:00,6311.520152290472,2435
2435,0.398,0.08400339999999999,0.12432600000000002,2030-04-12 11:00:00,6155.230169994511,2436
2436,0.368,0.08760539999999999,0.1238326,2030-04-12 12:00:00,6001.89427901284,2437
2437,0.324,0.09048700000000001,0.12425159999999999,2030-04-12 13:00:00,5831.3074239970465,2438
2438,0.269,0.09362380000000001,0.1269994,2030-04-12 14:00:00,5800.520883588681,2439
2439,0.191,0.09707840000000001,0.13141740000000002,2030-04-12 15:00:00,6010.243941261677,2440
2440,0.103,0.09861640000000002,0.1371856,2030-04-12 16:00:00,5956.16389498317,2441
2441,0.028,0.10111060000000001,0.1472144,2030-04-12 17:00:00,5920.1093157195355,2442
2442,0.0,0.1079802,0.1613424,2030-04-12 18:00:00,6087.468976799048,2443
2443,0.0,0.1099618,0.17107779999999997,2030-04-12 19:00:00,6199.333464549406,2444
2444,0.0,0.1094508,0.17298719999999998,2030-04-12 20:00:00,5820.919518065465,2445
2445,0.0,0.11008100000000001,0.171341,2030-04-12 21:00:00,5364.380977575553,2446
2446,0.0,0.11299699999999999,0.1695482,2030-04-12 22:00:00,5093.521923535145,2447
2447,0.0,0.11653480000000001,0.1699932,2030-04-12 23:00:00,4823.409089415674,2448
2448,0.0,0.12156,0.1722246,2030-04-13 00:00:00,4774.65820837976,2449
2449,0.0,0.1302462,0.176475,2030-04-13 01:00:00,4735.319640050303,2450
2450,0.0,0.1421934,0.18347919999999998,2030-04-13 02:00:00,4765.988729362938,2451
2451,0.0,0.1570724,0.1945638,2030-04-13 03:00:00,4973.491522936058,2452
2452,0.007,0.1748562,0.21135519999999994,2030-04-13 04:00:00,5474.26905676151,2453
2453,0.127,0.1827222,0.2269172,2030-04-13 05:00:00,6488.453000290958,2454
2454,0.291,0.1766548,0.2411792,2030-04-13 06:00:00,6949.538731164634,2455
2455,0.439,0.19694860000000003,0.2630236,2030-04-13 07:00:00,7093.0838717110255,2456
2456,0.549,0.22545880000000001,0.2890964,2030-04-13 08:00:00,6938.567902818913,2457
2457,0.627,0.24902739999999998,0.31687659999999995,2030-04-13 09:00:00,6568.080132283944,2458
2458,0.666,0.2706966,0.3431141999999999,2030-04-13 10:00:00,6189.247522952867,2459
2459,0.658,0.2913304,0.36589,2030-04-13 11:00:00,5943.3159655362615,2460
2460,0.604,0.308894,0.3840058,2030-04-13 12:00:00,5707.579612303825,2461
2461,0.501,0.31798000000000004,0.3948904,2030-04-13 13:00:00,5515.399974748115,2462
2462,0.378,0.318308,0.39876480000000003,2030-04-13 14:00:00,5512.962933106494,2463
2463,0.245,0.3048008,0.3900078,2030-04-13 15:00:00,5725.640681476954,2464
2464,0.126,0.276495,0.37195459999999997,2030-04-13 16:00:00,5705.432353968825,2465
2465,0.034,0.24697060000000004,0.35642179999999996,2030-04-13 17:00:00,5654.205837812151,2466
2466,0.0,0.242728,0.35313019999999995,2030-04-13 18:00:00,5759.724682660139,2467
2467,0.0,0.24001860000000003,0.3507936,2030-04-13 19:00:00,5811.324369141362,2468
2468,0.0,0.2354372,0.346397,2030-04-13 20:00:00,5492.851073353944,2469
2469,0.0,0.2375534,0.34192539999999993,2030-04-13 21:00:00,5100.156150516745,2470
2470,0.0,0.24571559999999998,0.33787120000000004,2030-04-13 22:00:00,4864.748103860196,2471
2471,0.0,0.25550419999999996,0.334469,2030-04-13 23:00:00,4572.179383493087,2472
2472,0.0,0.2650556,0.3371848,2030-04-14 00:00:00,4409.2982382450955,2473
2473,0.0,0.2646198,0.3427034,2030-04-14 01:00:00,4331.374377452336,2474
2474,0.0,0.2646638,0.34802600000000006,2030-04-14 02:00:00,4315.964982914302,2475
2475,0.0,0.25707620000000003,0.3479076,2030-04-14 03:00:00,4408.361690983293,2476
2476,0.006,0.2597404,0.3541126,2030-04-14 04:00:00,4572.466214546814,2477
2477,0.109,0.26203659999999995,0.36334999999999995,2030-04-14 05:00:00,5177.214200159945,2478
2478,0.26,0.2720684,0.3868722,2030-04-14 06:00:00,5516.403286123208,2479
2479,0.395,0.32999459999999997,0.4224852,2030-04-14 07:00:00,5802.696171118361,2480
2480,0.514,0.34536680000000003,0.44465319999999997,2030-04-14 08:00:00,5783.816597743749,2481
2481,0.594,0.3512964,0.4534498,2030-04-14 09:00:00,5466.158610016162,2482
2482,0.636,0.353757,0.44905160000000005,2030-04-14 10:00:00,5162.840109055711,2483
2483,0.628,0.3450816,0.43574699999999994,2030-04-14 11:00:00,4945.373460330551,2484
2484,0.58,0.32811199999999996,0.4166296,2030-04-14 12:00:00,4762.262118827697,2485
2485,0.491,0.3099426,0.3994294,2030-04-14 13:00:00,4645.084265028081,2486
2486,0.373,0.295647,0.3898996,2030-04-14 14:00:00,4715.652935236173,2487
2487,0.246,0.2843528,0.3876478,2030-04-14 15:00:00,4972.995541293972,2488
2488,0.13,0.2626346,0.382459,2030-04-14 16:00:00,5002.583422930022,2489
2489,0.036,0.23782040000000002,0.37184339999999994,2030-04-14 17:00:00,5010.669935615804,2490
2490,0.0,0.237649,0.3663062,2030-04-14 18:00:00,5189.90973494926,2491
2491,0.0,0.23955119999999996,0.358347,2030-04-14 19:00:00,5360.170404169907,2492
2492,0.0,0.23557159999999996,0.34818199999999994,2030-04-14 20:00:00,5091.691981294197,2493
2493,0.0,0.2336944,0.342929,2030-04-14 21:00:00,4763.629803367365,2494
2494,0.0,0.23165579999999997,0.3351284,2030-04-14 22:00:00,4578.61846169045,2495
2495,0.0,0.2246016,0.3262446,2030-04-14 23:00:00,4340.100832253678,2496
2496,0.0,0.2098296,0.3023104,2030-04-15 00:00:00,4275.280544008355,2497
2497,0.0,0.1885154,0.2652176,2030-04-15 01:00:00,4214.742690976664,2498
2498,0.0,0.1697288,0.23624299999999998,2030-04-15 02:00:00,4192.983588100584,2499
2499,0.0,0.1585908,0.2221278,2030-04-15 03:00:00,4291.840568465666,2500
2500,0.013,0.1549918,0.22066979999999997,2030-04-15 04:00:00,4467.737564311979,2501
2501,0.138,0.14740360000000002,0.220269,2030-04-15 05:00:00,5013.042613277083,2502
2502,0.304,0.1418774,0.22109079999999998,2030-04-15 06:00:00,5293.541338893774,2503
2503,0.467,0.1607126,0.22725699999999996,2030-04-15 07:00:00,5542.018044832649,2504
2504,0.595,0.183663,0.23577720000000002,2030-04-15 08:00:00,5494.762992625694,2505
2505,0.678,0.20250020000000002,0.24579840000000003,2030-04-15 09:00:00,5228.94434147699,2506
2506,0.714,0.2124158,0.2570364,2030-04-15 10:00:00,4971.730466180388,2507
2507,0.705,0.21464699999999998,0.270332,2030-04-15 11:00:00,4797.301406304122,2508
2508,0.65,0.21441340000000003,0.28603259999999997,2030-04-15 12:00:00,4664.341440605068,2509
2509,0.554,0.2143204,0.29950740000000003,2030-04-15 13:00:00,4575.57340038671,2510
2510,0.426,0.21616439999999998,0.30843640000000005,2030-04-15 14:00:00,4652.207004283828,2511
2511,0.289,0.21787620000000002,0.31445880000000004,2030-04-15 15:00:00,4954.051178050839,2512
2512,0.154,0.21382859999999998,0.31832,2030-04-15 16:00:00,5039.55321696013,2513
2513,0.046,0.20350220000000002,0.32633220000000007,2030-04-15 17:00:00,5085.485502428597,2514
2514,0.0,0.2186658,0.3470852,2030-04-15 18:00:00,5296.5930338492435,2515
2515,0.0,0.2304618,0.3667466,2030-04-15 19:00:00,5461.457396363209,2516
2516,0.0,0.22444300000000003,0.3726318,2030-04-15 20:00:00,5168.127000098581,2517
2517,0.0,0.2172426,0.3706264,2030-04-15 21:00:00,4801.653489643324,2518
2518,0.0,0.2104006,0.36324560000000006,2030-04-15 22:00:00,4601.884765182243,2519
2519,0.0,0.20174140000000004,0.3509278,2030-04-15 23:00:00,4374.344273117443,2520
2520,0.0,0.19113639999999998,0.33151359999999996,2030-04-16 00:00:00,4316.651799716814,2521
2521,0.0,0.183504,0.30811540000000004,2030-04-16 01:00:00,4297.008765215421,2522
2522,0.0,0.18168679999999998,0.2948792,2030-04-16 02:00:00,4345.163520087498,2523
2523,0.0,0.18075360000000001,0.2864772,2030-04-16 03:00:00,4564.915535629107,2524
2524,0.015,0.182316,0.2812612,2030-04-16 04:00:00,5091.852345963759,2525
2525,0.132,0.1728072,0.26966159999999995,2030-04-16 05:00:00,6095.62608086726,2526
2526,0.291,0.17660179999999998,0.2715274,2030-04-16 06:00:00,6605.865551775504,2527
2527,0.446,0.22099860000000002,0.2907648,2030-04-16 07:00:00,6755.94142260073,2528
2528,0.561,0.24683700000000003,0.31285640000000003,2030-04-16 08:00:00,6594.342248872301,2529
2529,0.627,0.26108739999999997,0.33519940000000004,2030-04-16 09:00:00,6234.33396638759,2530
2530,0.634,0.272276,0.35906459999999996,2030-04-16 10:00:00,5920.625095270759,2531
2531,0.62,0.279958,0.3811446,2030-04-16 11:00:00,5785.041863186605,2532
2532,0.567,0.28717659999999995,0.40258199999999994,2030-04-16 12:00:00,5621.763060936568,2533
2533,0.489,0.2970532,0.4232222,2030-04-16 13:00:00,5484.837161892943,2534
2534,0.386,0.3093588,0.4329682,2030-04-16 14:00:00,5435.426071189035,2535
2535,0.269,0.3186248,0.4327742,2030-04-16 15:00:00,5642.651629308006,2536
2536,0.147,0.30755899999999997,0.42682659999999994,2030-04-16 16:00:00,5603.643321423072,2537
2537,0.046,0.2951418,0.4173268,2030-04-16 17:00:00,5524.714865560036,2538
2538,0.0,0.321707,0.4209872,2030-04-16 18:00:00,5650.9527095447465,2539
2539,0.0,0.33968879999999996,0.4221788,2030-04-16 19:00:00,5754.555549522179,2540
2540,0.0,0.3509856,0.41342760000000006,2030-04-16 20:00:00,5382.105613737296,2541
2541,0.0,0.3628208,0.4027282,2030-04-16 21:00:00,4922.040938545898,2542
2542,0.0,0.3554638,0.3865166,2030-04-16 22:00:00,4659.424249926576,2543
2543,0.0,0.3467774,0.36786,2030-04-16 23:00:00,4394.680809806157,2544
2544,0.0,0.342198,0.36153840000000004,2030-04-17 00:00:00,4232.510644332475,2545
2545,0.0,0.335119,0.36027020000000004,2030-04-17 01:00:00,4191.597110366492,2546
2546,0.0,0.32942,0.35769259999999997,2030-04-17 02:00:00,4230.81740435873,2547
2547,0.0,0.3056774,0.350248,2030-04-17 03:00:00,4432.104235330327,2548
2548,0.018,0.28755359999999996,0.3397332,2030-04-17 04:00:00,4941.206972675781,2549
2549,0.137,0.24545219999999998,0.3236698,2030-04-17 05:00:00,5910.930937000729,2550
2550,0.306,0.20089739999999998,0.3053596,2030-04-17 06:00:00,6372.9553340174425,2551
2551,0.463,0.1922618,0.30477459999999995,2030-04-17 07:00:00,6470.769541573083,2552
2552,0.586,0.18907000000000002,0.3076502,2030-04-17 08:00:00,6294.48252536035,2553
2553,0.663,0.1954164,0.312908,2030-04-17 09:00:00,5922.839395422793,2554
2554,0.697,0.20557179999999997,0.3198648,2030-04-17 10:00:00,5579.873133135876,2555
2555,0.687,0.2078988,0.3197994,2030-04-17 11:00:00,5428.566331677122,2556
2556,0.635,0.2013264,0.3181282,2030-04-17 12:00:00,5286.895974515769,2557
2557,0.542,0.191813,0.3165202,2030-04-17 13:00:00,5134.687492422736,2558
2558,0.418,0.18243939999999997,0.314048,2030-04-17 14:00:00,5108.27814766673,2559
2559,0.284,0.17369280000000004,0.3114486,2030-04-17 15:00:00,5311.702246517085,2560
2560,0.153,0.15492080000000003,0.3060174,2030-04-17 16:00:00,5285.205719505533,2561
2561,0.048,0.1598616,0.3075778,2030-04-17 17:00:00,5229.2921092028155,2562
2562,0.0,0.1944054,0.3177054,2030-04-17 18:00:00,5366.482744940891,2563
2563,0.0,0.213796,0.31438160000000004,2030-04-17 19:00:00,5487.340463114735,2564
2564,0.0,0.2120264,0.29869019999999996,2030-04-17 20:00:00,5132.478021990931,2565
2565,0.0,0.19964520000000002,0.28086279999999997,2030-04-17 21:00:00,4692.445882214848,2566
2566,0.0,0.1860742,0.2665676,2030-04-17 22:00:00,4411.437331834037,2567
2567,0.0,0.1728602,0.25488959999999994,2030-04-17 23:00:00,4147.601900920679,2568
2568,0.0,0.16152260000000002,0.243317,2030-04-18 00:00:00,4045.430158157683,2569
2569,0.0,0.1553732,0.2330594,2030-04-18 01:00:00,4023.461010465696,2570
2570,0.0,0.1549972,0.227515,2030-04-18 02:00:00,4061.6187171520533,2571
2571,0.0,0.1595406,0.226985,2030-04-18 03:00:00,4262.534066543714,2572
2572,0.022,0.16429739999999998,0.22886920000000002,2030-04-18 04:00:00,4764.652649012485,2573
2573,0.143,0.14868580000000003,0.2169466,2030-04-18 05:00:00,5681.105403591081,2574
2574,0.305,0.10748799999999999,0.187648,2030-04-18 06:00:00,6113.19298993677,2575
2575,0.459,0.08818699999999999,0.1755264,2030-04-18 07:00:00,6205.1038585945735,2576
2576,0.578,0.125751,0.1959556,2030-04-18 08:00:00,6063.73898068746,2577
2577,0.656,0.158555,0.22372180000000003,2030-04-18 09:00:00,5733.109017339613,2578
2578,0.69,0.17573560000000002,0.2510292,2030-04-18 10:00:00,5412.877143381742,2579
2579,0.682,0.1816756,0.2693082,2030-04-18 11:00:00,5288.055065173317,2580
2580,0.632,0.18073,0.2775398,2030-04-18 12:00:00,5154.628229240631,2581
2581,0.541,0.17533839999999998,0.2765626,2030-04-18 13:00:00,5007.935740007333,2582
2582,0.418,0.1680736,0.27055280000000004,2030-04-18 14:00:00,4985.920571915969,2583
2583,0.287,0.16033239999999999,0.26353,2030-04-18 15:00:00,5187.968161606744,2584
2584,0.157,0.145124,0.25611700000000004,2030-04-18 16:00:00,5157.913897254431,2585
2585,0.052,0.14626219999999998,0.2590266,2030-04-18 17:00:00,5103.292726353095,2586
2586,0.0,0.16437580000000002,0.2709052,2030-04-18 18:00:00,5228.592065788536,2587
2587,0.0,0.171239,0.2693242,2030-04-18 19:00:00,5351.637814485655,2588
2588,0.0,0.16866599999999998,0.2567258,2030-04-18 20:00:00,5018.416258692725,2589
2589,0.0,0.1651814,0.2440662,2030-04-18 21:00:00,4576.476688348962,2590
2590,0.0,0.1629046,0.23474120000000004,2030-04-18 22:00:00,4313.063044638011,2591
2591,0.0,0.15894780000000003,0.22128920000000002,2030-04-18 23:00:00,4074.198207001778,2592
2592,0.0,0.1543814,0.2073012,2030-04-19 00:00:00,4028.1481508606157,2593
2593,0.0,0.1513532,0.19684059999999998,2030-04-19 01:00:00,4011.699652292831,2594
2594,0.0,0.15158860000000002,0.1916772,2030-04-19 02:00:00,4049.08769739004,2595
2595,0.0,0.1460212,0.1837466,2030-04-19 03:00:00,4258.856537919923,2596
2596,0.027,0.1398654,0.17652659999999998,2030-04-19 04:00:00,4770.6414497567,2597
2597,0.152,0.1211692,0.1599744,2030-04-19 05:00:00,5653.080798893303,2598
2598,0.314,0.0828228,0.1334956,2030-04-19 06:00:00,6069.791940250415,2599
2599,0.467,0.06280379999999999,0.1187146,2030-04-19 07:00:00,6158.9582731693135,2600
2600,0.585,0.06848780000000002,0.1193852,2030-04-19 08:00:00,6019.580158736548,2601
2601,0.658,0.07484959999999999,0.12372600000000003,2030-04-19 09:00:00,5696.2813801826105,2602
2602,0.69,0.07138560000000001,0.1273262,2030-04-19 10:00:00,5378.378960597342,2603
2603,0.68,0.06655340000000001,0.128748,2030-04-19 11:00:00,5244.065191420452,2604
2604,0.629,0.06302759999999999,0.12932539999999998,2030-04-19 12:00:00,5098.189119719487,2605
2605,0.537,0.0601016,0.12856700000000001,2030-04-19 13:00:00,4945.361423210747,2606
2606,0.414,0.05729000000000001,0.126376,2030-04-19 14:00:00,4924.546123697188,2607
2607,0.283,0.05473360000000001,0.12179639999999999,2030-04-19 15:00:00,5105.325052855781,2608
2608,0.155,0.0518038,0.11497300000000002,2030-04-19 16:00:00,5070.860466744432,2609
2609,0.051,0.052612400000000004,0.1128026,2030-04-19 17:00:00,5027.58007925573,2610
2610,0.001,0.0570334,0.11663140000000001,2030-04-19 18:00:00,5162.01116213344,2611
2611,0.0,0.0552338,0.1148216,2030-04-19 19:00:00,5306.503299292401,2612
2612,0.0,0.047913199999999996,0.1049552,2030-04-19 20:00:00,4986.836731433323,2613
2613,0.0,0.0403428,0.09369659999999999,2030-04-19 21:00:00,4570.439440777649,2614
2614,0.0,0.0348788,0.085501,2030-04-19 22:00:00,4308.1017358809095,2615
2615,0.0,0.030640800000000003,0.0776092,2030-04-19 23:00:00,4059.832675149905,2616
2616,0.0,0.027323999999999998,0.06948639999999999,2030-04-20 00:00:00,4016.106285599407,2617
2617,0.0,0.024808,0.060681,2030-04-20 01:00:00,4002.755633087442,2618
2618,0.0,0.0225722,0.0520076,2030-04-20 02:00:00,4063.236235797059,2619
2619,0.0,0.0182294,0.042186999999999995,2030-04-20 03:00:00,4280.855288538426,2620
2620,0.029,0.0142758,0.0356188,2030-04-20 04:00:00,4790.426959342026,2621
2621,0.151,0.012102400000000001,0.0322994,2030-04-20 05:00:00,5666.604774992375,2622
2622,0.308,0.008398800000000001,0.027339999999999996,2030-04-20 06:00:00,6030.763941760553,2623
2623,0.458,0.0045072,0.021884,2030-04-20 07:00:00,6058.718953631716,2624
2624,0.576,0.004413800000000001,0.0201638,2030-04-20 08:00:00,5897.827894677976,2625
2625,0.648,0.0053066,0.019350000000000003,2030-04-20 09:00:00,5558.096909279592,2626
2626,0.677,0.0052916,0.0182468,2030-04-20 10:00:00,5211.68864064413,2627
2627,0.668,0.006105400000000001,0.020101,2030-04-20 11:00:00,4988.340646110126,2628
2628,0.62,0.0075408,0.023747800000000003,2030-04-20 12:00:00,4751.799252158768,2629
2629,0.536,0.009311799999999999,0.027990599999999997,2030-04-20 13:00:00,4576.336362134843,2630
2630,0.418,0.0122934,0.033516599999999994,2030-04-20 14:00:00,4592.106753853302,2631
2631,0.289,0.0171502,0.040690800000000006,2030-04-20 15:00:00,4802.592644843665,2632
2632,0.16,0.0230542,0.048220000000000006,2030-04-20 16:00:00,4798.310379779941,2633
2633,0.055,0.030393400000000004,0.0569144,2030-04-20 17:00:00,4747.854868781475,2634
2634,0.001,0.0385172,0.0665742,2030-04-20 18:00:00,4828.047456445156,2635
2635,0.0,0.0428342,0.0752384,2030-04-20 19:00:00,4965.988776601051,2636
2636,0.0,0.0436368,0.0818924,2030-04-20 20:00:00,4693.668179736824,2637
2637,0.0,0.0408516,0.0841084,2030-04-20 21:00:00,4363.867107853564,2638
2638,0.0,0.036802800000000004,0.0824094,2030-04-20 22:00:00,4150.902551325433,2639
2639,0.0,0.035226,0.08053080000000001,2030-04-20 23:00:00,3904.318222236136,2640
2640,0.0,0.035974400000000004,0.07999339999999999,2030-04-21 00:00:00,3842.66318240658,2641
2641,0.0,0.0379626,0.0809874,2030-04-21 01:00:00,3806.370074351124,2642
2642,0.0,0.040328600000000006,0.082835,2030-04-21 02:00:00,3804.74023528644,2643
2643,0.0,0.043158999999999996,0.0856768,2030-04-21 03:00:00,3876.763274204479,2644
2644,0.036,0.046225,0.089896,2030-04-21 04:00:00,4073.4278684757883,2645
2645,0.167,0.0466766,0.0902312,2030-04-21 05:00:00,4517.778157759019,2646
2646,0.326,0.037842400000000005,0.08207539999999999,2030-04-21 06:00:00,4701.337853696748,2647
2647,0.477,0.026846199999999997,0.0704318,2030-04-21 07:00:00,4865.03922096889,2648
2648,0.592,0.0269376,0.0644398,2030-04-21 08:00:00,4849.430358828866,2649
2649,0.664,0.0291748,0.0626782,2030-04-21 09:00:00,4588.075980316336,2650
2650,0.696,0.0269126,0.060914399999999994,2030-04-21 10:00:00,4326.506879226808,2651
2651,0.686,0.023825199999999998,0.057422400000000005,2030-04-21 11:00:00,4190.831382850554,2652
2652,0.634,0.0204602,0.053314799999999996,2030-04-21 12:00:00,4043.1990340441616,2653
2653,0.542,0.0177344,0.049106000000000004,2030-04-21 13:00:00,3968.954012228003,2654
2654,0.419,0.0157692,0.0455318,2030-04-21 14:00:00,4049.625705428402,2655
2655,0.289,0.015809200000000002,0.042208800000000005,2030-04-21 15:00:00,4295.751254203347,2656
2656,0.16,0.0164756,0.038168,2030-04-21 16:00:00,4342.841872931316,2657
2657,0.056,0.0167758,0.037080800000000004,2030-04-21 17:00:00,4334.878532408738,2658
2658,0.002,0.016689000000000002,0.0410188,2030-04-21 18:00:00,4455.36513036392,2659
2659,0.0,0.017476,0.0539624,2030-04-21 19:00:00,4638.367043321397,2660
2660,0.0,0.0231026,0.0778426,2030-04-21 20:00:00,4393.363715948097,2661
2661,0.0,0.037070399999999996,0.0987438,2030-04-21 21:00:00,4110.952086955684,2662
2662,0.0,0.059470800000000004,0.1141754,2030-04-21 22:00:00,3969.951663882949,2663
2663,0.0,0.0839712,0.12961999999999999,2030-04-21 23:00:00,3755.457001248741,2664
2664,0.0,0.1034572,0.143936,2030-04-22 00:00:00,3730.832489066932,2665
2665,0.0,0.1144048,0.15813,2030-04-22 01:00:00,3664.1247410064934,2666
2666,0.0,0.11783899999999999,0.169427,2030-04-22 02:00:00,3620.5465167440525,2667
2667,0.0,0.12100619999999998,0.179973,2030-04-22 03:00:00,3665.0152721696095,2668
2668,0.034,0.12845659999999998,0.1930326,2030-04-22 04:00:00,3816.378474136455,2669
2669,0.162,0.1311806,0.2079566,2030-04-22 05:00:00,4206.556899344916,2670
2670,0.32,0.11221320000000001,0.20809040000000004,2030-04-22 06:00:00,4465.89368663829,2671
2671,0.469,0.12009020000000001,0.23022179999999998,2030-04-22 07:00:00,4716.129111366184,2672
2672,0.584,0.1808748,0.2799328,2030-04-22 08:00:00,4738.613813960395,2673
2673,0.656,0.2342368,0.3318642,2030-04-22 09:00:00,4530.561558988302,2674
2674,0.688,0.2826212,0.3814884,2030-04-22 10:00:00,4329.548927785637,2675
2675,0.679,0.3300666,0.4275626,2030-04-22 11:00:00,4236.362248271905,2676
2676,0.631,0.3717902,0.46626979999999996,2030-04-22 12:00:00,4128.068184905965,2677
2677,0.543,0.4062888,0.49596080000000003,2030-04-22 13:00:00,4091.908676583478,2678
2678,0.423,0.43721540000000003,0.5234522,2030-04-22 14:00:00,4203.51330622506,2679
2679,0.293,0.46536479999999997,0.556068,2030-04-22 15:00:00,4531.599305420977,2680
2680,0.164,0.45741239999999994,0.5804346,2030-04-22 16:00:00,4610.373715274143,2681
2681,0.059,0.4446260000000001,0.599057,2030-04-22 17:00:00,4637.648673285422,2682
2682,0.002,0.464065,0.6208626,2030-04-22 18:00:00,4776.239645258413,2683
2683,0.0,0.47277840000000004,0.6228520000000001,2030-04-22 19:00:00,4934.868315240748,2684
2684,0.0,0.4669306,0.6124258,2030-04-22 20:00:00,4647.12871608187,2685
2685,0.0,0.4571762,0.6134428,2030-04-22 21:00:00,4266.344661865689,2686
2686,0.0,0.4518888,0.6119808,2030-04-22 22:00:00,4099.081270545887,2687
2687,0.0,0.4506054,0.599284,2030-04-22 23:00:00,3854.748784066589,2688
2688,0.0,0.4360766,0.5825174000000001,2030-04-23 00:00:00,3708.693679423624,2689
2689,0.0,0.43328740000000004,0.5727452000000001,2030-04-23 01:00:00,3649.300176687672,2690
2690,0.0,0.4399972,0.5678598000000001,2030-04-23 02:00:00,3656.440586840028,2691
2691,0.0,0.4381178,0.5689098,2030-04-23 03:00:00,3827.4806885894377,2692
2692,0.028,0.43471659999999995,0.5732860000000001,2030-04-23 04:00:00,4361.11141857424,2693
2693,0.147,0.4348434,0.585202,2030-04-23 05:00:00,5239.560425503183,2694
2694,0.312,0.4396122,0.6141827999999999,2030-04-23 06:00:00,5782.956399828576,2695
2695,0.465,0.5506058,0.6653093999999999,2030-04-23 07:00:00,5973.767039474185,2696
2696,0.587,0.6612758,0.7162998,2030-04-23 08:00:00,5941.902799992113,2697
2697,0.666,0.7279248,0.7508762000000001,2030-04-23 09:00:00,5682.279978964968,2698
2698,0.701,0.7674628,0.7893845999999999,2030-04-23 10:00:00,5443.1296378868265,2699
2699,0.692,0.7954542,0.8199228000000002,2030-04-23 11:00:00,5381.179826154776,2700
2700,0.64,0.8178050000000001,0.8383968000000002,2030-04-23 12:00:00,5262.386721325514,2701
2701,0.547,0.8245218,0.8500969999999999,2030-04-23 13:00:00,5120.491309192317,2702
2702,0.422,0.8093551999999999,0.8582180000000001,2030-04-23 14:00:00,5105.206574191115,2703
2703,0.289,0.7900942000000001,0.8633694000000001,2030-04-23 15:00:00,5319.834299035632,2704
2704,0.16,0.7551292,0.8568787999999999,2030-04-23 16:00:00,5240.731501142629,2705
2705,0.056,0.7380190000000001,0.8570732,2030-04-23 17:00:00,5187.01747633381,2706
2706,0.002,0.7251684,0.857197,2030-04-23 18:00:00,5243.786303134905,2707
2707,0.0,0.7135716,0.8484134000000001,2030-04-23 19:00:00,5285.895824594648,2708
2708,0.0,0.6858745999999999,0.8358378,2030-04-23 20:00:00,4900.909440051768,2709
2709,0.0,0.6478607999999999,0.8018576,2030-04-23 21:00:00,4428.763353903811,2710
2710,0.0,0.6155398,0.7692002,2030-04-23 22:00:00,4194.208905969132,2711
2711,0.0,0.6032272,0.7574662,2030-04-23 23:00:00,3928.3695443311635,2712
2712,0.0,0.5792102,0.7347292000000001,2030-04-24 00:00:00,3863.461032918102,2713
2713,0.0,0.5684505999999999,0.7226842,2030-04-24 01:00:00,3820.1887173167524,2714
2714,0.0,0.5513783999999999,0.7223624,2030-04-24 02:00:00,3829.587405359813,2715
2715,0.0,0.5416984,0.7111708,2030-04-24 03:00:00,3989.081358261761,2716
2716,0.007,0.5649458,0.6986318,2030-04-24 04:00:00,4496.735272371121,2717
2717,0.051,0.5563414,0.6994158,2030-04-24 05:00:00,5435.530596787396,2718
2718,0.123,0.5303888000000001,0.6930372,2030-04-24 06:00:00,5922.594954853559,2719
2719,0.219,0.5551115999999999,0.6972206,2030-04-24 07:00:00,6090.8197346913785,2720
2720,0.306,0.5817878000000001,0.7038702,2030-04-24 08:00:00,6039.001809525647,2721
2721,0.346,0.582391,0.6943572,2030-04-24 09:00:00,5766.557644042045,2722
2722,0.342,0.5779114,0.6967152000000001,2030-04-24 10:00:00,5491.517946797605,2723
2723,0.336,0.5640482,0.6809904,2030-04-24 11:00:00,5395.543928929998,2724
2724,0.329,0.5426298,0.6640334,2030-04-24 12:00:00,5273.218968828922,2725
2725,0.297,0.5049264,0.6347128000000001,2030-04-24 13:00:00,5104.659259935874,2726
2726,0.247,0.46311279999999994,0.6087052,2030-04-24 14:00:00,5069.204940410205,2727
2727,0.185,0.4357806,0.6038941999999999,2030-04-24 15:00:00,5254.250222563041,2728
2728,0.112,0.41586239999999997,0.611531,2030-04-24 16:00:00,5166.326276502971,2729
2729,0.044,0.4404752,0.6354376,2030-04-24 17:00:00,5065.075004538315,2730
2730,0.001,0.4617466,0.6527046000000001,2030-04-24 18:00:00,5123.837716739159,2731
2731,0.0,0.463729,0.658924,2030-04-24 19:00:00,5184.787146674896,2732
2732,0.0,0.4524698,0.6473382,2030-04-24 20:00:00,4805.578867420823,2733
2733,0.0,0.4336086,0.6468195999999999,2030-04-24 21:00:00,4348.326806576299,2734
2734,0.0,0.42538980000000004,0.6302632,2030-04-24 22:00:00,4082.6481425918873,2735
2735,0.0,0.3994942,0.6028096000000001,2030-04-24 23:00:00,3817.9252968930914,2736
2736,0.0,0.37270480000000006,0.5656281999999999,2030-04-25 00:00:00,3704.7437793001927,2737
2737,0.0,0.3419132,0.5126292,2030-04-25 01:00:00,3662.939330752568,2738
2738,0.0,0.30986400000000003,0.4678248,2030-04-25 02:00:00,3664.0405604673733,2739
2739,0.0,0.2818904,0.4338290000000001,2030-04-25 03:00:00,3794.213466425937,2740
2740,0.02,0.24630480000000002,0.3937334,2030-04-25 04:00:00,4284.957069911069,2741
2741,0.099,0.1997004,0.34727579999999997,2030-04-25 05:00:00,5133.146151278481,2742
2742,0.19,0.156695,0.2959042,2030-04-25 06:00:00,5667.0361511736955,2743
2743,0.317,0.1294446,0.25307620000000003,2030-04-25 07:00:00,5865.092396843838,2744
2744,0.495,0.1066726,0.22644820000000002,2030-04-25 08:00:00,5801.890216812771,2745
2745,0.592,0.10011079999999999,0.18738359999999998,2030-04-25 09:00:00,5531.675902755265,2746
2746,0.628,0.09796160000000001,0.160182,2030-04-25 10:00:00,5258.914023722675,2747
2747,0.612,0.08746280000000001,0.1423552,2030-04-25 11:00:00,5158.72719683215,2748
2748,0.572,0.06824300000000001,0.1211354,2030-04-25 12:00:00,5028.340275567595,2749
2749,0.49,0.049184399999999996,0.1063286,2030-04-25 13:00:00,4839.541024704338,2750
2750,0.389,0.039650399999999995,0.09927720000000001,2030-04-25 14:00:00,4791.72099150438,2751
2751,0.274,0.0402914,0.0972354,2030-04-25 15:00:00,4985.514537939667,2752
2752,0.158,0.043069800000000005,0.10605959999999999,2030-04-25 16:00:00,4934.215805302195,2753
2753,0.06,0.06225460000000001,0.13751359999999999,2030-04-25 17:00:00,4846.856740813289,2754
2754,0.004,0.1090106,0.185184,2030-04-25 18:00:00,4912.803477004551,2755
2755,0.0,0.162581,0.227709,2030-04-25 19:00:00,4998.52069554978,2756
2756,0.0,0.1955014,0.258443,2030-04-25 20:00:00,4652.866675868928,2757
2757,0.0,0.2105596,0.2777056,2030-04-25 21:00:00,4214.190830344654,2758
2758,0.0,0.21896279999999999,0.27989299999999995,2030-04-25 22:00:00,3936.097654025998,2759
2759,0.0,0.23507499999999998,0.294003,2030-04-25 23:00:00,3692.5597271946463,2760
2760,0.0,0.2723602,0.333348,2030-04-26 00:00:00,3639.777604205392,2761
2761,0.0,0.29842060000000004,0.3299312,2030-04-26 01:00:00,3595.437381931984,2762
2762,0.0,0.2962084,0.293184,2030-04-26 02:00:00,3596.2390827151,2763
2763,0.0,0.2786868,0.2669276,2030-04-26 03:00:00,3752.1833462455443,2764
2764,0.007,0.2514472,0.2606866,2030-04-26 04:00:00,4266.557868578833,2765
2765,0.038,0.24395960000000003,0.25177379999999994,2030-04-26 05:00:00,5168.057851494708,2766
2766,0.082,0.2321174,0.24284999999999995,2030-04-26 06:00:00,5705.620693415251,2767
2767,0.142,0.20980860000000004,0.2373834,2030-04-26 07:00:00,5881.604117430727,2768
2768,0.201,0.1921044,0.2333148,2030-04-26 08:00:00,5774.032979426228,2769
2769,0.255,0.1833164,0.21715900000000002,2030-04-26 09:00:00,5500.699541454155,2770
2770,0.351,0.170067,0.20317780000000002,2030-04-26 10:00:00,5268.962289793728,2771
2771,0.409,0.167465,0.19818,2030-04-26 11:00:00,5184.690326400539,2772
2772,0.407,0.164275,0.1775052,2030-04-26 12:00:00,5049.798327783294,2773
2773,0.344,0.1556866,0.14907440000000002,2030-04-26 13:00:00,4896.32996618141,2774
2774,0.257,0.1563038,0.1426306,2030-04-26 14:00:00,4877.501418320022,2775
2775,0.185,0.1575686,0.14987999999999996,2030-04-26 15:00:00,5077.498562557154,2776
2776,0.114,0.1614892,0.1640094,2030-04-26 16:00:00,5021.4400795204765,2777
2777,0.041,0.1678008,0.17783,2030-04-26 17:00:00,4932.23132777454,2778
2778,0.001,0.1792552,0.19636099999999998,2030-04-26 18:00:00,5022.3732803232815,2779
2779,0.0,0.1852972,0.2191658,2030-04-26 19:00:00,5021.301642476662,2780
2780,0.0,0.1911156,0.24099720000000002,2030-04-26 20:00:00,4638.614590828113,2781
2781,0.0,0.19727999999999998,0.24353039999999998,2030-04-26 21:00:00,4197.719316667066,2782
2782,0.0,0.20652020000000001,0.2366434,2030-04-26 22:00:00,3920.2488914727383,2783
2783,0.0,0.20535859999999997,0.223296,2030-04-26 23:00:00,3669.282372454374,2784
2784,0.0,0.1874086,0.196516,2030-04-27 00:00:00,3609.406313856851,2785
2785,0.0,0.1690884,0.18526340000000002,2030-04-27 01:00:00,3532.0325446730976,2786
2786,0.0,0.1466348,0.17878319999999998,2030-04-27 02:00:00,3493.293734402215,2787
2787,0.0,0.11266620000000001,0.1706476,2030-04-27 03:00:00,3540.6577501833663,2788
2788,0.004,0.0989288,0.1715508,2030-04-27 04:00:00,3766.8468036455324,2789
2789,0.023,0.0932268,0.1776274,2030-04-27 05:00:00,4426.297231139055,2790
2790,0.052,0.0979322,0.1887388,2030-04-27 06:00:00,4889.308318415209,2791
2791,0.1,0.102708,0.2034976,2030-04-27 07:00:00,5196.008562438115,2792
2792,0.155,0.10531000000000001,0.20746440000000002,2030-04-27 08:00:00,5265.938721441116,2793
2793,0.231,0.11012040000000001,0.20718,2030-04-27 09:00:00,4995.859271776748,2794
2794,0.309,0.11334839999999999,0.2038298,2030-04-27 10:00:00,4655.859958068586,2795
2795,0.359,0.11067,0.2007212,2030-04-27 11:00:00,4403.949927452861,2796
2796,0.364,0.10681840000000001,0.19649540000000001,2030-04-27 12:00:00,4164.356964861876,2797
2797,0.314,0.099493,0.1824616,2030-04-27 13:00:00,4035.687610620186,2798
2798,0.225,0.0811264,0.15283639999999998,2030-04-27 14:00:00,4099.237995212827,2799
2799,0.14,0.057331200000000006,0.1182176,2030-04-27 15:00:00,4353.067289937754,2800
2800,0.081,0.0409092,0.09868360000000001,2030-04-27 16:00:00,4295.18160839755,2801
2801,0.033,0.0330934,0.08700179999999999,2030-04-27 17:00:00,4224.0929505488075,2802
2802,0.001,0.0292894,0.07920340000000001,2030-04-27 18:00:00,4320.368932773384,2803
2803,0.0,0.0278662,0.0753448,2030-04-27 19:00:00,4496.655003656209,2804
2804,0.0,0.027477,0.0678384,2030-04-27 20:00:00,4267.803514385869,2805
2805,0.0,0.0236658,0.059109999999999996,2030-04-27 21:00:00,3985.097991891353,2806
2806,0.0,0.0202038,0.060099599999999996,2030-04-27 22:00:00,3796.784690471827,2807
2807,0.0,0.0223604,0.06698180000000001,2030-04-27 23:00:00,3529.659295362254,2808
2808,0.0,0.028311000000000003,0.0715642,2030-04-28 00:00:00,3612.1516771859747,2809
2809,0.0,0.035082800000000004,0.0798898,2030-04-28 01:00:00,3522.359762855424,2810
2810,0.0,0.0427662,0.0926138,2030-04-28 02:00:00,3477.7276146498525,2811
2811,0.0,0.050766200000000004,0.1022456,2030-04-28 03:00:00,3503.949851709831,2812
2812,0.002,0.05823879999999999,0.1079572,2030-04-28 04:00:00,3682.2289434759878,2813
2813,0.02,0.062311799999999994,0.1157894,2030-04-28 05:00:00,4250.720483057197,2814
2814,0.05,0.0630652,0.12418600000000002,2030-04-28 06:00:00,4665.910250950983,2815
2815,0.09,0.0694452,0.1266722,2030-04-28 07:00:00,4992.347318589312,2816
2816,0.144,0.075269,0.12974760000000002,2030-04-28 08:00:00,5038.027997340953,2817
2817,0.21,0.0761802,0.13514739999999997,2030-04-28 09:00:00,4797.340034634322,2818
2818,0.281,0.0786746,0.13568,2030-04-28 10:00:00,4546.176371784867,2819
2819,0.357,0.07695360000000001,0.13084980000000002,2030-04-28 11:00:00,4417.384651571997,2820
2820,0.394,0.07165060000000001,0.1260884,2030-04-28 12:00:00,4264.942545509368,2821
2821,0.359,0.0675656,0.12071200000000001,2030-04-28 13:00:00,4170.80278883914,2822
2822,0.275,0.0640078,0.1189448,2030-04-28 14:00:00,4252.981149865577,2823
2823,0.191,0.0671072,0.12723520000000002,2030-04-28 15:00:00,4510.899874979505,2824
2824,0.103,0.0758148,0.14058579999999998,2030-04-28 16:00:00,4482.169589463804,2825
2825,0.037,0.0821046,0.1535644,2030-04-28 17:00:00,4440.840222143933,2826
2826,0.002,0.092174,0.16470100000000001,2030-04-28 18:00:00,4528.980983202277,2827
2827,0.0,0.1034138,0.1708798,2030-04-28 19:00:00,4633.483660099839,2828
2828,0.0,0.1104404,0.17338420000000002,2030-04-28 20:00:00,4362.93453213155,2829
2829,0.0,0.1093004,0.1708752,2030-04-28 21:00:00,4047.047645252002,2830
2830,0.0,0.107131,0.1693336,2030-04-28 22:00:00,3840.317385728189,2831
2831,0.0,0.109409,0.174612,2030-04-28 23:00:00,3586.961710930701,2832
2832,0.0,0.11371840000000003,0.1870146,2030-04-29 00:00:00,3464.263722453843,2833
2833,0.0,0.1225646,0.20058579999999998,2030-04-29 01:00:00,3374.6125819266063,2834
2834,0.0,0.1309954,0.21141319999999997,2030-04-29 02:00:00,3329.068296453589,2835
2835,0.0,0.1339652,0.215304,2030-04-29 03:00:00,3357.949402465798,2836
2836,0.017,0.13358620000000002,0.215683,2030-04-29 04:00:00,3508.677666466136,2837
2837,0.09,0.1260964,0.21033300000000002,2030-04-29 05:00:00,3997.619653976403,2838
2838,0.208,0.1259084,0.21123599999999998,2030-04-29 06:00:00,4387.819784272322,2839
2839,0.36,0.133694,0.2193084,2030-04-29 07:00:00,4701.187868493186,2840
2840,0.503,0.14887100000000003,0.23014739999999997,2030-04-29 08:00:00,4730.486262700466,2841
2841,0.61,0.15153099999999997,0.2303216,2030-04-29 09:00:00,4508.887166074019,2842
2842,0.669,0.1484722,0.22290040000000003,2030-04-29 10:00:00,4266.517104074423,2843
2843,0.673,0.14510040000000002,0.21209099999999997,2030-04-29 11:00:00,4146.702470201209,2844
2844,0.629,0.13867900000000002,0.1975744,2030-04-29 12:00:00,4015.190344794705,2845
2845,0.543,0.12982100000000002,0.1820804,2030-04-29 13:00:00,3939.486103378772,2846
2846,0.424,0.1209046,0.1710452,2030-04-29 14:00:00,4027.663631581475,2847
2847,0.298,0.10929599999999999,0.16420019999999996,2030-04-29 15:00:00,4314.109495456056,2848
2848,0.174,0.0926508,0.158677,2030-04-29 16:00:00,4349.036402076201,2849
2849,0.071,0.081735,0.1598648,2030-04-29 17:00:00,4354.106114430077,2850
2850,0.009,0.08407279999999999,0.1713916,2030-04-29 18:00:00,4450.745399902853,2851
2851,0.0,0.084398,0.17605880000000002,2030-04-29 19:00:00,4600.140166519743,2852
2852,0.0,0.0841916,0.1725504,2030-04-29 20:00:00,4390.816510653132,2853
2853,0.0,0.0877058,0.1663408,2030-04-29 21:00:00,4091.10127461083,2854
2854,0.0,0.091575,0.1566224,2030-04-29 22:00:00,3891.9097961985044,2855
2855,0.0,0.0943862,0.1478984,2030-04-29 23:00:00,3672.38569501275,2856
2856,0.0,0.0993898,0.1425302,2030-04-30 00:00:00,3638.521528345588,2857
2857,0.0,0.10656400000000002,0.1434888,2030-04-30 01:00:00,3612.148270163316,2858
2858,0.0,0.110985,0.1462804,2030-04-30 02:00:00,3643.029001769558,2859
2859,0.0,0.109114,0.14586480000000002,2030-04-30 03:00:00,3802.41596681842,2860
2860,0.027,0.10518659999999999,0.14459519999999998,2030-04-30 04:00:00,4261.992935465174,2861
2861,0.117,0.087564,0.1374722,2030-04-30 05:00:00,5176.582341326614,2862
2862,0.244,0.0672088,0.1290562,2030-04-30 06:00:00,5672.644666415596,2863
2863,0.351,0.06678880000000001,0.12906800000000002,2030-04-30 07:00:00,5857.559434683613,2864
2864,0.422,0.0890922,0.1380038,2030-04-30 08:00:00,5775.5237539841855,2865
2865,0.451,0.1039922,0.1472432,2030-04-30 09:00:00,5508.827811750054,2866
2866,0.517,0.11655339999999999,0.15671819999999997,2030-04-30 10:00:00,5247.748030076502,2867
2867,0.534,0.1309384,0.172526,2030-04-30 11:00:00,5162.329270498353,2868
2868,0.502,0.148353,0.190769,2030-04-30 12:00:00,5022.397472396814,2869
2869,0.43,0.1619538,0.20381680000000002,2030-04-30 13:00:00,4863.89502386559,2870
2870,0.334,0.1670442,0.21221759999999995,2030-04-30 14:00:00,4848.9691576829555,2871
2871,0.229,0.16657260000000002,0.21946879999999996,2030-04-30 15:00:00,5076.769557834432,2872
2872,0.131,0.160481,0.23055000000000003,2030-04-30 16:00:00,5014.551911226277,2873
2873,0.053,0.1654686,0.2511848,2030-04-30 17:00:00,4925.75677431426,2874
2874,0.006,0.1827436,0.2794164,2030-04-30 18:00:00,4993.873643634413,2875
2875,0.0,0.2038568,0.3025366,2030-04-30 19:00:00,5034.068190120941,2876
2876,0.0,0.2110024,0.3141878,2030-04-30 20:00:00,4722.694899293551,2877
2877,0.0,0.21296620000000002,0.31920139999999997,2030-04-30 21:00:00,4289.705411594816,2878
2878,0.0,0.21563720000000003,0.3280524,2030-04-30 22:00:00,4019.595812358829,2879
2879,0.0,0.2257492,0.3342948,2030-04-30 23:00:00,3768.298319604598,2880
2880,0.0,0.23194100000000004,0.3399162,2030-05-01 00:00:00,3669.357853515167,2881
2881,0.0,0.25164660000000005,0.3524348,2030-05-01 01:00:00,3617.204312116408,2882
2882,0.0,0.2831866,0.3743158,2030-05-01 02:00:00,3636.4256856078146,2883
2883,0.0,0.30318680000000003,0.38795159999999995,2030-05-01 03:00:00,3751.164721137381,2884
2884,0.01,0.331871,0.3986574,2030-05-01 04:00:00,4314.573508930065,2885
2885,0.041,0.3594884,0.4128336,2030-05-01 05:00:00,5205.49623858645,2886
2886,0.094,0.37069959999999996,0.42431599999999997,2030-05-01 06:00:00,5790.163764871631,2887
2887,0.172,0.3807828,0.43912500000000004,2030-05-01 07:00:00,6027.4755958052465,2888
2888,0.305,0.4040636,0.4627362,2030-05-01 08:00:00,5994.5545212272,2889
2889,0.464,0.4428772,0.4974634,2030-05-01 09:00:00,5735.096096334285,2890
2890,0.531,0.4888816,0.5417152,2030-05-01 10:00:00,5482.549506389778,2891
2891,0.532,0.5284040000000001,0.5817083999999999,2030-05-01 11:00:00,5368.651324107859,2892
2892,0.487,0.5607415999999998,0.614551,2030-05-01 12:00:00,5259.118562553691,2893
2893,0.396,0.5872104,0.63766,2030-05-01 13:00:00,5133.187400653553,2894
2894,0.289,0.6110561999999999,0.6605869999999999,2030-05-01 14:00:00,5144.4229394511385,2895
2895,0.202,0.6184128,0.6774796000000001,2030-05-01 15:00:00,5349.176024772278,2896
2896,0.118,0.6205065999999999,0.6921426,2030-05-01 16:00:00,5336.184604479706,2897
2897,0.047,0.6077464,0.6949388,2030-05-01 17:00:00,5251.720121806237,2898
2898,0.004,0.5975005999999999,0.690186,2030-05-01 18:00:00,5291.526458917769,2899
2899,0.0,0.6161502000000001,0.6998238,2030-05-01 19:00:00,5346.30889423272,2900
2900,0.0,0.6306318,0.7143776,2030-05-01 20:00:00,5003.247556674945,2901
2901,0.0,0.6539436,0.7391781999999999,2030-05-01 21:00:00,4577.511764357633,2902
2902,0.0,0.672063,0.759389,2030-05-01 22:00:00,4244.49618576575,2903
2903,0.0,0.6809674,0.7764168,2030-05-01 23:00:00,4018.121208321595,2904
2904,0.0,0.6966446,0.7962999999999999,2030-05-02 00:00:00,4001.372034597916,2905
2905,0.0,0.7132172,0.8094094000000001,2030-05-02 01:00:00,3959.551999972413,2906
2906,0.0,0.7305286000000001,0.8258683999999998,2030-05-02 02:00:00,3967.680789286588,2907
2907,0.0,0.7336446000000001,0.8284559999999999,2030-05-02 03:00:00,4077.7302702834686,2908
2908,0.034,0.7299056,0.8223518000000001,2030-05-02 04:00:00,4625.021062428374,2909
2909,0.136,0.7365760000000001,0.821959,2030-05-02 05:00:00,5494.6922121571815,2910
2910,0.272,0.7536495999999999,0.8162482000000001,2030-05-02 06:00:00,6058.153485468668,2911
2911,0.376,0.7490918,0.8012504000000001,2030-05-02 07:00:00,6280.822524918749,2912
2912,0.453,0.7323546,0.7876984,2030-05-02 08:00:00,6240.434480346888,2913
2913,0.514,0.7177152,0.7823414,2030-05-02 09:00:00,5968.704293264682,2914
2914,0.54,0.7143539999999999,0.7838922,2030-05-02 10:00:00,5728.077977516459,2915
2915,0.557,0.715916,0.7866806000000001,2030-05-02 11:00:00,5596.836746233689,2916
2916,0.531,0.7164544000000002,0.7882770000000001,2030-05-02 12:00:00,5441.568308333643,2917
2917,0.477,0.7121384,0.7862473999999999,2030-05-02 13:00:00,5283.009483532178,2918
2918,0.389,0.7013128,0.7811292000000001,2030-05-02 14:00:00,5248.066935891102,2919
2919,0.28,0.6815260000000001,0.7712612000000001,2030-05-02 15:00:00,5413.173456984431,2920
2920,0.169,0.6454488,0.7518606,2030-05-02 16:00:00,5379.869892420937,2921
2921,0.075,0.593147,0.7266248,2030-05-02 17:00:00,5297.689887606282,2922
2922,0.012,0.5392904,0.6997030000000002,2030-05-02 18:00:00,5296.694037161778,2923
2923,0.0,0.48664320000000005,0.6650688,2030-05-02 19:00:00,5378.938528560523,2924
2924,0.0,0.4476124,0.6361988,2030-05-02 20:00:00,5091.506099775615,2925
2925,0.0,0.4311406,0.6226985999999999,2030-05-02 21:00:00,4648.91915111134,2926
2926,0.0,0.41973600000000005,0.6101582000000001,2030-05-02 22:00:00,4380.463610598037,2927
2927,0.0,0.3980214,0.586418,2030-05-02 23:00:00,4064.918652921482,2928
2928,0.0,0.3740308,0.5606054,2030-05-03 00:00:00,4087.517776884506,2929
2929,0.0,0.3514808,0.5350068,2030-05-03 01:00:00,4034.521084361319,2930
2930,0.0,0.33744399999999997,0.5082093999999999,2030-05-03 02:00:00,4032.199950562409,2931
2931,0.0,0.31914980000000004,0.4756094,2030-05-03 03:00:00,4135.551144193136,2932
2932,0.055,0.289765,0.4372566,2030-05-03 04:00:00,4617.458256215238,2933
2933,0.177,0.27118640000000005,0.410515,2030-05-03 05:00:00,5485.641842380139,2934
2934,0.303,0.31706880000000004,0.4100378,2030-05-03 06:00:00,5987.137638613674,2935
2935,0.401,0.3480234,0.432545,2030-05-03 07:00:00,6233.171310352926,2936
2936,0.446,0.3894736,0.47081039999999996,2030-05-03 08:00:00,6192.05930304643,2937
2937,0.447,0.4314464,0.5149764,2030-05-03 09:00:00,5950.908256367766,2938
2938,0.412,0.4642194,0.5523394,2030-05-03 10:00:00,5695.959921739189,2939
2939,0.355,0.49146699999999993,0.575577,2030-05-03 11:00:00,5571.604318756477,2940
2940,0.313,0.5169266,0.5887832,2030-05-03 12:00:00,5481.831793562413,2941
2941,0.278,0.5384428,0.5980804,2030-05-03 13:00:00,5332.529518870014,2942
2942,0.216,0.5488497999999999,0.6065524000000001,2030-05-03 14:00:00,5340.2131063487395,2943
2943,0.174,0.5454226,0.6087070000000001,2030-05-03 15:00:00,5541.144961256862,2944
2944,0.107,0.5162838,0.6042944,2030-05-03 16:00:00,5546.322165531183,2945
2945,0.049,0.45694819999999997,0.5954154,2030-05-03 17:00:00,5495.78512162359,2946
2946,0.006,0.4033016,0.5841588000000001,2030-05-03 18:00:00,5555.528499141441,2947
2947,0.0,0.37218319999999994,0.5698162,2030-05-03 19:00:00,5636.345098038968,2948
2948,0.0,0.3600142,0.5616538,2030-05-03 20:00:00,5345.35449773748,2949
2949,0.0,0.3646076,0.5582018,2030-05-03 21:00:00,4889.280946977048,2950
2950,0.0,0.3765346,0.546497,2030-05-03 22:00:00,4579.094389970001,2951
2951,0.0,0.3799199999999999,0.5194008,2030-05-03 23:00:00,4281.733550879013,2952
2952,0.0,0.37935299999999994,0.4981707999999999,2030-05-04 00:00:00,4204.496834829564,2953
2953,0.0,0.376089,0.4823391999999999,2030-05-04 01:00:00,4136.311026700585,2954
2954,0.0,0.3825538,0.47628760000000003,2030-05-04 02:00:00,4117.520566005097,2955
2955,0.0,0.3755286,0.4741218,2030-05-04 03:00:00,4205.9834652373465,2956
2956,0.02,0.356224,0.46377300000000005,2030-05-04 04:00:00,4684.496642698211,2957
2957,0.086,0.3423036,0.4449742,2030-05-04 05:00:00,5606.591291593028,2958
2958,0.2,0.3465792,0.41464280000000003,2030-05-04 06:00:00,6155.891454692962,2959
2959,0.308,0.331925,0.37845320000000005,2030-05-04 07:00:00,6363.871842024116,2960
2960,0.389,0.3019552,0.3490604,2030-05-04 08:00:00,6259.71798842793,2961
2961,0.42,0.273999,0.33233539999999995,2030-05-04 09:00:00,5945.771929021822,2962
2962,0.447,0.2577252,0.32856319999999994,2030-05-04 10:00:00,5616.113306219796,2963
2963,0.441,0.2520434,0.33461480000000005,2030-05-04 11:00:00,5368.559392893697,2964
2964,0.427,0.2460502,0.34681739999999994,2030-05-04 12:00:00,5149.185321718297,2965
2965,0.394,0.23216920000000002,0.3565978,2030-05-04 13:00:00,4972.871064682304,2966
2966,0.336,0.2119186,0.3544714,2030-05-04 14:00:00,4981.889585013412,2967
2967,0.251,0.1901776,0.34290239999999994,2030-05-04 15:00:00,5168.763575891248,2968
2968,0.162,0.1655002,0.325502,2030-05-04 16:00:00,5140.398880342254,2969
2969,0.077,0.130238,0.30261079999999996,2030-05-04 17:00:00,5064.759289911977,2970
2970,0.014,0.11085700000000001,0.2882092,2030-05-04 18:00:00,5048.563819646279,2971
2971,0.0,0.10344339999999999,0.27884380000000003,2030-05-04 19:00:00,5179.802407868342,2972
2972,0.0,0.09558999999999998,0.26980459999999995,2030-05-04 20:00:00,5025.731827678999,2973
2973,0.0,0.0898386,0.2653794,2030-05-04 21:00:00,4680.851925254722,2974
2974,0.0,0.0868058,0.26388979999999995,2030-05-04 22:00:00,4438.079140884509,2975
2975,0.0,0.0845376,0.2604322,2030-05-04 23:00:00,4148.1170066788345,2976
2976,0.0,0.0845564,0.25871479999999997,2030-05-05 00:00:00,3983.080783519651,2977
2977,0.0,0.089324,0.2625426,2030-05-05 01:00:00,3890.525032526391,2978
2978,0.0,0.1004138,0.27269479999999996,2030-05-05 02:00:00,3847.716945576599,2979
2979,0.0,0.11739360000000001,0.2865352,2030-05-05 03:00:00,3815.2648441804704,2980
2980,0.052,0.137951,0.3000406,2030-05-05 04:00:00,3924.48594068668,2981
2981,0.154,0.1438046,0.3047904,2030-05-05 05:00:00,4397.717200342814,2982
2982,0.323,0.1701006,0.3073576,2030-05-05 06:00:00,4711.523280359089,2983
2983,0.466,0.19901439999999998,0.3079406,2030-05-05 07:00:00,5002.709223735956,2984
2984,0.564,0.21983419999999998,0.31090039999999997,2030-05-05 08:00:00,4997.0608784595715,2985
2985,0.618,0.23874599999999999,0.32228260000000003,2030-05-05 09:00:00,4740.836231724307,2986
2986,0.636,0.2568054,0.3444958,2030-05-05 10:00:00,4518.338428249992,2987
2987,0.629,0.2747426,0.3707792,2030-05-05 11:00:00,4386.919199926684,2988
2988,0.579,0.29735459999999997,0.40012679999999995,2030-05-05 12:00:00,4288.7276478371605,2989
2989,0.485,0.32501260000000004,0.42919680000000004,2030-05-05 13:00:00,4257.6944512840055,2990
2990,0.37,0.35353540000000006,0.45419919999999997,2030-05-05 14:00:00,4370.973744743136,2991
2991,0.259,0.37741179999999996,0.4727614,2030-05-05 15:00:00,4626.122080771656,2992
2992,0.156,0.39087940000000004,0.4836876,2030-05-05 16:00:00,4647.520246441549,2993
2993,0.067,0.37673860000000003,0.487924,2030-05-05 17:00:00,4644.803487335705,2994
2994,0.01,0.3548214,0.4902904,2030-05-05 18:00:00,4669.0997569872725,2995
2995,0.0,0.3427032,0.4966229999999999,2030-05-05 19:00:00,4809.919117727401,2996
2996,0.0,0.3423734,0.5082146,2030-05-05 20:00:00,4627.501123613549,2997
2997,0.0,0.34561200000000003,0.5184596,2030-05-05 21:00:00,4323.70445220998,2998
2998,0.0,0.34043560000000006,0.5201008,2030-05-05 22:00:00,4124.3584566011505,2999
2999,0.0,0.335401,0.515629,2030-05-05 23:00:00,3870.487749439132,3000
3000,0.0,0.34030440000000006,0.5090944000000001,2030-05-06 00:00:00,3806.192291854866,3001
3001,0.0,0.34230700000000003,0.5069214,2030-05-06 01:00:00,3727.840461079385,3002
3002,0.0,0.34829319999999997,0.5051436,2030-05-06 02:00:00,3676.7505179043183,3003
3003,0.0,0.3465738,0.5004256,2030-05-06 03:00:00,3627.391937387823,3004
3004,0.033,0.3372648,0.49440080000000003,2030-05-06 04:00:00,3736.1575414872277,3005
3005,0.121,0.34052279999999996,0.49981220000000004,2030-05-06 05:00:00,4248.0295786282795,3006
3006,0.22,0.380222,0.5094536,2030-05-06 06:00:00,4603.302088098287,3007
3007,0.316,0.4183714,0.5198266,2030-05-06 07:00:00,4957.548444130161,3008
3008,0.396,0.44338239999999995,0.5344088,2030-05-06 08:00:00,5017.558486461863,3009
3009,0.44,0.46284859999999994,0.5552014,2030-05-06 09:00:00,4822.121238893764,3010
3010,0.453,0.4806904,0.5746328,2030-05-06 10:00:00,4660.238339928915,3011
3011,0.443,0.4940174,0.5861014,2030-05-06 11:00:00,4565.538751119473,3012
3012,0.393,0.5046978,0.5899833999999999,2030-05-06 12:00:00,4480.330893091606,3013
3013,0.338,0.5115376,0.5929044,2030-05-06 13:00:00,4416.540654559962,3014
3014,0.285,0.5103168000000001,0.5963248,2030-05-06 14:00:00,4495.330277164009,3015
3015,0.222,0.4971666,0.5965504000000001,2030-05-06 15:00:00,4758.887552391439,3016
3016,0.149,0.47307299999999997,0.585557,2030-05-06 16:00:00,4866.429858607579,3017
3017,0.075,0.4396872,0.5730798,2030-05-06 17:00:00,4874.134336429726,3018
3018,0.015,0.4183096,0.5615168,2030-05-06 18:00:00,4892.02929034533,3019
3019,0.0,0.40734919999999997,0.5455376000000001,2030-05-06 19:00:00,4989.916160431177,3020
3020,0.0,0.39036360000000003,0.523994,2030-05-06 20:00:00,4816.005354714836,3021
3021,0.0,0.3869188,0.5218068,2030-05-06 21:00:00,4455.557875164125,3022
3022,0.0,0.3925494,0.5297656,2030-05-06 22:00:00,4221.224967707728,3023
3023,0.0,0.39358119999999996,0.5359864,2030-05-06 23:00:00,3983.017843441705,3024
3024,0.0,0.4056482,0.5456408,2030-05-07 00:00:00,3957.0456582480947,3025
3025,0.0,0.41520640000000003,0.5571145999999999,2030-05-07 01:00:00,3929.598215509394,3026
3026,0.0,0.4266602,0.5699989999999999,2030-05-07 02:00:00,3939.5537750042604,3027
3027,0.0,0.42099260000000005,0.5600202,2030-05-07 03:00:00,4035.6469924879957,3028
3028,0.048,0.402875,0.5393366,2030-05-07 04:00:00,4490.4625918852935,3029
3029,0.152,0.39785419999999994,0.520629,2030-05-07 05:00:00,5448.315472914521,3030
3030,0.269,0.42779639999999997,0.5006473999999999,2030-05-07 06:00:00,5999.583389780205,3031
3031,0.395,0.4162858,0.4751334,2030-05-07 07:00:00,6263.316665181787,3032
3032,0.45,0.3987696,0.4517876,2030-05-07 08:00:00,6194.990769040565,3033
3033,0.459,0.3897158,0.4362798,2030-05-07 09:00:00,5914.0593975827105,3034
3034,0.468,0.391247,0.4335684000000001,2030-05-07 10:00:00,5589.642886632065,3035
3035,0.452,0.39844179999999996,0.43832360000000004,2030-05-07 11:00:00,5480.161789406604,3036
3036,0.411,0.40187740000000005,0.43989839999999997,2030-05-07 12:00:00,5371.299261249984,3037
3037,0.356,0.39564380000000005,0.429573,2030-05-07 13:00:00,5239.155907588578,3038
3038,0.29,0.37235240000000003,0.40314079999999997,2030-05-07 14:00:00,5212.813625639692,3039
3039,0.221,0.3298162,0.362409,2030-05-07 15:00:00,5405.984458193116,3040
3040,0.148,0.2773256,0.3161358,2030-05-07 16:00:00,5384.611953111078,3041
3041,0.073,0.2214316,0.2733978,2030-05-07 17:00:00,5304.579349450394,3042
3042,0.014,0.1798486,0.2411256,2030-05-07 18:00:00,5291.57001471542,3043
3043,0.0,0.1591342,0.2135896,2030-05-07 19:00:00,5353.671780516486,3044
3044,0.0,0.1455274,0.1906072,2030-05-07 20:00:00,5149.316646538148,3045
3045,0.0,0.1324278,0.1710304,2030-05-07 21:00:00,4705.05738750157,3046
3046,0.0,0.1181454,0.1554618,2030-05-07 22:00:00,4406.978833160236,3047
3047,0.0,0.1028976,0.1413416,2030-05-07 23:00:00,4131.6386677737955,3048
3048,0.0,0.0893496,0.1297892,2030-05-08 00:00:00,4005.054355844758,3049
3049,0.0,0.07978060000000001,0.12215240000000001,2030-05-08 01:00:00,3941.470243640005,3050
3050,0.0,0.07328359999999999,0.11574860000000001,2030-05-08 02:00:00,3944.226373005079,3051
3051,0.0,0.0667498,0.10941040000000002,2030-05-08 03:00:00,4023.813104937207,3052
3052,0.036,0.060636800000000005,0.1032276,2030-05-08 04:00:00,4507.838998489079,3053
3053,0.117,0.0580484,0.10016119999999999,2030-05-08 05:00:00,5512.7887778164895,3054
3054,0.22,0.06186319999999999,0.10122120000000001,2030-05-08 06:00:00,6049.801944132575,3055
3055,0.319,0.0698526,0.11135520000000002,2030-05-08 07:00:00,6225.643324443568,3056
3056,0.386,0.07967959999999999,0.12296600000000002,2030-05-08 08:00:00,6158.32570263678,3057
3057,0.417,0.08264220000000001,0.12718420000000003,2030-05-08 09:00:00,5847.710556890118,3058
3058,0.413,0.08579220000000001,0.1270946,2030-05-08 10:00:00,5533.384280308158,3059
3059,0.359,0.0933446,0.13215739999999998,2030-05-08 11:00:00,5400.145221265191,3060
3060,0.31,0.10994580000000001,0.15070599999999998,2030-05-08 12:00:00,5260.529376275314,3061
3061,0.248,0.1408754,0.1880444,2030-05-08 13:00:00,5125.885449479192,3062
3062,0.193,0.1790506,0.2368878,2030-05-08 14:00:00,5164.518126406148,3063
3063,0.129,0.2158132,0.2984036,2030-05-08 15:00:00,5382.835839816484,3064
3064,0.073,0.2599662,0.37973479999999993,2030-05-08 16:00:00,5339.309933628847,3065
3065,0.03,0.3195934,0.47358900000000004,2030-05-08 17:00:00,5265.977887493045,3066
3066,0.004,0.3716826,0.5379064000000001,2030-05-08 18:00:00,5315.046700463359,3067
3067,0.0,0.4120374,0.5727982,2030-05-08 19:00:00,5319.471346800533,3068
3068,0.0,0.4490272,0.5922609999999999,2030-05-08 20:00:00,4934.216997896524,3069
3069,0.0,0.46153999999999995,0.5984386,2030-05-08 21:00:00,4490.266282741772,3070
3070,0.0,0.44384199999999996,0.591709,2030-05-08 22:00:00,4177.289752797786,3071
3071,0.0,0.41866180000000003,0.5784395999999999,2030-05-08 23:00:00,3899.896997371051,3072
3072,0.0,0.38614319999999996,0.5511906,2030-05-09 00:00:00,3733.951349080496,3073
3073,0.0,0.3508274,0.5152530000000001,2030-05-09 01:00:00,3662.832430767144,3074
3074,0.0,0.30999,0.4679079999999999,2030-05-09 02:00:00,3636.0821406339364,3075
3075,0.0,0.27242540000000004,0.42218520000000004,2030-05-09 03:00:00,3714.023597321776,3076
3076,0.008,0.23854760000000003,0.38667559999999995,2030-05-09 04:00:00,4291.642947447686,3077
3077,0.039,0.20873940000000002,0.35059320000000005,2030-05-09 05:00:00,5319.951735075681,3078
3078,0.09,0.18584320000000001,0.3215236,2030-05-09 06:00:00,5828.636412085224,3079
3079,0.17,0.1686412,0.2896962,2030-05-09 07:00:00,6005.824545006206,3080
3080,0.288,0.16278640000000003,0.261189,2030-05-09 08:00:00,5962.11688346112,3081
3081,0.412,0.15766,0.236977,2030-05-09 09:00:00,5658.701046197424,3082
3082,0.494,0.15110800000000002,0.2196746,2030-05-09 10:00:00,5355.240256558557,3083
3083,0.507,0.1448456,0.2080016,2030-05-09 11:00:00,5219.776855990691,3084
3084,0.447,0.1363648,0.19412919999999997,2030-05-09 12:00:00,5085.632897607578,3085
3085,0.369,0.12823140000000002,0.1859166,2030-05-09 13:00:00,4935.730276227309,3086
3086,0.291,0.118035,0.1769852,2030-05-09 14:00:00,4915.677494013141,3087
3087,0.197,0.1051728,0.17240880000000003,2030-05-09 15:00:00,5104.510603593404,3088
3088,0.138,0.0935854,0.17132,2030-05-09 16:00:00,5065.596240843837,3089
3089,0.073,0.08627860000000001,0.173566,2030-05-09 17:00:00,4955.658899817898,3090
3090,0.017,0.1024346,0.18338139999999997,2030-05-09 18:00:00,4954.303338415239,3091
3091,0.0,0.13468819999999998,0.199272,2030-05-09 19:00:00,4988.624894051704,3092
3092,0.0,0.1610642,0.2080158,2030-05-09 20:00:00,4749.118817057063,3093
3093,0.0,0.16924680000000003,0.20285100000000003,2030-05-09 21:00:00,4304.774130234128,3094
3094,0.0,0.1619292,0.1916482,2030-05-09 22:00:00,4014.2002841799413,3095
3095,0.0,0.14722280000000001,0.18046800000000002,2030-05-09 23:00:00,3744.295980002464,3096
3096,0.0,0.134329,0.1749814,2030-05-10 00:00:00,3607.250694230728,3097
3097,0.0,0.1226718,0.170532,2030-05-10 01:00:00,3517.5943718637154,3098
3098,0.0,0.1084816,0.1625122,2030-05-10 02:00:00,3466.2945098569953,3099
3099,0.0,0.09535160000000001,0.154896,2030-05-10 03:00:00,3453.4840967340406,3100
3100,0.024,0.0789694,0.14833060000000003,2030-05-10 04:00:00,3646.7105457280886,3101
3101,0.079,0.06618260000000001,0.14644620000000003,2030-05-10 05:00:00,4322.959859155948,3102
3102,0.161,0.062345,0.153606,2030-05-10 06:00:00,4765.904000479395,3103
3103,0.272,0.0681284,0.1677548,2030-05-10 07:00:00,5046.456697763152,3104
3104,0.305,0.084591,0.1917102,2030-05-10 08:00:00,5070.550167540303,3105
3105,0.326,0.11235739999999998,0.22588879999999997,2030-05-10 09:00:00,4832.897362741234,3106
3106,0.332,0.1474248,0.263298,2030-05-10 10:00:00,4606.69528411914,3107
3107,0.33,0.183663,0.2963232,2030-05-10 11:00:00,4522.732380371528,3108
3108,0.338,0.21849439999999998,0.3244442,2030-05-10 12:00:00,4411.976982438467,3109
3109,0.331,0.24968780000000002,0.34832080000000004,2030-05-10 13:00:00,4370.734431659078,3110
3110,0.291,0.27351420000000004,0.3626412,2030-05-10 14:00:00,4421.732157834858,3111
3111,0.236,0.2862228,0.36544119999999997,2030-05-10 15:00:00,4611.362217174278,3112
3112,0.167,0.28753799999999996,0.35777159999999997,2030-05-10 16:00:00,4571.428265510285,3113
3113,0.081,0.2714124,0.3385366,2030-05-10 17:00:00,4501.803009709443,3114
3114,0.021,0.2518994,0.3207334,2030-05-10 18:00:00,4584.37223193544,3115
3115,0.0,0.25555300000000003,0.3139342,2030-05-10 19:00:00,4684.577714686432,3116
3116,0.0,0.25788679999999997,0.3114034,2030-05-10 20:00:00,4559.230944292537,3117
3117,0.0,0.26345,0.3118242,2030-05-10 21:00:00,4227.488077981758,3118
3118,0.0,0.26662299999999994,0.3143668,2030-05-10 22:00:00,4005.995082656128,3119
3119,0.0,0.2594148,0.31309339999999997,2030-05-10 23:00:00,3759.5010304161033,3120
3120,0.0,0.2466412,0.31003400000000003,2030-05-11 00:00:00,3872.992354344314,3121
3121,0.0,0.231237,0.30061980000000005,2030-05-11 01:00:00,3826.4252070068414,3122
3122,0.0,0.2151596,0.281809,2030-05-11 02:00:00,3815.866542731005,3123
3123,0.005,0.1979842,0.2594264,2030-05-11 03:00:00,3889.060122568652,3124
3124,0.086,0.173277,0.23891280000000004,2030-05-11 04:00:00,4267.799390474608,3125
3125,0.218,0.1480104,0.22155239999999998,2030-05-11 05:00:00,5116.323522017582,3126
3126,0.368,0.1585944,0.2071402,2030-05-11 06:00:00,5586.717889166334,3127
3127,0.514,0.1538418,0.1954512,2030-05-11 07:00:00,5846.86165400734,3128
3128,0.626,0.1552142,0.1966078,2030-05-11 08:00:00,5807.9510278685175,3129
3129,0.697,0.1658852,0.2126348,2030-05-11 09:00:00,5489.722817010095,3130
3130,0.728,0.18676020000000002,0.23972319999999997,2030-05-11 10:00:00,5154.66567085701,3131
3131,0.718,0.21520479999999997,0.2733988,2030-05-11 11:00:00,4926.167998294869,3132
3132,0.668,0.24573,0.3071914,2030-05-11 12:00:00,4689.809710582964,3133
3133,0.579,0.2750314,0.33899619999999997,2030-05-11 13:00:00,4539.262550436833,3134
3134,0.456,0.3032982,0.36728879999999997,2030-05-11 14:00:00,4562.997743545582,3135
3135,0.326,0.3250954,0.392422,2030-05-11 15:00:00,4770.689794633716,3136
3136,0.198,0.334687,0.40939999999999993,2030-05-11 16:00:00,4769.430087714554,3137
3137,0.09,0.327745,0.41875799999999996,2030-05-11 17:00:00,4729.8635702593565,3138
3138,0.025,0.32007959999999996,0.4357584,2030-05-11 18:00:00,4718.205009334283,3139
3139,0.0,0.32949839999999997,0.45653620000000006,2030-05-11 19:00:00,4760.289487267267,3140
3140,0.0,0.340347,0.47306119999999996,2030-05-11 20:00:00,4655.849053285211,3141
3141,0.0,0.35393739999999996,0.48543840000000005,2030-05-11 21:00:00,4349.562991788962,3142
3142,0.0,0.3618916,0.49077279999999995,2030-05-11 22:00:00,4122.697175644907,3143
3143,0.0,0.3589746,0.486954,2030-05-11 23:00:00,3844.816161241901,3144
3144,0.0,0.35294499999999995,0.48187440000000004,2030-05-12 00:00:00,3782.247490077063,3145
3145,0.0,0.3468702,0.4741852,2030-05-12 01:00:00,3713.719611053776,3146
3146,0.0,0.34146259999999995,0.46861440000000004,2030-05-12 02:00:00,3666.8106704786383,3147
3147,0.005,0.3310182,0.4656774,2030-05-12 03:00:00,3609.296704525037,3148
3148,0.082,0.3079142,0.46067899999999995,2030-05-12 04:00:00,3715.3728763019762,3149
3149,0.215,0.29983499999999996,0.46131400000000006,2030-05-12 05:00:00,4263.445795346791,3150
3150,0.363,0.32918879999999995,0.46023800000000004,2030-05-12 06:00:00,4636.821472182989,3151
3151,0.507,0.3192296,0.4560584,2030-05-12 07:00:00,4939.086548060536,3152
3152,0.616,0.31046340000000006,0.4549548,2030-05-12 08:00:00,4983.247917752547,3153
3153,0.687,0.2956696,0.443027,2030-05-12 09:00:00,4712.143906115525,3154
3154,0.711,0.28138320000000006,0.4315766,2030-05-12 10:00:00,4435.765224825,3155
3155,0.695,0.28153259999999997,0.4272268,2030-05-12 11:00:00,4293.59222277147,3156
3156,0.647,0.29543020000000003,0.4324232,2030-05-12 12:00:00,4152.165654267087,3157
3157,0.562,0.3176264,0.44171820000000006,2030-05-12 13:00:00,4097.411074124134,3158
3158,0.445,0.34276059999999997,0.45528979999999997,2030-05-12 14:00:00,4199.067111925201,3159
3159,0.322,0.359389,0.4630216,2030-05-12 15:00:00,4439.065772391669,3160
3160,0.198,0.35528099999999996,0.45791719999999997,2030-05-12 16:00:00,4494.285134816461,3161
3161,0.091,0.3349922,0.44485220000000003,2030-05-12 17:00:00,4483.665720394619,3162
3162,0.027,0.3249886,0.426143,2030-05-12 18:00:00,4516.479317989992,3163
3163,0.0,0.32555300000000004,0.41007059999999995,2030-05-12 19:00:00,4611.637134939904,3164
3164,0.0,0.321257,0.3959826,2030-05-12 20:00:00,4544.451004129637,3165
3165,0.0,0.325727,0.38989219999999997,2030-05-12 21:00:00,4252.133812579931,3166
3166,0.0,0.31800480000000003,0.38127279999999997,2030-05-12 22:00:00,4060.5802305395428,3167
3167,0.0,0.3046404,0.37154380000000004,2030-05-12 23:00:00,3813.2489575179607,3168
3168,0.0,0.2938606,0.3622478,2030-05-13 00:00:00,3753.462776765847,3169
3169,0.0,0.2872424,0.3524644,2030-05-13 01:00:00,3687.2741052195015,3170
3170,0.0,0.28223760000000003,0.3385728,2030-05-13 02:00:00,3632.758141524677,3171
3171,0.007,0.2711544,0.32050159999999994,2030-05-13 03:00:00,3576.617068339498,3172
3172,0.092,0.2362724,0.2920796,2030-05-13 04:00:00,3677.2817659486236,3173
3173,0.222,0.21490780000000004,0.2666156,2030-05-13 05:00:00,4179.678240653957,3174
3174,0.367,0.23067700000000002,0.25104899999999997,2030-05-13 06:00:00,4500.323102705572,3175
3175,0.508,0.2236472,0.2421144,2030-05-13 07:00:00,4775.98205747547,3176
3176,0.612,0.231346,0.24756159999999997,2030-05-13 08:00:00,4798.99489880293,3177
3177,0.68,0.2540454,0.2649096,2030-05-13 09:00:00,4589.576587421964,3178
3178,0.704,0.2687586,0.27598819999999996,2030-05-13 10:00:00,4383.551252052275,3179
3179,0.685,0.2688836,0.27663519999999997,2030-05-13 11:00:00,4279.773802321274,3180
3180,0.636,0.2624746,0.2747778,2030-05-13 12:00:00,4180.052850073673,3181
3181,0.55,0.250072,0.2707198,2030-05-13 13:00:00,4162.990290934503,3182
3182,0.436,0.22758660000000003,0.26159220000000005,2030-05-13 14:00:00,4261.996255192073,3183
3183,0.309,0.1982402,0.24400460000000002,2030-05-13 15:00:00,4539.280408049408,3184
3184,0.192,0.17046520000000004,0.22187600000000002,2030-05-13 16:00:00,4591.245399269066,3185
3185,0.088,0.1399708,0.20073539999999998,2030-05-13 17:00:00,4596.9715158772415,3186
3186,0.028,0.11863260000000002,0.186919,2030-05-13 18:00:00,4647.861010370712,3187
3187,0.0,0.1248032,0.18213300000000002,2030-05-13 19:00:00,4714.744075209443,3188
3188,0.0,0.1274486,0.17977159999999998,2030-05-13 20:00:00,4626.220462761059,3189
3189,0.0,0.12042279999999998,0.177797,2030-05-13 21:00:00,4284.049284779254,3190
3190,0.0,0.10237340000000002,0.16523539999999998,2030-05-13 22:00:00,4086.148215246995,3191
3191,0.0,0.0829244,0.148876,2030-05-13 23:00:00,3868.008730270346,3192
3192,0.0,0.0658134,0.12970800000000002,2030-05-14 00:00:00,3833.666705572442,3193
3193,0.0,0.0509766,0.1095024,2030-05-14 01:00:00,3808.1586948762233,3194
3194,0.0,0.040364000000000004,0.09447040000000001,2030-05-14 02:00:00,3816.2071403853797,3195
3195,0.006,0.033479,0.0830204,2030-05-14 03:00:00,3918.9147401707733,3196
3196,0.076,0.028456799999999997,0.07357240000000001,2030-05-14 04:00:00,4413.184338637435,3197
3197,0.206,0.0202704,0.0634738,2030-05-14 05:00:00,5347.572326319281,3198
3198,0.363,0.015328799999999998,0.057637400000000005,2030-05-14 06:00:00,5825.406121406168,3199
3199,0.502,0.015495,0.05676,2030-05-14 07:00:00,5985.495201905961,3200
3200,0.594,0.016276000000000002,0.058412200000000004,2030-05-14 08:00:00,5880.9483942124625,3201
3201,0.628,0.0168448,0.05943799999999999,2030-05-14 09:00:00,5582.720342095981,3202
3202,0.617,0.0177878,0.059177999999999994,2030-05-14 10:00:00,5326.287190541376,3203
3203,0.593,0.0195168,0.058682,2030-05-14 11:00:00,5231.980054801696,3204
3204,0.553,0.0226674,0.05838600000000001,2030-05-14 12:00:00,5112.2575558843055,3205
3205,0.462,0.027947800000000002,0.060261999999999996,2030-05-14 13:00:00,4953.623899573172,3206
3206,0.346,0.033726400000000004,0.0616184,2030-05-14 14:00:00,4943.095205373501,3207
3207,0.238,0.0393154,0.06277740000000001,2030-05-14 15:00:00,5157.688869947508,3208
3208,0.151,0.0451206,0.0652924,2030-05-14 16:00:00,5143.276803107275,3209
3209,0.072,0.0458822,0.06535379999999999,2030-05-14 17:00:00,5064.788340263101,3210
3210,0.018,0.043994,0.0654964,2030-05-14 18:00:00,5066.651619725193,3211
3211,0.0,0.040819400000000006,0.06537980000000002,2030-05-14 19:00:00,5081.614907910984,3212
3212,0.0,0.032968,0.06204459999999999,2030-05-14 20:00:00,4920.502577221838,3213
3213,0.0,0.0244728,0.055711,2030-05-14 21:00:00,4501.649679350639,3214
3214,0.0,0.018392000000000002,0.050212999999999994,2030-05-14 22:00:00,4245.8046836675385,3215
3215,0.0,0.0163688,0.048694400000000006,2030-05-14 23:00:00,3992.363042464535,3216
3216,0.0,0.0173914,0.0497976,2030-05-15 00:00:00,3902.8627436223223,3217
3217,0.0,0.0212146,0.0560412,2030-05-15 01:00:00,3872.351651116891,3218
3218,0.0,0.0255598,0.0657296,2030-05-15 02:00:00,3878.5838822187698,3219
3219,0.006,0.026369999999999998,0.07506879999999999,2030-05-15 03:00:00,3953.257820892775,3220
3220,0.072,0.025893199999999998,0.07960980000000001,2030-05-15 04:00:00,4435.819522468909,3221
3221,0.177,0.0242108,0.0745708,2030-05-15 05:00:00,5382.485749616647,3222
3222,0.307,0.030000199999999998,0.07633939999999999,2030-05-15 06:00:00,5843.878088132726,3223
3223,0.462,0.0380488,0.0845646,2030-05-15 07:00:00,5948.2250758722475,3224
3224,0.588,0.045357999999999996,0.0958334,2030-05-15 08:00:00,5831.650852060382,3225
3225,0.645,0.050822400000000004,0.1059648,2030-05-15 09:00:00,5537.797505418097,3226
3226,0.672,0.05479740000000001,0.11453139999999999,2030-05-15 10:00:00,5244.701123472865,3227
3227,0.645,0.058834399999999995,0.12244760000000002,2030-05-15 11:00:00,5130.671998577973,3228
3228,0.583,0.0646986,0.134003,2030-05-15 12:00:00,5053.811844853371,3229
3229,0.49,0.07154160000000001,0.1482496,2030-05-15 13:00:00,4918.630560853108,3230
3230,0.376,0.0779234,0.1597202,2030-05-15 14:00:00,4915.269798508021,3231
3231,0.273,0.08168600000000001,0.16984,2030-05-15 15:00:00,5118.206831544872,3232
3232,0.18,0.0785782,0.1689362,2030-05-15 16:00:00,5071.375847945799,3233
3233,0.089,0.0783362,0.1712344,2030-05-15 17:00:00,4980.323706635412,3234
3234,0.028,0.08915100000000001,0.18238120000000002,2030-05-15 18:00:00,4977.195100703856,3235
3235,0.0,0.10597839999999999,0.1928464,2030-05-15 19:00:00,4997.956736275043,3236
3236,0.0,0.1124984,0.19862600000000002,2030-05-15 20:00:00,4833.270730491284,3237
3237,0.0,0.1180788,0.20370939999999998,2030-05-15 21:00:00,4407.62709788284,3238
3238,0.0,0.129858,0.2091482,2030-05-15 22:00:00,4145.259535350939,3239
3239,0.0,0.1355192,0.21071500000000004,2030-05-15 23:00:00,3878.779299664309,3240
3240,0.0,0.14508,0.21861479999999997,2030-05-16 00:00:00,3734.5769436384608,3241
3241,0.0,0.1655886,0.2328452,2030-05-16 01:00:00,3668.030711046648,3242
3242,0.0,0.1913764,0.2511664,2030-05-16 02:00:00,3639.136887176509,3243
3243,0.008,0.2156968,0.2745142,2030-05-16 03:00:00,3714.999745980015,3244
3244,0.083,0.2141794,0.2828296,2030-05-16 04:00:00,4225.167608988385,3245
3245,0.202,0.1895816,0.2781762,2030-05-16 05:00:00,5184.273593934874,3246
3246,0.332,0.21366999999999997,0.29712520000000003,2030-05-16 06:00:00,5660.509867772268,3247
3247,0.462,0.2629706,0.32638799999999996,2030-05-16 07:00:00,5825.8359406677355,3248
3248,0.564,0.3207176,0.36488160000000003,2030-05-16 08:00:00,5731.703061726776,3249
3249,0.617,0.3619568,0.3942624,2030-05-16 09:00:00,5481.171219906948,3250
3250,0.625,0.38222079999999997,0.41393620000000003,2030-05-16 10:00:00,5216.596676223472,3251
3251,0.609,0.39332520000000004,0.4313694,2030-05-16 11:00:00,5119.557562805707,3252
3252,0.569,0.4070958,0.44598459999999995,2030-05-16 12:00:00,4991.766924836762,3253
3253,0.501,0.42548719999999995,0.46283119999999994,2030-05-16 13:00:00,4846.27772751876,3254
3254,0.399,0.43804600000000005,0.48097120000000004,2030-05-16 14:00:00,4819.436174156139,3255
3255,0.288,0.43057819999999997,0.49308099999999994,2030-05-16 15:00:00,4986.848172125195,3256
3256,0.179,0.3959718,0.49258860000000004,2030-05-16 16:00:00,4950.776636663479,3257
3257,0.085,0.37893740000000004,0.4918778,2030-05-16 17:00:00,4893.590939405245,3258
3258,0.028,0.38892760000000004,0.49694379999999994,2030-05-16 18:00:00,4894.717383011057,3259
3259,0.0,0.4082592,0.5145352,2030-05-16 19:00:00,4890.335081193299,3260
3260,0.0,0.41740320000000003,0.5237212,2030-05-16 20:00:00,4697.60939360339,3261
3261,0.0,0.421572,0.5187886,2030-05-16 21:00:00,4259.622567523664,3262
3262,0.0,0.41707659999999996,0.5065026,2030-05-16 22:00:00,3961.0959590970124,3263
3263,0.0,0.3967096,0.49156759999999994,2030-05-16 23:00:00,3702.158039131772,3264
3264,0.0,0.36975040000000003,0.47081439999999997,2030-05-17 00:00:00,3703.115305534312,3265
3265,0.0,0.358194,0.4485916,2030-05-17 01:00:00,3654.1298846610707,3266
3266,0.0,0.3534696,0.435388,2030-05-17 02:00:00,3643.082301994412,3267
3267,0.001,0.3406904,0.4235724,2030-05-17 03:00:00,3708.867227642087,3268
3268,0.026,0.3145122000000001,0.41347140000000004,2030-05-17 04:00:00,4202.275102659552,3269
3269,0.07,0.29961840000000006,0.4213546,2030-05-17 05:00:00,5301.498039956334,3270
3270,0.104,0.3278168,0.45162019999999997,2030-05-17 06:00:00,5854.991071740174,3271
3271,0.125,0.35096259999999996,0.473048,2030-05-17 07:00:00,6061.248228183917,3272
3272,0.141,0.3432786,0.473162,2030-05-17 08:00:00,6065.563292698715,3273
3273,0.134,0.3283592000000001,0.4673292,2030-05-17 09:00:00,5882.270551998006,3274
3274,0.147,0.329654,0.46632740000000006,2030-05-17 10:00:00,5603.820235566568,3275
3275,0.166,0.3353928,0.4664642,2030-05-17 11:00:00,5505.242350496013,3276
3276,0.168,0.33208780000000004,0.45776120000000003,2030-05-17 12:00:00,5384.5500543234775,3277
3277,0.158,0.3080006,0.4431266,2030-05-17 13:00:00,5242.209114419675,3278
3278,0.13,0.29113880000000003,0.4271127999999999,2030-05-17 14:00:00,5240.031236636124,3279
3279,0.097,0.28558500000000003,0.4195258,2030-05-17 15:00:00,5466.7278410762765,3280
3280,0.066,0.28868099999999997,0.41754060000000004,2030-05-17 16:00:00,5410.83788704856,3281
3281,0.032,0.2886786,0.41169500000000003,2030-05-17 17:00:00,5289.249462803955,3282
3282,0.008,0.2695408,0.4017551999999999,2030-05-17 18:00:00,5231.744503610413,3283
3283,0.0,0.2430452,0.3941094,2030-05-17 19:00:00,5160.450318813839,3284
3284,0.0,0.2156242,0.38435300000000006,2030-05-17 20:00:00,4774.964540154474,3285
3285,0.0,0.18016759999999998,0.3549314,2030-05-17 21:00:00,4318.0121240429235,3286
3286,0.0,0.15000059999999998,0.3221654,2030-05-17 22:00:00,4012.7988670768054,3287
3287,0.0,0.1278142,0.2895492,2030-05-17 23:00:00,3731.713605430277,3288
3288,0.0,0.118112,0.2616004,2030-05-18 00:00:00,3577.5256478514875,3289
3289,0.0,0.10941179999999999,0.23744839999999998,2030-05-18 01:00:00,3509.27164381116,3290
3290,0.0,0.10667979999999999,0.217462,2030-05-18 02:00:00,3488.76291908206,3291
3291,0.002,0.10792500000000001,0.1994964,2030-05-18 03:00:00,3548.495999382952,3292
3292,0.039,0.10064959999999998,0.1813042,2030-05-18 04:00:00,4016.546516477003,3293
3293,0.113,0.09036519999999999,0.167705,2030-05-18 05:00:00,5103.4854251503075,3294
3294,0.22,0.09936880000000001,0.174327,2030-05-18 06:00:00,5629.127576843421,3295
3295,0.369,0.1172946,0.194281,2030-05-18 07:00:00,5827.648225388113,3296
3296,0.515,0.139564,0.22089699999999998,2030-05-18 08:00:00,5758.127553352472,3297
3297,0.622,0.158066,0.2424096,2030-05-18 09:00:00,5468.215339689623,3298
3298,0.658,0.1731108,0.25473939999999995,2030-05-18 10:00:00,5153.127218188358,3299
3299,0.656,0.1812124,0.2605996,2030-05-18 11:00:00,4921.803589038681,3300
3300,0.608,0.1807436,0.262896,2030-05-18 12:00:00,4683.35452563697,3301
3301,0.525,0.173449,0.2633416,2030-05-18 13:00:00,4491.958890165699,3302
3302,0.404,0.1643218,0.2658546,2030-05-18 14:00:00,4507.429834418033,3303
3303,0.298,0.16078580000000003,0.2757436,2030-05-18 15:00:00,4674.147785918319,3304
3304,0.192,0.1643696,0.29389020000000005,2030-05-18 16:00:00,4661.934120468154,3305
3305,0.097,0.1679122,0.30380759999999996,2030-05-18 17:00:00,4580.165979558856,3306
3306,0.033,0.1739078,0.3112656,2030-05-18 18:00:00,4547.0474605204345,3307
3307,0.0,0.1921502,0.322785,2030-05-18 19:00:00,4548.18158596451,3308
3308,0.0,0.1888778,0.323337,2030-05-18 20:00:00,4414.908187327282,3309
3309,0.0,0.16921540000000002,0.2984176,2030-05-18 21:00:00,4052.716311014835,3310
3310,0.0,0.152028,0.2615052,2030-05-18 22:00:00,3791.532697110964,3311
3311,0.0,0.144097,0.22997039999999996,2030-05-18 23:00:00,3507.521508819932,3312
3312,0.0,0.1437352,0.21082879999999998,2030-05-19 00:00:00,3335.314550911381,3313
3313,0.0,0.14684940000000002,0.2026472,2030-05-19 01:00:00,3246.0178282133256,3314
3314,0.0,0.15155259999999998,0.2044018,2030-05-19 02:00:00,3178.752266067358,3315
3315,0.011,0.15200160000000001,0.2106118,2030-05-19 03:00:00,3112.281769814247,3316
3316,0.086,0.1321806,0.20354719999999998,2030-05-19 04:00:00,3332.6121799916164,3317
3317,0.206,0.1060614,0.1862972,2030-05-19 05:00:00,3875.168642913559,3318
3318,0.34,0.10637440000000001,0.17649019999999999,2030-05-19 06:00:00,4233.182950697381,3319
3319,0.468,0.126299,0.180911,2030-05-19 07:00:00,4605.561122836184,3320
3320,0.573,0.1376962,0.185072,2030-05-19 08:00:00,4654.240065301643,3321
3321,0.631,0.1372434,0.18460840000000003,2030-05-19 09:00:00,4413.579601799589,3322
3322,0.657,0.1357072,0.18307639999999997,2030-05-19 10:00:00,4184.2659433662175,3323
3323,0.643,0.13706680000000002,0.18435079999999998,2030-05-19 11:00:00,4033.591996976184,3324
3324,0.59,0.1388616,0.1904988,2030-05-19 12:00:00,3903.857706693584,3325
3325,0.499,0.140932,0.203763,2030-05-19 13:00:00,3829.3040305785853,3326
3326,0.389,0.1430318,0.2225434,2030-05-19 14:00:00,3907.310568882489,3327
3327,0.281,0.1476966,0.244726,2030-05-19 15:00:00,4133.321534318261,3328
3328,0.184,0.150057,0.2603236,2030-05-19 16:00:00,4153.119910283651,3329
3329,0.095,0.1452392,0.26310700000000004,2030-05-19 17:00:00,4128.926106829667,3330
3330,0.031,0.1455672,0.2610846,2030-05-19 18:00:00,4146.20030313464,3331
3331,0.0,0.1574652,0.262921,2030-05-19 19:00:00,4203.478606894791,3332
3332,0.0,0.1577602,0.25393980000000005,2030-05-19 20:00:00,4102.90107133773,3333
3333,0.0,0.142842,0.23656000000000002,2030-05-19 21:00:00,3791.313693539531,3334
3334,0.0,0.126877,0.21978559999999997,2030-05-19 22:00:00,3576.926198664766,3335
3335,0.0,0.10837720000000002,0.2011344,2030-05-19 23:00:00,3321.358117578082,3336
3336,0.0,0.091279,0.183094,2030-05-20 00:00:00,3081.307976186465,3337
3337,0.0,0.081462,0.1706938,2030-05-20 01:00:00,2960.4194148889674,3338
3338,0.0,0.07844280000000001,0.1670354,2030-05-20 02:00:00,2841.4038279973893,3339
3339,0.007,0.080763,0.16643760000000002,2030-05-20 03:00:00,2654.3194939812083,3340
3340,0.07,0.0765528,0.15885259999999998,2030-05-20 04:00:00,2566.0909969996283,3341
3341,0.179,0.058980199999999997,0.1454734,2030-05-20 05:00:00,2757.68159253033,3342
3342,0.307,0.0593156,0.14111800000000002,2030-05-20 06:00:00,2983.69354125699,3343
3343,0.427,0.0734508,0.1455074,2030-05-20 07:00:00,3385.732265317325,3344
3344,0.497,0.08115320000000001,0.151009,2030-05-20 08:00:00,3544.965236508395,3345
3345,0.534,0.08569299999999999,0.1564478,2030-05-20 09:00:00,3398.050566733861,3346
3346,0.582,0.09049639999999999,0.16471739999999999,2030-05-20 10:00:00,3265.7434506130357,3347
3347,0.582,0.0948178,0.1740644,2030-05-20 11:00:00,3192.0818654795958,3348
3348,0.552,0.0993006,0.1790744,2030-05-20 12:00:00,3097.0389397478402,3349
3349,0.478,0.1048706,0.1827192,2030-05-20 13:00:00,3142.235933449172,3350
3350,0.376,0.11174139999999999,0.1872956,2030-05-20 14:00:00,3319.4670236975753,3351
3351,0.27,0.1230734,0.19858520000000002,2030-05-20 15:00:00,3613.589412524992,3352
3352,0.161,0.1342552,0.20730659999999998,2030-05-20 16:00:00,3687.9498123323883,3353
3353,0.082,0.14171740000000002,0.2151306,2030-05-20 17:00:00,3670.848404924399,3354
3354,0.027,0.15061940000000001,0.22224919999999998,2030-05-20 18:00:00,3774.6441921791993,3355
3355,0.0,0.16403020000000001,0.22873200000000002,2030-05-20 19:00:00,3851.693641435128,3356
3356,0.0,0.17453539999999998,0.23626540000000001,2030-05-20 20:00:00,3801.339713819255,3357
3357,0.0,0.17788820000000002,0.25078940000000005,2030-05-20 21:00:00,3529.668393650251,3358
3358,0.0,0.18209119999999998,0.2658678,2030-05-20 22:00:00,3356.1710906692824,3359
3359,0.0,0.185304,0.271814,2030-05-20 23:00:00,3136.3861976328826,3360
3360,0.0,0.18215959999999998,0.26607459999999994,2030-05-21 00:00:00,3169.095248150857,3361
3361,0.0,0.17923899999999998,0.2557106,2030-05-21 01:00:00,3080.807572974916,3362
3362,0.0,0.1734472,0.2417296,2030-05-21 02:00:00,3012.5985589586808,3363
3363,0.003,0.153698,0.20989300000000002,2030-05-21 03:00:00,2973.702913504581,3364
3364,0.031,0.12148079999999999,0.1696336,2030-05-21 04:00:00,3204.607551924584,3365
3365,0.084,0.0912434,0.13838160000000002,2030-05-21 05:00:00,3882.728282499472,3366
3366,0.157,0.0825792,0.126361,2030-05-21 06:00:00,4303.903820795205,3367
3367,0.246,0.0887924,0.1278104,2030-05-21 07:00:00,4612.604517537641,3368
3368,0.326,0.09151659999999999,0.1315334,2030-05-21 08:00:00,4658.534031619906,3369
3369,0.359,0.0886866,0.1332544,2030-05-21 09:00:00,4490.08405607288,3370
3370,0.372,0.085537,0.13432159999999999,2030-05-21 10:00:00,4300.4708628595035,3371
3371,0.358,0.085348,0.1397916,2030-05-21 11:00:00,4245.277936892993,3372
3372,0.333,0.08667440000000001,0.15088079999999998,2030-05-21 12:00:00,4134.248373943479,3373
3373,0.272,0.0872028,0.16128,2030-05-21 13:00:00,4061.938329110204,3374
3374,0.197,0.08612,0.1671234,2030-05-21 14:00:00,4125.512074211009,3375
3375,0.133,0.0856676,0.17524199999999998,2030-05-21 15:00:00,4365.185936534701,3376
3376,0.082,0.08613960000000001,0.18600619999999998,2030-05-21 16:00:00,4351.262122026295,3377
3377,0.04,0.0869174,0.19985440000000002,2030-05-21 17:00:00,4258.208058764845,3378
3378,0.011,0.0920388,0.21899079999999999,2030-05-21 18:00:00,4333.934254657529,3379
3379,0.0,0.10068619999999999,0.244591,2030-05-21 19:00:00,4347.83991125743,3380
3380,0.0,0.10569880000000001,0.270947,2030-05-21 20:00:00,4138.642460437692,3381
3381,0.0,0.1126824,0.30305560000000004,2030-05-21 21:00:00,3792.65654510605,3382
3382,0.0,0.11781900000000001,0.32419719999999996,2030-05-21 22:00:00,3557.790824045632,3383
3383,0.0,0.12147140000000001,0.33646220000000004,2030-05-21 23:00:00,3311.734463273626,3384
3384,0.0,0.1316712,0.3446376,2030-05-22 00:00:00,3539.0641471895738,3385
3385,0.0,0.1445044,0.3487984,2030-05-22 01:00:00,3480.524784728713,3386
3386,0.0,0.1710004,0.35732400000000003,2030-05-22 02:00:00,3467.375686703985,3387
3387,0.002,0.18944679999999997,0.3568686,2030-05-22 03:00:00,3529.525778365106,3388
3388,0.027,0.2068966,0.35275059999999997,2030-05-22 04:00:00,4014.663360447415,3389
3389,0.069,0.23619859999999998,0.34320960000000006,2030-05-22 05:00:00,5150.125891633099,3390
3390,0.118,0.252043,0.33396560000000003,2030-05-22 06:00:00,5709.266437703767,3391
3391,0.173,0.2570446,0.331384,2030-05-22 07:00:00,5926.154951827,3392
3392,0.231,0.254446,0.3267276,2030-05-22 08:00:00,5923.343958909137,3393
3393,0.282,0.2591132,0.3296348,2030-05-22 09:00:00,5701.022647255993,3394
3394,0.303,0.2723228,0.3392264,2030-05-22 10:00:00,5508.932300638247,3395
3395,0.32,0.2926788,0.3529382,2030-05-22 11:00:00,5441.94462437152,3396
3396,0.325,0.31661360000000005,0.3682734,2030-05-22 12:00:00,5334.179446220605,3397
3397,0.326,0.338206,0.3815872,2030-05-22 13:00:00,5195.7806756636965,3398
3398,0.305,0.35571,0.3918322,2030-05-22 14:00:00,5177.415951849778,3399
3399,0.254,0.3661546,0.3931704,2030-05-22 15:00:00,5311.001054137129,3400
3400,0.184,0.36944319999999997,0.3807744,2030-05-22 16:00:00,5221.427788226061,3401
3401,0.104,0.35894440000000005,0.3630782,2030-05-22 17:00:00,5081.269605146474,3402
3402,0.041,0.3229512,0.34467100000000006,2030-05-22 18:00:00,5018.760207219938,3403
3403,0.001,0.2927626,0.343663,2030-05-22 19:00:00,4955.47088799984,3404
3404,0.0,0.2782492,0.3552677999999999,2030-05-22 20:00:00,4752.5480982308345,3405
3405,0.0,0.2675454,0.36186240000000003,2030-05-22 21:00:00,4313.919494549911,3406
3406,0.0,0.2619016,0.368954,2030-05-22 22:00:00,4014.509461337709,3407
3407,0.0,0.25689639999999997,0.37409159999999997,2030-05-22 23:00:00,3739.56262445104,3408
3408,0.0,0.24395439999999996,0.37312340000000005,2030-05-23 00:00:00,3621.694530644758,3409
3409,0.0,0.2303962,0.3741488,2030-05-23 01:00:00,3563.325552847078,3410
3410,0.0,0.21927780000000002,0.3757094,2030-05-23 02:00:00,3542.68880728486,3411
3411,0.014,0.2127282,0.36717879999999997,2030-05-23 03:00:00,3628.726871343931,3412
3412,0.091,0.2085866,0.36239580000000005,2030-05-23 04:00:00,4200.56974903434,3413
3413,0.223,0.20023,0.3469694,2030-05-23 05:00:00,5126.641242948347,3414
3414,0.357,0.222146,0.3392178,2030-05-23 06:00:00,5605.164335109583,3415
3415,0.489,0.24797180000000002,0.3419444,2030-05-23 07:00:00,5760.546053682656,3416
3416,0.599,0.2704822,0.3483218,2030-05-23 08:00:00,5668.1797615382275,3417
3417,0.665,0.284711,0.3465764,2030-05-23 09:00:00,5396.059753058682,3418
3418,0.691,0.29032959999999997,0.3429856,2030-05-23 10:00:00,5168.767700293782,3419
3419,0.68,0.29126820000000003,0.3330282,2030-05-23 11:00:00,5101.506191595721,3420
3420,0.628,0.2891868,0.32462899999999995,2030-05-23 12:00:00,4994.1398920606025,3421
3421,0.545,0.284006,0.3240272,2030-05-23 13:00:00,4848.62371533602,3422
3422,0.43,0.2731038,0.3222842,2030-05-23 14:00:00,4823.55732049434,3423
3423,0.306,0.259644,0.3178326,2030-05-23 15:00:00,4972.346598055214,3424
3424,0.192,0.23676019999999998,0.3138766,2030-05-23 16:00:00,4942.412256614836,3425
3425,0.097,0.20425379999999999,0.31006419999999996,2030-05-23 17:00:00,4854.054686772174,3426
3426,0.037,0.1773276,0.3164944,2030-05-23 18:00:00,4845.089654511799,3427
3427,0.001,0.1790786,0.33620039999999995,2030-05-23 19:00:00,4806.65972572428,3428
3428,0.0,0.19875340000000002,0.364384,2030-05-23 20:00:00,4640.354905983698,3429
3429,0.0,0.2268078,0.39340920000000007,2030-05-23 21:00:00,4204.719114081904,3430
3430,0.0,0.2564284,0.42513199999999995,2030-05-23 22:00:00,3922.0097904613312,3431
3431,0.0,0.2780744,0.4473000000000001,2030-05-23 23:00:00,3660.8453483264775,3432
3432,0.0,0.290611,0.462402,2030-05-24 00:00:00,3629.54003184297,3433
3433,0.0,0.29884900000000003,0.47077460000000004,2030-05-24 01:00:00,3577.953099117055,3434
3434,0.0,0.30649380000000004,0.4718074,2030-05-24 02:00:00,3558.014933669802,3435
3435,0.01,0.3173794,0.44298479999999996,2030-05-24 03:00:00,3636.0319272826937,3436
3436,0.064,0.302096,0.4050822,2030-05-24 04:00:00,4181.154118779971,3437
3437,0.135,0.28875839999999997,0.3929162,2030-05-24 05:00:00,5122.524506256801,3438
3438,0.236,0.32593839999999996,0.4076274,2030-05-24 06:00:00,5615.6918623449965,3439
3439,0.341,0.36003280000000004,0.42076820000000004,2030-05-24 07:00:00,5837.443378541199,3440
3440,0.44,0.3946754,0.43914159999999997,2030-05-24 08:00:00,5822.21927424718,3441
3441,0.497,0.42767920000000004,0.4597968,2030-05-24 09:00:00,5580.054214586067,3442
3442,0.518,0.4569042,0.47203739999999994,2030-05-24 10:00:00,5359.889625176449,3443
3443,0.531,0.4767056,0.4791588,2030-05-24 11:00:00,5305.440584160453,3444
3444,0.487,0.4787498,0.48513979999999995,2030-05-24 12:00:00,5201.192975427848,3445
3445,0.432,0.4610944,0.48828239999999995,2030-05-24 13:00:00,5073.303365940857,3446
3446,0.372,0.4362828,0.48866819999999994,2030-05-24 14:00:00,5040.299618641984,3447
3447,0.275,0.40904660000000004,0.4879944,2030-05-24 15:00:00,5217.840115125066,3448
3448,0.19,0.3802032,0.4783524,2030-05-24 16:00:00,5111.215275718894,3449
3449,0.098,0.3526474,0.4550446,2030-05-24 17:00:00,4984.398147797988,3450
3450,0.037,0.315137,0.4316348,2030-05-24 18:00:00,4947.188584555909,3451
3451,0.001,0.28422840000000005,0.411653,2030-05-24 19:00:00,4919.605110894464,3452
3452,0.0,0.2688748,0.394351,2030-05-24 20:00:00,4717.650480348719,3453
3453,0.0,0.25731099999999996,0.3817254,2030-05-24 21:00:00,4275.4631246206845,3454
3454,0.0,0.24501140000000002,0.37753420000000004,2030-05-24 22:00:00,3982.424374983549,3455
3455,0.0,0.23761100000000002,0.3673724,2030-05-24 23:00:00,3705.5313878499837,3456
3456,0.0,0.2309518,0.3613136,2030-05-25 00:00:00,3622.194692766984,3457
3457,0.0,0.23121339999999999,0.36295059999999996,2030-05-25 01:00:00,3552.0573250914968,3458
3458,0.0,0.233988,0.36359379999999997,2030-05-25 02:00:00,3517.068426443341,3459
3459,0.008,0.22722219999999999,0.3527842,2030-05-25 03:00:00,3615.4466557883125,3460
3460,0.066,0.2134976,0.3373326,2030-05-25 04:00:00,4121.12949688147,3461
3461,0.171,0.222947,0.3297536,2030-05-25 05:00:00,5041.828464034403,3462
3462,0.312,0.2319734,0.32134979999999996,2030-05-25 06:00:00,5561.920308568089,3463
3463,0.477,0.24933719999999998,0.31521140000000003,2030-05-25 07:00:00,5795.6966781498395,3464
3464,0.589,0.26597940000000003,0.31328639999999996,2030-05-25 08:00:00,5762.798447101352,3465
3465,0.66,0.2730258,0.3138984,2030-05-25 09:00:00,5486.695498473736,3466
3466,0.696,0.27965260000000003,0.3277318,2030-05-25 10:00:00,5178.169972844734,3467
3467,0.69,0.3039284,0.3599698,2030-05-25 11:00:00,4983.747341820654,3468
3468,0.646,0.3407142,0.398988,2030-05-25 12:00:00,4784.926614894479,3469
3469,0.562,0.375527,0.43585340000000006,2030-05-25 13:00:00,4624.246215650043,3470
3470,0.444,0.40172379999999996,0.4667816,2030-05-25 14:00:00,4646.2051113598645,3471
3471,0.312,0.4267314,0.4944618,2030-05-25 15:00:00,4852.383593328653,3472
3472,0.185,0.4471794,0.522064,2030-05-25 16:00:00,4848.4697326036185,3473
3473,0.084,0.45143380000000005,0.544168,2030-05-25 17:00:00,4786.814127127983,3474
3474,0.024,0.43375240000000004,0.5509226,2030-05-25 18:00:00,4746.156502344464,3475
3475,0.0,0.42323180000000005,0.5466148,2030-05-25 19:00:00,4674.604774185955,3476
3476,0.0,0.43114280000000005,0.5418727999999999,2030-05-25 20:00:00,4522.761048327814,3477
3477,0.0,0.42863120000000005,0.5329725999999999,2030-05-25 21:00:00,4163.18975632293,3478
3478,0.0,0.4238448,0.524975,2030-05-25 22:00:00,3902.573963963245,3479
3479,0.0,0.4164072,0.5237284000000001,2030-05-25 23:00:00,3625.8410600345687,3480
3480,0.0,0.40476039999999996,0.520125,2030-05-26 00:00:00,3541.002643978059,3481
3481,0.0,0.397266,0.510574,2030-05-26 01:00:00,3459.869190048218,3482
3482,0.0,0.3866064,0.501374,2030-05-26 02:00:00,3389.243339372118,3483
3483,0.002,0.36892280000000005,0.49435540000000006,2030-05-26 03:00:00,3347.0655241395343,3484
3484,0.022,0.36920359999999997,0.4876742,2030-05-26 04:00:00,3427.934683972913,3485
3485,0.066,0.38301999999999997,0.4805388,2030-05-26 05:00:00,4164.117176795513,3486
3486,0.144,0.3994322,0.4709636,2030-05-26 06:00:00,4558.931857675681,3487
3487,0.229,0.3988786,0.450439,2030-05-26 07:00:00,4879.51782077995,3488
3488,0.321,0.38983160000000006,0.42742620000000003,2030-05-26 08:00:00,4964.458631175495,3489
3489,0.396,0.37671520000000003,0.4182848,2030-05-26 09:00:00,4753.192437291992,3490
3490,0.458,0.3601484,0.4028440000000001,2030-05-26 10:00:00,4520.233866984387,3491
3491,0.437,0.331098,0.3759398,2030-05-26 11:00:00,4344.788590023957,3492
3492,0.26,0.2841166,0.3397718,2030-05-26 12:00:00,4175.498120683356,3493
3493,0.196,0.23428680000000002,0.30013500000000004,2030-05-26 13:00:00,4089.845231567847,3494
3494,0.174,0.1831256,0.24911320000000003,2030-05-26 14:00:00,4223.152959812085,3495
3495,0.133,0.13412759999999999,0.20398080000000002,2030-05-26 15:00:00,4551.734380736996,3496
3496,0.108,0.10679179999999999,0.17939,2030-05-26 16:00:00,4565.246663660013,3497
3497,0.055,0.0981288,0.17259039999999998,2030-05-26 17:00:00,4490.690970010616,3498
3498,0.015,0.1094858,0.1837676,2030-05-26 18:00:00,4490.459214093983,3499
3499,0.0,0.123431,0.20131860000000001,2030-05-26 19:00:00,4511.336216566925,3500
3500,0.0,0.13832160000000002,0.22362840000000003,2030-05-26 20:00:00,4248.064208741593,3501
3501,0.0,0.1610932,0.24018159999999997,2030-05-26 21:00:00,3944.077935893242,3502
3502,0.0,0.1752184,0.25510520000000003,2030-05-26 22:00:00,3729.006512156907,3503
3503,0.0,0.184476,0.2769276,2030-05-26 23:00:00,3465.525681967789,3504
3504,0.0,0.20054980000000003,0.3014464,2030-05-27 00:00:00,3361.849059133453,3505
3505,0.0,0.2466196,0.3300024,2030-05-27 01:00:00,3272.2304159681507,3506
3506,0.0,0.28917479999999995,0.36585460000000003,2030-05-27 02:00:00,3198.452093943548,3507
3507,0.006,0.2932358,0.3704612,2030-05-27 03:00:00,3141.637501300032,3508
3508,0.045,0.2878223999999999,0.350868,2030-05-27 04:00:00,3242.264011263861,3509
3509,0.109,0.2901468,0.35536999999999996,2030-05-27 05:00:00,3895.6367550925243,3510
3510,0.209,0.3075046,0.3677662,2030-05-27 06:00:00,4273.538785836525,3511
3511,0.348,0.3493156,0.3838172,2030-05-27 07:00:00,4570.774287254907,3512
3512,0.47,0.4028054,0.40563259999999995,2030-05-27 08:00:00,4663.356638699148,3513
3513,0.527,0.4425816,0.42487719999999995,2030-05-27 09:00:00,4510.059769261921,3514
3514,0.549,0.46489,0.4346764,2030-05-27 10:00:00,4327.6721626905,3515
3515,0.527,0.4750368,0.43824880000000005,2030-05-27 11:00:00,4248.269199150602,3516
3516,0.51,0.4801692,0.438668,2030-05-27 12:00:00,4136.225344367747,3517
3517,0.463,0.47945760000000004,0.43859060000000005,2030-05-27 13:00:00,4102.791932639159,3518
3518,0.378,0.46158099999999996,0.4316514000000001,2030-05-27 14:00:00,4223.035327901216,3519
3519,0.25,0.4322628,0.42885059999999997,2030-05-27 15:00:00,4484.873184597944,3520
3520,0.172,0.3949592,0.41902620000000007,2030-05-27 16:00:00,4520.666773632156,3521
3521,0.094,0.348956,0.40622179999999997,2030-05-27 17:00:00,4489.780061350305,3522
3522,0.033,0.2995116,0.3944178,2030-05-27 18:00:00,4466.161772729003,3523
3523,0.001,0.2731106,0.38217460000000003,2030-05-27 19:00:00,4461.07330629461,3524
3524,0.0,0.26235359999999996,0.3717736,2030-05-27 20:00:00,4329.550403533858,3525
3525,0.0,0.2574868,0.36581539999999996,2030-05-27 21:00:00,3976.448136166669,3526
3526,0.0,0.24932020000000002,0.35817299999999996,2030-05-27 22:00:00,3756.957031513568,3527
3527,0.0,0.2487838,0.3510962,2030-05-27 23:00:00,3523.466578898971,3528
3528,0.0,0.2491848,0.34474799999999994,2030-05-28 00:00:00,3531.448525114096,3529
3529,0.0,0.24379499999999998,0.3333666,2030-05-28 01:00:00,3490.884807509796,3530
3530,0.0,0.237469,0.322386,2030-05-28 02:00:00,3474.060866168137,3531
3531,0.019,0.2286904,0.3068582,2030-05-28 03:00:00,3666.007119451595,3532
3532,0.103,0.207602,0.2897062,2030-05-28 04:00:00,4155.616813964051,3533
3533,0.233,0.21912060000000003,0.2752402,2030-05-28 05:00:00,5127.158779580358,3534
3534,0.371,0.22677719999999998,0.2593184,2030-05-28 06:00:00,5653.152146976696,3535
3535,0.498,0.22144780000000003,0.24518399999999999,2030-05-28 07:00:00,5889.096359700063,3536
3536,0.588,0.2196556,0.23944900000000002,2030-05-28 08:00:00,5844.85759237924,3537
3537,0.64,0.21981260000000002,0.23996019999999998,2030-05-28 09:00:00,5595.79547061727,3538
3538,0.669,0.22202039999999998,0.2475784,2030-05-28 10:00:00,5350.4377043150635,3539
3539,0.677,0.23225980000000002,0.26106820000000003,2030-05-28 11:00:00,5241.537101021125,3540
3540,0.644,0.25144259999999996,0.2817202,2030-05-28 12:00:00,5137.945342030809,3541
3541,0.57,0.2750048,0.3101946,2030-05-28 13:00:00,4988.822340527583,3542
3542,0.449,0.299095,0.3414352,2030-05-28 14:00:00,4976.208425619634,3543
3543,0.319,0.32025,0.3714784,2030-05-28 15:00:00,5159.784800422569,3544
3544,0.211,0.3349498,0.39514039999999995,2030-05-28 16:00:00,5115.026058444434,3545
3545,0.107,0.3398854,0.41135140000000003,2030-05-28 17:00:00,5045.85491089279,3546
3546,0.042,0.3355416,0.4227856,2030-05-28 18:00:00,5038.117704946362,3547
3547,0.003,0.3341234,0.4342254,2030-05-28 19:00:00,4986.114735162479,3548
3548,0.0,0.3387576,0.44474079999999994,2030-05-28 20:00:00,4841.413851671867,3549
3549,0.0,0.34578600000000004,0.45334519999999995,2030-05-28 21:00:00,4429.259396107786,3550
3550,0.0,0.3496682,0.45391119999999996,2030-05-28 22:00:00,4126.015195467137,3551
3551,0.0,0.35383299999999995,0.44815639999999995,2030-05-28 23:00:00,3866.2514536601693,3552
3552,0.0,0.3510078,0.43600779999999995,2030-05-29 00:00:00,3830.677496809716,3553
3553,0.0,0.342043,0.42005800000000004,2030-05-29 01:00:00,3775.8360309284253,3554
3554,0.0,0.3272974,0.4041157999999999,2030-05-29 02:00:00,3757.5528818829002,3555
3555,0.027,0.3000066,0.3815262,2030-05-29 03:00:00,3943.3389337096633,3556
3556,0.117,0.2515248,0.3490816,2030-05-29 04:00:00,4391.6257401724415,3557
3557,0.237,0.2316602,0.3122844,2030-05-29 05:00:00,5339.995738982049,3558
3558,0.367,0.2109848,0.2758184,2030-05-29 06:00:00,5809.803051003996,3559
3559,0.487,0.18744200000000003,0.24532439999999997,2030-05-29 07:00:00,5971.8996599202455,3560
3560,0.58,0.1742074,0.22578079999999998,2030-05-29 08:00:00,5914.124115466517,3561
3561,0.641,0.1644374,0.2102176,2030-05-29 09:00:00,5646.047854354837,3562
3562,0.672,0.15313819999999997,0.1905604,2030-05-29 10:00:00,5403.837063928555,3563
3563,0.674,0.14084080000000002,0.1735632,2030-05-29 11:00:00,5294.189841887137,3564
3564,0.633,0.1266854,0.1622592,2030-05-29 12:00:00,5188.998830380704,3565
3565,0.557,0.11267920000000001,0.16088300000000003,2030-05-29 13:00:00,5066.384320629497,3566
3566,0.442,0.10005000000000001,0.1636086,2030-05-29 14:00:00,5024.888911665457,3567
3567,0.316,0.09018960000000001,0.16888260000000002,2030-05-29 15:00:00,5187.726506276263,3568
3568,0.202,0.08213460000000002,0.1754062,2030-05-29 16:00:00,5085.079482150348,3569
3569,0.107,0.07407820000000001,0.1825292,2030-05-29 17:00:00,4988.573754759189,3570
3570,0.041,0.069366,0.1942546,2030-05-29 18:00:00,4992.103140731881,3571
3571,0.003,0.0805158,0.2199154,2030-05-29 19:00:00,4960.484576594335,3572
3572,0.0,0.1109168,0.2631876,2030-05-29 20:00:00,4844.758231551809,3573
3573,0.0,0.1577228,0.3107868,2030-05-29 21:00:00,4435.322948796676,3574
3574,0.0,0.21216679999999996,0.3482816,2030-05-29 22:00:00,4151.475585383912,3575
3575,0.0,0.2736868,0.39733340000000006,2030-05-29 23:00:00,3880.422977848312,3576
3576,0.0,0.31559919999999997,0.4207978,2030-05-30 00:00:00,3741.6139231422612,3577
3577,0.0,0.3605882,0.435478,2030-05-30 01:00:00,3692.62585934069,3578
3578,0.0,0.4104706,0.4690695999999999,2030-05-30 02:00:00,3677.2874888426313,3579
3579,0.01,0.43149319999999997,0.48682739999999997,2030-05-30 03:00:00,3871.085224683346,3580
3580,0.046,0.4240348,0.48956900000000003,2030-05-30 04:00:00,4277.272250212569,3581
3581,0.081,0.44357959999999996,0.5041458000000001,2030-05-30 05:00:00,5298.572645517603,3582
3582,0.1,0.4819732,0.5392976,2030-05-30 06:00:00,5859.430332869112,3583
3583,0.108,0.5264804,0.5608261999999999,2030-05-30 07:00:00,6076.374081941194,3584
3584,0.106,0.5381114,0.5582912,2030-05-30 08:00:00,6091.8962232602735,3585
3585,0.112,0.5380634,0.5541601999999999,2030-05-30 09:00:00,5898.779649393285,3586
3586,0.134,0.5186784,0.5457712,2030-05-30 10:00:00,5661.824514412897,3587
3587,0.173,0.5286867999999999,0.5492117999999999,2030-05-30 11:00:00,5595.351447995037,3588
3588,0.208,0.5431716,0.5588702,2030-05-30 12:00:00,5464.742719643363,3589
3589,0.212,0.5459482,0.5547416,2030-05-30 13:00:00,5370.0112064379655,3590
3590,0.18,0.5373556,0.549628,2030-05-30 14:00:00,5341.192985790614,3591
3591,0.133,0.5124236,0.5488562,2030-05-30 15:00:00,5495.096571125145,3592
3592,0.088,0.4856348,0.5446466,2030-05-30 16:00:00,5356.387626403562,3593
3593,0.057,0.4496678,0.512383,2030-05-30 17:00:00,5178.579465448456,3594
3594,0.022,0.39405999999999997,0.4694614,2030-05-30 18:00:00,5106.5190301752755,3595
3595,0.001,0.3531744,0.42997120000000005,2030-05-30 19:00:00,4915.997602192252,3596
3596,0.0,0.32369000000000003,0.3924232,2030-05-30 20:00:00,4680.7835992725495,3597
3597,0.0,0.2886428,0.3466212,2030-05-30 21:00:00,4228.421967594615,3598
3598,0.0,0.24842820000000004,0.3154242,2030-05-30 22:00:00,3922.476913769036,3599
3599,0.0,0.219455,0.30196619999999996,2030-05-30 23:00:00,3644.444562234873,3600
3600,0.0,0.19840679999999997,0.28930740000000005,2030-05-31 00:00:00,3514.910316625017,3601
3601,0.0,0.18438539999999998,0.2782974,2030-05-31 01:00:00,3448.1523111176084,3602
3602,0.0,0.17500239999999997,0.2577518,2030-05-31 02:00:00,3407.754683368405,3603
3603,0.008,0.17084780000000002,0.23448539999999998,2030-05-31 03:00:00,3581.457579680306,3604
3604,0.059,0.1534712,0.20995400000000003,2030-05-31 04:00:00,4019.835977441176,3605
3605,0.137,0.1326642,0.1864526,2030-05-31 05:00:00,5032.7855023276625,3606
3606,0.262,0.1153826,0.1727536,2030-05-31 06:00:00,5542.534246903607,3607
3607,0.39,0.1067064,0.1697446,2030-05-31 07:00:00,5799.107706826034,3608
3608,0.507,0.10664100000000001,0.1755438,2030-05-31 08:00:00,5762.048887347837,3609
3609,0.607,0.10402960000000001,0.1821428,2030-05-31 09:00:00,5475.635678741046,3610
3610,0.626,0.10058339999999999,0.18655739999999998,2030-05-31 10:00:00,5184.104915931604,3611
3611,0.613,0.09822539999999999,0.1744284,2030-05-31 11:00:00,5074.721904375644,3612
3612,0.563,0.0971376,0.15580220000000003,2030-05-31 12:00:00,4951.197870225338,3613
3613,0.483,0.09443080000000001,0.1399948,2030-05-31 13:00:00,4803.410292006534,3614
3614,0.379,0.0914808,0.12765680000000001,2030-05-31 14:00:00,4772.2409214339605,3615
3615,0.266,0.08923880000000001,0.12127239999999999,2030-05-31 15:00:00,4920.639654759072,3616
3616,0.177,0.083013,0.1207824,2030-05-31 16:00:00,4856.220928220966,3617
3617,0.094,0.07017,0.1210918,2030-05-31 17:00:00,4789.212782120326,3618
3618,0.034,0.058199,0.1249098,2030-05-31 18:00:00,4779.504328866332,3619
3619,0.002,0.0566372,0.1382854,2030-05-31 19:00:00,4749.37085940995,3620
3620,0.0,0.06944,0.1635198,2030-05-31 20:00:00,4578.601103241998,3621
3621,0.0,0.0913168,0.19916020000000004,2030-05-31 21:00:00,4150.210530100108,3622
3622,0.0,0.12405439999999998,0.241127,2030-05-31 22:00:00,3852.410841733613,3623
3623,0.0,0.1547592,0.2812862,2030-05-31 23:00:00,3580.27046600177,3624
3624,0.0,0.1865856,0.3273512,2030-06-01 00:00:00,3537.968404107371,3625
3625,0.0,0.22757579999999997,0.3679720000000001,2030-06-01 01:00:00,3463.302677242823,3626
3626,0.0,0.26531720000000003,0.406541,2030-06-01 02:00:00,3400.785310227289,3627
3627,0.006,0.2893806,0.433404,2030-06-01 03:00:00,3469.151466852967,3628
3628,0.036,0.29977739999999997,0.4469348,2030-06-01 04:00:00,4031.073986395615,3629
3629,0.072,0.3110432,0.4625744,2030-06-01 05:00:00,4937.611793714361,3630
3630,0.119,0.35234160000000003,0.4888882,2030-06-01 06:00:00,5498.168573598287,3631
3631,0.215,0.39407200000000003,0.5085270000000001,2030-06-01 07:00:00,5764.10989498245,3632
3632,0.317,0.45084040000000003,0.5156607999999999,2030-06-01 08:00:00,5746.426856428051,3633
3633,0.43,0.49928739999999994,0.529321,2030-06-01 09:00:00,5488.313241228278,3634
3634,0.465,0.5140064000000001,0.5296526,2030-06-01 10:00:00,5173.767721786779,3635
3635,0.486,0.49655440000000006,0.520691,2030-06-01 11:00:00,5021.241509107922,3636
3636,0.521,0.48106480000000007,0.508953,2030-06-01 12:00:00,4795.764874762781,3637
3637,0.478,0.4712632,0.4923292,2030-06-01 13:00:00,4619.932280735836,3638
3638,0.363,0.4575958,0.47657720000000003,2030-06-01 14:00:00,4616.803448120413,3639
3639,0.232,0.4258164,0.44897480000000006,2030-06-01 15:00:00,4784.176351120269,3640
3640,0.155,0.37478439999999996,0.4027488,2030-06-01 16:00:00,4712.932316138969,3641
3641,0.098,0.3120294,0.35876319999999995,2030-06-01 17:00:00,4601.951832030034,3642
3642,0.045,0.24624359999999998,0.31615279999999996,2030-06-01 18:00:00,4539.623211891641,3643
3643,0.004,0.22046280000000001,0.2880032,2030-06-01 19:00:00,4460.974800159838,3644
3644,0.0,0.21527020000000002,0.2715042,2030-06-01 20:00:00,4324.476004571397,3645
3645,0.0,0.2077596,0.2537234,2030-06-01 21:00:00,4008.822283216139,3646
3646,0.0,0.1875066,0.2350726,2030-06-01 22:00:00,3813.845765925606,3647
3647,0.0,0.15943680000000002,0.20687860000000002,2030-06-01 23:00:00,3527.643415336098,3648
3648,0.0,0.1344458,0.1782648,2030-06-02 00:00:00,3350.010986788592,3649
3649,0.0,0.10882260000000002,0.1493836,2030-06-02 01:00:00,3245.933832551428,3650
3650,0.0,0.0807166,0.1244162,2030-06-02 02:00:00,3126.98827830731,3651
3651,0.02,0.0579024,0.10345739999999999,2030-06-02 03:00:00,3105.041690554229,3652
3652,0.108,0.0391872,0.090658,2030-06-02 04:00:00,3320.054140858356,3653
3653,0.221,0.026957199999999997,0.0892202,2030-06-02 05:00:00,3839.576232983247,3654
3654,0.329,0.0306834,0.10189839999999999,2030-06-02 06:00:00,4181.89617593129,3655
3655,0.423,0.045603599999999994,0.1285984,2030-06-02 07:00:00,4504.091512907396,3656
3656,0.475,0.0689538,0.1596758,2030-06-02 08:00:00,4573.7619737168225,3657
3657,0.499,0.09470340000000001,0.1952044,2030-06-02 09:00:00,4357.974578652882,3658
3658,0.534,0.11544240000000001,0.22222160000000005,2030-06-02 10:00:00,4126.557536133283,3659
3659,0.502,0.13273079999999998,0.24166340000000003,2030-06-02 11:00:00,4016.5620655496623,3660
3660,0.401,0.1481106,0.25754219999999994,2030-06-02 12:00:00,3900.031999173839,3661
3661,0.339,0.1657046,0.27579279999999995,2030-06-02 13:00:00,3867.532965920745,3662
3662,0.288,0.1826632,0.287883,2030-06-02 14:00:00,3943.710658278699,3663
3663,0.237,0.19656839999999998,0.306175,2030-06-02 15:00:00,4155.101695750686,3664
3664,0.164,0.22042259999999997,0.3350458,2030-06-02 16:00:00,4164.247207915222,3665
3665,0.088,0.253471,0.37540320000000005,2030-06-02 17:00:00,4151.837201396418,3666
3666,0.034,0.2909758,0.42676780000000003,2030-06-02 18:00:00,4150.665421636168,3667
3667,0.002,0.3320728,0.479141,2030-06-02 19:00:00,4139.996056567807,3668
3668,0.0,0.36164680000000005,0.5157442000000001,2030-06-02 20:00:00,4047.511737903676,3669
3669,0.0,0.3790418,0.5358112,2030-06-02 21:00:00,3820.77420659892,3670
3670,0.0,0.3825072,0.533493,2030-06-02 22:00:00,3679.461031407473,3671
3671,0.0,0.3635646,0.5220524,2030-06-02 23:00:00,3415.8461009835864,3672
3672,0.0,0.34147740000000004,0.5069156,2030-06-03 00:00:00,3253.347499004777,3673
3673,0.0,0.312742,0.4818708,2030-06-03 01:00:00,3131.03121271764,3674
3674,0.0,0.2740532,0.4445208,2030-06-03 02:00:00,2990.802946438125,3675
3675,0.008,0.23546019999999998,0.407827,2030-06-03 03:00:00,2938.53047065926,3676
3676,0.056,0.2218056,0.3797858,2030-06-03 04:00:00,3134.293372761612,3677
3677,0.12,0.21156540000000001,0.345456,2030-06-03 05:00:00,3586.728634479225,3678
3678,0.166,0.21504380000000003,0.36003820000000003,2030-06-03 06:00:00,3900.4249156519127,3679
3679,0.247,0.23112719999999998,0.3780088,2030-06-03 07:00:00,4220.554608035578,3680
3680,0.357,0.24678400000000003,0.347504,2030-06-03 08:00:00,4316.618747698264,3681
3681,0.5,0.24199959999999998,0.295283,2030-06-03 09:00:00,4195.0750380462005,3682
3682,0.59,0.2286396,0.2634638,2030-06-03 10:00:00,4058.643833595931,3683
3683,0.566,0.2003648,0.2366322,2030-06-03 11:00:00,4041.313845754348,3684
3684,0.486,0.1798338,0.22871319999999998,2030-06-03 12:00:00,3964.7427509109048,3685
3685,0.312,0.200949,0.249604,2030-06-03 13:00:00,3965.145156359279,3686
3686,0.195,0.1974888,0.2632936,2030-06-03 14:00:00,4035.4302270717844,3687
3687,0.133,0.1530188,0.2586026,2030-06-03 15:00:00,4253.086240212249,3688
3688,0.084,0.12178140000000001,0.25123759999999995,2030-06-03 16:00:00,4295.192944183789,3689
3689,0.042,0.1114794,0.25824939999999996,2030-06-03 17:00:00,4281.948948051919,3690
3690,0.021,0.1048794,0.2644024,2030-06-03 18:00:00,4318.706235056038,3691
3691,0.003,0.10531140000000001,0.25527740000000004,2030-06-03 19:00:00,4183.228596147133,3692
3692,0.0,0.11036019999999999,0.22680240000000002,2030-06-03 20:00:00,4048.4422250386992,3693
3693,0.0,0.1116268,0.19836979999999999,2030-06-03 21:00:00,3720.663144485441,3694
3694,0.0,0.10565479999999998,0.17215280000000002,2030-06-03 22:00:00,3548.036393402797,3695
3695,0.0,0.09559959999999999,0.15235119999999996,2030-06-03 23:00:00,3311.2734875238857,3696
3696,0.0,0.0840526,0.137685,2030-06-04 00:00:00,3362.939497751675,3697
3697,0.0,0.0719762,0.1279282,2030-06-04 01:00:00,3302.57866144115,3698
3698,0.0,0.0631022,0.12190419999999999,2030-06-04 02:00:00,3242.205582120926,3699
3699,0.025,0.0581364,0.11813480000000001,2030-06-04 03:00:00,3371.911114889067,3700
3700,0.107,0.0525694,0.115828,2030-06-04 04:00:00,3900.98290000944,3701
3701,0.218,0.044483400000000006,0.1140904,2030-06-04 05:00:00,4873.748825737472,3702
3702,0.349,0.0405492,0.1141626,2030-06-04 06:00:00,5393.737527401928,3703
3703,0.459,0.037601,0.11678519999999999,2030-06-04 07:00:00,5553.649773055875,3704
3704,0.538,0.0352926,0.12118740000000001,2030-06-04 08:00:00,5520.262573632785,3705
3705,0.575,0.0309192,0.11924039999999998,2030-06-04 09:00:00,5308.669371124031,3706
3706,0.574,0.025598799999999998,0.11005340000000001,2030-06-04 10:00:00,5067.602980841306,3707
3707,0.554,0.0209118,0.101791,2030-06-04 11:00:00,5022.685394154728,3708
3708,0.546,0.0181394,0.0921296,2030-06-04 12:00:00,4918.107727806477,3709
3709,0.491,0.018032199999999998,0.08703440000000001,2030-06-04 13:00:00,4781.551605717823,3710
3710,0.392,0.020113,0.08632759999999999,2030-06-04 14:00:00,4790.757341051583,3711
3711,0.285,0.029264400000000003,0.09679019999999999,2030-06-04 15:00:00,4972.400469838768,3712
3712,0.187,0.05049680000000001,0.11781780000000001,2030-06-04 16:00:00,4907.429509877298,3713
3713,0.104,0.0733468,0.1383702,2030-06-04 17:00:00,4781.9569777635215,3714
3714,0.043,0.11024700000000001,0.1887222,2030-06-04 18:00:00,4714.633329278358,3715
3715,0.004,0.18108240000000003,0.2642232,2030-06-04 19:00:00,4654.883768019992,3716
3716,0.0,0.23779659999999997,0.3170986,2030-06-04 20:00:00,4473.430717869099,3717
3717,0.0,0.2534976,0.3556588,2030-06-04 21:00:00,4088.475399282378,3718
3718,0.0,0.28496200000000005,0.40466579999999996,2030-06-04 22:00:00,3882.750720600527,3719
3719,0.0,0.3444958,0.47123659999999995,2030-06-04 23:00:00,3661.066954163743,3720
3720,0.0,0.41728639999999995,0.5244982,2030-06-05 00:00:00,3436.7291400341,3721
3721,0.0,0.45182859999999997,0.5391598,2030-06-05 01:00:00,3375.465982162878,3722
3722,0.0,0.4352232,0.5501314,2030-06-05 02:00:00,3329.272637298859,3723
3723,0.007,0.3798616,0.5343867999999999,2030-06-05 03:00:00,3405.396003456262,3724
3724,0.048,0.32528579999999996,0.4875648,2030-06-05 04:00:00,3967.738217752258,3725
3725,0.122,0.28377220000000003,0.45256300000000005,2030-06-05 05:00:00,4878.360328662928,3726
3726,0.231,0.2554602,0.4325526,2030-06-05 06:00:00,5326.914439401849,3727
3727,0.361,0.25126879999999996,0.4023282,2030-06-05 07:00:00,5464.482332273281,3728
3728,0.47,0.2201576,0.34460159999999995,2030-06-05 08:00:00,5424.283623081794,3729
3729,0.543,0.17844,0.28747,2030-06-05 09:00:00,5223.117012821817,3730
3730,0.593,0.1328546,0.2327,2030-06-05 10:00:00,5008.408865004289,3731
3731,0.61,0.10009700000000002,0.1782048,2030-06-05 11:00:00,4945.962960930241,3732
3732,0.578,0.06992799999999999,0.13407940000000002,2030-06-05 12:00:00,4831.043529979438,3733
3733,0.509,0.04505060000000001,0.11517920000000001,2030-06-05 13:00:00,4696.242571900836,3734
3734,0.405,0.0328918,0.08898120000000001,2030-06-05 14:00:00,4672.561969101379,3735
3735,0.295,0.035821,0.09381619999999999,2030-06-05 15:00:00,4823.252912241456,3736
3736,0.195,0.0526412,0.12480659999999999,2030-06-05 16:00:00,4769.577344282529,3737
3737,0.106,0.0826538,0.16560460000000002,2030-06-05 17:00:00,4693.871314524598,3738
3738,0.042,0.126997,0.21258280000000002,2030-06-05 18:00:00,4672.853000093906,3739
3739,0.004,0.1919208,0.2657212,2030-06-05 19:00:00,4594.728509824244,3740
3740,0.0,0.25367300000000004,0.3072844,2030-06-05 20:00:00,4437.329536639297,3741
3741,0.0,0.2855166,0.33743540000000005,2030-06-05 21:00:00,4039.899747713983,3742
3742,0.0,0.29569500000000004,0.3638988,2030-06-05 22:00:00,3786.0193202640803,3743
3743,0.0,0.3067688,0.3944486,2030-06-05 23:00:00,3527.036689617633,3744
3744,0.0,0.322618,0.4358238,2030-06-06 00:00:00,3464.768763039522,3745
3745,0.0,0.3411958,0.48554840000000005,2030-06-06 01:00:00,3388.085139991562,3746
3746,0.0,0.35216820000000004,0.5230121999999999,2030-06-06 02:00:00,3316.945482477587,3747
3747,0.024,0.3364932,0.5394762,2030-06-06 03:00:00,3411.4733084779173,3748
3748,0.103,0.29719280000000003,0.5363038,2030-06-06 04:00:00,3963.707337841504,3749
3749,0.215,0.26659520000000003,0.5265365999999999,2030-06-06 05:00:00,4869.20934810059,3750
3750,0.341,0.26251959999999996,0.5234361999999999,2030-06-06 06:00:00,5329.37603915808,3751
3751,0.464,0.30750219999999995,0.5302672,2030-06-06 07:00:00,5475.514436167434,3752
3752,0.548,0.36421539999999997,0.5521879999999999,2030-06-06 08:00:00,5482.48478383958,3753
3753,0.578,0.40692000000000006,0.5643858,2030-06-06 09:00:00,5335.139044065296,3754
3754,0.596,0.41809660000000004,0.5471874000000001,2030-06-06 10:00:00,5097.50746162377,3755
3755,0.577,0.4043502,0.5098817999999999,2030-06-06 11:00:00,5024.74746006404,3756
3756,0.506,0.3825299999999999,0.48705420000000005,2030-06-06 12:00:00,4924.314510180697,3757
3757,0.401,0.36433980000000005,0.47919100000000003,2030-06-06 13:00:00,4787.902838298969,3758
3758,0.296,0.33746780000000004,0.45870820000000007,2030-06-06 14:00:00,4785.674855906727,3759
3759,0.203,0.3074586,0.416498,2030-06-06 15:00:00,4934.795031180685,3760
3760,0.124,0.2932274,0.3738538,2030-06-06 16:00:00,4864.299038630725,3761
3761,0.061,0.286777,0.34594759999999997,2030-06-06 17:00:00,4746.947336257238,3762
3762,0.021,0.2737412,0.3349972,2030-06-06 18:00:00,4720.471126218609,3763
3763,0.001,0.25927540000000004,0.33426520000000004,2030-06-06 19:00:00,4622.669896096575,3764
3764,0.0,0.2541744,0.3326534,2030-06-06 20:00:00,4373.775322342342,3765
3765,0.0,0.24389380000000002,0.3104424,2030-06-06 21:00:00,3979.9155537988736,3766
3766,0.0,0.2183172,0.2764544,2030-06-06 22:00:00,3716.355107469447,3767
3767,0.0,0.19579300000000002,0.24223239999999996,2030-06-06 23:00:00,3431.45854173482,3768
3768,0.0,0.190712,0.2278378,2030-06-07 00:00:00,3522.250789518666,3769
3769,0.0,0.1953628,0.2302292,2030-06-07 01:00:00,3444.469967499259,3770
3770,0.0,0.1922884,0.230241,2030-06-07 02:00:00,3367.2613533416106,3771
3771,0.007,0.1734008,0.2068588,2030-06-07 03:00:00,3477.546544142972,3772
3772,0.044,0.142841,0.17714020000000003,2030-06-07 04:00:00,3986.711236830936,3773
3773,0.115,0.11101639999999999,0.15102580000000002,2030-06-07 05:00:00,4956.717700820791,3774
3774,0.227,0.0860922,0.127447,2030-06-07 06:00:00,5485.962618843698,3775
3775,0.37,0.0649218,0.1040328,2030-06-07 07:00:00,5647.711693555827,3776
3776,0.498,0.0453402,0.08331279999999999,2030-06-07 08:00:00,5615.62185491925,3777
3777,0.599,0.0361232,0.06684419999999999,2030-06-07 09:00:00,5376.397955440115,3778
3778,0.662,0.031007799999999995,0.057262999999999994,2030-06-07 10:00:00,5134.502370227785,3779
3779,0.659,0.027611200000000002,0.052735,2030-06-07 11:00:00,5031.976349709041,3780
3780,0.606,0.0249938,0.0484934,2030-06-07 12:00:00,4897.505169388345,3781
3781,0.534,0.025515799999999998,0.04584819999999999,2030-06-07 13:00:00,4738.584277271626,3782
3782,0.426,0.028487400000000003,0.047473,2030-06-07 14:00:00,4731.026766536969,3783
3783,0.304,0.033427,0.0505416,2030-06-07 15:00:00,4874.847492925787,3784
3784,0.204,0.039038199999999995,0.0549358,2030-06-07 16:00:00,4823.694963478072,3785
3785,0.109,0.0467612,0.06594119999999999,2030-06-07 17:00:00,4741.224157569607,3786
3786,0.045,0.061100399999999985,0.0884384,2030-06-07 18:00:00,4748.808466851213,3787
3787,0.006,0.09701980000000002,0.129546,2030-06-07 19:00:00,4667.166156706662,3788
3788,0.0,0.1439488,0.1816546,2030-06-07 20:00:00,4511.976957288551,3789
3789,0.0,0.1903242,0.2319296,2030-06-07 21:00:00,4149.284993843804,3790
3790,0.0,0.2317408,0.2776106,2030-06-07 22:00:00,3887.238807586865,3791
3791,0.0,0.259475,0.31412260000000003,2030-06-07 23:00:00,3627.6447635965596,3792
3792,0.0,0.2794842,0.35265359999999996,2030-06-08 00:00:00,3543.048810561692,3793
3793,0.0,0.290123,0.4064616,2030-06-08 01:00:00,3465.512738575748,3794
3794,0.0,0.3327836,0.4455222,2030-06-08 02:00:00,3391.3646010130283,3795
3795,0.003,0.3115312,0.4409546,2030-06-08 03:00:00,3453.976139349271,3796
3796,0.035,0.2600504,0.4051294,2030-06-08 04:00:00,3835.947749797136,3797
3797,0.124,0.22498080000000004,0.3778566,2030-06-08 05:00:00,4883.198038256903,3798
3798,0.272,0.3034894,0.39965119999999993,2030-06-08 06:00:00,5441.997135224035,3799
3799,0.41,0.3758344,0.43955120000000003,2030-06-08 07:00:00,5629.97950589253,3800
3800,0.494,0.4281586,0.481178,2030-06-08 08:00:00,5619.691657645195,3801
3801,0.503,0.48252939999999994,0.5339463999999999,2030-06-08 09:00:00,5414.9350011217275,3802
3802,0.455,0.5322506,0.5865897999999999,2030-06-08 10:00:00,5136.068608605552,3803
3803,0.437,0.5665156,0.6069019999999999,2030-06-08 11:00:00,4954.770597087994,3804
3804,0.392,0.5946342,0.6106994,2030-06-08 12:00:00,4805.104782404722,3805
3805,0.346,0.6175666,0.6166464,2030-06-08 13:00:00,4673.229855672059,3806
3806,0.276,0.6237039999999999,0.6224816000000001,2030-06-08 14:00:00,4735.015874052351,3807
3807,0.194,0.5996146,0.6151175999999999,2030-06-08 15:00:00,4902.768711831635,3808
3808,0.151,0.5607179999999999,0.6000196000000001,2030-06-08 16:00:00,4829.70690644163,3809
3809,0.098,0.542178,0.5843054,2030-06-08 17:00:00,4694.762195998021,3810
3810,0.04,0.5410578,0.578959,2030-06-08 18:00:00,4624.9451216998095,3811
3811,0.003,0.5454144,0.585375,2030-06-08 19:00:00,4561.551048938819,3812
3812,0.0,0.5480942,0.5930426000000001,2030-06-08 20:00:00,4419.058388558578,3813
3813,0.0,0.5555804,0.6020548,2030-06-08 21:00:00,4172.4904675862035,3814
3814,0.0,0.5617896,0.6016588,2030-06-08 22:00:00,3998.416355825426,3815
3815,0.0,0.5614834,0.6028868000000001,2030-06-08 23:00:00,3720.32677475781,3816
3816,0.0,0.5494931999999999,0.607081,2030-06-09 00:00:00,3601.790225571449,3817
3817,0.0,0.5323918000000001,0.6092756,2030-06-09 01:00:00,3510.662692101221,3818
3818,0.0,0.5212642,0.6069802,2030-06-09 02:00:00,3369.552012965418,3819
3819,0.019,0.5075072,0.5969606,2030-06-09 03:00:00,3317.249181558662,3820
3820,0.08,0.5037326,0.601058,2030-06-09 04:00:00,3501.81654240209,3821
3821,0.172,0.5220262,0.6165908,2030-06-09 05:00:00,3972.812845929637,3822
3822,0.295,0.5339944,0.608054,2030-06-09 06:00:00,4338.678694921693,3823
3823,0.405,0.5361556000000001,0.5928116,2030-06-09 07:00:00,4678.077424838456,3824
3824,0.516,0.5289268,0.5730397999999999,2030-06-09 08:00:00,4748.618281676995,3825
3825,0.597,0.5039748,0.541734,2030-06-09 09:00:00,4522.884822031319,3826
3826,0.612,0.45676760000000005,0.4953294,2030-06-09 10:00:00,4304.752902648329,3827
3827,0.569,0.3983654,0.4311286,2030-06-09 11:00:00,4169.68563193028,3828
3828,0.57,0.338935,0.3629222,2030-06-09 12:00:00,4032.440444936815,3829
3829,0.541,0.28062499999999996,0.2954496,2030-06-09 13:00:00,3949.892105385619,3830
3830,0.44,0.22434859999999998,0.23632540000000005,2030-06-09 14:00:00,4015.244600325977,3831
3831,0.321,0.1783398,0.1869392,2030-06-09 15:00:00,4197.863465615438,3832
3832,0.211,0.1435674,0.155167,2030-06-09 16:00:00,4179.41046584072,3833
3833,0.111,0.1142372,0.133973,2030-06-09 17:00:00,4118.747016090688,3834
3834,0.045,0.090996,0.1233158,2030-06-09 18:00:00,4136.946106565582,3835
3835,0.006,0.0811226,0.1241868,2030-06-09 19:00:00,4121.267110059733,3836
3836,0.0,0.0781332,0.1263834,2030-06-09 20:00:00,4070.4317578563196,3837
3837,0.0,0.0727274,0.1209006,2030-06-09 21:00:00,3877.507845909705,3838
3838,0.0,0.0664922,0.1129132,2030-06-09 22:00:00,3667.1566953061983,3839
3839,0.0,0.0630968,0.1072158,2030-06-09 23:00:00,3402.8830505008536,3840
3840,0.0,0.0597638,0.1052184,2030-06-10 00:00:00,3312.655390509257,3841
3841,0.0,0.0595778,0.10453379999999998,2030-06-10 01:00:00,3206.515933452606,3842
3842,0.0,0.0661342,0.110619,2030-06-10 02:00:00,3078.768192713029,3843
3843,0.022,0.078014,0.12591019999999997,2030-06-10 03:00:00,3071.907262959523,3844
3844,0.086,0.0857446,0.133714,2030-06-10 04:00:00,3220.451281436669,3845
3845,0.175,0.089362,0.14096900000000004,2030-06-10 05:00:00,3736.4593499358807,3846
3846,0.281,0.10266360000000001,0.1570012,2030-06-10 06:00:00,4086.909531442192,3847
3847,0.388,0.12013419999999997,0.1810584,2030-06-10 07:00:00,4373.697415767146,3848
3848,0.434,0.14776000000000003,0.2088126,2030-06-10 08:00:00,4443.958566569204,3849
3849,0.463,0.16916139999999996,0.22160280000000002,2030-06-10 09:00:00,4297.193040820346,3850
3850,0.473,0.17860879999999998,0.2320846,2030-06-10 10:00:00,4135.050350580019,3851
3851,0.478,0.18560700000000002,0.242422,2030-06-10 11:00:00,4092.641842901715,3852
3852,0.451,0.2011978,0.24693140000000002,2030-06-10 12:00:00,4004.1245286674703,3853
3853,0.373,0.22728900000000002,0.2488886,2030-06-10 13:00:00,3954.088719538031,3854
3854,0.292,0.24029040000000004,0.24926519999999996,2030-06-10 14:00:00,4061.5425059045383,3855
3855,0.208,0.24662560000000006,0.2601842,2030-06-10 15:00:00,4339.025903940082,3856
3856,0.152,0.24778939999999997,0.269083,2030-06-10 16:00:00,4364.3194840725555,3857
3857,0.098,0.2404922,0.2764938,2030-06-10 17:00:00,4313.5307319874355,3858
3858,0.041,0.2571968,0.2969632,2030-06-10 18:00:00,4335.942151157373,3859
3859,0.005,0.25647980000000004,0.3011499999999999,2030-06-10 19:00:00,4269.525810734599,3860
3860,0.0,0.23645259999999996,0.305832,2030-06-10 20:00:00,4142.581448106985,3861
3861,0.0,0.2492262,0.308415,2030-06-10 21:00:00,3927.634369697089,3862
3862,0.0,0.2690042,0.33561539999999995,2030-06-10 22:00:00,3695.641005005121,3863
3863,0.0,0.2812024,0.3436204,2030-06-10 23:00:00,3456.451660221803,3864
3864,0.0,0.2839906,0.35344620000000004,2030-06-11 00:00:00,3315.5801400522,3865
3865,0.0,0.287739,0.36155100000000007,2030-06-11 01:00:00,3270.198524259341,3866
3866,0.0,0.28571559999999996,0.367002,2030-06-11 02:00:00,3184.309088288109,3867
3867,0.01,0.27992380000000006,0.3625388,2030-06-11 03:00:00,3280.728473370506,3868
3868,0.056,0.2686234,0.34313160000000004,2030-06-11 04:00:00,3795.584077639356,3869
3869,0.123,0.2551648,0.33167859999999993,2030-06-11 05:00:00,4717.900028130867,3870
3870,0.196,0.2757794,0.33703000000000005,2030-06-11 06:00:00,5251.712211164403,3871
3871,0.283,0.3002844,0.3502842,2030-06-11 07:00:00,5554.801405415645,3872
3872,0.367,0.323454,0.3654076,2030-06-11 08:00:00,5538.067984379797,3873
3873,0.45,0.3297772,0.3649738,2030-06-11 09:00:00,5345.991692727379,3874
3874,0.452,0.3310866,0.36488439999999994,2030-06-11 10:00:00,5120.948477343921,3875
3875,0.444,0.3294106,0.3696064,2030-06-11 11:00:00,5052.580173148104,3876
3876,0.391,0.32582760000000005,0.37731760000000003,2030-06-11 12:00:00,4988.427966157069,3877
3877,0.337,0.32225380000000003,0.3938698,2030-06-11 13:00:00,4857.508172139118,3878
3878,0.279,0.3148994,0.40694679999999994,2030-06-11 14:00:00,4812.127399136982,3879
3879,0.217,0.29171199999999997,0.42552319999999993,2030-06-11 15:00:00,4995.965750405114,3880
3880,0.148,0.2524708,0.4261342000000001,2030-06-11 16:00:00,4908.390244324641,3881
3881,0.088,0.217793,0.4232456,2030-06-11 17:00:00,4759.252222211366,3882
3882,0.034,0.195285,0.4146242,2030-06-11 18:00:00,4688.298839433515,3883
3883,0.003,0.1825816,0.3908372,2030-06-11 19:00:00,4589.716076337592,3884
3884,0.0,0.1784478,0.3578594,2030-06-11 20:00:00,4380.576576673692,3885
3885,0.0,0.17367879999999997,0.3155148,2030-06-11 21:00:00,4069.158132916563,3886
3886,0.0,0.1692438,0.2767866,2030-06-11 22:00:00,3775.2179058210204,3887
3887,0.0,0.166691,0.2555422,2030-06-11 23:00:00,3510.5092142790836,3888
3888,0.0,0.1710146,0.24910680000000002,2030-06-12 00:00:00,3414.0555469988262,3889
3889,0.0,0.1824556,0.2592136,2030-06-12 01:00:00,3319.7830633192916,3890
3890,0.0,0.21418520000000002,0.2746034,2030-06-12 02:00:00,3241.817854654822,3891
3891,0.006,0.2538844,0.29123519999999997,2030-06-12 03:00:00,3335.168703029333,3892
3892,0.027,0.28479540000000003,0.32485679999999995,2030-06-12 04:00:00,3828.7154427231853,3893
3893,0.058,0.31762860000000004,0.37218819999999997,2030-06-12 05:00:00,4908.230534973547,3894
3894,0.122,0.3180542,0.4185192,2030-06-12 06:00:00,5497.365931723782,3895
3895,0.212,0.33010839999999997,0.4604163999999999,2030-06-12 07:00:00,5698.439799913559,3896
3896,0.286,0.3408884,0.4859704000000001,2030-06-12 08:00:00,5699.499239077432,3897
3897,0.357,0.3491894,0.48715720000000007,2030-06-12 09:00:00,5496.758960068599,3898
3898,0.399,0.33316,0.456503,2030-06-12 10:00:00,5255.942625875287,3899
3899,0.401,0.29601360000000004,0.41500339999999997,2030-06-12 11:00:00,5151.323353783326,3900
3900,0.389,0.27267719999999995,0.38623620000000003,2030-06-12 12:00:00,5015.166518473177,3901
3901,0.341,0.2646152,0.3794918,2030-06-12 13:00:00,4878.572936364004,3902
3902,0.262,0.2572312,0.370068,2030-06-12 14:00:00,4865.423068368973,3903
3903,0.185,0.2384884,0.3576868,2030-06-12 15:00:00,5063.642260606175,3904
3904,0.11,0.214186,0.3488886,2030-06-12 16:00:00,4982.618432525111,3905
3905,0.051,0.1908398,0.3442674,2030-06-12 17:00:00,4863.918857941607,3906
3906,0.017,0.1767198,0.3472562,2030-06-12 18:00:00,4837.589586076832,3907
3907,0.001,0.1774252,0.3622292,2030-06-12 19:00:00,4817.647309416436,3908
3908,0.0,0.17710140000000002,0.3758978,2030-06-12 20:00:00,4488.40985721449,3909
3909,0.0,0.1763462,0.38699439999999996,2030-06-12 21:00:00,4143.405374778953,3910
3910,0.0,0.1932578,0.411601,2030-06-12 22:00:00,3851.935532965008,3911
3911,0.0,0.2232926,0.411507,2030-06-12 23:00:00,3576.470757744013,3912
3912,0.0,0.2394964,0.3583266,2030-06-13 00:00:00,3476.866737803633,3913
3913,0.0,0.2652832,0.3552632,2030-06-13 01:00:00,3393.156031521815,3914
3914,0.0,0.263963,0.378495,2030-06-13 02:00:00,3313.472776069209,3915
3915,0.021,0.2418882,0.3663792,2030-06-13 03:00:00,3443.732007876665,3916
3916,0.109,0.21440200000000004,0.3315502,2030-06-13 04:00:00,3943.466106616535,3917
3917,0.232,0.21216240000000003,0.30789900000000003,2030-06-13 05:00:00,4874.557393789917,3918
3918,0.365,0.2070028,0.2928152,2030-06-13 06:00:00,5369.470640487726,3919
3919,0.492,0.19597979999999998,0.2936244,2030-06-13 07:00:00,5542.64565400698,3920
3920,0.585,0.20639919999999998,0.3368866,2030-06-13 08:00:00,5517.031541539039,3921
3921,0.649,0.2111624,0.33751680000000006,2030-06-13 09:00:00,5328.460412547052,3922
3922,0.667,0.23795380000000002,0.3118842,2030-06-13 10:00:00,5127.94893613955,3923
3923,0.638,0.26130780000000003,0.2991748,2030-06-13 11:00:00,5037.584663181253,3924
3924,0.567,0.268494,0.29323299999999997,2030-06-13 12:00:00,4943.556199308926,3925
3925,0.466,0.2561716,0.2904844,2030-06-13 13:00:00,4800.837285465492,3926
3926,0.37,0.22672119999999998,0.2763324,2030-06-13 14:00:00,4765.328867901551,3927
3927,0.272,0.180444,0.2457084,2030-06-13 15:00:00,4921.61235680337,3928
3928,0.18,0.1286822,0.208854,2030-06-13 16:00:00,4837.789495438031,3929
3929,0.101,0.0846084,0.18284620000000001,2030-06-13 17:00:00,4742.359304458216,3930
3930,0.045,0.06968120000000001,0.1842036,2030-06-13 18:00:00,4727.979717950844,3931
3931,0.007,0.0846728,0.21396859999999998,2030-06-13 19:00:00,4648.370405046799,3932
3932,0.0,0.11724760000000001,0.2564742,2030-06-13 20:00:00,4480.352848870696,3933
3933,0.0,0.1568292,0.292339,2030-06-13 21:00:00,4122.92992902168,3934
3934,0.0,0.19240299999999996,0.3258372,2030-06-13 22:00:00,3803.39212036677,3935
3935,0.0,0.21002240000000003,0.3419624,2030-06-13 23:00:00,3524.8775520075983,3936
3936,0.0,0.2082224,0.32953459999999996,2030-06-14 00:00:00,3416.79858574469,3937
3937,0.0,0.1909418,0.30305879999999996,2030-06-14 01:00:00,3337.595857038758,3938
3938,0.0,0.17054719999999998,0.2747612,2030-06-14 02:00:00,3257.36868161474,3939
3939,0.028,0.1519872,0.2554058,2030-06-14 03:00:00,3384.902719927034,3940
3940,0.11,0.12039680000000001,0.234632,2030-06-14 04:00:00,3877.6693522988307,3941
3941,0.222,0.09727940000000002,0.2226264,2030-06-14 05:00:00,4818.445563435893,3942
3942,0.344,0.120424,0.2312266,2030-06-14 06:00:00,5311.161360117089,3943
3943,0.46,0.14534700000000003,0.2433974,2030-06-14 07:00:00,5493.698138576895,3944
3944,0.552,0.1673054,0.2551336,2030-06-14 08:00:00,5447.652047101205,3945
3945,0.629,0.1686774,0.24764080000000002,2030-06-14 09:00:00,5243.7773219466235,3946
3946,0.665,0.1506554,0.21628340000000001,2030-06-14 10:00:00,5025.830811054512,3947
3947,0.646,0.1256718,0.1818644,2030-06-14 11:00:00,4993.248701180812,3948
3948,0.549,0.12296880000000002,0.1679852,2030-06-14 12:00:00,4862.8419168321125,3949
3949,0.418,0.12193260000000002,0.1586454,2030-06-14 13:00:00,4724.964191791245,3950
3950,0.278,0.10003139999999999,0.1344986,2030-06-14 14:00:00,4747.35855195347,3951
3951,0.18,0.085383,0.1254548,2030-06-14 15:00:00,4980.204451948909,3952
3952,0.133,0.0935532,0.14223239999999998,2030-06-14 16:00:00,4892.404039682666,3953
3953,0.093,0.1133828,0.1699804,2030-06-14 17:00:00,4765.416130664599,3954
3954,0.039,0.1245352,0.1944082,2030-06-14 18:00:00,4707.522869245734,3955
3955,0.004,0.131323,0.21551,2030-06-14 19:00:00,4637.108447713445,3956
3956,0.0,0.1418124,0.22758240000000002,2030-06-14 20:00:00,4462.39633488187,3957
3957,0.0,0.158541,0.238475,2030-06-14 21:00:00,4105.197323879605,3958
3958,0.0,0.17181860000000002,0.2456016,2030-06-14 22:00:00,3781.319753983775,3959
3959,0.0,0.1671396,0.2446504,2030-06-14 23:00:00,3502.9348027998303,3960
3960,0.0,0.1728912,0.24948120000000001,2030-06-15 00:00:00,3424.979581366486,3961
3961,0.0,0.17768,0.2476318,2030-06-15 01:00:00,3339.61163883454,3962
3962,0.0,0.181032,0.2491362,2030-06-15 02:00:00,3261.0711515713238,3963
3963,0.014,0.1794992,0.2563468,2030-06-15 03:00:00,3370.6573991722607,3964
3964,0.052,0.1626782,0.26432639999999996,2030-06-15 04:00:00,3880.600007555492,3965
3965,0.104,0.1504178,0.277811,2030-06-15 05:00:00,4798.908556270773,3966
3966,0.161,0.1652852,0.3004662,2030-06-15 06:00:00,5304.826342600266,3967
3967,0.2,0.19358920000000002,0.3314524,2030-06-15 07:00:00,5520.75436288859,3968
3968,0.2,0.23421599999999998,0.3756234,2030-06-15 08:00:00,5514.770696797582,3969
3969,0.197,0.27800020000000003,0.42272119999999996,2030-06-15 09:00:00,5305.416113681335,3970
3970,0.212,0.3410956,0.47490160000000003,2030-06-15 10:00:00,5063.578783078582,3971
3971,0.239,0.4170358,0.5081420000000001,2030-06-15 11:00:00,4953.036066746653,3972
3972,0.238,0.468483,0.4980878000000001,2030-06-15 12:00:00,4784.688095763011,3973
3973,0.191,0.471624,0.45237239999999995,2030-06-15 13:00:00,4666.188318160008,3974
3974,0.164,0.4429964,0.40264439999999996,2030-06-15 14:00:00,4610.0454555534125,3975
3975,0.139,0.41532559999999996,0.3792434,2030-06-15 15:00:00,4817.703935361929,3976
3976,0.103,0.4016674,0.40705280000000005,2030-06-15 16:00:00,4772.766201149407,3977
3977,0.066,0.38026340000000003,0.44442080000000006,2030-06-15 17:00:00,4644.445087120319,3978
3978,0.029,0.33745840000000005,0.4562024,2030-06-15 18:00:00,4547.868538935054,3979
3979,0.003,0.2715988,0.4392486,2030-06-15 19:00:00,4458.954430616729,3980
3980,0.0,0.23083979999999998,0.4061962,2030-06-15 20:00:00,4186.129107555653,3981
3981,0.0,0.214131,0.34976240000000003,2030-06-15 21:00:00,3958.775587446322,3982
3982,0.0,0.21525160000000004,0.284549,2030-06-15 22:00:00,3683.822453299581,3983
3983,0.0,0.21982980000000002,0.2634778,2030-06-15 23:00:00,3399.712244201479,3984
3984,0.0,0.22333019999999998,0.2641334,2030-06-16 00:00:00,3279.123781016681,3985
3985,0.0,0.2364052,0.2713702,2030-06-16 01:00:00,3168.374647453429,3986
3986,0.0,0.2395648,0.281393,2030-06-16 02:00:00,3046.170621002084,3987
3987,0.02,0.2320904,0.2802354,2030-06-16 03:00:00,3018.95557276477,3988
3988,0.085,0.2186012,0.2671876,2030-06-16 04:00:00,3201.238906256401,3989
3989,0.205,0.22472320000000004,0.2627566,2030-06-16 05:00:00,3736.847601901776,3990
3990,0.343,0.239019,0.2666012,2030-06-16 06:00:00,4103.819095468697,3991
3991,0.479,0.24517899999999998,0.2764782,2030-06-16 07:00:00,4391.30758914631,3992
3992,0.577,0.24372120000000003,0.2808596,2030-06-16 08:00:00,4456.552778550567,3993
3993,0.603,0.2297482,0.27195779999999997,2030-06-16 09:00:00,4256.213070044863,3994
3994,0.576,0.21083020000000002,0.25378259999999997,2030-06-16 10:00:00,4046.929535153366,3995
3995,0.546,0.1967796,0.24222760000000002,2030-06-16 11:00:00,3980.381487238823,3996
3996,0.5,0.186914,0.23468459999999997,2030-06-16 12:00:00,3879.543357697524,3997
3997,0.405,0.1787008,0.2280316,2030-06-16 13:00:00,3835.226479877042,3998
3998,0.3,0.17079640000000001,0.2202426,2030-06-16 14:00:00,3929.3623513835482,3999
3999,0.207,0.1618806,0.2122338,2030-06-16 15:00:00,4129.262773086139,4000
4000,0.155,0.15694179999999996,0.20661379999999996,2030-06-16 16:00:00,4138.6969780409545,4001
4001,0.102,0.150159,0.2013162,2030-06-16 17:00:00,4082.484464922652,4002
4002,0.05,0.13545200000000002,0.1944418,2030-06-16 18:00:00,4079.238738975625,4003
4003,0.009,0.125124,0.18878,2030-06-16 19:00:00,4062.2360845858757,4004
4004,0.0,0.121578,0.18294799999999997,2030-06-16 20:00:00,3982.593131406442,4005
4005,0.0,0.1163722,0.1781586,2030-06-16 21:00:00,3769.38476383331,4006
4006,0.0,0.1086654,0.174796,2030-06-16 22:00:00,3542.0615692401443,4007
4007,0.0,0.10229460000000001,0.1745078,2030-06-16 23:00:00,3276.045729077896,4008
4008,0.0,0.1013752,0.180671,2030-06-17 00:00:00,3137.5662374964213,4009
4009,0.0,0.1041582,0.19137400000000002,2030-06-17 01:00:00,3026.39479112732,4010
4010,0.0,0.11283000000000001,0.20321260000000002,2030-06-17 02:00:00,2896.581943608912,4011
4011,0.037,0.12114099999999998,0.21296779999999998,2030-06-17 03:00:00,2858.294162682885,4012
4012,0.124,0.1058476,0.2077786,2030-06-17 04:00:00,3027.540181560409,4013
4013,0.238,0.10972580000000001,0.20814560000000001,2030-06-17 05:00:00,3530.821676224552,4014
4014,0.364,0.14356220000000003,0.215963,2030-06-17 06:00:00,3863.00334947972,4015
4015,0.488,0.1624066,0.2258184,2030-06-17 07:00:00,4174.660122441172,4016
4016,0.584,0.183826,0.24105420000000005,2030-06-17 08:00:00,4247.54105166473,4017
4017,0.64,0.2043236,0.2538124,2030-06-17 09:00:00,4122.639073294415,4018
4018,0.663,0.2150602,0.2570884,2030-06-17 10:00:00,3980.1025262164003,4019
4019,0.652,0.2147712,0.2505278,2030-06-17 11:00:00,3932.174013317511,4020
4020,0.616,0.20405299999999998,0.235847,2030-06-17 12:00:00,3820.975869083658,4021
4021,0.542,0.18751020000000002,0.21773340000000002,2030-06-17 13:00:00,3775.096749430657,4022
4022,0.43,0.16741540000000002,0.1994138,2030-06-17 14:00:00,3874.024094498197,4023
4023,0.312,0.1428396,0.18169059999999998,2030-06-17 15:00:00,4102.922124241239,4024
4024,0.202,0.11207400000000001,0.16326580000000002,2030-06-17 16:00:00,4160.358209521013,4025
4025,0.108,0.0784276,0.1470304,2030-06-17 17:00:00,4164.022718906506,4026
4026,0.047,0.0509302,0.1353626,2030-06-17 18:00:00,4211.682332749486,4027
4027,0.008,0.047209,0.138744,2030-06-17 19:00:00,4164.712614013194,4028
4028,0.0,0.06645380000000001,0.1554748,2030-06-17 20:00:00,4025.841038397989,4029
4029,0.0,0.0976336,0.1750078,2030-06-17 21:00:00,3770.960806018088,4030
4030,0.0,0.13252040000000004,0.1929058,2030-06-17 22:00:00,3522.4463322316888,4031
4031,0.0,0.16411840000000003,0.20913779999999998,2030-06-17 23:00:00,3285.403798210619,4032
4032,0.0,0.18738480000000002,0.222385,2030-06-18 00:00:00,3172.330831202418,4033
4033,0.0,0.2003082,0.2286218,2030-06-18 01:00:00,3120.579662679891,4034
4034,0.0,0.20829879999999998,0.23518820000000001,2030-06-18 02:00:00,3073.117987834083,4035
4035,0.017,0.20774359999999997,0.22959939999999998,2030-06-18 03:00:00,3213.142623284202,4036
4036,0.053,0.1919358,0.2144158,2030-06-18 04:00:00,3717.851402372371,4037
4037,0.088,0.168692,0.2046052,2030-06-18 05:00:00,4638.365732903656,4038
4038,0.144,0.1591564,0.19648480000000001,2030-06-18 06:00:00,5152.428487822183,4039
4039,0.237,0.16427920000000001,0.19679860000000002,2030-06-18 07:00:00,5380.541104712186,4040
4040,0.361,0.17273180000000005,0.2089606,2030-06-18 08:00:00,5379.522321744149,4041
4041,0.497,0.1733308,0.2077474,2030-06-18 09:00:00,5202.257451056425,4042
4042,0.574,0.168038,0.20365280000000002,2030-06-18 10:00:00,5000.22146127925,4043
4043,0.563,0.1600536,0.1986788,2030-06-18 11:00:00,4953.420372491897,4044
4044,0.502,0.15017299999999997,0.1907086,2030-06-18 12:00:00,4847.922105615685,4045
4045,0.428,0.1374534,0.1786052,2030-06-18 13:00:00,4709.514608863708,4046
4046,0.335,0.12098680000000002,0.16626899999999997,2030-06-18 14:00:00,4679.92842565107,4047
4047,0.228,0.106778,0.15385759999999998,2030-06-18 15:00:00,4828.763247248495,4048
4048,0.142,0.09586419999999998,0.14365840000000002,2030-06-18 16:00:00,4809.782623688547,4049
4049,0.077,0.09086780000000001,0.13969120000000002,2030-06-18 17:00:00,4690.8092635260455,4050
4050,0.035,0.094483,0.1441776,2030-06-18 18:00:00,4643.843167442477,4051
4051,0.006,0.099963,0.1491432,2030-06-18 19:00:00,4553.544427955111,4052
4052,0.0,0.10596359999999998,0.14982219999999996,2030-06-18 20:00:00,4375.786055036532,4053
4053,0.0,0.101007,0.1413376,2030-06-18 21:00:00,4034.554946712764,4054
4054,0.0,0.0902868,0.1321756,2030-06-18 22:00:00,3691.540973324808,4055
4055,0.0,0.078959,0.1267552,2030-06-18 23:00:00,3408.051523264232,4056
4056,0.0,0.0697326,0.1189392,2030-06-19 00:00:00,3309.96842659103,4057
4057,0.0,0.063478,0.10895060000000001,2030-06-19 01:00:00,3208.623318801408,4058
4058,0.0,0.059640799999999994,0.10051339999999997,2030-06-19 02:00:00,3130.49953099662,4059
4059,0.015,0.0562778,0.0940132,2030-06-19 03:00:00,3236.062707393622,4060
4060,0.068,0.0506446,0.0881794,2030-06-19 04:00:00,3772.4892215648742,4061
4061,0.17,0.043470400000000006,0.0798234,2030-06-19 05:00:00,4732.9763621670345,4062
4062,0.271,0.04345159999999999,0.07825220000000001,2030-06-19 06:00:00,5214.770037425193,4063
4063,0.36,0.0493734,0.08410160000000001,2030-06-19 07:00:00,5416.816163149716,4064
4064,0.436,0.05964799999999999,0.09517819999999999,2030-06-19 08:00:00,5400.800067743694,4065
4065,0.505,0.07373460000000001,0.109173,2030-06-19 09:00:00,5229.456661125019,4066
4066,0.566,0.09397180000000001,0.12813919999999998,2030-06-19 10:00:00,5031.591604594719,4067
4067,0.563,0.11677299999999999,0.1444,2030-06-19 11:00:00,4992.313151233446,4068
4068,0.494,0.137275,0.15312520000000002,2030-06-19 12:00:00,4873.458369018868,4069
4069,0.42,0.1512124,0.16178940000000003,2030-06-19 13:00:00,4749.973305885346,4070
4070,0.338,0.15767060000000002,0.1758226,2030-06-19 14:00:00,4713.171624251838,4071
4071,0.252,0.1602796,0.1946022,2030-06-19 15:00:00,4822.852975655949,4072
4072,0.164,0.16282939999999999,0.21435379999999998,2030-06-19 16:00:00,4751.558418501234,4073
4073,0.088,0.1757556,0.2207666,2030-06-19 17:00:00,4678.227486093745,4074
4074,0.034,0.1856482,0.21622599999999997,2030-06-19 18:00:00,4643.664334124909,4075
4075,0.003,0.1929994,0.214114,2030-06-19 19:00:00,4574.469797317808,4076
4076,0.0,0.18244599999999997,0.20863560000000003,2030-06-19 20:00:00,4424.518226717653,4077
4077,0.0,0.1594552,0.19308759999999997,2030-06-19 21:00:00,4084.1703437043498,4078
4078,0.0,0.1463902,0.18285800000000002,2030-06-19 22:00:00,3756.917144587339,4079
4079,0.0,0.1321872,0.1672012,2030-06-19 23:00:00,3474.99735618698,4080
4080,0.0,0.11517839999999999,0.1461188,2030-06-20 00:00:00,3404.657469136496,4081
4081,0.0,0.10097580000000002,0.1265554,2030-06-20 01:00:00,3313.870512358832,4082
4082,0.0,0.09292700000000001,0.116882,2030-06-20 02:00:00,3231.01175661375,4083
4083,0.021,0.0811868,0.11122699999999999,2030-06-20 03:00:00,3341.298722190551,4084
4084,0.078,0.065185,0.10121899999999999,2030-06-20 04:00:00,3853.732244504103,4085
4085,0.137,0.061861200000000005,0.09630860000000001,2030-06-20 05:00:00,4737.928494089181,4086
4086,0.18,0.0715838,0.10631280000000001,2030-06-20 06:00:00,5280.41223305162,4087
4087,0.225,0.08964380000000001,0.1279992,2030-06-20 07:00:00,5517.780520424914,4088
4088,0.282,0.1134008,0.152781,2030-06-20 08:00:00,5504.079708992145,4089
4089,0.364,0.1366636,0.1733698,2030-06-20 09:00:00,5315.122125299986,4090
4090,0.438,0.154867,0.1860008,2030-06-20 10:00:00,5103.569214624284,4091
4091,0.501,0.16919840000000003,0.1941438,2030-06-20 11:00:00,5037.477366760313,4092
4092,0.521,0.18268460000000003,0.2010538,2030-06-20 12:00:00,4903.006393882989,4093
4093,0.476,0.19369200000000003,0.20956319999999998,2030-06-20 13:00:00,4751.677977102941,4094
4094,0.39,0.1993714,0.219362,2030-06-20 14:00:00,4702.899553151907,4095
4095,0.292,0.197134,0.22680860000000003,2030-06-20 15:00:00,4829.112896339859,4096
4096,0.199,0.185188,0.22305780000000003,2030-06-20 16:00:00,4759.480931913404,4097
4097,0.112,0.16682940000000002,0.211672,2030-06-20 17:00:00,4653.3958487468935,4098
4098,0.051,0.1453414,0.1979686,2030-06-20 18:00:00,4638.2193864740275,4099
4099,0.009,0.1323158,0.1899462,2030-06-20 19:00:00,4550.287265915255,4100
4100,0.0,0.1344928,0.19131340000000002,2030-06-20 20:00:00,4387.633164079357,4101
4101,0.0,0.1401442,0.1962104,2030-06-20 21:00:00,4062.581497300621,4102
4102,0.0,0.1412172,0.1986344,2030-06-20 22:00:00,3741.60183236696,4103
4103,0.0,0.137678,0.1972118,2030-06-20 23:00:00,3463.777149989664,4104
4104,0.0,0.13215059999999998,0.1931956,2030-06-21 00:00:00,3472.507997917606,4105
4105,0.0,0.12454860000000001,0.1874902,2030-06-21 01:00:00,3392.171235457894,4106
4106,0.0,0.1149948,0.1792298,2030-06-21 02:00:00,3315.621929517174,4107
4107,0.034,0.10277739999999999,0.164445,2030-06-21 03:00:00,3443.294452219405,4108
4108,0.117,0.08642639999999999,0.1481636,2030-06-21 04:00:00,3920.97524201534,4109
4109,0.225,0.0855018,0.13809,2030-06-21 05:00:00,4855.303915322276,4110
4110,0.343,0.09213299999999999,0.1374916,2030-06-21 06:00:00,5353.961459602394,4111
4111,0.449,0.104857,0.1480478,2030-06-21 07:00:00,5530.372849252693,4112
4112,0.514,0.1243562,0.1671894,2030-06-21 08:00:00,5518.110108836422,4113
4113,0.517,0.14684399999999997,0.1914176,2030-06-21 09:00:00,5333.207999979258,4114
4114,0.507,0.1721978,0.216343,2030-06-21 10:00:00,5112.471179845052,4115
4115,0.539,0.20212280000000002,0.24219280000000004,2030-06-21 11:00:00,5042.890516341261,4116
4116,0.501,0.23101700000000003,0.26861579999999996,2030-06-21 12:00:00,4915.805741661254,4117
4117,0.445,0.2561466,0.29774019999999995,2030-06-21 13:00:00,4772.127514383063,4118
4118,0.386,0.27722539999999996,0.3190956,2030-06-21 14:00:00,4751.537428642694,4119
4119,0.285,0.28859819999999997,0.3298136,2030-06-21 15:00:00,4897.4590275326755,4120
4120,0.188,0.288591,0.33537039999999996,2030-06-21 16:00:00,4828.671394658564,4121
4121,0.107,0.27047319999999997,0.3361496,2030-06-21 17:00:00,4732.383466851484,4122
4122,0.048,0.2444868,0.3292644,2030-06-21 18:00:00,4721.534352296,4123
4123,0.008,0.2310886,0.3206716,2030-06-21 19:00:00,4663.847037407688,4124
4124,0.0,0.2299026,0.3127858,2030-06-21 20:00:00,4473.2345528681,4125
4125,0.0,0.2245136,0.303894,2030-06-21 21:00:00,4167.6362284279,4126
4126,0.0,0.22075640000000002,0.2967344,2030-06-21 22:00:00,3848.989453432903,4127
4127,0.0,0.2148564,0.28491720000000004,2030-06-21 23:00:00,3578.618434320494,4128
4128,0.0,0.20863320000000002,0.27096980000000004,2030-06-22 00:00:00,3513.540861553546,4129
4129,0.0,0.1998224,0.2553124,2030-06-22 01:00:00,3434.950196515091,4130
4130,0.0,0.1864888,0.23784160000000001,2030-06-22 02:00:00,3358.829437466252,4131
4131,0.04,0.1635152,0.21194860000000001,2030-06-22 03:00:00,3465.987717322063,4132
4132,0.129,0.1272452,0.18019159999999998,2030-06-22 04:00:00,3926.299117162143,4133
4133,0.247,0.106685,0.15048040000000001,2030-06-22 05:00:00,4860.744790020539,4134
4134,0.379,0.09006719999999999,0.123211,2030-06-22 06:00:00,5357.9296692478,4135
4135,0.509,0.07531299999999999,0.0993106,2030-06-22 07:00:00,5519.150212852573,4136
4136,0.609,0.06359440000000001,0.080629,2030-06-22 08:00:00,5469.594534069485,4137
4137,0.676,0.052738600000000004,0.06586320000000001,2030-06-22 09:00:00,5228.291469650028,4138
4138,0.705,0.045353,0.0581164,2030-06-22 10:00:00,4961.417720751799,4139
4139,0.697,0.0428856,0.056403800000000004,2030-06-22 11:00:00,4781.889573483336,4140
4140,0.651,0.0428962,0.056084800000000004,2030-06-22 12:00:00,4566.557907990693,4141
4141,0.571,0.042053799999999995,0.0550826,2030-06-22 13:00:00,4388.283636085875,4142
4142,0.46,0.0392598,0.053998000000000004,2030-06-22 14:00:00,4391.836223410495,4143
4143,0.337,0.0377156,0.0554506,2030-06-22 15:00:00,4526.913108805507,4144
4144,0.22,0.0377086,0.057155599999999994,2030-06-22 16:00:00,4497.726881396025,4145
4145,0.116,0.036293599999999995,0.0561076,2030-06-22 17:00:00,4453.271892574753,4146
4146,0.049,0.033234,0.0552582,2030-06-22 18:00:00,4458.088044194982,4147
4147,0.008,0.0347492,0.0577844,2030-06-22 19:00:00,4375.014378972618,4148
4148,0.0,0.0413566,0.0617966,2030-06-22 20:00:00,4261.614020691738,4149
4149,0.0,0.0453646,0.0628092,2030-06-22 21:00:00,4063.1759993187216,4150
4150,0.0,0.0444394,0.062063999999999994,2030-06-22 22:00:00,3765.187554420394,4151
4151,0.0,0.04343400000000001,0.0623798,2030-06-22 23:00:00,3480.8121674807135,4152
4152,0.0,0.043294000000000006,0.0621096,2030-06-23 00:00:00,3291.498158006814,4153
4153,0.0,0.044141799999999995,0.0627456,2030-06-23 01:00:00,3187.07279255689,4154
4154,0.0,0.045887,0.06365839999999999,2030-06-23 02:00:00,3070.6522377038673,4155
4155,0.03,0.0456932,0.0619394,2030-06-23 03:00:00,3049.10924012861,4156
4156,0.083,0.041014800000000004,0.05782139999999999,2030-06-23 04:00:00,3198.657111257408,4157
4157,0.18,0.0334176,0.0525144,2030-06-23 05:00:00,3695.09984027825,4158
4158,0.298,0.032441,0.0511786,2030-06-23 06:00:00,4032.074415052581,4159
4159,0.449,0.0315668,0.0509444,2030-06-23 07:00:00,4352.938184007702,4160
4160,0.579,0.0294332,0.051877999999999994,2030-06-23 08:00:00,4416.58159621581,4161
4161,0.623,0.027445999999999998,0.05164679999999999,2030-06-23 09:00:00,4220.290961158966,4162
4162,0.574,0.025611799999999997,0.0502756,2030-06-23 10:00:00,4021.697016471944,4163
4163,0.524,0.0231862,0.0490018,2030-06-23 11:00:00,3929.924353871413,4164
4164,0.51,0.020174200000000003,0.0498934,2030-06-23 12:00:00,3832.648989787609,4165
4165,0.461,0.018246400000000003,0.053464,2030-06-23 13:00:00,3768.571180019294,4166
4166,0.359,0.0187622,0.059864799999999996,2030-06-23 14:00:00,3842.785388557053,4167
4167,0.258,0.0229666,0.06826360000000001,2030-06-23 15:00:00,4037.4682549341887,4168
4168,0.176,0.0304498,0.07661120000000002,2030-06-23 16:00:00,4036.199846700725,4169
4169,0.098,0.0407462,0.0865182,2030-06-23 17:00:00,4022.4657639326415,4170
4170,0.039,0.0568372,0.103284,2030-06-23 18:00:00,4042.664567217513,4171
4171,0.005,0.0791966,0.12422680000000001,2030-06-23 19:00:00,4000.897777761257,4172
4172,0.0,0.0954364,0.13799840000000002,2030-06-23 20:00:00,3947.3438884359784,4173
4173,0.0,0.0982778,0.1396872,2030-06-23 21:00:00,3798.107615976566,4174
4174,0.0,0.09563479999999999,0.141156,2030-06-23 22:00:00,3547.403717211237,4175
4175,0.0,0.0934994,0.14508059999999998,2030-06-23 23:00:00,3287.014830658545,4176
4176,0.0,0.095193,0.1494276,2030-06-24 00:00:00,3074.894569235615,4177
4177,0.0,0.1012842,0.166102,2030-06-24 01:00:00,2966.5431132048298,4178
4178,0.0,0.10905039999999999,0.1797132,2030-06-24 02:00:00,2839.165489082013,4179
4179,0.016,0.1153958,0.1916102,2030-06-24 03:00:00,2840.2101098648964,4180
4180,0.048,0.1151008,0.1945854,2030-06-24 04:00:00,2973.255570129905,4181
4181,0.111,0.1002348,0.1929754,2030-06-24 05:00:00,3470.809138756365,4182
4182,0.255,0.1082616,0.2036248,2030-06-24 06:00:00,3805.617347592293,4183
4183,0.404,0.1190844,0.22127060000000004,2030-06-24 07:00:00,4120.281476268156,4184
4184,0.521,0.12189639999999999,0.2337086,2030-06-24 08:00:00,4201.03765177738,4185
4185,0.624,0.1174202,0.2421316,2030-06-24 09:00:00,4058.245080581324,4186
4186,0.672,0.11544159999999999,0.2570538,2030-06-24 10:00:00,3896.557929030701,4187
4187,0.667,0.12391339999999999,0.27791059999999995,2030-06-24 11:00:00,3839.0172870364886,4188
4188,0.626,0.13836980000000002,0.3000774,2030-06-24 12:00:00,3755.0585772041923,4189
4189,0.547,0.15477559999999999,0.3272586,2030-06-24 13:00:00,3713.319432768848,4190
4190,0.433,0.1733122,0.35584619999999995,2030-06-24 14:00:00,3806.765826147795,4191
4191,0.316,0.20066440000000002,0.3823218,2030-06-24 15:00:00,4053.112108630238,4192
4192,0.21,0.22709419999999997,0.4071006,2030-06-24 16:00:00,4114.700609498547,4193
4193,0.118,0.243289,0.4208902,2030-06-24 17:00:00,4113.938794580291,4194
4194,0.05,0.26244639999999997,0.42768480000000003,2030-06-24 18:00:00,4147.179725854035,4195
4195,0.008,0.2800612,0.43384219999999996,2030-06-24 19:00:00,4111.916219789155,4196
4196,0.0,0.2946464,0.4338564,2030-06-24 20:00:00,4000.2161865674198,4197
4197,0.0,0.29714,0.43077940000000003,2030-06-24 21:00:00,3785.520703923711,4198
4198,0.0,0.295827,0.419602,2030-06-24 22:00:00,3522.696595204958,4199
4199,0.0,0.2878538,0.4053266,2030-06-24 23:00:00,3297.0919438387236,4200
4200,0.0,0.2739546,0.3873146,2030-06-25 00:00:00,3192.121574261151,4201
4201,0.0,0.26927439999999997,0.36905099999999996,2030-06-25 01:00:00,3110.841301100019,4202
4202,0.0,0.2546466,0.3353302,2030-06-25 02:00:00,3033.649888778127,4203
4203,0.022,0.21780879999999997,0.29876359999999996,2030-06-25 03:00:00,3174.938675469407,4204
4204,0.08,0.16890999999999998,0.25857600000000003,2030-06-25 04:00:00,3660.629701780038,4205
4205,0.142,0.14076039999999998,0.22556440000000003,2030-06-25 05:00:00,4579.20485590434,4206
4206,0.204,0.134344,0.20775960000000002,2030-06-25 06:00:00,5104.082257866414,4207
4207,0.3,0.1522428,0.21191759999999998,2030-06-25 07:00:00,5323.900133010402,4208
4208,0.407,0.165453,0.2227712,2030-06-25 08:00:00,5312.046407033033,4209
4209,0.493,0.174318,0.22457019999999997,2030-06-25 09:00:00,5130.290651927888,4210
4210,0.567,0.1839324,0.2149338,2030-06-25 10:00:00,4948.2351392477885,4211
4211,0.568,0.1864016,0.19508099999999998,2030-06-25 11:00:00,4912.610488052078,4212
4212,0.491,0.17446600000000004,0.1704876,2030-06-25 12:00:00,4820.993211291122,4213
4213,0.376,0.14262039999999998,0.1406828,2030-06-25 13:00:00,4705.483697344722,4214
4214,0.301,0.10674399999999999,0.1216436,2030-06-25 14:00:00,4650.253711597052,4215
4215,0.261,0.0849006,0.12759,2030-06-25 15:00:00,4795.86915729713,4216
4216,0.201,0.07561899999999999,0.1424488,2030-06-25 16:00:00,4747.276000764226,4217
4217,0.116,0.081826,0.1627064,2030-06-25 17:00:00,4659.815431139468,4218
4218,0.049,0.1014786,0.18405559999999999,2030-06-25 18:00:00,4635.044302528322,4219
4219,0.007,0.1311716,0.20508320000000002,2030-06-25 19:00:00,4564.673371198359,4220
4220,0.0,0.1501596,0.21313300000000002,2030-06-25 20:00:00,4400.9965400107685,4221
4221,0.0,0.145837,0.2019752,2030-06-25 21:00:00,4080.481194202802,4222
4222,0.0,0.1251886,0.1824832,2030-06-25 22:00:00,3762.329433477773,4223
4223,0.0,0.09843560000000001,0.16209420000000002,2030-06-25 23:00:00,3494.9403729992446,4224
4224,0.0,0.07361039999999999,0.14364000000000002,2030-06-26 00:00:00,3381.700444763779,4225
4225,0.0,0.059867399999999994,0.1369844,2030-06-26 01:00:00,3279.801661603631,4226
4226,0.0,0.05500959999999999,0.1411336,2030-06-26 02:00:00,3198.227653688321,4227
4227,0.017,0.06029260000000001,0.1533154,2030-06-26 03:00:00,3327.425790683773,4228
4228,0.06,0.0700846,0.1622968,2030-06-26 04:00:00,3820.045493432869,4229
4229,0.117,0.0748908,0.1659968,2030-06-26 05:00:00,4746.330357815113,4230
4230,0.193,0.0873026,0.175458,2030-06-26 06:00:00,5232.132143070261,4231
4231,0.305,0.1162626,0.200343,2030-06-26 07:00:00,5390.717417577928,4232
4232,0.446,0.159559,0.24729980000000001,2030-06-26 08:00:00,5356.280028443115,4233
4233,0.561,0.2037772,0.302178,2030-06-26 09:00:00,5193.625139129438,4234
4234,0.63,0.2492178,0.36273619999999995,2030-06-26 10:00:00,5023.09754481081,4235
4235,0.637,0.2914872,0.4301145999999999,2030-06-26 11:00:00,4952.288223676095,4236
4236,0.601,0.34087,0.49517640000000007,2030-06-26 12:00:00,4849.272412472326,4237
4237,0.526,0.398494,0.5517869999999999,2030-06-26 13:00:00,4754.388104633416,4238
4238,0.431,0.45243120000000003,0.6017583999999999,2030-06-26 14:00:00,4701.523819649499,4239
4239,0.324,0.492357,0.6410047999999999,2030-06-26 15:00:00,4825.603551416433,4240
4240,0.215,0.5234532,0.6599936,2030-06-26 16:00:00,4783.209105164991,4241
4241,0.118,0.5443298000000001,0.6688046,2030-06-26 17:00:00,4682.592306754554,4242
4242,0.052,0.5471933999999999,0.6764978,2030-06-26 18:00:00,4672.204495022516,4243
4243,0.009,0.538911,0.677163,2030-06-26 19:00:00,4561.07568368438,4244
4244,0.0,0.5408076,0.6785472,2030-06-26 20:00:00,4408.35573660888,4245
4245,0.0,0.5505782,0.6853505999999999,2030-06-26 21:00:00,4109.116417032108,4246
4246,0.0,0.5594036000000001,0.6900448000000001,2030-06-26 22:00:00,3764.386181031601,4247
4247,0.0,0.5618934,0.6986472,2030-06-26 23:00:00,3519.45464096088,4248
4248,0.0,0.5550446,0.6906918,2030-06-27 00:00:00,3593.333290260657,4249
4249,0.0,0.5512729999999999,0.6815144,2030-06-27 01:00:00,3515.582797148331,4250
4250,0.0,0.5442144,0.6712764,2030-06-27 02:00:00,3451.982408524609,4251
4251,0.035,0.528617,0.6486419999999999,2030-06-27 03:00:00,3578.5623574595447,4252
4252,0.118,0.5086337999999999,0.617563,2030-06-27 04:00:00,4026.964262985161,4253
4253,0.229,0.4894005999999999,0.5838746,2030-06-27 05:00:00,4941.398934034368,4254
4254,0.355,0.4699247999999999,0.5547958000000001,2030-06-27 06:00:00,5392.3023485771555,4255
4255,0.486,0.4475084,0.5334604000000001,2030-06-27 07:00:00,5551.648009001161,4256
4256,0.595,0.42188119999999996,0.5119862000000001,2030-06-27 08:00:00,5519.739587890216,4257
4257,0.662,0.3945384,0.4901778,2030-06-27 09:00:00,5296.988948813392,4258
4258,0.692,0.36737659999999994,0.4685753999999999,2030-06-27 10:00:00,5053.9880286456955,4259
4259,0.684,0.3405374,0.4511915999999999,2030-06-27 11:00:00,4960.059103072039,4260
4260,0.641,0.3113292,0.4331734,2030-06-27 12:00:00,4854.532935209472,4261
4261,0.563,0.2803664,0.41662140000000003,2030-06-27 13:00:00,4703.619132286241,4262
4262,0.455,0.25300279999999997,0.40562439999999994,2030-06-27 14:00:00,4669.59226347219,4263
4263,0.334,0.2379944,0.3980296,2030-06-27 15:00:00,4808.73680170602,4264
4264,0.217,0.22879,0.3934222,2030-06-27 16:00:00,4772.831938111148,4265
4265,0.115,0.21794660000000002,0.3822558,2030-06-27 17:00:00,4678.292448587154,4266
4266,0.049,0.20356139999999998,0.3677986000000001,2030-06-27 18:00:00,4686.370929355636,4267
4267,0.009,0.2018226,0.3564022,2030-06-27 19:00:00,4597.734796788447,4268
4268,0.0,0.21526259999999997,0.3526196,2030-06-27 20:00:00,4439.149695469998,4269
4269,0.0,0.22044960000000002,0.34865500000000005,2030-06-27 21:00:00,4126.711705837878,4270
4270,0.0,0.2180402,0.34249219999999997,2030-06-27 22:00:00,3781.803962059783,4271
4271,0.0,0.21078999999999998,0.32828999999999997,2030-06-27 23:00:00,3511.191786490759,4272
4272,0.0,0.1988068,0.3144898,2030-06-28 00:00:00,3375.916224749296,4273
4273,0.0,0.1815346,0.2973068,2030-06-28 01:00:00,3290.998656279579,4274
4274,0.0,0.1648424,0.2768164,2030-06-28 02:00:00,3211.0176380772136,4275
4275,0.035,0.13338440000000001,0.241276,2030-06-28 03:00:00,3345.2906585059372,4276
4276,0.113,0.0888816,0.19862539999999998,2030-06-28 04:00:00,3807.5428574116477,4277
4277,0.212,0.0610656,0.1696302,2030-06-28 05:00:00,4739.09216426537,4278
4278,0.318,0.046505200000000003,0.14922860000000002,2030-06-28 06:00:00,5240.433367478319,4279
4279,0.449,0.043996999999999994,0.13827820000000002,2030-06-28 07:00:00,5425.205793671474,4280
4280,0.573,0.049722600000000006,0.1386896,2030-06-28 08:00:00,5397.970183545192,4281
4281,0.65,0.05710820000000001,0.1438882,2030-06-28 09:00:00,5191.356800824939,4282
4282,0.684,0.0643634,0.1488436,2030-06-28 10:00:00,4970.960981910694,4283
4283,0.68,0.0708156,0.1518368,2030-06-28 11:00:00,4881.341386840379,4284
4284,0.637,0.0778436,0.1563202,2030-06-28 12:00:00,4761.242502069135,4285
4285,0.56,0.0860566,0.1595078,2030-06-28 13:00:00,4611.810644368103,4286
4286,0.453,0.09511939999999999,0.1655382,2030-06-28 14:00:00,4586.740914155756,4287
4287,0.332,0.107505,0.1785178,2030-06-28 15:00:00,4717.330219534904,4288
4288,0.216,0.11940519999999999,0.19831320000000002,2030-06-28 16:00:00,4680.417546035582,4289
4289,0.115,0.12792620000000002,0.21557700000000005,2030-06-28 17:00:00,4631.793734122237,4290
4290,0.049,0.13296780000000002,0.22896680000000003,2030-06-28 18:00:00,4647.644066864808,4291
4291,0.009,0.1442034,0.2419692,2030-06-28 19:00:00,4566.515936644383,4292
4292,0.0,0.16274380000000002,0.2505924,2030-06-28 20:00:00,4392.204042643654,4293
4293,0.0,0.17347640000000003,0.24955159999999998,2030-06-28 21:00:00,4053.201491671536,4294
4294,0.0,0.17796179999999998,0.24363079999999998,2030-06-28 22:00:00,3726.951538813135,4295
4295,0.0,0.1801266,0.23067980000000002,2030-06-28 23:00:00,3450.5528672363357,4296
4296,0.0,0.18322200000000002,0.2185784,2030-06-29 00:00:00,3317.3227937673482,4297
4297,0.0,0.1898202,0.21621799999999997,2030-06-29 01:00:00,3230.227932923756,4298
4298,0.0,0.1984398,0.2206848,2030-06-29 02:00:00,3158.026314572429,4299
4299,0.035,0.1947766,0.2182262,2030-06-29 03:00:00,3280.318628319114,4300
4300,0.117,0.1820338,0.21076519999999999,2030-06-29 04:00:00,3734.387917904514,4301
4301,0.23,0.184722,0.2097172,2030-06-29 05:00:00,4659.996841545018,4302
4302,0.358,0.18811360000000002,0.2140428,2030-06-29 06:00:00,5154.959890745868,4303
4303,0.483,0.19304120000000002,0.21762259999999997,2030-06-29 07:00:00,5332.126231363014,4304
4304,0.582,0.19319519999999998,0.2184702,2030-06-29 08:00:00,5290.55363539196,4305
4305,0.645,0.19384079999999998,0.22470600000000002,2030-06-29 09:00:00,5078.697874848876,4306
4306,0.673,0.1977576,0.2361994,2030-06-29 10:00:00,4807.631878879255,4307
4307,0.664,0.1999584,0.2472264,2030-06-29 11:00:00,4650.667513046762,4308
4308,0.621,0.1982252,0.2535444,2030-06-29 12:00:00,4460.882238287867,4309
4309,0.542,0.19463339999999998,0.2561738,2030-06-29 13:00:00,4304.795929319057,4310
4310,0.434,0.19425779999999998,0.254557,2030-06-29 14:00:00,4312.419489224828,4311
4311,0.319,0.1935616,0.2419314,2030-06-29 15:00:00,4466.9777742186,4312
4312,0.209,0.17781339999999998,0.22385480000000002,2030-06-29 16:00:00,4448.585279166481,4313
4313,0.113,0.1432844,0.2089544,2030-06-29 17:00:00,4397.065889693253,4314
4314,0.049,0.11666019999999999,0.19541340000000001,2030-06-29 18:00:00,4391.44033773821,4315
4315,0.009,0.1092158,0.18356940000000002,2030-06-29 19:00:00,4308.05017380386,4316
4316,0.0,0.10773999999999999,0.1764026,2030-06-29 20:00:00,4174.640513179485,4317
4317,0.0,0.10929839999999999,0.1764396,2030-06-29 21:00:00,3882.274891983621,4318
4318,0.0,0.1136334,0.1810326,2030-06-29 22:00:00,3595.612789586059,4319
4319,0.0,0.1218496,0.1922608,2030-06-29 23:00:00,3304.144777048541,4320
4320,0.0,0.13403939999999998,0.20976039999999996,2030-06-30 00:00:00,3120.767889653971,4321
4321,0.0,0.14661239999999998,0.228455,2030-06-30 01:00:00,3003.691625995062,4322
4322,0.0,0.15523720000000002,0.2449608,2030-06-30 02:00:00,2881.5065260618544,4323
4323,0.034,0.160614,0.2601648,2030-06-30 03:00:00,2891.1842515638114,4324
4324,0.119,0.149854,0.2708666,2030-06-30 04:00:00,3062.723595816707,4325
4325,0.233,0.1334264,0.27844959999999996,2030-06-30 05:00:00,3580.626948938082,4326
4326,0.357,0.1469692,0.2935092,2030-06-30 06:00:00,3939.85324431641,4327
4327,0.476,0.1832576,0.321317,2030-06-30 07:00:00,4264.218294726624,4328
4328,0.541,0.27346000000000004,0.383811,2030-06-30 08:00:00,4350.979234186343,4329
4329,0.559,0.3461636,0.4389244,2030-06-30 09:00:00,4215.51357250551,4330
4330,0.602,0.4059888,0.49610640000000006,2030-06-30 10:00:00,4074.005610848737,4331
4331,0.616,0.47372440000000005,0.5417774,2030-06-30 11:00:00,4004.724636343069,4332
4332,0.583,0.5359082,0.5808072,2030-06-30 12:00:00,3914.30318119694,4333
4333,0.526,0.5805146000000001,0.6189134000000001,2030-06-30 13:00:00,3921.023632488509,4334
4334,0.435,0.5989164,0.6399663999999999,2030-06-30 14:00:00,3992.956753229213,4335
4335,0.323,0.6145422,0.6553876,2030-06-30 15:00:00,4113.557207590779,4336
4336,0.212,0.6204434,0.6637026,2030-06-30 16:00:00,4105.373776936523,4337
4337,0.112,0.5952741999999999,0.6611819999999999,2030-06-30 17:00:00,4063.1709957887942,4338
4338,0.048,0.5308568,0.6321454,2030-06-30 18:00:00,4054.468712146748,4339
4339,0.009,0.4738576,0.5984562,2030-06-30 19:00:00,4038.555970486824,4340
4340,0.0,0.43359939999999997,0.5833503999999999,2030-06-30 20:00:00,3952.7088102797143,4341
4341,0.0,0.4173012,0.5835686,2030-06-30 21:00:00,3725.5540162074158,4342
4342,0.0,0.4094284,0.5890918,2030-06-30 22:00:00,3484.78749562939,4343
4343,0.0,0.4217868,0.5776256,2030-06-30 23:00:00,3239.129088029166,4344
4344,0.0,0.425481,0.5614158,2030-07-01 00:00:00,3175.344734170943,4345
4345,0.0,0.413272,0.5512402,2030-07-01 01:00:00,3081.604844650432,4346
4346,0.0,0.4017856,0.5336058,2030-07-01 02:00:00,2963.8797467319378,4347
4347,0.031,0.3757992,0.5126296,2030-07-01 03:00:00,2983.922381856738,4348
4348,0.112,0.3643618,0.5068646,2030-07-01 04:00:00,3012.702924479654,4349
4349,0.224,0.39694700000000005,0.529687,2030-07-01 05:00:00,3467.192023950637,4350
4350,0.351,0.44406439999999997,0.5633489999999999,2030-07-01 06:00:00,3788.494157012596,4351
4351,0.472,0.4960462,0.6044852,2030-07-01 07:00:00,4108.528036822172,4352
4352,0.567,0.558495,0.6522993999999999,2030-07-01 08:00:00,4208.486710984494,4353
4353,0.627,0.6119766,0.6936378000000001,2030-07-01 09:00:00,4109.814283144457,4354
4354,0.655,0.6496033999999999,0.7189732,2030-07-01 10:00:00,3961.772599168774,4355
4355,0.639,0.6732246,0.728066,2030-07-01 11:00:00,3943.511771917375,4356
4356,0.569,0.6830589999999999,0.7246324000000001,2030-07-01 12:00:00,3884.195275490442,4357
4357,0.489,0.6818337999999999,0.7152816000000001,2030-07-01 13:00:00,3860.132020028265,4358
4358,0.397,0.6735124,0.7106384,2030-07-01 14:00:00,3961.3620800859044,4359
4359,0.279,0.6634234,0.7137742,2030-07-01 15:00:00,4160.164089846144,4360
4360,0.195,0.6536922,0.7148302,2030-07-01 16:00:00,4222.450078259528,4361
4361,0.113,0.6364552,0.7191006,2030-07-01 17:00:00,4175.47962085522,4362
4362,0.05,0.5980958,0.7227098,2030-07-01 18:00:00,4208.538885921562,4363
4363,0.007,0.5727717999999999,0.72829,2030-07-01 19:00:00,4183.302928809751,4364
4364,0.0,0.5718206,0.7450558,2030-07-01 20:00:00,4104.630467876946,4365
4365,0.0,0.5784166000000001,0.7633562,2030-07-01 21:00:00,3858.8839014597706,4366
4366,0.0,0.5958408,0.7753079999999999,2030-07-01 22:00:00,3587.731331602212,4367
4367,0.0,0.6101487999999999,0.7819512000000001,2030-07-01 23:00:00,3382.790753628862,4368
4368,0.0,0.6242768000000002,0.7871774,2030-07-02 00:00:00,3394.62241685045,4369
4369,0.0,0.6377728,0.795047,2030-07-02 01:00:00,3343.410574465085,4370
4370,0.0,0.6538744,0.7993754,2030-07-02 02:00:00,3292.606183603002,4371
4371,0.033,0.6635557999999999,0.7996426,2030-07-02 03:00:00,3448.6526284000392,4372
4372,0.118,0.672369,0.8002016000000001,2030-07-02 04:00:00,3765.730078081922,4373
4373,0.231,0.6975332,0.7990183999999999,2030-07-02 05:00:00,4592.136092372391,4374
4374,0.36,0.7181094,0.7921463999999999,2030-07-02 06:00:00,5129.410102282112,4375
4375,0.485,0.7188863999999999,0.7810463999999999,2030-07-02 07:00:00,5392.9636291377665,4376
4376,0.576,0.7131803999999999,0.7704565999999999,2030-07-02 08:00:00,5410.278421970703,4377
4377,0.638,0.7026336000000001,0.75887,2030-07-02 09:00:00,5198.663871594243,4378
4378,0.679,0.6877524,0.7463743999999999,2030-07-02 10:00:00,4998.162038914218,4379
4379,0.678,0.673057,0.7351402,2030-07-02 11:00:00,4927.119422554349,4380
4380,0.641,0.6584394,0.7245822000000001,2030-07-02 12:00:00,4830.862933660815,4381
4381,0.572,0.6478034,0.7146450000000001,2030-07-02 13:00:00,4706.272847763723,4382
4382,0.465,0.6375624,0.7027284,2030-07-02 14:00:00,4659.072796795864,4383
4383,0.34,0.632276,0.6929578000000001,2030-07-02 15:00:00,4787.764585714894,4384
4384,0.222,0.6296269999999999,0.683197,2030-07-02 16:00:00,4756.391206902881,4385
4385,0.117,0.6190933999999999,0.668876,2030-07-02 17:00:00,4662.899153541751,4386
4386,0.049,0.5977349999999999,0.6502298,2030-07-02 18:00:00,4650.114183031358,4387
4387,0.008,0.5645133999999999,0.6260546,2030-07-02 19:00:00,4566.44813082602,4388
4388,0.0,0.5326926000000001,0.6028789999999999,2030-07-02 20:00:00,4420.665237139923,4389
4389,0.0,0.48858939999999995,0.5826016,2030-07-02 21:00:00,4112.53751997572,4390
4390,0.0,0.4623858,0.5670762,2030-07-02 22:00:00,3784.29985122808,4391
4391,0.0,0.44331960000000004,0.5524355999999999,2030-07-02 23:00:00,3520.2426374120932,4392
4392,0.0,0.420726,0.5372856,2030-07-03 00:00:00,3446.1423134925512,4393
4393,0.0,0.40480920000000004,0.5271844,2030-07-03 01:00:00,3356.468279530619,4394
4394,0.0,0.3917018,0.520641,2030-07-03 02:00:00,3280.2078309122,4395
4395,0.038,0.3693964,0.5128674,2030-07-03 03:00:00,3413.449087653814,4396
4396,0.122,0.35264100000000004,0.5110094000000001,2030-07-03 04:00:00,3724.3251835728443,4397
4397,0.228,0.3816428,0.5160726,2030-07-03 05:00:00,4584.53350086119,4398
4398,0.351,0.39719119999999997,0.5213902,2030-07-03 06:00:00,5086.266562606469,4399
4399,0.47,0.41597280000000003,0.5362399999999999,2030-07-03 07:00:00,5314.193712684716,4400
4400,0.566,0.4439342,0.5583272,2030-07-03 08:00:00,5338.998065244302,4401
4401,0.625,0.4695986,0.577926,2030-07-03 09:00:00,5144.345766310189,4402
4402,0.653,0.48865,0.5913254,2030-07-03 10:00:00,4914.066456809911,4403
4403,0.643,0.5052176,0.6053088,2030-07-03 11:00:00,4832.359906753641,4404
4404,0.598,0.5214030000000001,0.6192868,2030-07-03 12:00:00,4772.716536095174,4405
4405,0.53,0.5362994000000001,0.6293206,2030-07-03 13:00:00,4663.313599107873,4406
4406,0.433,0.5451438,0.6323524,2030-07-03 14:00:00,4643.344815571467,4407
4407,0.322,0.5590072,0.6367776,2030-07-03 15:00:00,4800.589195247465,4408
4408,0.211,0.5689102,0.6396993999999999,2030-07-03 16:00:00,4746.073929789872,4409
4409,0.115,0.566838,0.6380756,2030-07-03 17:00:00,4662.55103344754,4410
4410,0.049,0.5454918,0.6298044,2030-07-03 18:00:00,4643.935639413125,4411
4411,0.008,0.51442,0.6155706,2030-07-03 19:00:00,4551.884810518937,4412
4412,0.0,0.4895872,0.6037990000000001,2030-07-03 20:00:00,4440.310052526253,4413
4413,0.0,0.46602940000000004,0.5989288,2030-07-03 21:00:00,4157.407137101053,4414
4414,0.0,0.459975,0.5971650000000001,2030-07-03 22:00:00,3839.562198393827,4415
4415,0.0,0.45405180000000006,0.5959612,2030-07-03 23:00:00,3574.2358657528084,4416
4416,0.0,0.44711259999999997,0.5963651999999999,2030-07-04 00:00:00,3490.2324442122845,4417
4417,0.0,0.4359068,0.5947202,2030-07-04 01:00:00,3407.13448080354,4418
4418,0.0,0.43010760000000003,0.5907493999999999,2030-07-04 02:00:00,3317.037515377047,4419
4419,0.025,0.404798,0.579329,2030-07-04 03:00:00,3425.135827108485,4420
4420,0.078,0.40086260000000007,0.5828824,2030-07-04 04:00:00,3722.0759924654267,4421
4421,0.126,0.42494339999999997,0.6129862,2030-07-04 05:00:00,4601.375802430868,4422
4422,0.169,0.4662748,0.651543,2030-07-04 06:00:00,5198.890616405791,4423
4423,0.209,0.5278942,0.679175,2030-07-04 07:00:00,5492.665784016164,4424
4424,0.233,0.5835104,0.6995132,2030-07-04 08:00:00,5583.381691465596,4425
4425,0.24,0.6343335999999999,0.72529,2030-07-04 09:00:00,5416.155603660651,4426
4426,0.252,0.6702804,0.7505974,2030-07-04 10:00:00,5206.421700110972,4427
4427,0.284,0.693798,0.77132,2030-07-04 11:00:00,5129.682149623304,4428
4428,0.32,0.7141599999999999,0.7853433999999999,2030-07-04 12:00:00,5035.045562090462,4429
4429,0.311,0.726747,0.7932431999999999,2030-07-04 13:00:00,4903.381532953529,4430
4430,0.225,0.7344795999999999,0.7989236,2030-07-04 14:00:00,4867.822973215924,4431
4431,0.148,0.7273245999999999,0.8035477999999999,2030-07-04 15:00:00,5108.247671062663,4432
4432,0.087,0.6970972,0.7989376,2030-07-04 16:00:00,5008.883534768435,4433
4433,0.045,0.6620733999999999,0.7910896000000001,2030-07-04 17:00:00,4907.413261414007,4434
4434,0.017,0.6462148,0.7841456,2030-07-04 18:00:00,4883.341921336367,4435
4435,0.002,0.6358148,0.7673756,2030-07-04 19:00:00,4768.471589391442,4436
4436,0.0,0.6235552,0.7448554,2030-07-04 20:00:00,4493.710469394181,4437
4437,0.0,0.5959236,0.7081222,2030-07-04 21:00:00,4213.48144286757,4438
4438,0.0,0.5537562,0.6642102,2030-07-04 22:00:00,3870.016745172989,4439
4439,0.0,0.5071534,0.6229036,2030-07-04 23:00:00,3589.959065925609,4440
4440,0.0,0.45872140000000006,0.5796498,2030-07-05 00:00:00,3470.134752924576,4441
4441,0.0,0.41055719999999996,0.5325628,2030-07-05 01:00:00,3371.9362422172753,4442
4442,0.0,0.36416339999999997,0.4786722,2030-07-05 02:00:00,3267.6334413580926,4443
4443,0.034,0.3107118,0.42350020000000005,2030-07-05 03:00:00,3363.247938683498,4444
4444,0.12,0.26297960000000004,0.373372,2030-07-05 04:00:00,3674.7649124518366,4445
4445,0.227,0.2283938,0.33106080000000004,2030-07-05 05:00:00,4483.0421973797565,4446
4446,0.358,0.20436800000000002,0.30017,2030-07-05 06:00:00,4967.626552665736,4447
4447,0.487,0.1868716,0.2780904,2030-07-05 07:00:00,5230.687425690391,4448
4448,0.593,0.1801836,0.26813560000000003,2030-07-05 08:00:00,5222.4661881542615,4449
4449,0.664,0.179451,0.26602040000000005,2030-07-05 09:00:00,4999.439924461214,4450
4450,0.694,0.1854884,0.2697354,2030-07-05 10:00:00,4754.4707241658725,4451
4451,0.686,0.2002218,0.27930259999999996,2030-07-05 11:00:00,4652.631151623849,4452
4452,0.64,0.21811439999999999,0.2912378,2030-07-05 12:00:00,4548.217367633581,4453
4453,0.564,0.23199640000000002,0.29919280000000004,2030-07-05 13:00:00,4416.089214190979,4454
4454,0.459,0.23689020000000002,0.30321239999999994,2030-07-05 14:00:00,4392.628466611693,4455
4455,0.338,0.23957740000000002,0.3079556,2030-07-05 15:00:00,4528.586334302802,4456
4456,0.218,0.2428554,0.3119564,2030-07-05 16:00:00,4521.594651112292,4457
4457,0.112,0.23669120000000002,0.3152072,2030-07-05 17:00:00,4476.82082997652,4458
4458,0.045,0.22674560000000002,0.3183718,2030-07-05 18:00:00,4494.387152981347,4459
4459,0.007,0.22774140000000004,0.31024280000000004,2030-07-05 19:00:00,4427.103596070614,4460
4460,0.0,0.2305736,0.2969036,2030-07-05 20:00:00,4314.305757509885,4461
4461,0.0,0.2273192,0.292004,2030-07-05 21:00:00,4010.3475533863093,4462
4462,0.0,0.2124818,0.2927768,2030-07-05 22:00:00,3699.076245880474,4463
4463,0.0,0.1912032,0.28385699999999997,2030-07-05 23:00:00,3423.621868511815,4464
4464,0.0,0.1756064,0.26099940000000005,2030-07-06 00:00:00,3357.612799784244,4465
4465,0.0,0.1667276,0.23895720000000004,2030-07-06 01:00:00,3267.83189664791,4466
4466,0.0,0.1656938,0.22709079999999998,2030-07-06 02:00:00,3191.516240993632,4467
4467,0.005,0.154836,0.23244559999999997,2030-07-06 03:00:00,3244.1882381162004,4468
4468,0.037,0.1436634,0.261003,2030-07-06 04:00:00,3497.1789549518753,4469
4469,0.09,0.1519166,0.3009034,2030-07-06 05:00:00,4541.163929397796,4470
4470,0.137,0.18409499999999998,0.34757899999999997,2030-07-06 06:00:00,5075.438211824588,4471
4471,0.177,0.25354479999999996,0.39835279999999995,2030-07-06 07:00:00,5337.906906329319,4472
4472,0.246,0.3458896,0.4403008,2030-07-06 08:00:00,5399.563910616708,4473
4473,0.326,0.4181666,0.4784562,2030-07-06 09:00:00,5210.007226489256,4474
4474,0.429,0.46694019999999997,0.5208586000000001,2030-07-06 10:00:00,4903.520090149056,4475
4475,0.509,0.4983556,0.5657593999999999,2030-07-06 11:00:00,4716.888795735947,4476
4476,0.553,0.526308,0.6002518,2030-07-06 12:00:00,4525.559036231951,4477
4477,0.532,0.5535758,0.6187339999999999,2030-07-06 13:00:00,4342.009140520442,4478
4478,0.438,0.5725082,0.6351904,2030-07-06 14:00:00,4339.277332433061,4479
4479,0.315,0.5970174,0.6719002000000001,2030-07-06 15:00:00,4530.718436487994,4480
4480,0.205,0.6230412,0.7149528,2030-07-06 16:00:00,4506.783915072461,4481
4481,0.114,0.6172878,0.7336876000000001,2030-07-06 17:00:00,4432.139600880091,4482
4482,0.05,0.5948122,0.7225541999999999,2030-07-06 18:00:00,4372.6562834409415,4483
4483,0.006,0.5743872,0.7099608,2030-07-06 19:00:00,4293.162139067144,4484
4484,0.0,0.5541392,0.7061672,2030-07-06 20:00:00,4214.0711532740825,4485
4485,0.0,0.5335824,0.6998986,2030-07-06 21:00:00,4008.567563276435,4486
4486,0.0,0.5189212000000001,0.6915571999999999,2030-07-06 22:00:00,3748.7000014521736,4487
4487,0.0,0.5008886,0.6794122,2030-07-06 23:00:00,3455.204691974529,4488
4488,0.0,0.4823602,0.670106,2030-07-07 00:00:00,3372.0775647043974,4489
4489,0.0,0.46505,0.66433,2030-07-07 01:00:00,3257.2139224401617,4490
4490,0.0,0.449667,0.6533828,2030-07-07 02:00:00,3144.394611607478,4491
4491,0.027,0.42108179999999995,0.629228,2030-07-07 03:00:00,3136.2852686338156,4492
4492,0.108,0.4012728,0.604301,2030-07-07 04:00:00,3194.3988735586818,4493
4493,0.211,0.4053852,0.5812986,2030-07-07 05:00:00,3684.972716594367,4494
4494,0.327,0.39566039999999997,0.5561684,2030-07-07 06:00:00,4061.866157181502,4495
4495,0.422,0.3782284,0.5314588,2030-07-07 07:00:00,4373.10435966967,4496
4496,0.489,0.3598788,0.507652,2030-07-07 08:00:00,4422.04955118569,4497
4497,0.495,0.3431208,0.48517220000000005,2030-07-07 09:00:00,4241.470534198139,4498
4498,0.467,0.33337000000000006,0.46800679999999995,2030-07-07 10:00:00,4059.676908101359,4499
4499,0.412,0.33669,0.46025040000000006,2030-07-07 11:00:00,3934.1070142238814,4500
4500,0.349,0.3481594,0.4589788,2030-07-07 12:00:00,3814.5651801235426,4501
4501,0.3,0.36054719999999996,0.46014479999999996,2030-07-07 13:00:00,3763.033506375638,4502
4502,0.22,0.3643294,0.45688980000000007,2030-07-07 14:00:00,3856.743615860317,4503
4503,0.143,0.35998600000000003,0.4459516,2030-07-07 15:00:00,4073.959588734691,4504
4504,0.098,0.34666220000000003,0.43337440000000005,2030-07-07 16:00:00,4073.691503130497,4505
4505,0.062,0.32496320000000006,0.42106560000000004,2030-07-07 17:00:00,4046.957556492675,4506
4506,0.026,0.2985152,0.4094348,2030-07-07 18:00:00,4043.830445552952,4507
4507,0.003,0.28395819999999994,0.3997182,2030-07-07 19:00:00,4031.9581327658852,4508
4508,0.0,0.27645580000000003,0.391481,2030-07-07 20:00:00,3987.4865675382516,4509
4509,0.0,0.27073159999999996,0.386005,2030-07-07 21:00:00,3801.005728250958,4510
4510,0.0,0.2650374,0.3838822,2030-07-07 22:00:00,3532.356298134872,4511
4511,0.0,0.2564568,0.3826892,2030-07-07 23:00:00,3263.312390654417,4512
4512,0.0,0.24977619999999998,0.3769882,2030-07-08 00:00:00,3199.985974963794,4513
4513,0.0,0.2432384,0.36898620000000004,2030-07-08 01:00:00,3103.785915906788,4514
4514,0.0,0.239925,0.36216420000000005,2030-07-08 02:00:00,3005.542762713735,4515
4515,0.016,0.2359508,0.3538414,2030-07-08 03:00:00,3015.970263145293,4516
4516,0.088,0.22153080000000003,0.341994,2030-07-08 04:00:00,3103.632905522517,4517
4517,0.197,0.2171914,0.33294799999999997,2030-07-08 05:00:00,3600.610521030687,4518
4518,0.321,0.20522179999999998,0.323337,2030-07-08 06:00:00,3950.6244323969167,4519
4519,0.442,0.19299380000000002,0.31459760000000003,2030-07-08 07:00:00,4239.829671791202,4520
4520,0.533,0.18288500000000002,0.3092276,2030-07-08 08:00:00,4271.533561002326,4521
4521,0.58,0.17706680000000002,0.3123032,2030-07-08 09:00:00,4092.496997375331,4522
4522,0.584,0.1778876,0.3234524,2030-07-08 10:00:00,3898.530909740344,4523
4523,0.559,0.1830708,0.3385756,2030-07-08 11:00:00,3801.5906766473454,4524
4524,0.513,0.19197000000000003,0.35582860000000005,2030-07-08 12:00:00,3694.3034553382777,4525
4525,0.455,0.2005598,0.37212799999999996,2030-07-08 13:00:00,3671.52245192511,4526
4526,0.379,0.2066944,0.3854438,2030-07-08 14:00:00,3768.880030421009,4527
4527,0.288,0.2122538,0.39582320000000004,2030-07-08 15:00:00,4040.056130132195,4528
4528,0.189,0.21928680000000003,0.4060758,2030-07-08 16:00:00,4120.536220080243,4529
4529,0.101,0.22619760000000003,0.41380059999999996,2030-07-08 17:00:00,4111.326589427884,4530
4530,0.042,0.22968639999999999,0.418846,2030-07-08 18:00:00,4155.111524522577,4531
4531,0.005,0.23723679999999997,0.4313498,2030-07-08 19:00:00,4137.7025324380265,4532
4532,0.0,0.2557352,0.4455304,2030-07-08 20:00:00,4047.335003685357,4533
4533,0.0,0.2662768,0.4526606,2030-07-08 21:00:00,3805.405371117551,4534
4534,0.0,0.2680958,0.447558,2030-07-08 22:00:00,3541.8594842104394,4535
4535,0.0,0.2627284,0.4374394,2030-07-08 23:00:00,3305.563828412086,4536
4536,0.0,0.25844980000000006,0.4301604,2030-07-09 00:00:00,3193.277381358578,4537
4537,0.0,0.2523128,0.4173902,2030-07-09 01:00:00,3128.8990101293402,4538
4538,0.0,0.2480598,0.40614340000000004,2030-07-09 02:00:00,3073.791163441951,4539
4539,0.027,0.23440819999999998,0.3945958,2030-07-09 03:00:00,3207.786621069637,4540
4540,0.102,0.21473740000000002,0.37997960000000003,2030-07-09 04:00:00,3605.675426395891,4541
4541,0.202,0.20960299999999998,0.36072040000000005,2030-07-09 05:00:00,4458.33770063331,4542
4542,0.323,0.1877944,0.3356052,2030-07-09 06:00:00,4956.720665331014,4543
4543,0.44,0.1669532,0.31219879999999994,2030-07-09 07:00:00,5190.762551683742,4544
4544,0.534,0.1512298,0.29128680000000007,2030-07-09 08:00:00,5194.416326847807,4545
4545,0.613,0.14047579999999998,0.2773048,2030-07-09 09:00:00,4978.764817792477,4546
4546,0.65,0.13763140000000001,0.2715622,2030-07-09 10:00:00,4738.474200989793,4547
4547,0.649,0.1422744,0.27473059999999994,2030-07-09 11:00:00,4637.620717729649,4548
4548,0.611,0.1514618,0.2834196,2030-07-09 12:00:00,4518.089069988398,4549
4549,0.532,0.1611336,0.29464860000000004,2030-07-09 13:00:00,4418.910130477497,4550
4550,0.427,0.16770659999999998,0.30174199999999995,2030-07-09 14:00:00,4389.595621699113,4551
4551,0.313,0.17469359999999998,0.307618,2030-07-09 15:00:00,4561.650637071519,4552
4552,0.206,0.18106719999999998,0.30818179999999995,2030-07-09 16:00:00,4541.029847713987,4553
4553,0.107,0.1836656,0.2976552,2030-07-09 17:00:00,4459.800718110984,4554
4554,0.044,0.1851068,0.2849108,2030-07-09 18:00:00,4444.983957923652,4555
4555,0.005,0.19796439999999998,0.28317320000000007,2030-07-09 19:00:00,4368.037720989678,4556
4556,0.0,0.21508460000000001,0.282377,2030-07-09 20:00:00,4265.17275172113,4557
4557,0.0,0.2211166,0.279406,2030-07-09 21:00:00,3960.576276041573,4558
4558,0.0,0.2161096,0.271527,2030-07-09 22:00:00,3649.1561016608352,4559
4559,0.0,0.21473499999999998,0.2648434,2030-07-09 23:00:00,3387.73111111181,4560
4560,0.0,0.2153918,0.257261,2030-07-10 00:00:00,3309.1742223807987,4561
4561,0.0,0.21520859999999997,0.2505346,2030-07-10 01:00:00,3237.910959777708,4562
4562,0.0,0.2133212,0.24665499999999999,2030-07-10 02:00:00,3181.477086599603,4563
4563,0.032,0.20138340000000002,0.2393724,2030-07-10 03:00:00,3287.68434971147,4564
4564,0.117,0.17445180000000002,0.22563,2030-07-10 04:00:00,3680.242467739289,4565
4565,0.233,0.17148280000000002,0.2166868,2030-07-10 05:00:00,4507.632333385627,4566
4566,0.363,0.171896,0.20860279999999998,2030-07-10 06:00:00,4988.6945815610125,4567
4567,0.492,0.179773,0.2063734,2030-07-10 07:00:00,5199.529377284138,4568
4568,0.593,0.18909420000000002,0.208128,2030-07-10 08:00:00,5174.15759124764,4569
4569,0.659,0.19582660000000002,0.20798139999999998,2030-07-10 09:00:00,4930.21554366825,4570
4570,0.688,0.20162300000000002,0.20990419999999999,2030-07-10 10:00:00,4696.8040113498755,4571
4571,0.68,0.21040260000000002,0.21909140000000002,2030-07-10 11:00:00,4594.363670696892,4572
4572,0.635,0.215207,0.231854,2030-07-10 12:00:00,4489.948582803016,4573
4573,0.559,0.21285959999999998,0.23730639999999997,2030-07-10 13:00:00,4377.930846390881,4574
4574,0.453,0.20605679999999998,0.22812419999999997,2030-07-10 14:00:00,4347.502962648317,4575
4575,0.331,0.19348559999999998,0.21515879999999998,2030-07-10 15:00:00,4502.227675192093,4576
4576,0.215,0.17734580000000003,0.1993682,2030-07-10 16:00:00,4500.691172931333,4577
4577,0.112,0.1542504,0.1799566,2030-07-10 17:00:00,4446.954499621187,4578
4578,0.044,0.13565200000000002,0.16457519999999998,2030-07-10 18:00:00,4451.0109413661885,4579
4579,0.005,0.1329424,0.1587944,2030-07-10 19:00:00,4399.895724861348,4580
4580,0.0,0.12885200000000002,0.1547538,2030-07-10 20:00:00,4267.371703237989,4581
4581,0.0,0.11692040000000001,0.1430356,2030-07-10 21:00:00,3967.488706134687,4582
4582,0.0,0.10209920000000001,0.1285566,2030-07-10 22:00:00,3661.6660028393953,4583
4583,0.0,0.08817659999999998,0.11503820000000001,2030-07-10 23:00:00,3385.9395570214965,4584
4584,0.0,0.0779164,0.1032622,2030-07-11 00:00:00,3311.346782024307,4585
4585,0.0,0.070429,0.0921608,2030-07-11 01:00:00,3234.670795770856,4586
4586,0.0,0.06537899999999999,0.08043700000000001,2030-07-11 02:00:00,3171.991117877292,4587
4587,0.021,0.059387800000000004,0.0683946,2030-07-11 03:00:00,3263.675946686826,4588
4588,0.082,0.05183839999999999,0.056228,2030-07-11 04:00:00,3667.4046964664167,4589
4589,0.157,0.0455748,0.048342,2030-07-11 05:00:00,4465.22115763217,4590
4590,0.234,0.0454076,0.046751,2030-07-11 06:00:00,4925.827368294895,4591
4591,0.31,0.049082400000000005,0.0518574,2030-07-11 07:00:00,5198.799644638635,4592
4592,0.379,0.0520918,0.058055199999999994,2030-07-11 08:00:00,5206.705026210101,4593
4593,0.422,0.0513038,0.060897400000000004,2030-07-11 09:00:00,4990.811823588621,4594
4594,0.439,0.0480422,0.0605754,2030-07-11 10:00:00,4773.093068019797,4595
4595,0.436,0.0439316,0.0567152,2030-07-11 11:00:00,4705.418645205093,4596
4596,0.395,0.040690199999999996,0.05090460000000001,2030-07-11 12:00:00,4616.028477709031,4597
4597,0.351,0.0392306,0.045223,2030-07-11 13:00:00,4495.333640242459,4598
4598,0.292,0.0388832,0.042214800000000004,2030-07-11 14:00:00,4485.1163103355375,4599
4599,0.227,0.0389656,0.0404712,2030-07-11 15:00:00,4628.713540935658,4600
4600,0.154,0.0374584,0.0375004,2030-07-11 16:00:00,4567.91778180305,4601
4601,0.086,0.03431,0.034532,2030-07-11 17:00:00,4492.5208943606285,4602
4602,0.031,0.0314238,0.0338122,2030-07-11 18:00:00,4461.131893717308,4603
4603,0.002,0.0313704,0.0354378,2030-07-11 19:00:00,4369.772523147035,4604
4604,0.0,0.0305518,0.0366998,2030-07-11 20:00:00,4214.452532522745,4605
4605,0.0,0.026845200000000003,0.0374752,2030-07-11 21:00:00,3881.1639946564283,4606
4606,0.0,0.0228348,0.0379614,2030-07-11 22:00:00,3620.4024968046688,4607
4607,0.0,0.0203876,0.03739340000000001,2030-07-11 23:00:00,3349.591183935051,4608
4608,0.0,0.0190992,0.03608,2030-07-12 00:00:00,3228.115996224446,4609
4609,0.0,0.0185108,0.0339394,2030-07-12 01:00:00,3146.902422901367,4610
4610,0.0,0.018512599999999997,0.03258200000000001,2030-07-12 02:00:00,3084.1317050541247,4611
4611,0.009,0.0165414,0.0290892,2030-07-12 03:00:00,3113.538868562056,4612
4612,0.052,0.012610199999999998,0.024171200000000004,2030-07-12 04:00:00,3439.871076380112,4613
4613,0.121,0.008945999999999999,0.0204132,2030-07-12 05:00:00,4402.456327854685,4614
4614,0.207,0.006919600000000001,0.018063000000000003,2030-07-12 06:00:00,4940.576723545505,4615
4615,0.303,0.0059596,0.016513,2030-07-12 07:00:00,5157.818386683659,4616
4616,0.358,0.005844,0.016131,2030-07-12 08:00:00,5156.477138890843,4617
4617,0.409,0.0064258,0.015967199999999997,2030-07-12 09:00:00,4956.820365497655,4618
4618,0.418,0.00754,0.0160398,2030-07-12 10:00:00,4730.178019407502,4619
4619,0.387,0.009643,0.0183172,2030-07-12 11:00:00,4652.852025939734,4620
4620,0.333,0.011973999999999999,0.022531600000000002,2030-07-12 12:00:00,4545.831917848996,4621
4621,0.301,0.0141728,0.029543600000000003,2030-07-12 13:00:00,4440.563848978125,4622
4622,0.257,0.016069599999999996,0.0411198,2030-07-12 14:00:00,4403.16385946278,4623
4623,0.207,0.018617,0.056634,2030-07-12 15:00:00,4518.367176854041,4624
4624,0.15,0.021368199999999997,0.07162500000000001,2030-07-12 16:00:00,4479.852781819334,4625
4625,0.088,0.0236362,0.0843806,2030-07-12 17:00:00,4393.066923503954,4626
4626,0.036,0.0266212,0.0955992,2030-07-12 18:00:00,4375.422099241313,4627
4627,0.003,0.030576600000000002,0.1052918,2030-07-12 19:00:00,4323.814895171364,4628
4628,0.0,0.034282599999999996,0.1096888,2030-07-12 20:00:00,4194.574835335644,4629
4629,0.0,0.0366316,0.111627,2030-07-12 21:00:00,3831.772438257005,4630
4630,0.0,0.0380722,0.1135832,2030-07-12 22:00:00,3568.23867233537,4631
4631,0.0,0.038982,0.11155600000000002,2030-07-12 23:00:00,3293.735284647876,4632
4632,0.0,0.040100000000000004,0.106963,2030-07-13 00:00:00,3240.407892871513,4633
4633,0.0,0.042335,0.1061858,2030-07-13 01:00:00,3154.080454539371,4634
4634,0.0,0.0477854,0.11139299999999999,2030-07-13 02:00:00,3093.03210653405,4635
4635,0.024,0.0549358,0.1181508,2030-07-13 03:00:00,3127.368861908653,4636
4636,0.103,0.0527932,0.1217862,2030-07-13 04:00:00,3556.361162877127,4637
4637,0.212,0.0487674,0.12845659999999998,2030-07-13 05:00:00,4335.320073029527,4638
4638,0.338,0.05308740000000001,0.13919299999999998,2030-07-13 06:00:00,4831.167724539465,4639
4639,0.463,0.0593526,0.15028899999999998,2030-07-13 07:00:00,5061.2506828485075,4640
4640,0.565,0.06581980000000001,0.16016979999999997,2030-07-13 08:00:00,5072.450585315139,4641
4641,0.63,0.07256399999999999,0.16884839999999998,2030-07-13 09:00:00,4839.302547710424,4642
4642,0.658,0.0814028,0.17695699999999998,2030-07-13 10:00:00,4547.528237023051,4643
4643,0.65,0.0917264,0.187384,2030-07-13 11:00:00,4378.063874535471,4644
4644,0.606,0.10165260000000001,0.1996602,2030-07-13 12:00:00,4196.5252127750555,4645
4645,0.532,0.11163780000000001,0.2154712,2030-07-13 13:00:00,4044.395435059689,4646
4646,0.429,0.12269060000000001,0.23324859999999997,2030-07-13 14:00:00,4061.4782081471913,4647
4647,0.308,0.1325382,0.2489402,2030-07-13 15:00:00,4219.691964423901,4648
4648,0.201,0.13432760000000002,0.25791580000000003,2030-07-13 16:00:00,4222.2552107177835,4649
4649,0.107,0.1280026,0.26035,2030-07-13 17:00:00,4158.096639331363,4650
4650,0.042,0.11769579999999999,0.2600686,2030-07-13 18:00:00,4116.997458776988,4651
4651,0.003,0.108779,0.261027,2030-07-13 19:00:00,4046.66319494598,4652
4652,0.0,0.10481159999999998,0.2644154,2030-07-13 20:00:00,3988.6427718463483,4653
4653,0.0,0.1057952,0.270388,2030-07-13 21:00:00,3702.789155285447,4654
4654,0.0,0.10881379999999999,0.2728094,2030-07-13 22:00:00,3490.878792791706,4655
4655,0.0,0.10899239999999999,0.26804560000000005,2030-07-13 23:00:00,3204.3987568731463,4656
4656,0.0,0.106365,0.26214180000000004,2030-07-14 00:00:00,3164.287378615789,4657
4657,0.0,0.1041642,0.25641640000000004,2030-07-14 01:00:00,3055.945273760617,4658
4658,0.0,0.102464,0.2521414,2030-07-14 02:00:00,2956.283953301866,4659
4659,0.019,0.09119200000000001,0.24523579999999998,2030-07-14 03:00:00,2867.650523418433,4660
4660,0.084,0.07559039999999999,0.23256559999999998,2030-07-14 04:00:00,3021.0647332245007,4661
4661,0.166,0.0656078,0.21976899999999996,2030-07-14 05:00:00,3485.3993001465687,4662
4662,0.27,0.0534088,0.20403,2030-07-14 06:00:00,3883.8561372748873,4663
4663,0.383,0.0434822,0.1877008,2030-07-14 07:00:00,4279.0027636641225,4664
4664,0.509,0.0385408,0.17362439999999998,2030-07-14 08:00:00,4338.861044668267,4665
4665,0.586,0.0378776,0.16839820000000003,2030-07-14 09:00:00,4138.967586725052,4666
4666,0.644,0.03900340000000001,0.17002420000000001,2030-07-14 10:00:00,3927.890303790197,4667
4667,0.643,0.0429236,0.176753,2030-07-14 11:00:00,3805.481567657822,4668
4668,0.6,0.0507672,0.1871908,2030-07-14 12:00:00,3686.919745618087,4669
4669,0.533,0.060544799999999996,0.200102,2030-07-14 13:00:00,3633.1123360716383,4670
4670,0.431,0.070074,0.2127672,2030-07-14 14:00:00,3695.4083504310256,4671
4671,0.31,0.0783786,0.2263884,2030-07-14 15:00:00,3889.774470871669,4672
4672,0.201,0.08646699999999999,0.2380856,2030-07-14 16:00:00,3922.99975808844,4673
4673,0.1,0.0915968,0.24965459999999995,2030-07-14 17:00:00,3892.5508048635847,4674
4674,0.038,0.0978526,0.26155700000000004,2030-07-14 18:00:00,3912.564701700516,4675
4675,0.002,0.10507520000000001,0.273878,2030-07-14 19:00:00,3905.6904386667657,4676
4676,0.0,0.1164682,0.2859948,2030-07-14 20:00:00,3856.343092310993,4677
4677,0.0,0.12447699999999999,0.2936846,2030-07-14 21:00:00,3612.998950717212,4678
4678,0.0,0.1288336,0.2971762,2030-07-14 22:00:00,3419.242042512653,4679
4679,0.0,0.1288648,0.299348,2030-07-14 23:00:00,3161.645080074445,4680
4680,0.0,0.12829379999999999,0.30710820000000005,2030-07-15 00:00:00,3094.742915618715,4681
4681,0.0,0.1349326,0.318891,2030-07-15 01:00:00,2991.494061304616,4682
4682,0.0,0.14354799999999998,0.33031,2030-07-15 02:00:00,2892.640755631663,4683
4683,0.011,0.150431,0.33542780000000005,2030-07-15 03:00:00,2789.0721963928227,4684
4684,0.055,0.15684779999999998,0.3382466,2030-07-15 04:00:00,2921.7700512948795,4685
4685,0.121,0.1662204,0.34378759999999997,2030-07-15 05:00:00,3364.6084631910817,4686
4686,0.224,0.17478080000000001,0.3503404,2030-07-15 06:00:00,3748.3039089918193,4687
4687,0.358,0.1823874,0.3562974,2030-07-15 07:00:00,4123.916137280708,4688
4688,0.463,0.1907558,0.362637,2030-07-15 08:00:00,4184.914714065386,4689
4689,0.537,0.1981234,0.36826100000000006,2030-07-15 09:00:00,4028.529402843945,4690
4690,0.577,0.2059378,0.371852,2030-07-15 10:00:00,3857.600436404026,4691
4691,0.575,0.2128342,0.37764319999999996,2030-07-15 11:00:00,3760.688567577993,4692
4692,0.541,0.22007299999999996,0.38310740000000004,2030-07-15 12:00:00,3668.6448785545263,4693
4693,0.48,0.22930439999999996,0.3870424,2030-07-15 13:00:00,3637.586266233997,4694
4694,0.398,0.233656,0.3859802,2030-07-15 14:00:00,3723.07256058848,4695
4695,0.294,0.22765820000000003,0.38399599999999995,2030-07-15 15:00:00,3971.09264685362,4696
4696,0.192,0.2144196,0.3810116,2030-07-15 16:00:00,4042.30780377171,4697
4697,0.105,0.1986222,0.3755788,2030-07-15 17:00:00,4027.9829197321287,4698
4698,0.042,0.1799636,0.3665218,2030-07-15 18:00:00,4067.169180504325,4699
4699,0.003,0.17083779999999998,0.3619032,2030-07-15 19:00:00,4052.806467776316,4700
4700,0.0,0.17027699999999998,0.3601378,2030-07-15 20:00:00,3966.373147705629,4701
4701,0.0,0.17321840000000002,0.361639,2030-07-15 21:00:00,3653.9257149080922,4702
4702,0.0,0.17024040000000001,0.35784320000000003,2030-07-15 22:00:00,3450.8990623212594,4703
4703,0.0,0.1704088,0.3469932,2030-07-15 23:00:00,3217.524981900588,4704
4704,0.0,0.17421360000000002,0.3393064,2030-07-16 00:00:00,3093.724918793583,4705
4705,0.0,0.17894839999999998,0.332784,2030-07-16 01:00:00,3023.8767986508683,4706
4706,0.0,0.1873156,0.32952919999999997,2030-07-16 02:00:00,2971.777959114572,4707
4707,0.024,0.18647339999999998,0.3181062,2030-07-16 03:00:00,2982.293027596882,4708
4708,0.102,0.1785976,0.3059742,2030-07-16 04:00:00,3408.0276584619323,4709
4709,0.209,0.1872448,0.2962876,2030-07-16 05:00:00,4214.73372012232,4710
4710,0.337,0.1814614,0.2839368,2030-07-16 06:00:00,4758.634204101571,4711
4711,0.475,0.1703218,0.26624980000000004,2030-07-16 07:00:00,5082.770032036018,4712
4712,0.578,0.1536546,0.23943659999999997,2030-07-16 08:00:00,5101.4602466648685,4713
4713,0.649,0.135695,0.211469,2030-07-16 09:00:00,4890.241078596988,4714
4714,0.683,0.1278178,0.1944592,2030-07-16 10:00:00,4670.30229516693,4715
4715,0.677,0.13197,0.1958608,2030-07-16 11:00:00,4583.324983067112,4716
4716,0.631,0.14300419999999997,0.2110944,2030-07-16 12:00:00,4479.116834819133,4717
4717,0.556,0.153951,0.22982160000000001,2030-07-16 13:00:00,4361.067772320623,4718
4718,0.447,0.162174,0.2447592,2030-07-16 14:00:00,4325.356679400249,4719
4719,0.324,0.1639196,0.2515636,2030-07-16 15:00:00,4470.594015132976,4720
4720,0.206,0.1586906,0.2516102,2030-07-16 16:00:00,4457.4958375888245,4721
4721,0.105,0.147316,0.24273799999999998,2030-07-16 17:00:00,4380.73751228445,4722
4722,0.039,0.130758,0.22676880000000002,2030-07-16 18:00:00,4366.70133102588,4723
4723,0.002,0.124333,0.21920819999999996,2030-07-16 19:00:00,4295.252996376979,4724
4724,0.0,0.12299959999999999,0.21475519999999998,2030-07-16 20:00:00,4191.670572230826,4725
4725,0.0,0.12520160000000002,0.21344020000000002,2030-07-16 21:00:00,3829.8550752504307,4726
4726,0.0,0.1287946,0.21399720000000003,2030-07-16 22:00:00,3576.95167243598,4727
4727,0.0,0.1278756,0.2088812,2030-07-16 23:00:00,3310.374088806966,4728
4728,0.0,0.1209894,0.20331420000000003,2030-07-17 00:00:00,3221.115224171434,4729
4729,0.0,0.1114212,0.1915324,2030-07-17 01:00:00,3137.324772374549,4730
4730,0.0,0.10154559999999999,0.17712460000000002,2030-07-17 02:00:00,3082.044196774673,4731
4731,0.006,0.0848122,0.1516954,2030-07-17 03:00:00,3078.885989868329,4732
4732,0.034,0.0607854,0.11932140000000002,2030-07-17 04:00:00,3515.051643751909,4733
4733,0.08,0.040273199999999995,0.0900794,2030-07-17 05:00:00,4304.712710310359,4734
4734,0.142,0.025945599999999996,0.06490599999999999,2030-07-17 06:00:00,4813.697184899239,4735
4735,0.226,0.017934,0.045840599999999995,2030-07-17 07:00:00,5080.003808355456,4736
4736,0.338,0.014652199999999999,0.0352688,2030-07-17 08:00:00,5091.9545701973,4737
4737,0.448,0.014197199999999998,0.0320082,2030-07-17 09:00:00,4876.888074931724,4738
4738,0.518,0.0156854,0.0354136,2030-07-17 10:00:00,4653.959755908405,4739
4739,0.54,0.0194392,0.041839,2030-07-17 11:00:00,4577.36629217506,4740
4740,0.524,0.0241388,0.0480308,2030-07-17 12:00:00,4500.817778070004,4741
4741,0.477,0.028245399999999997,0.051483,2030-07-17 13:00:00,4389.136856020323,4742
4742,0.398,0.029682200000000002,0.05221359999999999,2030-07-17 14:00:00,4357.474968038653,4743
4743,0.296,0.0292132,0.051713999999999996,2030-07-17 15:00:00,4485.895594622579,4744
4744,0.194,0.027636,0.050059200000000005,2030-07-17 16:00:00,4460.1200384285985,4745
4745,0.105,0.0267426,0.0483018,2030-07-17 17:00:00,4390.889434362643,4746
4746,0.041,0.0281194,0.048659600000000004,2030-07-17 18:00:00,4386.780886628396,4747
4747,0.002,0.030143999999999997,0.05104299999999999,2030-07-17 19:00:00,4313.36670341983,4748
4748,0.0,0.028408999999999997,0.0536864,2030-07-17 20:00:00,4200.941211020832,4749
4749,0.0,0.023531800000000002,0.0553264,2030-07-17 21:00:00,3844.062016951241,4750
4750,0.0,0.0183472,0.05766,2030-07-17 22:00:00,3579.701174984011,4751
4751,0.0,0.014613199999999998,0.0630554,2030-07-17 23:00:00,3305.193588269854,4752
4752,0.0,0.013305800000000001,0.0709166,2030-07-18 00:00:00,3195.9703456874768,4753
4753,0.0,0.014840200000000001,0.08087520000000001,2030-07-18 01:00:00,3117.0810450108766,4754
4754,0.0,0.019185,0.0938102,2030-07-18 02:00:00,3056.006939158105,4755
4755,0.021,0.025524800000000004,0.11315560000000002,2030-07-18 03:00:00,3049.639132902974,4756
4756,0.1,0.030370600000000005,0.1248106,2030-07-18 04:00:00,3494.804426749314,4757
4757,0.205,0.0338678,0.13632640000000001,2030-07-18 05:00:00,4306.3379594970975,4758
4758,0.326,0.041383199999999995,0.139669,2030-07-18 06:00:00,4802.148038367168,4759
4759,0.453,0.045423000000000005,0.1400666,2030-07-18 07:00:00,5040.426473503448,4760
4760,0.549,0.0450274,0.1372912,2030-07-18 08:00:00,5049.971142682509,4761
4761,0.616,0.045045600000000005,0.137066,2030-07-18 09:00:00,4845.88222018636,4762
4762,0.642,0.046878800000000005,0.1339938,2030-07-18 10:00:00,4639.01945156946,4763
4763,0.624,0.0494788,0.13667259999999998,2030-07-18 11:00:00,4577.1765959253225,4764
4764,0.564,0.0505498,0.14209739999999998,2030-07-18 12:00:00,4506.945807395171,4765
4765,0.45,0.0491762,0.14314580000000002,2030-07-18 13:00:00,4391.529691973043,4766
4766,0.327,0.0451702,0.1391658,2030-07-18 14:00:00,4393.667279023315,4767
4767,0.214,0.040908,0.14501920000000001,2030-07-18 15:00:00,4543.845021426304,4768
4768,0.127,0.0380138,0.143722,2030-07-18 16:00:00,4503.82772268854,4769
4769,0.061,0.0402646,0.14800059999999998,2030-07-18 17:00:00,4417.614574202587,4770
4770,0.019,0.056613800000000006,0.1631516,2030-07-18 18:00:00,4385.433800256792,4771
4771,0.0,0.0846268,0.1800814,2030-07-18 19:00:00,4316.368859191368,4772
4772,0.0,0.10762000000000001,0.1885152,2030-07-18 20:00:00,4176.839160341633,4773
4773,0.0,0.1219216,0.1810652,2030-07-18 21:00:00,3836.9739516898558,4774
4774,0.0,0.1252956,0.1640004,2030-07-18 22:00:00,3575.2547971257873,4775
4775,0.0,0.11143860000000001,0.13952380000000003,2030-07-18 23:00:00,3309.2833547196396,4776
4776,0.0,0.09815,0.1207346,2030-07-19 00:00:00,3230.4896661334787,4777
4777,0.0,0.08666560000000001,0.10595479999999999,2030-07-19 01:00:00,3144.775831651038,4778
4778,0.0,0.0738402,0.09502459999999999,2030-07-19 02:00:00,3081.261583861004,4779
4779,0.004,0.0603294,0.0836878,2030-07-19 03:00:00,3067.815100240236,4780
4780,0.039,0.0456112,0.070302,2030-07-19 04:00:00,3411.48078761537,4781
4781,0.098,0.033047599999999996,0.0583778,2030-07-19 05:00:00,4286.213460356492,4782
4782,0.178,0.0281848,0.0528338,2030-07-19 06:00:00,4840.266709355745,4783
4783,0.275,0.0285084,0.0555686,2030-07-19 07:00:00,5110.349305320153,4784
4784,0.387,0.03295940000000001,0.0630174,2030-07-19 08:00:00,5117.650386473344,4785
4785,0.479,0.039602,0.07363739999999999,2030-07-19 09:00:00,4915.38756174503,4786
4786,0.539,0.0464974,0.08596379999999999,2030-07-19 10:00:00,4714.312759804548,4787
4787,0.489,0.0543678,0.09692379999999999,2030-07-19 11:00:00,4640.567607151017,4788
4788,0.436,0.062052399999999994,0.10450060000000001,2030-07-19 12:00:00,4526.555982507962,4789
4789,0.395,0.0674468,0.10689199999999999,2030-07-19 13:00:00,4399.604136049412,4790
4790,0.336,0.068165,0.10289119999999999,2030-07-19 14:00:00,4366.847397526055,4791
4791,0.257,0.0634406,0.0957538,2030-07-19 15:00:00,4467.528249012723,4792
4792,0.178,0.056693400000000005,0.0913618,2030-07-19 16:00:00,4422.801644499663,4793
4793,0.097,0.050926400000000004,0.0895532,2030-07-19 17:00:00,4357.064270030758,4794
4794,0.032,0.0458654,0.087701,2030-07-19 18:00:00,4363.651801761927,4795
4795,0.001,0.039538000000000004,0.08762260000000001,2030-07-19 19:00:00,4298.405348798079,4796
4796,0.0,0.029833,0.08906800000000001,2030-07-19 20:00:00,4158.751623684547,4797
4797,0.0,0.021373800000000002,0.0923486,2030-07-19 21:00:00,3805.7517437283386,4798
4798,0.0,0.0176314,0.09814500000000001,2030-07-19 22:00:00,3528.643836685553,4799
4799,0.0,0.0195206,0.1068438,2030-07-19 23:00:00,3252.3333835486774,4800
4800,0.0,0.0290068,0.11470419999999999,2030-07-20 00:00:00,3158.469444039264,4801
4801,0.0,0.04744040000000001,0.13348639999999998,2030-07-20 01:00:00,3073.335871931375,4802
4802,0.0,0.0717862,0.16231459999999998,2030-07-20 02:00:00,3014.801386631109,4803
4803,0.007,0.09526219999999999,0.1970656,2030-07-20 03:00:00,3000.52422571877,4804
4804,0.044,0.11011560000000001,0.2253206,2030-07-20 04:00:00,3351.674371819725,4805
4805,0.095,0.11540140000000002,0.24462299999999998,2030-07-20 05:00:00,4196.257064258654,4806
4806,0.152,0.1327882,0.2687482,2030-07-20 06:00:00,4758.925785156492,4807
4807,0.193,0.1511256,0.2918248,2030-07-20 07:00:00,5057.154119173928,4808
4808,0.22,0.19105060000000001,0.32345199999999996,2030-07-20 08:00:00,5068.396342010246,4809
4809,0.246,0.2295582,0.3446672,2030-07-20 09:00:00,4835.825658545173,4810
4810,0.285,0.2679704,0.3659752,2030-07-20 10:00:00,4585.13803049044,4811
4811,0.31,0.29990839999999996,0.37420400000000004,2030-07-20 11:00:00,4426.358283399622,4812
4812,0.301,0.3197336,0.36357539999999994,2030-07-20 12:00:00,4264.688885720681,4813
4813,0.25,0.31521999999999994,0.3519384,2030-07-20 13:00:00,4158.785696660358,4814
4814,0.194,0.2964934,0.34941940000000005,2030-07-20 14:00:00,4165.193902129631,4815
4815,0.138,0.269752,0.3472962,2030-07-20 15:00:00,4339.868054984682,4816
4816,0.077,0.2518198,0.3462308,2030-07-20 16:00:00,4344.438973694166,4817
4817,0.028,0.23654799999999998,0.350889,2030-07-20 17:00:00,4224.93079567936,4818
4818,0.005,0.22002879999999997,0.35133699999999995,2030-07-20 18:00:00,4163.86445014649,4819
4819,0.0,0.1886816,0.3306736,2030-07-20 19:00:00,4080.591599498054,4820
4820,0.0,0.153719,0.29383739999999997,2030-07-20 20:00:00,3943.592012194668,4821
4821,0.0,0.1346082,0.259598,2030-07-20 21:00:00,3670.260430658776,4822
4822,0.0,0.13492600000000002,0.23810760000000003,2030-07-20 22:00:00,3451.847848470261,4823
4823,0.0,0.13929260000000002,0.22427040000000004,2030-07-20 23:00:00,3174.265263740441,4824
4824,0.0,0.136121,0.2024904,2030-07-21 00:00:00,3121.510997191179,4825
4825,0.0,0.1260344,0.17945060000000002,2030-07-21 01:00:00,3012.0079997485027,4826
4826,0.0,0.1256616,0.1701478,2030-07-21 02:00:00,2917.213387619057,4827
4827,0.005,0.132571,0.16490600000000002,2030-07-21 03:00:00,2803.3086579636406,4828
4828,0.047,0.1302372,0.1656396,2030-07-21 04:00:00,2855.5283374785013,4829
4829,0.139,0.1327364,0.1860382,2030-07-21 05:00:00,3386.706906555044,4830
4830,0.27,0.1602208,0.2212984,2030-07-21 06:00:00,3808.926159542077,4831
4831,0.41,0.20361320000000002,0.2663452,2030-07-21 07:00:00,4122.6522269968145,4832
4832,0.513,0.2504212,0.3167064,2030-07-21 08:00:00,4224.835013440664,4833
4833,0.571,0.29260359999999996,0.3663284,2030-07-21 09:00:00,4049.136420944259,4834
4834,0.592,0.3348476,0.40540940000000003,2030-07-21 10:00:00,3894.336995211228,4835
4835,0.581,0.3760988,0.42672340000000003,2030-07-21 11:00:00,3805.5059168321172,4836
4836,0.541,0.4146242,0.43716619999999995,2030-07-21 12:00:00,3714.317422426888,4837
4837,0.479,0.4418996,0.43800239999999996,2030-07-21 13:00:00,3672.819132765311,4838
4838,0.396,0.45326279999999997,0.4380892,2030-07-21 14:00:00,3742.473100088936,4839
4839,0.306,0.44411000000000006,0.42921339999999997,2030-07-21 15:00:00,3897.8932210444323,4840
4840,0.196,0.4171142,0.41472300000000006,2030-07-21 16:00:00,3921.360355735672,4841
4841,0.104,0.3760692,0.3907272,2030-07-21 17:00:00,3873.826456931078,4842
4842,0.038,0.3215266,0.365239,2030-07-21 18:00:00,3889.969598201098,4843
4843,0.001,0.2800386,0.34107600000000005,2030-07-21 19:00:00,3860.557359932356,4844
4844,0.0,0.259728,0.32705220000000007,2030-07-21 20:00:00,3805.096936448726,4845
4845,0.0,0.24113059999999997,0.3177474,2030-07-21 21:00:00,3557.443537522444,4846
4846,0.0,0.23045619999999997,0.3049808,2030-07-21 22:00:00,3353.3425666994117,4847
4847,0.0,0.22061999999999998,0.2960502,2030-07-21 23:00:00,3091.4823617585307,4848
4848,0.0,0.20447259999999998,0.28713360000000004,2030-07-22 00:00:00,3062.673700875886,4849
4849,0.0,0.18710179999999998,0.2812609999999999,2030-07-22 01:00:00,2957.690913110344,4850
4850,0.0,0.1747982,0.2681868,2030-07-22 02:00:00,2859.560332875194,4851
4851,0.003,0.1574334,0.264888,2030-07-22 03:00:00,2747.9497377913694,4852
4852,0.02,0.14923619999999999,0.2701844,2030-07-22 04:00:00,2782.77179326236,4853
4853,0.041,0.15059,0.2784766,2030-07-22 05:00:00,3291.6256556917797,4854
4854,0.063,0.1584638,0.29648060000000004,2030-07-22 06:00:00,3706.2518662150187,4855
4855,0.115,0.1822204,0.3339312,2030-07-22 07:00:00,4049.8069473200308,4856
4856,0.203,0.21177639999999998,0.37350079999999997,2030-07-22 08:00:00,4141.243576351245,4857
4857,0.221,0.23912360000000002,0.3980642,2030-07-22 09:00:00,4053.867896626968,4858
4858,0.188,0.273686,0.40687860000000003,2030-07-22 10:00:00,3931.4220491235164,4859
4859,0.172,0.31135060000000003,0.41040779999999993,2030-07-22 11:00:00,3884.630791874745,4860
4860,0.172,0.3379784,0.40283499999999994,2030-07-22 12:00:00,3839.294444895543,4861
4861,0.152,0.3360932,0.40097380000000005,2030-07-22 13:00:00,3895.344353036059,4862
4862,0.114,0.3116866,0.4069096,2030-07-22 14:00:00,4052.21573006804,4863
4863,0.089,0.28478,0.41582279999999994,2030-07-22 15:00:00,4309.93684682527,4864
4864,0.086,0.264623,0.41134000000000004,2030-07-22 16:00:00,4337.255519829105,4865
4865,0.057,0.24133480000000002,0.40547459999999996,2030-07-22 17:00:00,4311.213133481928,4866
4866,0.021,0.219387,0.3774432,2030-07-22 18:00:00,4255.296935589476,4867
4867,0.0,0.21392420000000004,0.3569566,2030-07-22 19:00:00,4122.459291888857,4868
4868,0.0,0.2076942,0.3427852,2030-07-22 20:00:00,3924.539879269075,4869
4869,0.0,0.2155398,0.340062,2030-07-22 21:00:00,3633.1208584136393,4870
4870,0.0,0.22289980000000004,0.33294619999999997,2030-07-22 22:00:00,3429.30974396474,4871
4871,0.0,0.2269618,0.32246539999999996,2030-07-22 23:00:00,3211.468345579586,4872
4872,0.0,0.22426280000000004,0.3100412,2030-07-23 00:00:00,3058.755738055265,4873
4873,0.0,0.2144388,0.2877202,2030-07-23 01:00:00,2976.316055181921,4874
4874,0.0,0.2008106,0.2678622,2030-07-23 02:00:00,2919.445014849768,4875
4875,0.014,0.1876704,0.245301,2030-07-23 03:00:00,2920.915521856725,4876
4876,0.091,0.16078579999999998,0.21386219999999997,2030-07-23 04:00:00,3283.4209079861976,4877
4877,0.205,0.1380994,0.190408,2030-07-23 05:00:00,4107.250306098958,4878
4878,0.335,0.14210419999999999,0.180951,2030-07-23 06:00:00,4658.25803125894,4879
4879,0.463,0.15004659999999997,0.18132399999999999,2030-07-23 07:00:00,4939.407054304488,4880
4880,0.565,0.1579354,0.18609019999999998,2030-07-23 08:00:00,4951.00366679938,4881
4881,0.63,0.1675592,0.19421820000000004,2030-07-23 09:00:00,4773.515577975735,4882
4882,0.66,0.17595860000000002,0.20188959999999997,2030-07-23 10:00:00,4577.039334304488,4883
4883,0.653,0.179725,0.2037326,2030-07-23 11:00:00,4513.8935509827315,4884
4884,0.612,0.178815,0.2014176,2030-07-23 12:00:00,4407.245488344045,4885
4885,0.537,0.1727834,0.19649439999999999,2030-07-23 13:00:00,4310.280978563322,4886
4886,0.431,0.1621608,0.18767399999999998,2030-07-23 14:00:00,4284.956529906038,4887
4887,0.313,0.1456076,0.1736232,2030-07-23 15:00:00,4425.123991329333,4888
4888,0.197,0.1247208,0.1567034,2030-07-23 16:00:00,4428.244320062886,4889
4889,0.096,0.09839559999999999,0.13613060000000002,2030-07-23 17:00:00,4379.725186510732,4890
4890,0.033,0.074468,0.1165038,2030-07-23 18:00:00,4367.169250535018,4891
4891,0.001,0.063545,0.10152380000000001,2030-07-23 19:00:00,4291.462563993009,4892
4892,0.0,0.054123,0.08766199999999999,2030-07-23 20:00:00,4152.208662445072,4893
4893,0.0,0.0460454,0.0767882,2030-07-23 21:00:00,3789.2201655505614,4894
4894,0.0,0.0380464,0.0666958,2030-07-23 22:00:00,3503.851226639521,4895
4895,0.0,0.0304946,0.057545599999999995,2030-07-23 23:00:00,3223.929118427577,4896
4896,0.0,0.0250448,0.0509072,2030-07-24 00:00:00,3147.0053719477964,4897
4897,0.0,0.022002400000000002,0.0471396,2030-07-24 01:00:00,3055.610721401987,4898
4898,0.0,0.0215954,0.046298599999999995,2030-07-24 02:00:00,2999.592598896116,4899
4899,0.017,0.0234386,0.0477026,2030-07-24 03:00:00,3002.320629579745,4900
4900,0.096,0.0259722,0.05129779999999999,2030-07-24 04:00:00,3352.366629731083,4901
4901,0.209,0.022036,0.0532238,2030-07-24 05:00:00,4184.087173919824,4902
4902,0.337,0.019969,0.0573484,2030-07-24 06:00:00,4715.335290215925,4903
4903,0.461,0.0245912,0.062059600000000006,2030-07-24 07:00:00,4978.927511464036,4904
4904,0.561,0.023293799999999996,0.06394000000000001,2030-07-24 08:00:00,4993.722392477095,4905
4905,0.625,0.019311799999999997,0.06909760000000001,2030-07-24 09:00:00,4811.624835315453,4906
4906,0.652,0.0186868,0.08274859999999999,2030-07-24 10:00:00,4612.4051085682495,4907
4907,0.644,0.0247876,0.10428440000000001,2030-07-24 11:00:00,4534.386475848776,4908
4908,0.601,0.036565,0.13045619999999997,2030-07-24 12:00:00,4439.906266959588,4909
4909,0.524,0.0495996,0.16021639999999998,2030-07-24 13:00:00,4339.63961430276,4910
4910,0.417,0.0623596,0.1928544,2030-07-24 14:00:00,4317.357121551399,4911
4911,0.301,0.0769242,0.2177558,2030-07-24 15:00:00,4436.655860599567,4912
4912,0.19,0.0900946,0.2335026,2030-07-24 16:00:00,4434.322732315059,4913
4913,0.096,0.10790700000000002,0.2576854,2030-07-24 17:00:00,4392.294312743744,4914
4914,0.031,0.144148,0.2949606,2030-07-24 18:00:00,4384.396961733948,4915
4915,0.0,0.1875944,0.3294210000000001,2030-07-24 19:00:00,4323.103644011448,4916
4916,0.0,0.20786280000000001,0.342415,2030-07-24 20:00:00,4201.592284090926,4917
4917,0.0,0.21481240000000001,0.34150840000000005,2030-07-24 21:00:00,3859.04560823714,4918
4918,0.0,0.2188058,0.332845,2030-07-24 22:00:00,3599.340021218216,4919
4919,0.0,0.2160302,0.30821620000000005,2030-07-24 23:00:00,3335.2495981569955,4920
4920,0.0,0.2122592,0.273818,2030-07-25 00:00:00,3251.783267494218,4921
4921,0.0,0.20483880000000002,0.23766360000000003,2030-07-25 01:00:00,3161.060287716182,4922
4922,0.0,0.19489320000000002,0.2056664,2030-07-25 02:00:00,3095.7502911001966,4923
4923,0.006,0.17778359999999999,0.17556119999999997,2030-07-25 03:00:00,3095.537828621379,4924
4924,0.051,0.14045259999999998,0.1370888,2030-07-25 04:00:00,3429.225984011564,4925
4925,0.124,0.1037058,0.1054086,2030-07-25 05:00:00,4206.764508371013,4926
4926,0.22,0.0874724,0.0894628,2030-07-25 06:00:00,4719.0885961689,4927
4927,0.312,0.0954654,0.0863772,2030-07-25 07:00:00,4979.548311081313,4928
4928,0.387,0.09191099999999999,0.0834314,2030-07-25 08:00:00,4995.654358447104,4929
4929,0.424,0.0905796,0.0838774,2030-07-25 09:00:00,4825.496288699545,4930
4930,0.475,0.09546659999999998,0.0901488,2030-07-25 10:00:00,4639.211357420537,4931
4931,0.49,0.1045178,0.1003742,2030-07-25 11:00:00,4580.447697930888,4932
4932,0.472,0.11600379999999999,0.112428,2030-07-25 12:00:00,4485.900110223876,4933
4933,0.431,0.12568759999999998,0.12383319999999998,2030-07-25 13:00:00,4387.286713364904,4934
4934,0.35,0.1345792,0.13572399999999998,2030-07-25 14:00:00,4350.248077695827,4935
4935,0.261,0.1434234,0.1514796,2030-07-25 15:00:00,4451.143957518665,4936
4936,0.175,0.149019,0.17007160000000002,2030-07-25 16:00:00,4439.896897651251,4937
4937,0.093,0.1536848,0.19222659999999997,2030-07-25 17:00:00,4391.988993976108,4938
4938,0.03,0.16225879999999998,0.2158392,2030-07-25 18:00:00,4389.696282753167,4939
4939,0.0,0.17823740000000002,0.23817159999999998,2030-07-25 19:00:00,4328.080391911665,4940
4940,0.0,0.1812696,0.2480674,2030-07-25 20:00:00,4203.618657415739,4941
4941,0.0,0.1733092,0.2542154,2030-07-25 21:00:00,3854.953214397581,4942
4942,0.0,0.1599024,0.2553664,2030-07-25 22:00:00,3584.149469585594,4943
4943,0.0,0.1452342,0.24933679999999997,2030-07-25 23:00:00,3315.070073658295,4944
4944,0.0,0.1370442,0.24293119999999999,2030-07-26 00:00:00,3231.986640182694,4945
4945,0.0,0.1379148,0.2456036,2030-07-26 01:00:00,3119.776539736125,4946
4946,0.0,0.14705,0.2602972,2030-07-26 02:00:00,3015.689810542778,4947
4947,0.005,0.1545988,0.27177239999999997,2030-07-26 03:00:00,3003.039129529504,4948
4948,0.046,0.14727600000000002,0.2700632,2030-07-26 04:00:00,3354.665777606514,4949
4949,0.114,0.12592620000000002,0.2577534,2030-07-26 05:00:00,4194.813112114742,4950
4950,0.214,0.1115502,0.2541214,2030-07-26 06:00:00,4738.364793497997,4951
4951,0.335,0.11270519999999999,0.2619846,2030-07-26 07:00:00,5001.119522929415,4952
4952,0.447,0.13272299999999998,0.27970039999999996,2030-07-26 08:00:00,5000.967209700555,4953
4953,0.533,0.1470026,0.2954532,2030-07-26 09:00:00,4828.9712284803645,4954
4954,0.58,0.1600974,0.30825,2030-07-26 10:00:00,4647.86318444971,4955
4955,0.593,0.1746564,0.321264,2030-07-26 11:00:00,4584.507446092352,4956
4956,0.564,0.1885906,0.33749700000000005,2030-07-26 12:00:00,4498.1649368374265,4957
4957,0.501,0.2015786,0.35237779999999996,2030-07-26 13:00:00,4400.634572016278,4958
4958,0.408,0.21374359999999998,0.36486060000000003,2030-07-26 14:00:00,4365.651716616256,4959
4959,0.299,0.2227544,0.373067,2030-07-26 15:00:00,4454.027171930623,4960
4960,0.191,0.22057159999999998,0.3724648,2030-07-26 16:00:00,4450.083033586543,4961
4961,0.097,0.21192219999999998,0.36880979999999997,2030-07-26 17:00:00,4404.712972738515,4962
4962,0.031,0.1962164,0.3665696,2030-07-26 18:00:00,4400.614320645567,4963
4963,0.0,0.1955162,0.3775052,2030-07-26 19:00:00,4339.613430249532,4964
4964,0.0,0.19316700000000003,0.38018240000000003,2030-07-26 20:00:00,4222.090162607423,4965
4965,0.0,0.1982932,0.37885880000000005,2030-07-26 21:00:00,3867.386862823563,4966
4966,0.0,0.21226700000000004,0.37546199999999996,2030-07-26 22:00:00,3607.066636393549,4967
4967,0.0,0.22776619999999997,0.3625308,2030-07-26 23:00:00,3345.7899344233588,4968
4968,0.0,0.23724119999999999,0.3451034,2030-07-27 00:00:00,3249.406828194665,4969
4969,0.0,0.2380296,0.3328182,2030-07-27 01:00:00,3146.598344088753,4970
4970,0.0,0.2357806,0.32756979999999997,2030-07-27 02:00:00,3077.538159327386,4971
4971,0.01,0.23337700000000003,0.31991319999999995,2030-07-27 03:00:00,2954.483653676076,4972
4972,0.085,0.2228564,0.3162188,2030-07-27 04:00:00,3388.8191390737375,4973
4973,0.196,0.23374160000000002,0.3410692,2030-07-27 05:00:00,4156.661425719751,4974
4974,0.317,0.2936822,0.3897912,2030-07-27 06:00:00,4674.54200753052,4975
4975,0.406,0.3479586,0.4463541999999999,2030-07-27 07:00:00,4947.358865014349,4976
4976,0.44,0.40603439999999996,0.498074,2030-07-27 08:00:00,4969.690174995765,4977
4977,0.449,0.4557302000000001,0.5408866,2030-07-27 09:00:00,4803.732866138424,4978
4978,0.502,0.4897260000000001,0.5736264,2030-07-27 10:00:00,4607.722944701955,4979
4979,0.545,0.5066568,0.5936676000000001,2030-07-27 11:00:00,4474.182524247289,4980
4980,0.544,0.5135166,0.606578,2030-07-27 12:00:00,4306.292102584807,4981
4981,0.479,0.5104780000000001,0.6104528,2030-07-27 13:00:00,4182.247268048862,4982
4982,0.393,0.5028178000000001,0.6041176,2030-07-27 14:00:00,4150.148796469085,4983
4983,0.287,0.48963039999999997,0.5961386000000001,2030-07-27 15:00:00,4250.213423826466,4984
4984,0.178,0.45548959999999994,0.5893024,2030-07-27 16:00:00,4254.517518095084,4985
4985,0.09,0.41367719999999997,0.5726131999999999,2030-07-27 17:00:00,4188.669687159632,4986
4986,0.028,0.3776254,0.5550246,2030-07-27 18:00:00,4116.832078024678,4987
4987,0.0,0.359494,0.5420931999999999,2030-07-27 19:00:00,4076.5623301149963,4988
4988,0.0,0.35115440000000003,0.530158,2030-07-27 20:00:00,4011.3660155967536,4989
4989,0.0,0.34449399999999997,0.5204286,2030-07-27 21:00:00,3755.208809028034,4990
4990,0.0,0.3376492,0.5062348,2030-07-27 22:00:00,3533.998374599779,4991
4991,0.0,0.33636239999999995,0.48771319999999996,2030-07-27 23:00:00,3256.6361934171064,4992
4992,0.0,0.3354482,0.47157879999999996,2030-07-28 00:00:00,3160.695697482788,4993
4993,0.0,0.32474220000000004,0.4641444,2030-07-28 01:00:00,3046.4644169666517,4994
4994,0.0,0.3165938,0.46268739999999997,2030-07-28 02:00:00,2956.567459972908,4995
4995,0.006,0.302274,0.45101879999999994,2030-07-28 03:00:00,2859.258444078781,4996
4996,0.072,0.2676346,0.42921060000000005,2030-07-28 04:00:00,2887.530064220336,4997
4997,0.174,0.28056659999999994,0.42784659999999997,2030-07-28 05:00:00,3334.7634215905828,4998
4998,0.273,0.3064538,0.429307,2030-07-28 06:00:00,3758.91269273284,4999
4999,0.351,0.325047,0.4339008,2030-07-28 07:00:00,4082.556854606913,5000
5000,0.401,0.3451924,0.442025,2030-07-28 08:00:00,4160.207504394797,5001
5001,0.433,0.3584166,0.4456252,2030-07-28 09:00:00,4030.5373522804966,5002
5002,0.451,0.3668152,0.4461926,2030-07-28 10:00:00,3875.502848881598,5003
5003,0.436,0.368675,0.4461062,2030-07-28 11:00:00,3767.5643045458346,5004
5004,0.396,0.3589514,0.4406278,2030-07-28 12:00:00,3688.029934717524,5005
5005,0.351,0.338851,0.4294059999999999,2030-07-28 13:00:00,3652.3515095297707,5006
5006,0.291,0.31108579999999997,0.4125224,2030-07-28 14:00:00,3699.524613278767,5007
5007,0.23,0.27472219999999997,0.3872246,2030-07-28 15:00:00,3865.303968860372,5008
5008,0.154,0.23299299999999995,0.35611760000000003,2030-07-28 16:00:00,3914.2862116240894,5009
5009,0.08,0.20296380000000003,0.3235868,2030-07-28 17:00:00,3847.6800128463956,5010
5010,0.023,0.19032280000000001,0.29264,2030-07-28 18:00:00,3828.6967112692,5011
5011,0.0,0.19448419999999997,0.278153,2030-07-28 19:00:00,3857.759425439645,5012
5012,0.0,0.1957696,0.2687642,2030-07-28 20:00:00,3815.4784306451465,5013
5013,0.0,0.18533660000000002,0.256394,2030-07-28 21:00:00,3574.660777874241,5014
5014,0.0,0.1642274,0.23564999999999997,2030-07-28 22:00:00,3374.072239535858,5015
5015,0.0,0.14384239999999998,0.2166906,2030-07-28 23:00:00,3124.328869383426,5016
5016,0.0,0.1293946,0.2033086,2030-07-29 00:00:00,3029.046488185223,5017
5017,0.0,0.1220172,0.19413200000000003,2030-07-29 01:00:00,2911.8973155532276,5018
5018,0.0,0.1191818,0.1858816,2030-07-29 02:00:00,2815.730637261471,5019
5019,0.006,0.118411,0.1750912,2030-07-29 03:00:00,2720.3274981436634,5020
5020,0.066,0.10361640000000001,0.15364919999999999,2030-07-29 04:00:00,2733.6031575926363,5021
5021,0.149,0.07186400000000001,0.1279928,2030-07-29 05:00:00,3154.547624919205,5022
5022,0.233,0.0579098,0.11596599999999999,2030-07-29 06:00:00,3529.07218515692,5023
5023,0.316,0.05003719999999999,0.1101688,2030-07-29 07:00:00,3876.1344606578023,5024
5024,0.359,0.0465434,0.1065166,2030-07-29 08:00:00,3968.132271418042,5025
5025,0.37,0.0390528,0.10136340000000002,2030-07-29 09:00:00,3859.7204142461287,5026
5026,0.386,0.0297902,0.07967959999999999,2030-07-29 10:00:00,3751.202997832652,5027
5027,0.394,0.029388800000000003,0.07007719999999999,2030-07-29 11:00:00,3699.121616827539,5028
5028,0.336,0.028198400000000002,0.07964940000000001,2030-07-29 12:00:00,3618.6417149097233,5029
5029,0.289,0.0216582,0.08666,2030-07-29 13:00:00,3619.069376586396,5030
5030,0.242,0.016087800000000003,0.0870272,2030-07-29 14:00:00,3696.6349357117424,5031
5031,0.184,0.017681000000000002,0.08751779999999999,2030-07-29 15:00:00,3922.72397955655,5032
5032,0.126,0.024102000000000002,0.08658679999999999,2030-07-29 16:00:00,4013.2899013141696,5033
5033,0.065,0.031660200000000006,0.0845186,2030-07-29 17:00:00,4001.363136257268,5034
5034,0.018,0.0395982,0.08240639999999999,2030-07-29 18:00:00,3998.845136163718,5035
5035,0.0,0.0462906,0.0790888,2030-07-29 19:00:00,4004.757815465276,5036
5036,0.0,0.0501632,0.075473,2030-07-29 20:00:00,3911.257114966632,5037
5037,0.0,0.050537200000000004,0.0704408,2030-07-29 21:00:00,3621.218273823505,5038
5038,0.0,0.051174,0.06775719999999999,2030-07-29 22:00:00,3411.3990249740027,5039
5039,0.0,0.052932400000000004,0.0676886,2030-07-29 23:00:00,3180.530059259491,5040
5040,0.0,0.055589599999999996,0.06907020000000001,2030-07-30 00:00:00,3074.260704678468,5041
5041,0.0,0.05856940000000001,0.07152080000000001,2030-07-30 01:00:00,2990.8362671953982,5042
5042,0.0,0.0613522,0.0735178,2030-07-30 02:00:00,2939.190714957822,5043
5043,0.003,0.06023280000000001,0.07312360000000001,2030-07-30 03:00:00,2961.776082422165,5044
5044,0.05,0.0516578,0.0683762,2030-07-30 04:00:00,3285.800491800557,5045
5045,0.138,0.0417402,0.062373200000000004,2030-07-30 05:00:00,4086.988370170444,5046
5046,0.24,0.036014,0.0581726,2030-07-30 06:00:00,4629.297953486447,5047
5047,0.337,0.0312062,0.0556976,2030-07-30 07:00:00,4925.888490976216,5048
5048,0.405,0.0295718,0.0560412,2030-07-30 08:00:00,4965.915633197283,5049
5049,0.439,0.030942200000000003,0.0581152,2030-07-30 09:00:00,4817.600438315644,5050
5050,0.437,0.034397199999999996,0.0633942,2030-07-30 10:00:00,4634.719539282143,5051
5051,0.416,0.040364599999999994,0.074661,2030-07-30 11:00:00,4577.469363838872,5052
5052,0.373,0.051313,0.09532120000000001,2030-07-30 12:00:00,4491.354615113392,5053
5053,0.315,0.06658080000000001,0.1229832,2030-07-30 13:00:00,4386.3343712628,5054
5054,0.233,0.0856564,0.1552002,2030-07-30 14:00:00,4344.98394860174,5055
5055,0.159,0.10803639999999999,0.1895482,2030-07-30 15:00:00,4507.841028310593,5056
5056,0.1,0.13356099999999999,0.23027340000000002,2030-07-30 16:00:00,4492.288328169071,5057
5057,0.047,0.1573348,0.27239399999999997,2030-07-30 17:00:00,4410.216823451123,5058
5058,0.011,0.1777714,0.3092242,2030-07-30 18:00:00,4392.455897977133,5059
5059,0.0,0.19813419999999998,0.3341082,2030-07-30 19:00:00,4345.457999411286,5060
5060,0.0,0.2141,0.3424064,2030-07-30 20:00:00,4109.6406238694435,5061
5061,0.0,0.22484,0.3404782,2030-07-30 21:00:00,3778.173437368207,5062
5062,0.0,0.2299132,0.327897,2030-07-30 22:00:00,3487.3780873329833,5063
5063,0.0,0.2334766,0.2999168,2030-07-30 23:00:00,3175.88214661524,5064
5064,0.0,0.22876919999999998,0.26873460000000005,2030-07-31 00:00:00,3197.2573599439847,5065
5065,0.0,0.22055980000000003,0.2495736,2030-07-31 01:00:00,3102.728127691661,5066
5066,0.0,0.2162372,0.24023440000000001,2030-07-31 02:00:00,3055.4116903759714,5067
5067,0.0,0.2148088,0.23564480000000004,2030-07-31 03:00:00,3078.5646985473686,5068
5068,0.029,0.2187434,0.23615019999999998,2030-07-31 04:00:00,3465.4257617180738,5069
5069,0.076,0.2130318,0.22905859999999997,2030-07-31 05:00:00,4256.948053534246,5070
5070,0.139,0.1987058,0.2161982,2030-07-31 06:00:00,4794.049276047845,5071
5071,0.204,0.1713164,0.1965052,2030-07-31 07:00:00,5045.409214356329,5072
5072,0.259,0.148592,0.180164,2030-07-31 08:00:00,5088.579605544364,5073
5073,0.322,0.1379088,0.17267200000000002,2030-07-31 09:00:00,4905.9520181539665,5074
5074,0.378,0.135104,0.1711674,2030-07-31 10:00:00,4715.492769186085,5075
5075,0.388,0.1328582,0.1748768,2030-07-31 11:00:00,4608.821282320925,5076
5076,0.335,0.13235040000000003,0.1826532,2030-07-31 12:00:00,4537.566894522337,5077
5077,0.305,0.13253379999999998,0.1887608,2030-07-31 13:00:00,4411.982453268254,5078
5078,0.237,0.1318536,0.1930664,2030-07-31 14:00:00,4388.631470935303,5079
5079,0.154,0.1337316,0.19596339999999998,2030-07-31 15:00:00,4539.884037023852,5080
5080,0.083,0.1387526,0.2029744,2030-07-31 16:00:00,4539.090043564947,5081
5081,0.033,0.1433662,0.2187462,2030-07-31 17:00:00,4418.491313319486,5082
5082,0.006,0.1508966,0.230401,2030-07-31 18:00:00,4381.559344752731,5083
5083,0.0,0.1546898,0.23351760000000002,2030-07-31 19:00:00,4379.071195979035,5084
5084,0.0,0.1481986,0.22640540000000003,2030-07-31 20:00:00,4115.569152878965,5085
5085,0.0,0.1355926,0.21337440000000002,2030-07-31 21:00:00,3789.066973517765,5086
5086,0.0,0.12173479999999999,0.1995982,2030-07-31 22:00:00,3528.878133119334,5087
5087,0.0,0.11173360000000002,0.1847002,2030-07-31 23:00:00,3261.55180096117,5088
5088,0.0,0.10391220000000001,0.17351840000000002,2030-08-01 00:00:00,3293.497098105325,5089
5089,0.0,0.0940472,0.1628358,2030-08-01 01:00:00,3211.4688593649225,5090
5090,0.0,0.087359,0.15250019999999997,2030-08-01 02:00:00,3179.129208735578,5091
5091,0.0,0.0806262,0.1399976,2030-08-01 03:00:00,3228.3143945007073,5092
5092,0.015,0.0720238,0.1264214,2030-08-01 04:00:00,3544.559849567129,5093
5093,0.052,0.0616452,0.11240260000000002,2030-08-01 05:00:00,4505.260695340952,5094
5094,0.103,0.05583199999999999,0.10260040000000001,2030-08-01 06:00:00,5029.998131233773,5095
5095,0.161,0.0509768,0.0947524,2030-08-01 07:00:00,5327.121988758556,5096
5096,0.214,0.0451992,0.08893739999999999,2030-08-01 08:00:00,5387.415486170959,5097
5097,0.264,0.0382578,0.08382959999999999,2030-08-01 09:00:00,5197.975399128622,5098
5098,0.31,0.030683800000000004,0.0790618,2030-08-01 10:00:00,4976.659375247706,5099
5099,0.348,0.0231554,0.0728974,2030-08-01 11:00:00,4891.626382449043,5100
5100,0.354,0.017244000000000002,0.0658022,2030-08-01 12:00:00,4781.036830489146,5101
5101,0.32,0.013928000000000001,0.059310600000000005,2030-08-01 13:00:00,4631.5195604282235,5102
5102,0.275,0.0132948,0.0550634,2030-08-01 14:00:00,4591.999347898275,5103
5103,0.21,0.014958599999999999,0.053047,2030-08-01 15:00:00,4740.1885203854945,5104
5104,0.139,0.017391800000000002,0.0499378,2030-08-01 16:00:00,4672.657422952002,5105
5105,0.069,0.02035,0.047542600000000004,2030-08-01 17:00:00,4549.418367942071,5106
5106,0.017,0.0252664,0.047343800000000005,2030-08-01 18:00:00,4495.224460485537,5107
5107,0.0,0.0324778,0.0484484,2030-08-01 19:00:00,4497.518047264366,5108
5108,0.0,0.0360836,0.049027,2030-08-01 20:00:00,4312.62674235413,5109
5109,0.0,0.0342234,0.050528399999999994,2030-08-01 21:00:00,3911.629518675988,5110
5110,0.0,0.029929,0.0504146,2030-08-01 22:00:00,3636.84352174789,5111
5111,0.0,0.025469,0.0481788,2030-08-01 23:00:00,3371.190476854533,5112
5112,0.0,0.0220552,0.04575459999999999,2030-08-02 00:00:00,3236.9603790744604,5113
5113,0.0,0.0197976,0.043619399999999996,2030-08-02 01:00:00,3156.430512675409,5114
5114,0.0,0.018103799999999996,0.0430214,2030-08-02 02:00:00,3122.7274715634708,5115
5115,0.003,0.017960399999999998,0.044565,2030-08-02 03:00:00,3172.18951343157,5116
5116,0.061,0.0186034,0.047436,2030-08-02 04:00:00,3435.384738799937,5117
5117,0.163,0.017574399999999997,0.050054999999999995,2030-08-02 05:00:00,4360.215475073121,5118
5118,0.292,0.0168672,0.0535852,2030-08-02 06:00:00,4905.482054427025,5119
5119,0.423,0.016184399999999998,0.0553794,2030-08-02 07:00:00,5189.378882652634,5120
5120,0.521,0.0142984,0.0561882,2030-08-02 08:00:00,5240.305648748943,5121
5121,0.58,0.0111622,0.0568914,2030-08-02 09:00:00,5049.674530507051,5122
5122,0.606,0.0079302,0.0554944,2030-08-02 10:00:00,4852.444911900406,5123
5123,0.593,0.005778,0.055021600000000004,2030-08-02 11:00:00,4799.651995262043,5124
5124,0.55,0.0054888,0.0589242,2030-08-02 12:00:00,4685.027009358945,5125
5125,0.476,0.006747400000000001,0.065692,2030-08-02 13:00:00,4568.964752283192,5126
5126,0.381,0.008726799999999998,0.073783,2030-08-02 14:00:00,4538.190538575489,5127
5127,0.278,0.011398,0.08258660000000001,2030-08-02 15:00:00,4667.251175991948,5128
5128,0.162,0.0146228,0.092008,2030-08-02 16:00:00,4603.866879622702,5129
5129,0.08,0.018445200000000002,0.099065,2030-08-02 17:00:00,4493.351413480115,5130
5130,0.021,0.0241468,0.10272600000000001,2030-08-02 18:00:00,4480.507534280783,5131
5131,0.0,0.0291966,0.1000704,2030-08-02 19:00:00,4472.089337275014,5132
5132,0.0,0.029598199999999998,0.09309019999999998,2030-08-02 20:00:00,4283.779614417367,5133
5133,0.0,0.0254818,0.08131599999999999,2030-08-02 21:00:00,3873.0703904910324,5134
5134,0.0,0.0201704,0.0692662,2030-08-02 22:00:00,3592.3767109638347,5135
5135,0.0,0.016223599999999998,0.061085200000000006,2030-08-02 23:00:00,3324.3015532868676,5136
5136,0.0,0.013971000000000003,0.0572974,2030-08-03 00:00:00,3213.514322401932,5137
5137,0.0,0.013984000000000002,0.0567082,2030-08-03 01:00:00,3125.817284342811,5138
5138,0.0,0.015314599999999998,0.05719880000000001,2030-08-03 02:00:00,3095.065073662865,5139
5139,0.003,0.016436399999999997,0.057569999999999996,2030-08-03 03:00:00,3144.559769313536,5140
5140,0.071,0.0161654,0.056293800000000005,2030-08-03 04:00:00,3390.766878516475,5141
5141,0.182,0.012032,0.05037780000000001,2030-08-03 05:00:00,4300.058733695767,5142
5142,0.313,0.008854199999999998,0.044163600000000004,2030-08-03 06:00:00,4847.808431993984,5143
5143,0.442,0.007201399999999999,0.0377794,2030-08-03 07:00:00,5131.983956637444,5144
5144,0.551,0.007731199999999999,0.0335034,2030-08-03 08:00:00,5171.826059729603,5145
5145,0.612,0.009618199999999999,0.033227599999999996,2030-08-03 09:00:00,4954.0578764972615,5146
5146,0.638,0.0122738,0.036879,2030-08-03 10:00:00,4726.6782489027155,5147
5147,0.617,0.016534,0.0441884,2030-08-03 11:00:00,4575.370814837734,5148
5148,0.572,0.0218772,0.05351139999999999,2030-08-03 12:00:00,4370.218666548132,5149
5149,0.495,0.028071400000000003,0.06262480000000001,2030-08-03 13:00:00,4218.478880873522,5150
5150,0.379,0.0342316,0.0695782,2030-08-03 14:00:00,4233.488060011787,5151
5151,0.27,0.040983000000000006,0.0742928,2030-08-03 15:00:00,4384.652038437491,5152
5152,0.164,0.047584600000000005,0.0762258,2030-08-03 16:00:00,4329.473890358194,5153
5153,0.079,0.051883,0.0751616,2030-08-03 17:00:00,4236.908669468699,5154
5154,0.02,0.055893000000000005,0.073881,2030-08-03 18:00:00,4175.924618743222,5155
5155,0.0,0.0611186,0.073987,2030-08-03 19:00:00,4177.150878099749,5156
5156,0.0,0.062072800000000004,0.07494239999999999,2030-08-03 20:00:00,4043.936346067929,5157
5157,0.0,0.061565800000000004,0.07774099999999999,2030-08-03 21:00:00,3713.3754710687217,5158
5158,0.0,0.0633426,0.083353,2030-08-03 22:00:00,3473.4716929417327,5159
5159,0.0,0.0672286,0.09113980000000002,2030-08-03 23:00:00,3190.994265449795,5160
5160,0.0,0.0718746,0.10111059999999998,2030-08-04 00:00:00,3146.0600292253857,5161
5161,0.0,0.07763820000000002,0.11150979999999999,2030-08-04 01:00:00,3042.4771670597383,5162
5162,0.0,0.082794,0.11948099999999999,2030-08-04 02:00:00,2977.515078884418,5163
5163,0.002,0.0837036,0.1217736,2030-08-04 03:00:00,2929.4885267172967,5164
5164,0.058,0.0766638,0.11718500000000001,2030-08-04 04:00:00,2935.7300975431795,5165
5165,0.159,0.0672704,0.10920480000000002,2030-08-04 05:00:00,3506.256119198427,5166
5166,0.291,0.0635536,0.10285199999999999,2030-08-04 06:00:00,3935.9141244416705,5167
5167,0.422,0.06186699999999999,0.09863799999999999,2030-08-04 07:00:00,4299.337635784606,5168
5168,0.515,0.063248,0.0976986,2030-08-04 08:00:00,4420.709112430381,5169
5169,0.523,0.06726560000000001,0.10017519999999999,2030-08-04 09:00:00,4258.462747528574,5170
5170,0.545,0.07331560000000001,0.1046664,2030-08-04 10:00:00,4074.640075219617,5171
5171,0.537,0.079397,0.10913219999999998,2030-08-04 11:00:00,3993.0697682197715,5172
5172,0.468,0.0845022,0.1122062,2030-08-04 12:00:00,3871.206844076973,5173
5173,0.404,0.08812640000000001,0.11173220000000002,2030-08-04 13:00:00,3816.296890278244,5174
5174,0.299,0.0895464,0.10814480000000001,2030-08-04 14:00:00,3914.7882911637616,5175
5175,0.195,0.08846399999999999,0.1036324,2030-08-04 15:00:00,4122.022994083082,5176
5176,0.115,0.0854016,0.09954319999999998,2030-08-04 16:00:00,4121.009714208865,5177
5177,0.061,0.0803788,0.0943084,2030-08-04 17:00:00,4024.972894987464,5178
5178,0.013,0.0738244,0.09015100000000001,2030-08-04 18:00:00,4020.5404150671548,5179
5179,0.0,0.0721144,0.0913072,2030-08-04 19:00:00,4089.6988836639057,5180
5180,0.0,0.0721406,0.09625500000000001,2030-08-04 20:00:00,3934.7424930567972,5181
5181,0.0,0.0711204,0.0969532,2030-08-04 21:00:00,3640.527535568704,5182
5182,0.0,0.06506680000000001,0.0891906,2030-08-04 22:00:00,3429.808450407543,5183
5183,0.0,0.0545768,0.07655300000000001,2030-08-04 23:00:00,3175.731603834519,5184
5184,0.0,0.04404980000000001,0.0636112,2030-08-05 00:00:00,3053.754085534677,5185
5185,0.0,0.0346562,0.051207199999999994,2030-08-05 01:00:00,2948.689530967714,5186
5186,0.0,0.0296912,0.043406,2030-08-05 02:00:00,2881.773174152374,5187
5187,0.0,0.0283372,0.041446,2030-08-05 03:00:00,2832.2897232923415,5188
5188,0.028,0.028319,0.0433958,2030-08-05 04:00:00,2850.1528551815063,5189
5189,0.086,0.028197800000000002,0.046169400000000006,2030-08-05 05:00:00,3381.931309438005,5190
5190,0.153,0.029173799999999993,0.0477134,2030-08-05 06:00:00,3795.12039656554,5191
5191,0.244,0.031244399999999995,0.04868560000000001,2030-08-05 07:00:00,4161.093243199026,5192
5192,0.32,0.0325716,0.048128,2030-08-05 08:00:00,4255.415152116586,5193
5193,0.358,0.0327664,0.0486468,2030-08-05 09:00:00,4124.731473394145,5194
5194,0.352,0.0322778,0.04858,2030-08-05 10:00:00,3985.585170051544,5195
5195,0.318,0.0311338,0.0475042,2030-08-05 11:00:00,3927.793695129293,5196
5196,0.274,0.0298402,0.0494892,2030-08-05 12:00:00,3825.255724788648,5197
5197,0.222,0.028791,0.057081400000000004,2030-08-05 13:00:00,3791.961032428352,5198
5198,0.158,0.0274438,0.06507860000000001,2030-08-05 14:00:00,3876.661140171705,5199
5199,0.107,0.024934,0.0756668,2030-08-05 15:00:00,4140.712502906519,5200
5200,0.065,0.023306399999999998,0.0894636,2030-08-05 16:00:00,4187.950726647353,5201
5201,0.03,0.024578,0.104898,2030-08-05 17:00:00,4143.372925218811,5202
5202,0.006,0.0317336,0.1192628,2030-08-05 18:00:00,4189.780201615291,5203
5203,0.0,0.0464486,0.13185819999999998,2030-08-05 19:00:00,4204.491440663501,5204
5204,0.0,0.06564240000000002,0.13722320000000002,2030-08-05 20:00:00,4002.294151335107,5205
5205,0.0,0.0830286,0.14169120000000002,2030-08-05 21:00:00,3653.724584442657,5206
5206,0.0,0.0953978,0.14593099999999998,2030-08-05 22:00:00,3431.7564428989062,5207
5207,0.0,0.10617460000000001,0.1485992,2030-08-05 23:00:00,3212.3238159536368,5208
5208,0.0,0.11586699999999998,0.15392940000000002,2030-08-06 00:00:00,3088.440263238783,5209
5209,0.0,0.12973360000000003,0.16977479999999998,2030-08-06 01:00:00,3018.0925409449046,5210
5210,0.0,0.1419144,0.18773840000000003,2030-08-06 02:00:00,2997.797079696626,5211
5211,0.0,0.14932020000000001,0.1952286,2030-08-06 03:00:00,3074.477648799017,5212
5212,0.042,0.1556396,0.1979738,2030-08-06 04:00:00,3417.706500505651,5213
5213,0.141,0.16326380000000001,0.203932,2030-08-06 05:00:00,4286.515977881565,5214
5214,0.267,0.1991544,0.22607619999999998,2030-08-06 06:00:00,4856.249966118108,5215
5215,0.415,0.23796520000000002,0.2544252,2030-08-06 07:00:00,5140.151045152676,5216
5216,0.531,0.2759612,0.2863384,2030-08-06 08:00:00,5209.56216219814,5217
5217,0.596,0.30757039999999997,0.317417,2030-08-06 09:00:00,5017.467455293445,5218
5218,0.626,0.3262996,0.338263,2030-08-06 10:00:00,4825.952584491489,5219
5219,0.624,0.3314454,0.3445796,2030-08-06 11:00:00,4798.911416748709,5220
5220,0.566,0.32631819999999995,0.33821599999999996,2030-08-06 12:00:00,4679.357411985933,5221
5221,0.472,0.3074688,0.31424520000000006,2030-08-06 13:00:00,4568.337726703497,5222
5222,0.347,0.2748524,0.275367,2030-08-06 14:00:00,4496.3110303500525,5223
5223,0.237,0.22969119999999998,0.235948,2030-08-06 15:00:00,4658.669554331764,5224
5224,0.157,0.1798416,0.203267,2030-08-06 16:00:00,4640.979207059905,5225
5225,0.077,0.137163,0.1737964,2030-08-06 17:00:00,4513.861767947836,5226
5226,0.016,0.1221516,0.1602672,2030-08-06 18:00:00,4475.012380601316,5227
5227,0.0,0.13110539999999998,0.1603654,2030-08-06 19:00:00,4450.969722071759,5228
5228,0.0,0.1414202,0.1648694,2030-08-06 20:00:00,4249.2151067076875,5229
5229,0.0,0.1471208,0.1711106,2030-08-06 21:00:00,3831.5314287224237,5230
5230,0.0,0.1462188,0.1751632,2030-08-06 22:00:00,3550.2405084795128,5231
5231,0.0,0.13914759999999998,0.1705614,2030-08-06 23:00:00,3291.6173825844817,5232
5232,0.0,0.13083,0.1632318,2030-08-07 00:00:00,3237.1006177739473,5233
5233,0.0,0.1252412,0.16336480000000003,2030-08-07 01:00:00,3151.59211146639,5234
5234,0.0,0.12457359999999999,0.1710674,2030-08-07 02:00:00,3126.628572299836,5235
5235,0.001,0.12556219999999998,0.1812862,2030-08-07 03:00:00,3196.5224217564737,5236
5236,0.039,0.12460260000000001,0.1880228,2030-08-07 04:00:00,3515.418410947492,5237
5237,0.114,0.1163254,0.190538,2030-08-07 05:00:00,4363.546615884477,5238
5238,0.203,0.11996980000000002,0.2042312,2030-08-07 06:00:00,4918.521484826153,5239
5239,0.279,0.1369686,0.2177754,2030-08-07 07:00:00,5221.292367428647,5240
5240,0.334,0.15244059999999998,0.22159399999999999,2030-08-07 08:00:00,5272.52515520666,5241
5241,0.355,0.1551146,0.21796700000000002,2030-08-07 09:00:00,5081.004593389932,5242
5242,0.352,0.1527088,0.2077562,2030-08-07 10:00:00,4901.245989086451,5243
5243,0.321,0.14592480000000002,0.1932982,2030-08-07 11:00:00,4855.950525100245,5244
5244,0.283,0.134227,0.1798626,2030-08-07 12:00:00,4754.930577985525,5245
5245,0.247,0.12579020000000002,0.17202800000000001,2030-08-07 13:00:00,4614.838392681243,5246
5246,0.221,0.12418740000000002,0.16723079999999999,2030-08-07 14:00:00,4587.622704537263,5247
5247,0.177,0.1262172,0.166767,2030-08-07 15:00:00,4731.236487388611,5248
5248,0.125,0.12702039999999998,0.16795580000000002,2030-08-07 16:00:00,4655.636890251278,5249
5249,0.065,0.1245236,0.17079300000000003,2030-08-07 17:00:00,4524.614121519342,5250
5250,0.014,0.1294384,0.17728960000000002,2030-08-07 18:00:00,4494.995033707103,5251
5251,0.0,0.1490046,0.18808260000000002,2030-08-07 19:00:00,4493.916529380807,5252
5252,0.0,0.1652258,0.1998664,2030-08-07 20:00:00,4280.36867125816,5253
5253,0.0,0.1750846,0.215871,2030-08-07 21:00:00,3880.0642640047718,5254
5254,0.0,0.1815442,0.2350616,2030-08-07 22:00:00,3610.1080067250577,5255
5255,0.0,0.185857,0.24469660000000001,2030-08-07 23:00:00,3349.0552505313426,5256
5256,0.0,0.1925508,0.24963799999999997,2030-08-08 00:00:00,3283.644992646173,5257
5257,0.0,0.2012772,0.2561832,2030-08-08 01:00:00,3207.8694987944427,5258
5258,0.0,0.21334740000000002,0.27158279999999996,2030-08-08 02:00:00,3182.795416719184,5259
5259,0.0,0.219719,0.277685,2030-08-08 03:00:00,3261.301358763989,5260
5260,0.05,0.213605,0.27512179999999997,2030-08-08 04:00:00,3595.273719173544,5261
5261,0.147,0.1953416,0.2745432,2030-08-08 05:00:00,4421.735686816247,5262
5262,0.254,0.2145776,0.29147480000000003,2030-08-08 06:00:00,4977.775764506019,5263
5263,0.353,0.2597776,0.31094520000000003,2030-08-08 07:00:00,5248.5029831915435,5264
5264,0.434,0.294015,0.32863659999999995,2030-08-08 08:00:00,5306.053193821236,5265
5265,0.482,0.31338920000000003,0.34157139999999997,2030-08-08 09:00:00,5117.837667212274,5266
5266,0.49,0.3266348,0.3529372,2030-08-08 10:00:00,4921.864044647763,5267
5267,0.463,0.33713339999999997,0.36353280000000004,2030-08-08 11:00:00,4861.467465609093,5268
5268,0.417,0.3448162,0.37367439999999996,2030-08-08 12:00:00,4763.0425415827885,5269
5269,0.366,0.34953480000000003,0.38150880000000004,2030-08-08 13:00:00,4622.639256114802,5270
5270,0.303,0.3513032,0.3865186,2030-08-08 14:00:00,4605.09581241494,5271
5271,0.235,0.34940899999999997,0.38705940000000005,2030-08-08 15:00:00,4798.01325692023,5272
5272,0.153,0.3381572,0.38514740000000003,2030-08-08 16:00:00,4721.733302340246,5273
5273,0.073,0.3128516,0.3786896,2030-08-08 17:00:00,4600.916785371717,5274
5274,0.013,0.28240540000000003,0.37158179999999996,2030-08-08 18:00:00,4570.582621128329,5275
5275,0.0,0.27781059999999996,0.3689448,2030-08-08 19:00:00,4554.270097891839,5276
5276,0.0,0.28591939999999993,0.3726878,2030-08-08 20:00:00,4316.200132241065,5277
5277,0.0,0.2889472,0.3758544,2030-08-08 21:00:00,3909.3872941680793,5278
5278,0.0,0.2918442,0.3788,2030-08-08 22:00:00,3650.9868325506195,5279
5279,0.0,0.29151340000000003,0.3739178,2030-08-08 23:00:00,3390.129148369212,5280
5280,0.0,0.28257239999999995,0.3603246,2030-08-09 00:00:00,3251.0456878211107,5281
5281,0.0,0.2673438,0.34010300000000004,2030-08-09 01:00:00,3167.52879290426,5282
5282,0.0,0.247724,0.307655,2030-08-09 02:00:00,3137.391472431092,5283
5283,0.0,0.21770499999999998,0.2691502,2030-08-09 03:00:00,3213.528847203652,5284
5284,0.059,0.175184,0.21848,2030-08-09 04:00:00,3550.734545543375,5285
5285,0.175,0.12423899999999999,0.1652672,2030-08-09 05:00:00,4358.132340026133,5286
5286,0.309,0.0788438,0.11925820000000001,2030-08-09 06:00:00,4897.962556944653,5287
5287,0.436,0.049434399999999996,0.08819600000000001,2030-08-09 07:00:00,5187.979360701736,5288
5288,0.519,0.042892400000000004,0.0847488,2030-08-09 08:00:00,5250.215027164969,5289
5289,0.524,0.0467768,0.08938879999999999,2030-08-09 09:00:00,5053.293802931128,5290
5290,0.433,0.0472022,0.0966148,2030-08-09 10:00:00,4846.266511009503,5291
5291,0.323,0.0453596,0.10180639999999999,2030-08-09 11:00:00,4772.498446516338,5292
5292,0.277,0.0406198,0.09898839999999999,2030-08-09 12:00:00,4654.481152394013,5293
5293,0.262,0.0380798,0.1042748,2030-08-09 13:00:00,4530.951010908648,5294
5294,0.226,0.051274600000000004,0.1238328,2030-08-09 14:00:00,4531.112185409655,5295
5295,0.132,0.0753282,0.14904219999999996,2030-08-09 15:00:00,4702.116349780292,5296
5296,0.057,0.0989722,0.19483120000000004,2030-08-09 16:00:00,4684.380745348422,5297
5297,0.02,0.149382,0.2693218,2030-08-09 17:00:00,4593.221907381426,5298
5298,0.002,0.20198299999999997,0.3331496,2030-08-09 18:00:00,4629.990562403099,5299
5299,0.0,0.2408112,0.39365700000000003,2030-08-09 19:00:00,4632.704631214612,5300
5300,0.0,0.27982680000000004,0.4406823999999999,2030-08-09 20:00:00,4304.735073258045,5301
5301,0.0,0.3061062,0.47944180000000003,2030-08-09 21:00:00,3919.373358739167,5302
5302,0.0,0.3454428,0.48868140000000004,2030-08-09 22:00:00,3722.173421642648,5303
5303,0.0,0.3838916,0.47309980000000007,2030-08-09 23:00:00,3488.158178831677,5304
5304,0.0,0.39322160000000006,0.46687700000000004,2030-08-10 00:00:00,3337.697276053179,5305
5305,0.0,0.383962,0.46849620000000003,2030-08-10 01:00:00,3246.814635017634,5306
5306,0.0,0.36261540000000003,0.4604362,2030-08-10 02:00:00,3224.542830756869,5307
5307,0.0,0.34220100000000003,0.45723260000000004,2030-08-10 03:00:00,3295.858213965351,5308
5308,0.017,0.306292,0.4518064,2030-08-10 04:00:00,3678.0275964600796,5309
5309,0.091,0.2625706,0.4378622,2030-08-10 05:00:00,4493.789999932653,5310
5310,0.213,0.24301959999999995,0.42526719999999996,2030-08-10 06:00:00,4972.984502554129,5311
5311,0.357,0.26120599999999994,0.4352678,2030-08-10 07:00:00,5234.1525555107255,5312
5312,0.477,0.29417780000000004,0.4503749999999999,2030-08-10 08:00:00,5258.755522433628,5313
5313,0.553,0.3481104,0.4779162,2030-08-10 09:00:00,5039.278852806704,5314
5314,0.583,0.42396399999999995,0.5180678000000001,2030-08-10 10:00:00,4802.370921386273,5315
5315,0.551,0.49465280000000006,0.5473424,2030-08-10 11:00:00,4684.047415793779,5316
5316,0.467,0.5456222,0.5700684,2030-08-10 12:00:00,4512.368009756668,5317
5317,0.368,0.5774846,0.5944214,2030-08-10 13:00:00,4395.188594743832,5318
5318,0.296,0.5924596,0.6123841999999999,2030-08-10 14:00:00,4433.321118052934,5319
5319,0.228,0.59021,0.6180370000000001,2030-08-10 15:00:00,4612.086042303445,5320
5320,0.145,0.5633584,0.6083126,2030-08-10 16:00:00,4547.04735707462,5321
5321,0.067,0.5231708,0.5894286,2030-08-10 17:00:00,4421.864857925139,5322
5322,0.009,0.5035054000000001,0.5774866,2030-08-10 18:00:00,4346.54958247125,5323
5323,0.0,0.5125168,0.5883944,2030-08-10 19:00:00,4367.697199149551,5324
5324,0.0,0.535345,0.6070911999999999,2030-08-10 20:00:00,4198.724828363455,5325
5325,0.0,0.5609793999999999,0.6271340000000001,2030-08-10 21:00:00,3896.965660291623,5326
5326,0.0,0.583568,0.64487,2030-08-10 22:00:00,3752.1205461788,5327
5327,0.0,0.6042004,0.6710740000000001,2030-08-10 23:00:00,3510.147075579117,5328
5328,0.0,0.6213557999999999,0.696807,2030-08-11 00:00:00,3453.887064793942,5329
5329,0.0,0.6341981999999999,0.7222388000000001,2030-08-11 01:00:00,3359.8985829259473,5330
5330,0.0,0.6450748,0.7355404,2030-08-11 02:00:00,3283.365654183434,5331
5331,0.0,0.6427756,0.7347672000000001,2030-08-11 03:00:00,3238.053157084893,5332
5332,0.038,0.6324662,0.7209942,2030-08-11 04:00:00,3306.502853076542,5333
5333,0.13,0.6522598,0.7234008,2030-08-11 05:00:00,3711.8129360903768,5334
5334,0.239,0.677017,0.7311002,2030-08-11 06:00:00,4116.970432456209,5335
5335,0.359,0.7018478,0.7330022,2030-08-11 07:00:00,4467.154431785254,5336
5336,0.457,0.7210937999999999,0.7344522,2030-08-11 08:00:00,4589.613819583323,5337
5337,0.508,0.7286668000000001,0.7384107999999999,2030-08-11 09:00:00,4422.100296903163,5338
5338,0.548,0.7251928,0.7379676,2030-08-11 10:00:00,4235.811472374686,5339
5339,0.566,0.7085855999999999,0.7247222,2030-08-11 11:00:00,4164.404209341947,5340
5340,0.531,0.6811522,0.7025074,2030-08-11 12:00:00,4003.19480341444,5341
5341,0.457,0.6345506000000001,0.6627644,2030-08-11 13:00:00,3978.372497258284,5342
5342,0.395,0.5762404000000001,0.61113,2030-08-11 14:00:00,4053.7939113177927,5343
5343,0.287,0.5250466,0.5667871999999999,2030-08-11 15:00:00,4194.781235903198,5344
5344,0.158,0.47451540000000003,0.5281422,2030-08-11 16:00:00,4178.180588397083,5345
5345,0.067,0.3959416,0.4780902,2030-08-11 17:00:00,4072.074259751793,5346
5346,0.011,0.3292276,0.43492119999999995,2030-08-11 18:00:00,4073.499348380843,5347
5347,0.0,0.2951854,0.404776,2030-08-11 19:00:00,4134.533120515789,5348
5348,0.0,0.27969720000000003,0.39304839999999996,2030-08-11 20:00:00,3919.752506061731,5349
5349,0.0,0.2640818,0.3832558,2030-08-11 21:00:00,3610.4055928611488,5350
5350,0.0,0.2608554,0.3727454,2030-08-11 22:00:00,3422.379997474113,5351
5351,0.0,0.2644628,0.36561459999999996,2030-08-11 23:00:00,3190.656376594174,5352
5352,0.0,0.26584599999999997,0.36274639999999997,2030-08-12 00:00:00,3143.17012300646,5353
5353,0.0,0.2765634,0.365917,2030-08-12 01:00:00,3030.65488317792,5354
5354,0.0,0.2893744,0.37328320000000004,2030-08-12 02:00:00,2975.114877861507,5355
5355,0.0,0.2916018,0.38296699999999995,2030-08-12 03:00:00,2945.044585205719,5356
5356,0.035,0.29162319999999997,0.38954239999999996,2030-08-12 04:00:00,3045.043853496022,5357
5357,0.129,0.2947464,0.3954288,2030-08-12 05:00:00,3485.487026131218,5358
5358,0.248,0.3588016,0.426454,2030-08-12 06:00:00,3858.185125242848,5359
5359,0.373,0.410766,0.4439347999999999,2030-08-12 07:00:00,4201.156625171838,5360
5360,0.49,0.435717,0.449681,2030-08-12 08:00:00,4317.307677801762,5361
5361,0.559,0.453843,0.4544778,2030-08-12 09:00:00,4190.577720264325,5362
5362,0.601,0.4608692,0.45316600000000007,2030-08-12 10:00:00,4025.098664131904,5363
5363,0.594,0.45284519999999995,0.4456706,2030-08-12 11:00:00,3963.826422981566,5364
5364,0.551,0.4321816,0.427388,2030-08-12 12:00:00,3884.146785069106,5365
5365,0.483,0.4058534,0.40502839999999996,2030-08-12 13:00:00,3846.147988653259,5366
5366,0.386,0.3754088,0.3852034,2030-08-12 14:00:00,3896.909070199156,5367
5367,0.274,0.3420752,0.362262,2030-08-12 15:00:00,4140.092077070918,5368
5368,0.159,0.3023338,0.3351116,2030-08-12 16:00:00,4185.841150893429,5369
5369,0.063,0.241345,0.2978974,2030-08-12 17:00:00,4129.199030898981,5370
5370,0.007,0.19288919999999998,0.2640434,2030-08-12 18:00:00,4150.185320451117,5371
5371,0.0,0.17777400000000002,0.2465246,2030-08-12 19:00:00,4217.357020590185,5372
5372,0.0,0.1648864,0.23464359999999998,2030-08-12 20:00:00,3981.3758954458763,5373
5373,0.0,0.151891,0.2207366,2030-08-12 21:00:00,3619.60928225746,5374
5374,0.0,0.1429968,0.2088272,2030-08-12 22:00:00,3399.02886737778,5375
5375,0.0,0.13879060000000001,0.20313939999999997,2030-08-12 23:00:00,3173.764369941822,5376
5376,0.0,0.1380312,0.2037368,2030-08-13 00:00:00,3218.8111491055815,5377
5377,0.0,0.14159280000000002,0.20739139999999998,2030-08-13 01:00:00,3162.060737619999,5378
5378,0.0,0.14929,0.2136588,2030-08-13 02:00:00,3160.7444102152904,5379
5379,0.0,0.15420859999999997,0.21516700000000002,2030-08-13 03:00:00,3285.883944641684,5380
5380,0.023,0.15226040000000002,0.2083488,2030-08-13 04:00:00,3738.29722171532,5381
5381,0.094,0.1396494,0.19779819999999998,2030-08-13 05:00:00,4665.225527440232,5382
5382,0.186,0.13819560000000003,0.191175,2030-08-13 06:00:00,5244.05668220517,5383
5383,0.286,0.13957239999999999,0.19098980000000002,2030-08-13 07:00:00,5451.987546130053,5384
5384,0.358,0.14286959999999999,0.19666299999999998,2030-08-13 08:00:00,5461.65597311467,5385
5385,0.389,0.15915279999999998,0.2141836,2030-08-13 09:00:00,5253.5091040200405,5386
5386,0.389,0.18695460000000003,0.2437154,2030-08-13 10:00:00,5057.886144819655,5387
5387,0.363,0.2204002,0.2809434,2030-08-13 11:00:00,4984.153489082312,5388
5388,0.323,0.255466,0.32180860000000006,2030-08-13 12:00:00,4893.392362312584,5389
5389,0.281,0.29044739999999997,0.35770460000000004,2030-08-13 13:00:00,4760.859684292174,5390
5390,0.233,0.3158304,0.3802258,2030-08-13 14:00:00,4746.790203807169,5391
5391,0.184,0.3209204,0.38545820000000003,2030-08-13 15:00:00,4954.658729827074,5392
5392,0.126,0.30874419999999997,0.3755222,2030-08-13 16:00:00,4905.507984843001,5393
5393,0.061,0.2858928,0.36193040000000004,2030-08-13 17:00:00,4766.299750698726,5394
5394,0.007,0.28023600000000004,0.3562178,2030-08-13 18:00:00,4726.435798612102,5395
5395,0.0,0.2881198,0.35537720000000006,2030-08-13 19:00:00,4737.28719078622,5396
5396,0.0,0.27938540000000006,0.347882,2030-08-13 20:00:00,4441.552212221974,5397
5397,0.0,0.26463180000000003,0.33503340000000004,2030-08-13 21:00:00,3995.731550633231,5398
5398,0.0,0.25126740000000003,0.3191482,2030-08-13 22:00:00,3718.7051042828098,5399
5399,0.0,0.23778120000000005,0.30269640000000003,2030-08-13 23:00:00,3462.5256542463176,5400
5400,0.0,0.2254734,0.2882332,2030-08-14 00:00:00,3385.4023250575992,5401
5401,0.0,0.2154376,0.2823354,2030-08-14 01:00:00,3317.543047741924,5402
5402,0.0,0.2100224,0.28482640000000004,2030-08-14 02:00:00,3314.173224590225,5403
5403,0.0,0.20247140000000002,0.2812726,2030-08-14 03:00:00,3438.3142438991654,5404
5404,0.026,0.19029559999999998,0.26596260000000005,2030-08-14 04:00:00,3889.7811109371432,5405
5405,0.105,0.16934,0.241635,2030-08-14 05:00:00,4780.130858844612,5406
5406,0.217,0.16198320000000002,0.21994319999999998,2030-08-14 06:00:00,5316.110511277158,5407
5407,0.348,0.16328879999999998,0.20886559999999998,2030-08-14 07:00:00,5497.819872621176,5408
5408,0.455,0.170469,0.20759559999999996,2030-08-14 08:00:00,5493.0552134589525,5409
5409,0.514,0.18348879999999998,0.2158782,2030-08-14 09:00:00,5278.886006163388,5410
5410,0.545,0.196445,0.22556619999999997,2030-08-14 10:00:00,5064.074526028125,5411
5411,0.54,0.20526120000000003,0.2330314,2030-08-14 11:00:00,4984.999209721921,5412
5412,0.495,0.21144400000000002,0.23866800000000002,2030-08-14 12:00:00,4869.932678714227,5413
5413,0.427,0.21074299999999999,0.23884280000000002,2030-08-14 13:00:00,4718.47126724294,5414
5414,0.34,0.1985348,0.23032060000000004,2030-08-14 14:00:00,4714.8065697719,5415
5415,0.251,0.1826716,0.2194172,2030-08-14 15:00:00,4877.313351085685,5416
5416,0.155,0.1658034,0.2052244,2030-08-14 16:00:00,4814.26831496829,5417
5417,0.064,0.1456626,0.1886668,2030-08-14 17:00:00,4691.319479705123,5418
5418,0.007,0.1362456,0.1765444,2030-08-14 18:00:00,4692.095757948391,5419
5419,0.0,0.1282692,0.1639394,2030-08-14 19:00:00,4754.742626048546,5420
5420,0.0,0.11185619999999999,0.1495008,2030-08-14 20:00:00,4452.622960340752,5421
5421,0.0,0.09400280000000001,0.1382622,2030-08-14 21:00:00,4016.2638510046027,5422
5422,0.0,0.08788720000000001,0.14242939999999998,2030-08-14 22:00:00,3732.0714079376576,5423
5423,0.0,0.09885059999999998,0.16271380000000002,2030-08-14 23:00:00,3471.8475933180735,5424
5424,0.0,0.12132720000000001,0.1948028,2030-08-15 00:00:00,3359.848365825646,5425
5425,0.0,0.1517432,0.233551,2030-08-15 01:00:00,3290.336332122284,5426
5426,0.0,0.1871172,0.2730586,2030-08-15 02:00:00,3283.404247941192,5427
5427,0.0,0.2146476,0.30946899999999994,2030-08-15 03:00:00,3414.6252218816,5428
5428,0.008,0.2334628,0.3337962,2030-08-15 04:00:00,3875.8486016077113,5429
5429,0.043,0.2407416,0.34239319999999995,2030-08-15 05:00:00,4818.12392634312,5430
5430,0.099,0.2562796,0.35511360000000003,2030-08-15 06:00:00,5341.942801290574,5431
5431,0.155,0.2897126,0.38105960000000005,2030-08-15 07:00:00,5548.621998965141,5432
5432,0.215,0.3104334,0.4023814,2030-08-15 08:00:00,5538.767982653724,5433
5433,0.264,0.32406440000000003,0.4172662,2030-08-15 09:00:00,5347.718488752586,5434
5434,0.284,0.335402,0.42422259999999995,2030-08-15 10:00:00,5164.009571005268,5435
5435,0.295,0.3421722,0.4192004,2030-08-15 11:00:00,5099.970388526548,5436
5436,0.269,0.32787700000000003,0.392988,2030-08-15 12:00:00,5021.443712598259,5437
5437,0.197,0.2899128,0.35328360000000003,2030-08-15 13:00:00,4874.68558804971,5438
5438,0.148,0.24049939999999997,0.3092168,2030-08-15 14:00:00,4864.43219840433,5439
5439,0.102,0.19261440000000002,0.2678488,2030-08-15 15:00:00,5036.68646090135,5440
5440,0.069,0.1552752,0.23404499999999998,2030-08-15 16:00:00,4918.243165915529,5441
5441,0.032,0.1363916,0.21645340000000002,2030-08-15 17:00:00,4778.61485140386,5442
5442,0.003,0.1452976,0.2222998,2030-08-15 18:00:00,4810.853287934143,5443
5443,0.0,0.16097680000000003,0.23911639999999998,2030-08-15 19:00:00,4797.74470424418,5444
5444,0.0,0.1734384,0.262765,2030-08-15 20:00:00,4421.674545135416,5445
5445,0.0,0.18591699999999997,0.2890856,2030-08-15 21:00:00,3979.626495975079,5446
5446,0.0,0.189942,0.30948980000000004,2030-08-15 22:00:00,3696.719257045882,5447
5447,0.0,0.1870012,0.322764,2030-08-15 23:00:00,3444.881378325046,5448
5448,0.0,0.1910498,0.34217759999999997,2030-08-16 00:00:00,3342.98421638148,5449
5449,0.0,0.2015282,0.35829920000000004,2030-08-16 01:00:00,3271.673984161165,5450
5450,0.0,0.2045712,0.3518906,2030-08-16 02:00:00,3264.8462473287163,5451
5451,0.0,0.2030014,0.33156179999999996,2030-08-16 03:00:00,3392.681654855242,5452
5452,0.032,0.20418379999999997,0.31117279999999997,2030-08-16 04:00:00,3851.1071585770906,5453
5453,0.121,0.20406620000000003,0.28326599999999996,2030-08-16 05:00:00,4729.741746218593,5454
5454,0.234,0.2162268,0.2549618,2030-08-16 06:00:00,5251.994449249213,5455
5455,0.343,0.21216120000000002,0.234898,2030-08-16 07:00:00,5456.55271055495,5456
5456,0.42,0.2030208,0.21876820000000002,2030-08-16 08:00:00,5444.726788483082,5457
5457,0.529,0.1911158,0.2078236,2030-08-16 09:00:00,5228.997297851179,5458
5458,0.597,0.18425319999999998,0.21031680000000003,2030-08-16 10:00:00,5021.757722818667,5459
5459,0.613,0.18209460000000002,0.21468020000000002,2030-08-16 11:00:00,4944.646140112355,5460
5460,0.538,0.17460559999999997,0.2173028,2030-08-16 12:00:00,4826.939819601113,5461
5461,0.369,0.1647086,0.21575519999999998,2030-08-16 13:00:00,4683.208026686107,5462
5462,0.227,0.15330539999999998,0.21687620000000002,2030-08-16 14:00:00,4665.1850719280255,5463
5463,0.157,0.146072,0.221516,2030-08-16 15:00:00,4838.944601575951,5464
5464,0.104,0.14616859999999998,0.2321676,2030-08-16 16:00:00,4777.1769585147385,5465
5465,0.046,0.14215740000000002,0.23992339999999998,2030-08-16 17:00:00,4665.008892397336,5466
5466,0.003,0.1405844,0.2487904,2030-08-16 18:00:00,4697.749540481318,5467
5467,0.0,0.15637720000000002,0.2747404,2030-08-16 19:00:00,4741.1544986397985,5468
5468,0.0,0.1797238,0.30796999999999997,2030-08-16 20:00:00,4390.0343543541485,5469
5469,0.0,0.211116,0.34738220000000003,2030-08-16 21:00:00,3949.639523421234,5470
5470,0.0,0.24381940000000002,0.37802679999999994,2030-08-16 22:00:00,3681.997320625081,5471
5471,0.0,0.28191620000000006,0.4215592,2030-08-16 23:00:00,3458.596511482818,5472
5472,0.0,0.312733,0.4628933999999999,2030-08-17 00:00:00,3399.9964060390002,5473
5473,0.0,0.3443558,0.511308,2030-08-17 01:00:00,3357.698028373604,5474
5474,0.0,0.40350080000000005,0.559939,2030-08-17 02:00:00,3378.763015033681,5475
5475,0.0,0.4419984,0.5825484000000001,2030-08-17 03:00:00,3525.91634164394,5476
5476,0.003,0.45263099999999995,0.5856859999999999,2030-08-17 04:00:00,3983.4398490497733,5477
5477,0.012,0.47264,0.581609,2030-08-17 05:00:00,4967.3188591792805,5478
5478,0.036,0.4838235999999999,0.5691,2030-08-17 06:00:00,5421.86357752587,5479
5479,0.085,0.4922926,0.5645524,2030-08-17 07:00:00,5638.043159051862,5480
5480,0.151,0.5181894,0.5603490000000001,2030-08-17 08:00:00,5722.7921037333235,5481
5481,0.203,0.5407135999999999,0.5662010000000001,2030-08-17 09:00:00,5473.86908285401,5482
5482,0.258,0.5406126,0.5661102,2030-08-17 10:00:00,5229.8359416614585,5483
5483,0.29,0.5135068,0.5516294,2030-08-17 11:00:00,5003.685698749348,5484
5484,0.333,0.4722954,0.5125906,2030-08-17 12:00:00,4702.261497417856,5485
5485,0.35,0.4225304,0.4683058,2030-08-17 13:00:00,4570.0129307963825,5486
5486,0.284,0.377685,0.43529260000000003,2030-08-17 14:00:00,4541.055471505402,5487
5487,0.218,0.33205039999999997,0.39608800000000005,2030-08-17 15:00:00,4667.070879690136,5488
5488,0.136,0.2721724,0.3552998,2030-08-17 16:00:00,4584.21776386049,5489
5489,0.059,0.22185459999999999,0.3236824,2030-08-17 17:00:00,4452.662192706096,5490
5490,0.005,0.201117,0.3072112,2030-08-17 18:00:00,4416.145184823525,5491
5491,0.0,0.2005208,0.3021354,2030-08-17 19:00:00,4461.669562615316,5492
5492,0.0,0.1960798,0.2902876,2030-08-17 20:00:00,4165.97692978866,5493
5493,0.0,0.1824142,0.2698854,2030-08-17 21:00:00,3797.317345400209,5494
5494,0.0,0.1588478,0.2334838,2030-08-17 22:00:00,3551.888221066254,5495
5495,0.0,0.126419,0.1862474,2030-08-17 23:00:00,3281.8858701045,5496
5496,0.0,0.1025864,0.15245240000000002,2030-08-18 00:00:00,3195.974255616474,5497
5497,0.0,0.0859818,0.1293868,2030-08-18 01:00:00,3096.448632468184,5498
5498,0.0,0.067721,0.1115266,2030-08-18 02:00:00,3045.544448739674,5499
5499,0.0,0.0685462,0.11272960000000001,2030-08-18 03:00:00,3051.8973298712917,5500
5500,0.013,0.0836492,0.12999639999999998,2030-08-18 04:00:00,3183.826411656104,5501
5501,0.059,0.08733640000000001,0.15028860000000002,2030-08-18 05:00:00,3657.2143327772847,5502
5502,0.104,0.0804404,0.1657504,2030-08-18 06:00:00,4040.6591256073652,5503
5503,0.197,0.0952812,0.19016080000000002,2030-08-18 07:00:00,4397.796150692327,5504
5504,0.309,0.122237,0.2120646,2030-08-18 08:00:00,4505.606816190494,5505
5505,0.377,0.13687100000000002,0.21125739999999998,2030-08-18 09:00:00,4364.109178811725,5506
5506,0.38,0.1390366,0.20479940000000002,2030-08-18 10:00:00,4212.616114456943,5507
5507,0.338,0.13766759999999997,0.20178959999999999,2030-08-18 11:00:00,4124.73472655528,5508
5508,0.293,0.129637,0.200462,2030-08-18 12:00:00,4043.368074666855,5509
5509,0.246,0.128774,0.2022996,2030-08-18 13:00:00,4028.053044132482,5510
5510,0.198,0.13552000000000003,0.206713,2030-08-18 14:00:00,4076.7240053116793,5511
5511,0.14,0.14716840000000003,0.217735,2030-08-18 15:00:00,4330.988068561204,5512
5512,0.089,0.1550552,0.23785759999999997,2030-08-18 16:00:00,4335.529754159811,5513
5513,0.042,0.1680562,0.2702314,2030-08-18 17:00:00,4236.133897432158,5514
5514,0.003,0.2024088,0.3180982,2030-08-18 18:00:00,4212.745866482036,5515
5515,0.0,0.2488762,0.372932,2030-08-18 19:00:00,4225.733766371126,5516
5516,0.0,0.28978360000000003,0.4173546,2030-08-18 20:00:00,3972.9190309128508,5517
5517,0.0,0.30229039999999996,0.4513954,2030-08-18 21:00:00,3663.443900348367,5518
5518,0.0,0.2896542,0.4600588,2030-08-18 22:00:00,3467.450792354759,5519
5519,0.0,0.272884,0.4443756,2030-08-18 23:00:00,3219.403170236696,5520
5520,0.0,0.26000999999999996,0.4224894,2030-08-19 00:00:00,3120.4241199985117,5521
5521,0.0,0.251998,0.40479460000000006,2030-08-19 01:00:00,3025.480386284451,5522
5522,0.0,0.2554234,0.3907852,2030-08-19 02:00:00,2975.227008794862,5523
5523,0.0,0.2683272,0.3742814,2030-08-19 03:00:00,2988.463078270038,5524
5524,0.031,0.2603802,0.3545922,2030-08-19 04:00:00,3108.7210209891427,5525
5525,0.129,0.2468668,0.35016640000000004,2030-08-19 05:00:00,3544.1914521654935,5526
5526,0.256,0.2654566,0.380694,2030-08-19 06:00:00,3891.980768400854,5527
5527,0.384,0.3379898,0.4284828,2030-08-19 07:00:00,4212.283384793269,5528
5528,0.491,0.4047004,0.47292400000000007,2030-08-19 08:00:00,4329.274569236837,5529
5529,0.564,0.44472100000000003,0.49905720000000003,2030-08-19 09:00:00,4162.632104667737,5530
5530,0.6,0.4568472,0.4991142,2030-08-19 10:00:00,4029.899262331932,5531
5531,0.595,0.45013299999999995,0.47956460000000006,2030-08-19 11:00:00,3950.6889398442536,5532
5532,0.545,0.4308202,0.4534728,2030-08-19 12:00:00,3868.61541049662,5533
5533,0.463,0.4083880000000001,0.43000240000000006,2030-08-19 13:00:00,3816.0831562254807,5534
5534,0.357,0.383828,0.410789,2030-08-19 14:00:00,3920.067091820313,5535
5535,0.249,0.3569766,0.3928378,2030-08-19 15:00:00,4211.542300022002,5536
5536,0.14,0.3166496,0.3681322,2030-08-19 16:00:00,4249.120800604833,5537
5537,0.055,0.264579,0.33703959999999994,2030-08-19 17:00:00,4214.085131183426,5538
5538,0.002,0.2376728,0.3269833999999999,2030-08-19 18:00:00,4263.731303401242,5539
5539,0.0,0.24305000000000004,0.3408258,2030-08-19 19:00:00,4356.316792465424,5540
5540,0.0,0.2479896,0.35245699999999996,2030-08-19 20:00:00,4047.742145190031,5541
5541,0.0,0.2462748,0.3478824,2030-08-19 21:00:00,3680.086503660833,5542
5542,0.0,0.2370482,0.3283576,2030-08-19 22:00:00,3469.020695123958,5543
5543,0.0,0.22536779999999998,0.30682139999999997,2030-08-19 23:00:00,3247.7754639134773,5544
5544,0.0,0.21276900000000004,0.2895398,2030-08-20 00:00:00,3200.5424392278646,5545
5545,0.0,0.20062360000000004,0.2743862,2030-08-20 01:00:00,3142.1574360073073,5546
5546,0.0,0.19269160000000002,0.2625886,2030-08-20 02:00:00,3146.3110729346117,5547
5547,0.0,0.18753979999999998,0.2533458,2030-08-20 03:00:00,3297.756053315025,5548
5548,0.023,0.18290320000000002,0.24583019999999997,2030-08-20 04:00:00,3765.73805851354,5549
5549,0.113,0.16167879999999998,0.2365894,2030-08-20 05:00:00,4663.160554787176,5550
5550,0.223,0.1563014,0.24354899999999996,2030-08-20 06:00:00,5196.993735280687,5551
5551,0.334,0.1946348,0.2660522,2030-08-20 07:00:00,5396.604972303533,5552
5552,0.434,0.2195646,0.2836126,2030-08-20 08:00:00,5394.752215760668,5553
5553,0.511,0.23257339999999999,0.29672679999999996,2030-08-20 09:00:00,5195.10697257801,5554
5554,0.563,0.2411772,0.3018034,2030-08-20 10:00:00,4983.119692137879,5555
5555,0.574,0.24928119999999998,0.2981034,2030-08-20 11:00:00,4921.661531456088,5556
5556,0.54,0.24969899999999998,0.28043580000000007,2030-08-20 12:00:00,4821.664851598418,5557
5557,0.469,0.24008279999999999,0.2560052,2030-08-20 13:00:00,4683.26391269606,5558
5558,0.369,0.2280322,0.23527679999999998,2030-08-20 14:00:00,4656.106945121259,5559
5559,0.255,0.20988120000000002,0.217178,2030-08-20 15:00:00,4857.674931192315,5560
5560,0.142,0.18111280000000002,0.1964942,2030-08-20 16:00:00,4811.015434578686,5561
5561,0.053,0.15039560000000002,0.1769694,2030-08-20 17:00:00,4688.612962891686,5562
5562,0.002,0.1411016,0.1672744,2030-08-20 18:00:00,4694.3945692498655,5563
5563,0.0,0.1410208,0.1631142,2030-08-20 19:00:00,4758.965024138186,5564
5564,0.0,0.1370304,0.16025199999999998,2030-08-20 20:00:00,4388.981843691858,5565
5565,0.0,0.1348774,0.16071600000000003,2030-08-20 21:00:00,3939.186219992204,5566
5566,0.0,0.1325048,0.16518899999999997,2030-08-20 22:00:00,3663.026196837366,5567
5567,0.0,0.12940780000000002,0.16782219999999998,2030-08-20 23:00:00,3413.097125712052,5568
5568,0.0,0.12668859999999998,0.16994440000000002,2030-08-21 00:00:00,3361.957073749152,5569
5569,0.0,0.126755,0.1738556,2030-08-21 01:00:00,3296.625936183713,5570
5570,0.0,0.13353399999999999,0.1798404,2030-08-21 02:00:00,3301.56303730282,5571
5571,0.0,0.1385476,0.1796976,2030-08-21 03:00:00,3451.6248226814087,5572
5572,0.021,0.1402514,0.1744854,2030-08-21 04:00:00,3917.0150162473665,5573
5573,0.113,0.13082159999999998,0.16393359999999998,2030-08-21 05:00:00,4827.152242683722,5574
5574,0.25,0.12949739999999998,0.1592882,2030-08-21 06:00:00,5310.343572227415,5575
5575,0.396,0.134006,0.1606292,2030-08-21 07:00:00,5481.581656195864,5576
5576,0.513,0.14007920000000001,0.166769,2030-08-21 08:00:00,5460.253962256997,5577
5577,0.596,0.147337,0.17269319999999996,2030-08-21 09:00:00,5250.5362542274,5578
5578,0.639,0.15550860000000002,0.18119120000000002,2030-08-21 10:00:00,5038.3946420128395,5579
5579,0.636,0.16478399999999999,0.192865,2030-08-21 11:00:00,4962.611630389934,5580
5580,0.59,0.17020200000000002,0.2014796,2030-08-21 12:00:00,4870.189451224745,5581
5581,0.508,0.167564,0.20210619999999996,2030-08-21 13:00:00,4735.729479015411,5582
5582,0.392,0.15355819999999998,0.1920088,2030-08-21 14:00:00,4720.3435253848875,5583
5583,0.272,0.13404259999999998,0.17763820000000002,2030-08-21 15:00:00,4902.167240094222,5584
5584,0.152,0.1138706,0.1637874,2030-08-21 16:00:00,4823.368115619072,5585
5585,0.054,0.0958824,0.1535658,2030-08-21 17:00:00,4703.719055923292,5586
5586,0.002,0.09481140000000002,0.15601600000000002,2030-08-21 18:00:00,4711.627674443123,5587
5587,0.0,0.1048422,0.1677448,2030-08-21 19:00:00,4798.7605561274795,5588
5588,0.0,0.11652959999999998,0.1807572,2030-08-21 20:00:00,4443.164897191455,5589
5589,0.0,0.1289996,0.1920242,2030-08-21 21:00:00,4002.3956204543456,5590
5590,0.0,0.1407662,0.2082078,2030-08-21 22:00:00,3719.305017987504,5591
5591,0.0,0.1498644,0.227161,2030-08-21 23:00:00,3464.8076267069546,5592
5592,0.0,0.1559996,0.2402802,2030-08-22 00:00:00,3318.7281788298237,5593
5593,0.0,0.16318,0.26064180000000003,2030-08-22 01:00:00,3257.948541531874,5594
5594,0.0,0.1755426,0.2804606,2030-08-22 02:00:00,3257.97124093862,5595
5595,0.0,0.18939659999999997,0.30628500000000003,2030-08-22 03:00:00,3411.664348849074,5596
5596,0.009,0.19771299999999997,0.32646420000000004,2030-08-22 04:00:00,3874.7287500679677,5597
5597,0.076,0.19090159999999998,0.33727019999999996,2030-08-22 05:00:00,4785.547910163398,5598
5598,0.205,0.19523419999999997,0.35259280000000004,2030-08-22 06:00:00,5263.49693974218,5599
5599,0.32,0.2531646,0.3889768,2030-08-22 07:00:00,5447.543783295453,5600
5600,0.354,0.2880596,0.42023859999999996,2030-08-22 08:00:00,5439.9234588639865,5601
5601,0.329,0.3012384,0.43774879999999994,2030-08-22 09:00:00,5252.103606477943,5602
5602,0.288,0.3172528,0.44399359999999993,2030-08-22 10:00:00,5074.532939992205,5603
5603,0.268,0.3258938,0.4420562,2030-08-22 11:00:00,5011.300104321657,5604
5604,0.279,0.33203520000000003,0.4364134,2030-08-22 12:00:00,4915.286112004875,5605
5605,0.288,0.33169059999999995,0.4244106,2030-08-22 13:00:00,4785.49397485818,5606
5606,0.267,0.3252482,0.4065118,2030-08-22 14:00:00,4769.451193531353,5607
5607,0.211,0.2999256,0.37845680000000004,2030-08-22 15:00:00,4926.085994221532,5608
5608,0.124,0.2574668,0.34109639999999997,2030-08-22 16:00:00,4845.595111907636,5609
5609,0.045,0.22183799999999998,0.31620780000000004,2030-08-22 17:00:00,4728.178345207309,5610
5610,0.001,0.2041296,0.305829,2030-08-22 18:00:00,4747.767422108644,5611
5611,0.0,0.1964124,0.299203,2030-08-22 19:00:00,4781.896954295082,5612
5612,0.0,0.19336540000000002,0.2932782,2030-08-22 20:00:00,4391.668291841439,5613
5613,0.0,0.18648959999999998,0.3046862,2030-08-22 21:00:00,3940.1313748616103,5614
5614,0.0,0.18950260000000002,0.3339486,2030-08-22 22:00:00,3660.0922199389033,5615
5615,0.0,0.20165759999999996,0.35610100000000006,2030-08-22 23:00:00,3413.792561588503,5616
5616,0.0,0.22000059999999996,0.3705498,2030-08-23 00:00:00,3308.0149608003558,5617
5617,0.0,0.23732579999999998,0.3758178,2030-08-23 01:00:00,3245.424403585004,5618
5618,0.0,0.2511986,0.38635359999999996,2030-08-23 02:00:00,3251.786629600564,5619
5619,0.0,0.2605098,0.38696319999999995,2030-08-23 03:00:00,3413.755701698803,5620
5620,0.005,0.26640260000000004,0.3840482,2030-08-23 04:00:00,3889.809274600927,5621
5621,0.047,0.2608484,0.37704499999999996,2030-08-23 05:00:00,4790.4089841108325,5622
5622,0.149,0.2573518,0.367479,2030-08-23 06:00:00,5266.770304741434,5623
5623,0.313,0.31214200000000003,0.37850979999999995,2030-08-23 07:00:00,5476.228377737144,5624
5624,0.448,0.34611420000000004,0.38590840000000004,2030-08-23 08:00:00,5480.609242780634,5625
5625,0.517,0.36061239999999994,0.38881499999999997,2030-08-23 09:00:00,5277.256682300479,5626
5626,0.559,0.3630972,0.3833208,2030-08-23 10:00:00,5033.094253422923,5627
5627,0.566,0.3557008,0.36755459999999995,2030-08-23 11:00:00,4961.623335164657,5628
5628,0.538,0.3357472,0.34202000000000005,2030-08-23 12:00:00,4847.156514721769,5629
5629,0.47,0.30075979999999997,0.30963040000000003,2030-08-23 13:00:00,4683.034813167815,5630
5630,0.358,0.2575294,0.276838,2030-08-23 14:00:00,4674.6654737881,5631
5631,0.251,0.21770579999999998,0.2438672,2030-08-23 15:00:00,4837.4455320717,5632
5632,0.138,0.17642600000000003,0.2097858,2030-08-23 16:00:00,4757.983222700413,5633
5633,0.048,0.1308314,0.17794400000000002,2030-08-23 17:00:00,4646.206125825322,5634
5634,0.001,0.1141634,0.1565592,2030-08-23 18:00:00,4668.612441010861,5635
5635,0.0,0.11060919999999999,0.13845559999999998,2030-08-23 19:00:00,4743.740433039068,5636
5636,0.0,0.099925,0.11856339999999999,2030-08-23 20:00:00,4352.3614890175195,5637
5637,0.0,0.08384899999999999,0.0966896,2030-08-23 21:00:00,3893.202121839903,5638
5638,0.0,0.0648642,0.07544619999999999,2030-08-23 22:00:00,3596.673652024355,5639
5639,0.0,0.0471802,0.0608738,2030-08-23 23:00:00,3338.4864967548474,5640
5640,0.0,0.0340264,0.0511938,2030-08-24 00:00:00,3267.004239465375,5641
5641,0.0,0.025296399999999997,0.0447652,2030-08-24 01:00:00,3188.900342624016,5642
5642,0.0,0.0196896,0.0417716,2030-08-24 02:00:00,3185.915508986763,5643
5643,0.0,0.017954599999999998,0.044469400000000006,2030-08-24 03:00:00,3332.584039510485,5644
5644,0.023,0.02051,0.051844,2030-08-24 04:00:00,3777.808937716014,5645
5645,0.135,0.024055,0.058970600000000005,2030-08-24 05:00:00,4696.969128241439,5646
5646,0.274,0.0217128,0.061829400000000014,2030-08-24 06:00:00,5181.710366505667,5647
5647,0.411,0.0227942,0.0669232,2030-08-24 07:00:00,5372.865762916078,5648
5648,0.52,0.025420600000000005,0.0738216,2030-08-24 08:00:00,5337.2987448435015,5649
5649,0.592,0.0272362,0.0780458,2030-08-24 09:00:00,5107.376071407892,5650
5650,0.627,0.0289406,0.08085099999999999,2030-08-24 10:00:00,4839.15442208077,5651
5651,0.621,0.0319382,0.08352679999999998,2030-08-24 11:00:00,4674.384665067715,5652
5652,0.576,0.0357264,0.0846654,2030-08-24 12:00:00,4476.837126782048,5653
5653,0.494,0.0403798,0.0847104,2030-08-24 13:00:00,4321.870993283486,5654
5654,0.382,0.046224,0.0872784,2030-08-24 14:00:00,4339.919172709925,5655
5655,0.263,0.05491379999999999,0.09523400000000001,2030-08-24 15:00:00,4513.039371862239,5656
5656,0.145,0.0670504,0.11232059999999999,2030-08-24 16:00:00,4482.636382697006,5657
5657,0.049,0.0906758,0.1413306,2030-08-24 17:00:00,4399.698277849182,5658
5658,0.001,0.13346059999999998,0.1824346,2030-08-24 18:00:00,4391.215934396008,5659
5659,0.0,0.162248,0.21866080000000002,2030-08-24 19:00:00,4468.708617637018,5660
5660,0.0,0.1625724,0.2379416,2030-08-24 20:00:00,4133.328495620013,5661
5661,0.0,0.159302,0.24879980000000002,2030-08-24 21:00:00,3761.3367486112147,5662
5662,0.0,0.1578714,0.2512782,2030-08-24 22:00:00,3514.436638998162,5663
5663,0.0,0.15856620000000002,0.24524240000000003,2030-08-24 23:00:00,3244.168247419364,5664
5664,0.0,0.15651520000000002,0.228465,2030-08-25 00:00:00,3116.2242115557046,5665
5665,0.0,0.1518802,0.20733699999999997,2030-08-25 01:00:00,3013.1106766234943,5666
5666,0.0,0.1425102,0.18779559999999998,2030-08-25 02:00:00,2961.8684187213303,5667
5667,0.0,0.129988,0.1689032,2030-08-25 03:00:00,2986.679964659093,5668
5668,0.021,0.11834280000000001,0.15296479999999998,2030-08-25 04:00:00,3107.0647694118043,5669
5669,0.133,0.0989946,0.1362332,2030-08-25 05:00:00,3578.256741879147,5670
5670,0.277,0.06736919999999999,0.115466,2030-08-25 06:00:00,3937.2514893536463,5671
5671,0.417,0.0573098,0.1054534,2030-08-25 07:00:00,4261.6274754700935,5672
5672,0.527,0.06209100000000001,0.1074536,2030-08-25 08:00:00,4361.275857433631,5673
5673,0.596,0.07433920000000001,0.11602019999999999,2030-08-25 09:00:00,4192.9445105518935,5674
5674,0.625,0.0825448,0.12026859999999999,2030-08-25 10:00:00,4011.391441656806,5675
5675,0.615,0.0829288,0.1159896,2030-08-25 11:00:00,3931.9770297234827,5676
5676,0.567,0.0758086,0.10761200000000001,2030-08-25 12:00:00,3817.762771416446,5677
5677,0.482,0.0669814,0.1037352,2030-08-25 13:00:00,3771.687072473098,5678
5678,0.367,0.06424540000000001,0.1088328,2030-08-25 14:00:00,3871.0541461434022,5679
5679,0.248,0.07466959999999999,0.12604160000000003,2030-08-25 15:00:00,4082.552848240208,5680
5680,0.132,0.098143,0.15422160000000001,2030-08-25 16:00:00,4110.437656564616,5681
5681,0.042,0.13745499999999997,0.1909538,2030-08-25 17:00:00,4069.019155713626,5682
5682,0.0,0.1844058,0.2290352,2030-08-25 18:00:00,4102.394073060028,5683
5683,0.0,0.2194182,0.25377039999999995,2030-08-25 19:00:00,4222.576448664406,5684
5684,0.0,0.2297386,0.25543119999999997,2030-08-25 20:00:00,3938.596057729421,5685
5685,0.0,0.22094919999999996,0.24253880000000003,2030-08-25 21:00:00,3623.8206901794747,5686
5686,0.0,0.2008858,0.22304,2030-08-25 22:00:00,3416.700574697481,5687
5687,0.0,0.17761860000000002,0.2018312,2030-08-25 23:00:00,3166.450033971451,5688
5688,0.0,0.152443,0.1748578,2030-08-26 00:00:00,3054.746973221947,5689
5689,0.0,0.1348446,0.15233820000000003,2030-08-26 01:00:00,2947.02336161771,5690
5690,0.0,0.12750060000000002,0.13815260000000001,2030-08-26 02:00:00,2893.3708189099543,5691
5691,0.0,0.1190232,0.12383179999999998,2030-08-26 03:00:00,2912.357194727345,5692
5692,0.011,0.112046,0.113917,2030-08-26 04:00:00,3018.4079849112322,5693
5693,0.107,0.0991682,0.1048012,2030-08-26 05:00:00,3478.061162442789,5694
5694,0.241,0.07330160000000001,0.092359,2030-08-26 06:00:00,3799.39754653928,5695
5695,0.373,0.0667494,0.08826439999999999,2030-08-26 07:00:00,4125.276670504926,5696
5696,0.488,0.0772408,0.09653419999999999,2030-08-26 08:00:00,4227.087539760334,5697
5697,0.549,0.0982916,0.1118384,2030-08-26 09:00:00,4081.507102804263,5698
5698,0.581,0.11359040000000001,0.12148239999999999,2030-08-26 10:00:00,3944.391216426357,5699
5699,0.568,0.1200996,0.1270882,2030-08-26 11:00:00,3899.981716698128,5700
5700,0.522,0.1253142,0.135654,2030-08-26 12:00:00,3798.624753810926,5701
5701,0.445,0.1314968,0.14627099999999998,2030-08-26 13:00:00,3772.870097190942,5702
5702,0.341,0.135807,0.1556784,2030-08-26 14:00:00,3882.390127910551,5703
5703,0.231,0.1351912,0.162583,2030-08-26 15:00:00,4129.56736119071,5704
5704,0.123,0.13753620000000003,0.1726398,2030-08-26 16:00:00,4190.397336450588,5705
5705,0.037,0.1572512,0.19104959999999999,2030-08-26 17:00:00,4179.10593510043,5706
5706,0.0,0.19104300000000002,0.2170544,2030-08-26 18:00:00,4251.88095684597,5707
5707,0.0,0.212412,0.23431940000000004,2030-08-26 19:00:00,4358.0171009600635,5708
5708,0.0,0.21289219999999998,0.2346416,2030-08-26 20:00:00,4035.319460743331,5709
5709,0.0,0.20384659999999996,0.22682719999999995,2030-08-26 21:00:00,3666.452419852325,5710
5710,0.0,0.19239840000000002,0.21503640000000002,2030-08-26 22:00:00,3452.0290517364174,5711
5711,0.0,0.178094,0.20263179999999997,2030-08-26 23:00:00,3232.6827448776507,5712
5712,0.0,0.1617518,0.1894262,2030-08-27 00:00:00,3167.347887633415,5713
5713,0.0,0.1496378,0.1772746,2030-08-27 01:00:00,3090.3075263364863,5714
5714,0.0,0.14063979999999998,0.1654202,2030-08-27 02:00:00,3071.572553533082,5715
5715,0.0,0.13123800000000002,0.1508484,2030-08-27 03:00:00,3226.274306525076,5716
5716,0.009,0.1228794,0.1364928,2030-08-27 04:00:00,3679.621202381356,5717
5717,0.095,0.10365380000000002,0.1191016,2030-08-27 05:00:00,4584.765855011315,5718
5718,0.228,0.07355719999999999,0.1022758,2030-08-27 06:00:00,5111.972817676428,5719
5719,0.361,0.06294720000000001,0.099969,2030-08-27 07:00:00,5344.705177018115,5720
5720,0.464,0.072031,0.11438079999999999,2030-08-27 08:00:00,5354.441990186288,5721
5721,0.518,0.08856,0.13367840000000003,2030-08-27 09:00:00,5188.425882610946,5722
5722,0.537,0.1039668,0.15022600000000003,2030-08-27 10:00:00,5004.751056367522,5723
5723,0.519,0.1178098,0.16369519999999999,2030-08-27 11:00:00,4933.255413353754,5724
5724,0.462,0.13098859999999998,0.174428,2030-08-27 12:00:00,4815.47335473874,5725
5725,0.384,0.1432276,0.1859378,2030-08-27 13:00:00,4690.477126946096,5726
5726,0.287,0.154695,0.2029318,2030-08-27 14:00:00,4681.34717469322,5727
5727,0.182,0.16223300000000002,0.22964919999999997,2030-08-27 15:00:00,4852.5410762778465,5728
5728,0.093,0.16802820000000002,0.2642878,2030-08-27 16:00:00,4819.143937925137,5729
5729,0.024,0.1892062,0.3051994,2030-08-27 17:00:00,4724.811620078856,5730
5730,0.0,0.222696,0.3442806,2030-08-27 18:00:00,4759.370357772614,5731
5731,0.0,0.23500740000000003,0.363802,2030-08-27 19:00:00,4799.009143793433,5732
5732,0.0,0.22450099999999998,0.3579772,2030-08-27 20:00:00,4409.337939239237,5733
5733,0.0,0.20647159999999998,0.3360818,2030-08-27 21:00:00,3976.6389496367947,5734
5734,0.0,0.19075720000000002,0.31472479999999997,2030-08-27 22:00:00,3685.105241255479,5735
5735,0.0,0.16801839999999998,0.2849404,2030-08-27 23:00:00,3436.9665138735063,5736
5736,0.0,0.151323,0.2571964,2030-08-28 00:00:00,3344.8119864242763,5737
5737,0.0,0.14376380000000002,0.23786899999999997,2030-08-28 01:00:00,3261.269391193021,5738
5738,0.0,0.13664099999999998,0.22220420000000002,2030-08-28 02:00:00,3260.027339915212,5739
5739,0.0,0.1315882,0.21263240000000003,2030-08-28 03:00:00,3417.136496111557,5740
5740,0.0,0.13075160000000002,0.21412760000000003,2030-08-28 04:00:00,3877.3798493729873,5741
5741,0.021,0.11960679999999999,0.21268719999999997,2030-08-28 05:00:00,4770.137695389409,5742
5742,0.061,0.0983544,0.2042072,2030-08-28 06:00:00,5223.512595876877,5743
5743,0.117,0.0859944,0.19616519999999998,2030-08-28 07:00:00,5394.72879831084,5744
5744,0.176,0.086047,0.19489140000000002,2030-08-28 08:00:00,5398.544061376819,5745
5745,0.231,0.0862822,0.1957294,2030-08-28 09:00:00,5203.012757541128,5746
5746,0.275,0.0873172,0.1969274,2030-08-28 10:00:00,5001.13433888828,5747
5747,0.3,0.087673,0.1955368,2030-08-28 11:00:00,4948.301362537736,5748
5748,0.308,0.08446020000000001,0.1864984,2030-08-28 12:00:00,4838.755274485414,5749
5749,0.295,0.0794186,0.17036500000000002,2030-08-28 13:00:00,4703.376593382846,5750
5750,0.251,0.07369699999999998,0.1520586,2030-08-28 14:00:00,4687.328442668032,5751
5751,0.179,0.0695712,0.14011980000000002,2030-08-28 15:00:00,4838.4214362194525,5752
5752,0.097,0.0670238,0.13415919999999998,2030-08-28 16:00:00,4800.545654054353,5753
5753,0.027,0.0744914,0.1362136,2030-08-28 17:00:00,4707.147539546094,5754
5754,0.0,0.09279899999999999,0.1446198,2030-08-28 18:00:00,4744.615253148981,5755
5755,0.0,0.105958,0.155919,2030-08-28 19:00:00,4793.589774226174,5756
5756,0.0,0.1096284,0.1666282,2030-08-28 20:00:00,4414.5542658788545,5757
5757,0.0,0.1079628,0.1731706,2030-08-28 21:00:00,3986.420649419585,5758
5758,0.0,0.10728300000000002,0.17519500000000002,2030-08-28 22:00:00,3702.413006104789,5759
5759,0.0,0.1130298,0.1731538,2030-08-28 23:00:00,3454.295290253018,5760
5760,0.0,0.123843,0.1722312,2030-08-29 00:00:00,3379.0476329145113,5761
5761,0.0,0.1345958,0.1686132,2030-08-29 01:00:00,3297.196095613788,5762
5762,0.0,0.140078,0.1647416,2030-08-29 02:00:00,3283.497165670788,5763
5763,0.0,0.135484,0.1626162,2030-08-29 03:00:00,3440.0106003902392,5764
5764,0.0,0.1147276,0.15421140000000003,2030-08-29 04:00:00,3881.590499770636,5765
5765,0.017,0.08932720000000001,0.1361252,2030-08-29 05:00:00,4796.902499892056,5766
5766,0.058,0.06331479999999999,0.1137532,2030-08-29 06:00:00,5259.592687412388,5767
5767,0.131,0.05800380000000001,0.10663059999999999,2030-08-29 07:00:00,5459.07536930975,5768
5768,0.256,0.0653862,0.10572079999999999,2030-08-29 08:00:00,5491.654704801069,5769
5769,0.375,0.08089579999999999,0.1174234,2030-08-29 09:00:00,5291.1366672215045,5770
5770,0.503,0.1032006,0.13826239999999998,2030-08-29 10:00:00,5045.319545327075,5771
5771,0.519,0.130583,0.16587880000000002,2030-08-29 11:00:00,4974.599321962169,5772
5772,0.481,0.1597434,0.1926814,2030-08-29 12:00:00,4872.874351276939,5773
5773,0.397,0.18171179999999998,0.20835359999999997,2030-08-29 13:00:00,4740.327271946375,5774
5774,0.309,0.19130560000000002,0.21556619999999999,2030-08-29 14:00:00,4701.030626351264,5775
5775,0.214,0.1888658,0.2120826,2030-08-29 15:00:00,4865.425307181965,5776
5776,0.117,0.1709754,0.194445,2030-08-29 16:00:00,4795.228211364734,5777
5777,0.034,0.14723519999999998,0.185731,2030-08-29 17:00:00,4688.839254214297,5778
5778,0.0,0.144045,0.19605960000000003,2030-08-29 18:00:00,4735.410939011939,5779
5779,0.0,0.14451399999999998,0.2089034,2030-08-29 19:00:00,4754.412468958308,5780
5780,0.0,0.1473782,0.2242922,2030-08-29 20:00:00,4346.011687505024,5781
5781,0.0,0.1491634,0.24473760000000003,2030-08-29 21:00:00,3894.4190435468,5782
5782,0.0,0.14493699999999998,0.25397919999999996,2030-08-29 22:00:00,3581.26721581572,5783
5783,0.0,0.13102680000000003,0.258451,2030-08-29 23:00:00,3301.025402970662,5784
5784,0.0,0.1277834,0.2595226,2030-08-30 00:00:00,3301.62100023259,5785
5785,0.0,0.127968,0.2584636,2030-08-30 01:00:00,3226.784277979888,5786
5786,0.0,0.12906840000000003,0.2603568,2030-08-30 02:00:00,3222.041670685864,5787
5787,0.0,0.1276788,0.24949879999999997,2030-08-30 03:00:00,3382.095706968322,5788
5788,0.005,0.1266282,0.23477399999999998,2030-08-30 04:00:00,3816.702435987186,5789
5789,0.057,0.1256138,0.2365262,2030-08-30 05:00:00,4759.972271554756,5790
5790,0.125,0.12107779999999999,0.2487898,2030-08-30 06:00:00,5215.745599779718,5791
5791,0.221,0.14687540000000002,0.2697476,2030-08-30 07:00:00,5422.747512586621,5792
5792,0.305,0.1894628,0.2899714,2030-08-30 08:00:00,5416.342408934985,5793
5793,0.347,0.215478,0.31096559999999995,2030-08-30 09:00:00,5232.225187940857,5794
5794,0.366,0.2329944,0.32677560000000005,2030-08-30 10:00:00,5048.538424042522,5795
5795,0.382,0.2427648,0.33166700000000005,2030-08-30 11:00:00,4990.748406612838,5796
5796,0.344,0.241846,0.3283882,2030-08-30 12:00:00,4882.738387928635,5797
5797,0.302,0.23498580000000002,0.321467,2030-08-30 13:00:00,4747.3701747501345,5798
5798,0.247,0.2219452,0.3142612,2030-08-30 14:00:00,4714.682262339156,5799
5799,0.173,0.20697420000000002,0.3094246,2030-08-30 15:00:00,4871.132663504751,5800
5800,0.095,0.1921038,0.3066796,2030-08-30 16:00:00,4797.308702635538,5801
5801,0.026,0.1736876,0.29579459999999996,2030-08-30 17:00:00,4698.446501359009,5802
5802,0.0,0.1680898,0.2866236,2030-08-30 18:00:00,4753.774084146242,5803
5803,0.0,0.1634394,0.278414,2030-08-30 19:00:00,4761.335067256655,5804
5804,0.0,0.1540644,0.2698048,2030-08-30 20:00:00,4358.761691939659,5805
5805,0.0,0.1468348,0.263795,2030-08-30 21:00:00,3916.749772931714,5806
5806,0.0,0.1393684,0.2636218,2030-08-30 22:00:00,3629.9938914258,5807
5807,0.0,0.14301599999999998,0.2685034,2030-08-30 23:00:00,3381.092075899508,5808
5808,0.0,0.151872,0.2761438,2030-08-31 00:00:00,3274.488707342337,5809
5809,0.0,0.1585404,0.2808894,2030-08-31 01:00:00,3197.559424596921,5810
5810,0.0,0.1601122,0.2791204,2030-08-31 02:00:00,3191.797443396514,5811
5811,0.0,0.1549254,0.2654342,2030-08-31 03:00:00,3349.7887099308873,5812
5812,0.003,0.1502074,0.2588654,2030-08-31 04:00:00,3772.324902945361,5813
5813,0.075,0.1366656,0.259815,2030-08-31 05:00:00,4695.360770936951,5814
5814,0.229,0.1158692,0.2614278,2030-08-31 06:00:00,5148.014374581139,5815
5815,0.385,0.134341,0.27128739999999996,2030-08-31 07:00:00,5353.724776248879,5816
5816,0.501,0.1543946,0.2844296,2030-08-31 08:00:00,5334.846844020004,5817
5817,0.567,0.1676018,0.2949636,2030-08-31 09:00:00,5120.6338605469955,5818
5818,0.587,0.176351,0.2949332,2030-08-31 10:00:00,4877.467412383736,5819
5819,0.571,0.1791006,0.28536059999999996,2030-08-31 11:00:00,4717.090746590372,5820
5820,0.531,0.17710379999999998,0.272301,2030-08-31 12:00:00,4526.91517009104,5821
5821,0.456,0.1715268,0.25289419999999996,2030-08-31 13:00:00,4382.179480531847,5822
5822,0.351,0.1630124,0.2376112,2030-08-31 14:00:00,4408.020099131687,5823
5823,0.225,0.1357334,0.2183408,2030-08-31 15:00:00,4587.306472211336,5824
5824,0.116,0.10457799999999999,0.1983912,2030-08-31 16:00:00,4556.826838001083,5825
5825,0.029,0.10971680000000002,0.20375320000000002,2030-08-31 17:00:00,4476.250489209598,5826
5826,0.0,0.14510879999999998,0.22564160000000003,2030-08-31 18:00:00,4501.178468907787,5827
5827,0.0,0.1813276,0.25251339999999994,2030-08-31 19:00:00,4526.491394543392,5828
5828,0.0,0.20433279999999998,0.2707008,2030-08-31 20:00:00,4195.656277813533,5829
5829,0.0,0.2142274,0.2866552,2030-08-31 21:00:00,3849.952242690989,5830
5830,0.0,0.21732179999999998,0.30178779999999994,2030-08-31 22:00:00,3621.870074839927,5831
5831,0.0,0.21731439999999996,0.3132688,2030-08-31 23:00:00,3381.504253219584,5832
5832,0.0,0.21355240000000003,0.3214724,2030-09-01 00:00:00,3274.7455119477763,5833
5833,0.0,0.21282959999999998,0.3152194,2030-09-01 01:00:00,3152.210106302905,5834
5834,0.0,0.21059099999999997,0.3075576,2030-09-01 02:00:00,3062.3897272739814,5835
5835,0.0,0.1880678,0.29421739999999996,2030-09-01 03:00:00,3083.3196766489637,5836
5836,0.001,0.165172,0.2767286,2030-09-01 04:00:00,3309.572063909744,5837
5837,0.021,0.1557764,0.26587340000000004,2030-09-01 05:00:00,3726.1348609594843,5838
5838,0.076,0.1639824,0.2682978,2030-09-01 06:00:00,4038.9520389611407,5839
5839,0.169,0.1925478,0.27945720000000007,2030-09-01 07:00:00,4329.386163539567,5840
5840,0.285,0.2044228,0.281621,2030-09-01 08:00:00,4435.135694910691,5841
5841,0.287,0.1951892,0.27415360000000005,2030-09-01 09:00:00,4258.230185856264,5842
5842,0.251,0.18114539999999998,0.2661204,2030-09-01 10:00:00,4078.817199014214,5843
5843,0.225,0.1743436,0.25858359999999997,2030-09-01 11:00:00,3983.328929956452,5844
5844,0.23,0.17836219999999997,0.2558534,2030-09-01 12:00:00,3867.631621183861,5845
5845,0.274,0.1883516,0.26668900000000006,2030-09-01 13:00:00,3813.6739208380377,5846
5846,0.215,0.1916834,0.2746748,2030-09-01 14:00:00,3905.711598091886,5847
5847,0.118,0.1853942,0.2693698,2030-09-01 15:00:00,4157.662001727239,5848
5848,0.065,0.1742366,0.25575359999999997,2030-09-01 16:00:00,4128.882793303623,5849
5849,0.019,0.1657356,0.2453824,2030-09-01 17:00:00,4073.94586002424,5850
5850,0.0,0.17079260000000002,0.24947560000000002,2030-09-01 18:00:00,4180.627328703281,5851
5851,0.0,0.1829924,0.2588788,2030-09-01 19:00:00,4170.800714189962,5852
5852,0.0,0.1981504,0.2727592,2030-09-01 20:00:00,3862.112325127987,5853
5853,0.0,0.214738,0.2929834,2030-09-01 21:00:00,3564.679387643655,5854
5854,0.0,0.22972739999999997,0.31511239999999996,2030-09-01 22:00:00,3382.288547306352,5855
5855,0.0,0.24053360000000001,0.335158,2030-09-01 23:00:00,3150.351584959075,5856
5856,0.0,0.24537599999999998,0.35136660000000003,2030-09-02 00:00:00,3209.9931332032756,5857
5857,0.0,0.2519914,0.3629684,2030-09-02 01:00:00,3127.6579827558908,5858
5858,0.0,0.262651,0.377071,2030-09-02 02:00:00,3075.133610057323,5859
5859,0.0,0.2737413999999999,0.38687560000000004,2030-09-02 03:00:00,3110.137850323952,5860
5860,0.001,0.2816624,0.3970628,2030-09-02 04:00:00,3313.840420007152,5861
5861,0.045,0.285517,0.39756400000000003,2030-09-02 05:00:00,3739.605893005198,5862
5862,0.121,0.29184960000000004,0.3923504,2030-09-02 06:00:00,4009.165857509609,5863
5863,0.224,0.3186764,0.39171500000000004,2030-09-02 07:00:00,4329.652664231522,5864
5864,0.361,0.343628,0.3954532,2030-09-02 08:00:00,4418.393848194471,5865
5865,0.49,0.351927,0.3959186,2030-09-02 09:00:00,4252.076375971614,5866
5866,0.568,0.3455508,0.3892754,2030-09-02 10:00:00,4089.522333214143,5867
5867,0.582,0.33524760000000003,0.3763216,2030-09-02 11:00:00,4017.350157002171,5868
5868,0.544,0.32176780000000005,0.361056,2030-09-02 12:00:00,3927.374119139282,5869
5869,0.471,0.30040459999999997,0.3455024,2030-09-02 13:00:00,3894.7733188174043,5870
5870,0.368,0.2741714,0.3322634,2030-09-02 14:00:00,3979.4903451664577,5871
5871,0.247,0.2515332,0.32244220000000007,2030-09-02 15:00:00,4269.099332957738,5872
5872,0.128,0.22975339999999997,0.3152486,2030-09-02 16:00:00,4270.202888639268,5873
5873,0.031,0.21193839999999997,0.32087740000000003,2030-09-02 17:00:00,4261.859562290196,5874
5874,0.0,0.2168988,0.349139,2030-09-02 18:00:00,4432.107145527942,5875
5875,0.0,0.2363528,0.3878272,2030-09-02 19:00:00,4436.624839805373,5876
5876,0.0,0.2635974,0.42112840000000007,2030-09-02 20:00:00,4091.5271587180277,5877
5877,0.0,0.28492280000000003,0.4459142,2030-09-02 21:00:00,3741.54210565539,5878
5878,0.0,0.30887159999999997,0.4766286,2030-09-02 22:00:00,3548.4685652009803,5879
5879,0.0,0.340955,0.508102,2030-09-02 23:00:00,3349.250849518096,5880
5880,0.0,0.36774660000000003,0.5310306,2030-09-03 00:00:00,3276.598501835034,5881
5881,0.0,0.38884280000000004,0.5381129999999998,2030-09-03 01:00:00,3252.366062916233,5882
5882,0.0,0.41458580000000006,0.5401624,2030-09-03 02:00:00,3275.685741949842,5883
5883,0.0,0.41097039999999996,0.539299,2030-09-03 03:00:00,3466.223468409793,5884
5884,0.0,0.4056164000000001,0.5431484,2030-09-03 04:00:00,4024.677612036439,5885
5885,0.023,0.41163540000000004,0.5513783999999999,2030-09-03 05:00:00,4927.950837013468,5886
5886,0.096,0.40532960000000007,0.561886,2030-09-03 06:00:00,5392.898970934989,5887
5887,0.214,0.43198939999999997,0.5642666000000001,2030-09-03 07:00:00,5628.8556141831505,5888
5888,0.337,0.4690342,0.5571932000000002,2030-09-03 08:00:00,5599.8546971134,5889
5889,0.432,0.47114720000000004,0.5460464,2030-09-03 09:00:00,5352.531956546978,5890
5890,0.479,0.4619674,0.5326932,2030-09-03 10:00:00,5114.198146709989,5891
5891,0.499,0.46180959999999993,0.5199046,2030-09-03 11:00:00,5013.664470975309,5892
5892,0.498,0.46955919999999995,0.5153641999999999,2030-09-03 12:00:00,4897.183108928181,5893
5893,0.444,0.468395,0.5145228000000001,2030-09-03 13:00:00,4757.297165519711,5894
5894,0.352,0.4560512,0.5069558,2030-09-03 14:00:00,4760.455452297353,5895
5895,0.23,0.435783,0.48354739999999996,2030-09-03 15:00:00,4950.7148579125405,5896
5896,0.112,0.3937278,0.44672019999999996,2030-09-03 16:00:00,4875.43579365223,5897
5897,0.025,0.343947,0.40682660000000004,2030-09-03 17:00:00,4789.383705493539,5898
5898,0.0,0.3105224,0.3746012,2030-09-03 18:00:00,4882.757867289732,5899
5899,0.0,0.28810060000000004,0.34957020000000005,2030-09-03 19:00:00,4810.501093326802,5900
5900,0.0,0.265368,0.3294366,2030-09-03 20:00:00,4389.401495187627,5901
5901,0.0,0.23947400000000002,0.312908,2030-09-03 21:00:00,3946.1313425001217,5902
5902,0.0,0.21362460000000003,0.3016366,2030-09-03 22:00:00,3690.88488660586,5903
5903,0.0,0.1920296,0.29352120000000004,2030-09-03 23:00:00,3451.589311547415,5904
5904,0.0,0.17360080000000003,0.2861834,2030-09-04 00:00:00,3360.416515316715,5905
5905,0.0,0.1624794,0.2806766,2030-09-04 01:00:00,3292.8079398309856,5906
5906,0.0,0.1624812,0.28180679999999997,2030-09-04 02:00:00,3290.5174559650222,5907
5907,0.0,0.16939759999999998,0.28037520000000005,2030-09-04 03:00:00,3464.902726732842,5908
5908,0.0,0.187839,0.29786540000000006,2030-09-04 04:00:00,4029.702861900043,5909
5909,0.019,0.218255,0.3329228,2030-09-04 05:00:00,4917.090243018769,5910
5910,0.063,0.2444432,0.3644556,2030-09-04 06:00:00,5375.129044831209,5911
5911,0.127,0.2870922,0.410365,2030-09-04 07:00:00,5566.375896061127,5912
5912,0.236,0.350279,0.45676839999999996,2030-09-04 08:00:00,5573.492327177667,5913
5913,0.364,0.41181039999999997,0.49352359999999995,2030-09-04 09:00:00,5365.909571118433,5914
5914,0.432,0.44217960000000006,0.5126120000000001,2030-09-04 10:00:00,5173.136392606508,5915
5915,0.399,0.4560835999999999,0.5092679999999999,2030-09-04 11:00:00,5125.417461950363,5916
5916,0.329,0.4606668,0.4995508,2030-09-04 12:00:00,5045.335055084488,5917
5917,0.211,0.46052879999999996,0.5053984,2030-09-04 13:00:00,4936.257591933609,5918
5918,0.113,0.43671240000000006,0.501661,2030-09-04 14:00:00,4991.065468342279,5919
5919,0.048,0.4026658,0.4842086,2030-09-04 15:00:00,5227.335810324103,5920
5920,0.021,0.3772792,0.474692,2030-09-04 16:00:00,5128.01877016219,5921
5921,0.003,0.3651308,0.464262,2030-09-04 17:00:00,5037.9878552003065,5922
5922,0.0,0.3441588,0.4430394000000001,2030-09-04 18:00:00,5002.502374931755,5923
5923,0.0,0.3305168,0.42921960000000003,2030-09-04 19:00:00,4823.872484972833,5924
5924,0.0,0.31011639999999996,0.4061928,2030-09-04 20:00:00,4422.625282817399,5925
5925,0.0,0.2902454,0.37857900000000005,2030-09-04 21:00:00,3994.330810189648,5926
5926,0.0,0.27617220000000003,0.3504766,2030-09-04 22:00:00,3724.2151860410686,5927
5927,0.0,0.2553588,0.3255146,2030-09-04 23:00:00,3481.7466329414256,5928
5928,0.0,0.24119739999999998,0.3110814,2030-09-05 00:00:00,3483.4851430589447,5929
5929,0.0,0.23678879999999997,0.299259,2030-09-05 01:00:00,3421.272060334712,5930
5930,0.0,0.2306136,0.2981906,2030-09-05 02:00:00,3421.632248803455,5931
5931,0.0,0.22332359999999998,0.3038764,2030-09-05 03:00:00,3605.170524413928,5932
5932,0.0,0.2168604,0.3184052,2030-09-05 04:00:00,4161.301426532555,5933
5933,0.027,0.22043859999999998,0.3655212,2030-09-05 05:00:00,5049.858898852223,5934
5934,0.085,0.2448458,0.439008,2030-09-05 06:00:00,5508.954343114751,5935
5935,0.158,0.30020040000000003,0.5079594000000001,2030-09-05 07:00:00,5706.605718136399,5936
5936,0.294,0.3655066,0.5529301999999999,2030-09-05 08:00:00,5676.342783591202,5937
5937,0.436,0.40612000000000004,0.5864543999999999,2030-09-05 09:00:00,5446.86650424983,5938
5938,0.507,0.4417946,0.6188741999999999,2030-09-05 10:00:00,5243.6140463818565,5939
5939,0.484,0.4960342000000001,0.653168,2030-09-05 11:00:00,5206.429277244086,5940
5940,0.397,0.5608373999999999,0.6846842,2030-09-05 12:00:00,5126.030835100274,5941
5941,0.306,0.6121914,0.7143288,2030-09-05 13:00:00,4997.984731112993,5942
5942,0.238,0.6455724,0.7449152000000001,2030-09-05 14:00:00,5021.474172621025,5943
5943,0.165,0.6654287999999999,0.7690566000000001,2030-09-05 15:00:00,5223.83536436968,5944
5944,0.075,0.668245,0.7758894000000001,2030-09-05 16:00:00,5145.592059819715,5945
5945,0.012,0.6640778,0.7679668,2030-09-05 17:00:00,5059.385554604459,5946
5946,0.0,0.6591666,0.7541662,2030-09-05 18:00:00,5184.034753925872,5947
5947,0.0,0.6432366,0.7306746000000001,2030-09-05 19:00:00,5099.120047901078,5948
5948,0.0,0.615451,0.6935198,2030-09-05 20:00:00,4676.361769909614,5949
5949,0.0,0.568576,0.6418404,2030-09-05 21:00:00,4214.468194793103,5950
5950,0.0,0.5126291999999999,0.5911334,2030-09-05 22:00:00,3958.400951457559,5951
5951,0.0,0.44746220000000003,0.5492014000000001,2030-09-05 23:00:00,3686.862917491714,5952
5952,0.0,0.39737980000000006,0.5239904,2030-09-06 00:00:00,3591.675513309993,5953
5953,0.0,0.36210180000000003,0.5054348,2030-09-06 01:00:00,3502.7142203117564,5954
5954,0.0,0.3344384,0.4923794,2030-09-06 02:00:00,3476.275392560686,5955
5955,0.0,0.31858559999999997,0.4786956,2030-09-06 03:00:00,3650.029893589765,5956
5956,0.0,0.31600480000000003,0.46368580000000004,2030-09-06 04:00:00,4209.052536734747,5957
5957,0.021,0.31445460000000003,0.4632714,2030-09-06 05:00:00,5122.627678910883,5958
5958,0.079,0.3198784,0.48359620000000003,2030-09-06 06:00:00,5586.280407925173,5959
5959,0.136,0.337781,0.5016954,2030-09-06 07:00:00,5773.317378016909,5960
5960,0.15,0.35433640000000005,0.507184,2030-09-06 08:00:00,5768.273027414585,5961
5961,0.156,0.3789168,0.522438,2030-09-06 09:00:00,5560.559326234369,5962
5962,0.17,0.40292199999999995,0.538462,2030-09-06 10:00:00,5299.926643833056,5963
5963,0.198,0.4182036,0.5451116,2030-09-06 11:00:00,5217.946531877821,5964
5964,0.198,0.43202179999999996,0.5537818,2030-09-06 12:00:00,5136.159913730695,5965
5965,0.153,0.4371836,0.5559628,2030-09-06 13:00:00,5012.140840659731,5966
5966,0.083,0.426718,0.5330526,2030-09-06 14:00:00,5031.546343988816,5967
5967,0.043,0.4062392,0.4919397999999999,2030-09-06 15:00:00,5252.353466874258,5968
5968,0.016,0.375538,0.45192259999999995,2030-09-06 16:00:00,5207.1143506659555,5969
5969,0.001,0.3494338,0.42109040000000003,2030-09-06 17:00:00,5189.573358365564,5970
5970,0.0,0.34056739999999996,0.40772060000000004,2030-09-06 18:00:00,5179.911266824383,5971
5971,0.0,0.34430140000000004,0.41293440000000003,2030-09-06 19:00:00,5000.302704920341,5972
5972,0.0,0.35843240000000004,0.43210059999999995,2030-09-06 20:00:00,4585.582971972418,5973
5973,0.0,0.3677844,0.4472142,2030-09-06 21:00:00,4142.3681079407725,5974
5974,0.0,0.37517860000000003,0.44719980000000004,2030-09-06 22:00:00,3871.894790973507,5975
5975,0.0,0.36031759999999996,0.4316002,2030-09-06 23:00:00,3608.7298701891887,5976
5976,0.0,0.33613980000000004,0.4094962,2030-09-07 00:00:00,3494.149427499456,5977
5977,0.0,0.3093552,0.3800396,2030-09-07 01:00:00,3426.587456529484,5978
5978,0.0,0.27533240000000003,0.3459746,2030-09-07 02:00:00,3418.805784727514,5979
5979,0.0,0.24195139999999998,0.3119706,2030-09-07 03:00:00,3591.9356233623876,5980
5980,0.0,0.21599659999999998,0.28242659999999997,2030-09-07 04:00:00,4133.453099570109,5981
5981,0.066,0.1920114,0.2551478,2030-09-07 05:00:00,5022.926446175086,5982
5982,0.193,0.1634874,0.231161,2030-09-07 06:00:00,5461.973472956961,5983
5983,0.301,0.1486308,0.21577539999999998,2030-09-07 07:00:00,5633.152487414641,5984
5984,0.395,0.147007,0.2046736,2030-09-07 08:00:00,5566.385842794206,5985
5985,0.471,0.1344254,0.19094260000000002,2030-09-07 09:00:00,5301.992305616356,5986
5986,0.499,0.11154199999999999,0.174837,2030-09-07 10:00:00,5021.444369131961,5987
5987,0.499,0.0883886,0.1579774,2030-09-07 11:00:00,4839.440177438813,5988
5988,0.44,0.0691862,0.1433622,2030-09-07 12:00:00,4628.8732599766045,5989
5989,0.363,0.053363799999999996,0.1347264,2030-09-07 13:00:00,4477.489423836131,5990
5990,0.285,0.0404184,0.13191479999999997,2030-09-07 14:00:00,4503.48082143017,5991
5991,0.188,0.0319138,0.1353168,2030-09-07 15:00:00,4720.509794295461,5992
5992,0.091,0.0273592,0.14229460000000002,2030-09-07 16:00:00,4655.5619197304895,5993
5993,0.016,0.0293994,0.14846379999999998,2030-09-07 17:00:00,4620.763810442189,5994
5994,0.0,0.034488599999999994,0.1469084,2030-09-07 18:00:00,4725.780903252091,5995
5995,0.0,0.0383154,0.1354482,2030-09-07 19:00:00,4626.916369034818,5996
5996,0.0,0.040357,0.12054260000000001,2030-09-07 20:00:00,4267.38252452095,5997
5997,0.0,0.0401842,0.10597039999999999,2030-09-07 21:00:00,3907.700501089971,5998
5998,0.0,0.039012599999999995,0.0908036,2030-09-07 22:00:00,3678.1932411208327,5999
5999,0.0,0.039395400000000004,0.08538559999999999,2030-09-07 23:00:00,3422.28569845219,6000
6000,0.0,0.0428384,0.09050899999999999,2030-09-08 00:00:00,3342.067852259087,6001
6001,0.0,0.0476822,0.09712760000000001,2030-09-08 01:00:00,3265.726075381308,6002
6002,0.0,0.052676,0.1052422,2030-09-08 02:00:00,3224.271004075647,6003
6003,0.0,0.056894200000000006,0.115812,2030-09-08 03:00:00,3283.7135663926583,6004
6004,0.0,0.061078999999999994,0.1272542,2030-09-08 04:00:00,3518.110219757824,6005
6005,0.054,0.0644356,0.13731739999999998,2030-09-08 05:00:00,4024.9085504434033,6006
6006,0.176,0.0576554,0.14255900000000002,2030-09-08 06:00:00,4317.391531115919,6007
6007,0.29,0.056010000000000004,0.14626,2030-09-08 07:00:00,4619.862852737986,6008
6008,0.387,0.0550376,0.14672659999999998,2030-09-08 08:00:00,4665.084938124413,6009
6009,0.438,0.0511544,0.145843,2030-09-08 09:00:00,4420.798277489306,6010
6010,0.463,0.0469338,0.1428832,2030-09-08 10:00:00,4184.860954312001,6011
6011,0.447,0.043417,0.137962,2030-09-08 11:00:00,4080.675093120023,6012
6012,0.396,0.0387596,0.1307372,2030-09-08 12:00:00,3953.018072995783,6013
6013,0.305,0.0329374,0.12083059999999998,2030-09-08 13:00:00,3892.7789249524885,6014
6014,0.212,0.0280206,0.1114508,2030-09-08 14:00:00,4001.244309088778,6015
6015,0.128,0.027571999999999996,0.1092274,2030-09-08 15:00:00,4267.410476531722,6016
6016,0.057,0.0328702,0.11306920000000001,2030-09-08 16:00:00,4252.265138062721,6017
6017,0.008,0.0448272,0.12329520000000001,2030-09-08 17:00:00,4267.870718909717,6018
6018,0.0,0.05770660000000001,0.1314562,2030-09-08 18:00:00,4467.52118301099,6019
6019,0.0,0.0622928,0.12939540000000002,2030-09-08 19:00:00,4406.054300036103,6020
6020,0.0,0.0607478,0.12172920000000001,2030-09-08 20:00:00,4089.931243372129,6021
6021,0.0,0.0544262,0.1098584,2030-09-08 21:00:00,3768.0956724842517,6022
6022,0.0,0.04506899999999999,0.0940064,2030-09-08 22:00:00,3576.4295738738983,6023
6023,0.0,0.036938399999999996,0.079305,2030-09-08 23:00:00,3335.9583455741904,6024
6024,0.0,0.030164800000000002,0.0675172,2030-09-09 00:00:00,3244.942064108574,6025
6025,0.0,0.025151200000000002,0.060119,2030-09-09 01:00:00,3162.766756742941,6026
6026,0.0,0.0228376,0.0559456,2030-09-09 02:00:00,3110.8735474526193,6027
6027,0.0,0.023222399999999997,0.054052600000000006,2030-09-09 03:00:00,3174.345826586241,6028
6028,0.0,0.027105,0.05858220000000001,2030-09-09 04:00:00,3400.980527717289,6029
6029,0.019,0.030918,0.0658584,2030-09-09 05:00:00,3888.2759703161228,6030
6030,0.067,0.0322454,0.077114,2030-09-09 06:00:00,4170.81048944107,6031
6031,0.148,0.0330752,0.0842848,2030-09-09 07:00:00,4469.226713953562,6032
6032,0.273,0.0344694,0.0819076,2030-09-09 08:00:00,4539.700799164746,6033
6033,0.323,0.0345032,0.0812836,2030-09-09 09:00:00,4348.649044327611,6034
6034,0.322,0.031206400000000002,0.0808506,2030-09-09 10:00:00,4135.92304818706,6035
6035,0.303,0.03146739999999999,0.0828422,2030-09-09 11:00:00,4106.809044718601,6036
6036,0.225,0.03853179999999999,0.09043659999999998,2030-09-09 12:00:00,4030.3278020509338,6037
6037,0.142,0.05074460000000001,0.0950884,2030-09-09 13:00:00,4010.2512136781033,6038
6038,0.088,0.0603322,0.0988656,2030-09-09 14:00:00,4159.062359652549,6039
6039,0.047,0.0711372,0.1077544,2030-09-09 15:00:00,4498.847726514361,6040
6040,0.016,0.08278560000000001,0.113757,2030-09-09 16:00:00,4534.066118211631,6041
6041,0.001,0.093391,0.11647320000000001,2030-09-09 17:00:00,4588.566412620698,6042
6042,0.0,0.1016812,0.1176528,2030-09-09 18:00:00,4645.311349778142,6043
6043,0.0,0.1035426,0.115986,2030-09-09 19:00:00,4504.716597946568,6044
6044,0.0,0.10396239999999998,0.11443180000000001,2030-09-09 20:00:00,4147.04752712912,6045
6045,0.0,0.105548,0.1095076,2030-09-09 21:00:00,3767.7639902665223,6046
6046,0.0,0.11353139999999999,0.11327899999999999,2030-09-09 22:00:00,3558.215103561991,6047
6047,0.0,0.129698,0.12445080000000001,2030-09-09 23:00:00,3346.4702182179317,6048
6048,0.0,0.1470476,0.13957340000000001,2030-09-10 00:00:00,3267.251068404864,6049
6049,0.0,0.1632104,0.15923340000000002,2030-09-10 01:00:00,3215.34213181655,6050
6050,0.0,0.17567300000000002,0.1808338,2030-09-10 02:00:00,3225.04721091368,6051
6051,0.0,0.18585480000000001,0.20398899999999998,2030-09-10 03:00:00,3426.198735644747,6052
6052,0.0,0.19385059999999998,0.22107340000000003,2030-09-10 04:00:00,4002.473563698277,6053
6053,0.005,0.2033566,0.24463200000000004,2030-09-10 05:00:00,4919.79385554641,6054
6054,0.029,0.21173380000000003,0.267405,2030-09-10 06:00:00,5402.941149609689,6055
6055,0.07,0.23122160000000003,0.29080779999999995,2030-09-10 07:00:00,5657.486344977732,6056
6056,0.122,0.2583864,0.3193834,2030-09-10 08:00:00,5698.359355488158,6057
6057,0.162,0.28192860000000003,0.34141619999999995,2030-09-10 09:00:00,5517.465272780248,6058
6058,0.183,0.30252080000000003,0.3540088,2030-09-10 10:00:00,5290.766218769402,6059
6059,0.184,0.3208644,0.36280799999999996,2030-09-10 11:00:00,5228.722954956782,6060
6060,0.165,0.32825099999999996,0.37206,2030-09-10 12:00:00,5102.713676503205,6061
6061,0.131,0.3276682,0.38975879999999996,2030-09-10 13:00:00,4986.800750651825,6062
6062,0.09,0.3176988,0.40651859999999995,2030-09-10 14:00:00,4993.439471593024,6063
6063,0.055,0.30546020000000007,0.4149064,2030-09-10 15:00:00,5223.549241022134,6064
6064,0.027,0.3021463999999999,0.42417879999999997,2030-09-10 16:00:00,5195.12493123985,6065
6065,0.003,0.3115036,0.4331022,2030-09-10 17:00:00,5132.683033329471,6066
6066,0.0,0.33241299999999996,0.4570786,2030-09-10 18:00:00,5141.223323796787,6067
6067,0.0,0.36500340000000003,0.4748938,2030-09-10 19:00:00,4932.646262136998,6068
6068,0.0,0.37361580000000005,0.45993199999999995,2030-09-10 20:00:00,4502.2162029358315,6069
6069,0.0,0.34564680000000003,0.4393886,2030-09-10 21:00:00,4038.915289158846,6070
6070,0.0,0.33039719999999995,0.4330348,2030-09-10 22:00:00,3790.416162827939,6071
6071,0.0,0.3435992,0.4452274,2030-09-10 23:00:00,3544.860527270275,6072
6072,0.0,0.36755020000000005,0.477219,2030-09-11 00:00:00,3486.614926904842,6073
6073,0.0,0.3748648,0.5180986,2030-09-11 01:00:00,3422.348819964936,6074
6074,0.0,0.371387,0.5469930000000001,2030-09-11 02:00:00,3425.6223524661227,6075
6075,0.0,0.350649,0.5466255999999999,2030-09-11 03:00:00,3610.601698286016,6076
6076,0.0,0.3394922,0.5389702000000001,2030-09-11 04:00:00,4177.196271062853,6077
6077,0.052,0.33597899999999997,0.5401576,2030-09-11 05:00:00,5102.407362244053,6078
6078,0.147,0.34774839999999996,0.5547676,2030-09-11 06:00:00,5552.827388517848,6079
6079,0.218,0.4035818,0.5967314,2030-09-11 07:00:00,5737.305502777547,6080
6080,0.259,0.4671856,0.6472002,2030-09-11 08:00:00,5719.558972547352,6081
6081,0.249,0.5276588,0.692352,2030-09-11 09:00:00,5546.374593363621,6082
6082,0.212,0.5845712000000001,0.7210922,2030-09-11 10:00:00,5367.9689831201395,6083
6083,0.159,0.631403,0.7340158,2030-09-11 11:00:00,5347.252620213406,6084
6084,0.121,0.6588758,0.7281742,2030-09-11 12:00:00,5271.412190548038,6085
6085,0.089,0.660468,0.6960586,2030-09-11 13:00:00,5236.0510513578265,6086
6086,0.065,0.6324964000000001,0.6594220000000001,2030-09-11 14:00:00,5319.462808030579,6087
6087,0.053,0.5833128000000001,0.6263594,2030-09-11 15:00:00,5554.093884776714,6088
6088,0.039,0.5446744000000001,0.6093778,2030-09-11 16:00:00,5435.988987132908,6089
6089,0.006,0.5087075999999999,0.5997868,2030-09-11 17:00:00,5296.376659663885,6090
6090,0.0,0.47807059999999996,0.5880433999999999,2030-09-11 18:00:00,5211.536161307932,6091
6091,0.0,0.45315379999999994,0.5728904,2030-09-11 19:00:00,4996.015935522573,6092
6092,0.0,0.4217524,0.5489968000000001,2030-09-11 20:00:00,4563.418054457219,6093
6093,0.0,0.3996124,0.530417,2030-09-11 21:00:00,4102.341790223603,6094
6094,0.0,0.3934782,0.512024,2030-09-11 22:00:00,3810.365971294135,6095
6095,0.0,0.3627186,0.4771326,2030-09-11 23:00:00,3554.8313572821,6096
6096,0.0,0.315088,0.4500998,2030-09-12 00:00:00,3455.667566475041,6097
6097,0.0,0.29959,0.4362196,2030-09-12 01:00:00,3386.387599603663,6098
6098,0.0,0.3003736,0.4265408,2030-09-12 02:00:00,3388.3986780947753,6099
6099,0.0,0.29117760000000004,0.4105796,2030-09-12 03:00:00,3587.1186978011065,6100
6100,0.0,0.2827364,0.3960904,2030-09-12 04:00:00,4149.969248944315,6101
6101,0.049,0.2740572,0.3799256000000001,2030-09-12 05:00:00,5059.471729442598,6102
6102,0.193,0.2469532,0.3698124,2030-09-12 06:00:00,5498.218022832407,6103
6103,0.335,0.2762642,0.3907664,2030-09-12 07:00:00,5651.431258258104,6104
6104,0.452,0.3320604,0.41788600000000004,2030-09-12 08:00:00,5620.3071884948,6105
6105,0.535,0.369217,0.442699,2030-09-12 09:00:00,5433.120223225208,6106
6106,0.576,0.3971636,0.46317240000000004,2030-09-12 10:00:00,5190.171069350228,6107
6107,0.554,0.42291619999999996,0.4825686,2030-09-12 11:00:00,5128.571877734811,6108
6108,0.49,0.4471776,0.5045354,2030-09-12 12:00:00,5044.818070350277,6109
6109,0.378,0.46533800000000003,0.5210598000000001,2030-09-12 13:00:00,4908.995196916239,6110
6110,0.27,0.46556099999999995,0.525516,2030-09-12 14:00:00,4924.62666006419,6111
6111,0.148,0.43623,0.5163838000000001,2030-09-12 15:00:00,5115.98602871256,6112
6112,0.053,0.38407620000000003,0.4952108,2030-09-12 16:00:00,5033.473683673736,6113
6113,0.003,0.3533072,0.4790731999999999,2030-09-12 17:00:00,4989.755527357964,6114
6114,0.0,0.3328648,0.4579662000000001,2030-09-12 18:00:00,5091.11445018511,6115
6115,0.0,0.3095768,0.42888780000000004,2030-09-12 19:00:00,4910.991647466931,6116
6116,0.0,0.2844546,0.40122179999999996,2030-09-12 20:00:00,4484.570908596353,6117
6117,0.0,0.25580440000000004,0.36463520000000005,2030-09-12 21:00:00,4026.59135228162,6118
6118,0.0,0.2368364,0.36250340000000003,2030-09-12 22:00:00,3748.1695920697202,6119
6119,0.0,0.23405079999999998,0.39488580000000006,2030-09-12 23:00:00,3499.936750872803,6120
6120,0.0,0.23902740000000003,0.428476,2030-09-13 00:00:00,3466.192964642782,6121
6121,0.0,0.2656796,0.4802462,2030-09-13 01:00:00,3409.664495204223,6122
6122,0.0,0.3284354,0.53366,2030-09-13 02:00:00,3430.153801260373,6123
6123,0.0,0.3875356,0.5635825999999999,2030-09-13 03:00:00,3642.045390367146,6124
6124,0.0,0.43724419999999997,0.6018758,2030-09-13 04:00:00,4223.469747358611,6125
6125,0.046,0.4667232,0.623034,2030-09-13 05:00:00,5138.395439980346,6126
6126,0.221,0.49632339999999997,0.6517936,2030-09-13 06:00:00,5605.49803891617,6127
6127,0.386,0.5424154,0.6939310000000001,2030-09-13 07:00:00,5772.030188325505,6128
6128,0.508,0.5952518,0.7099626000000001,2030-09-13 08:00:00,5762.690212449752,6129
6129,0.599,0.5970434000000001,0.6970238000000001,2030-09-13 09:00:00,5531.692190750147,6130
6130,0.632,0.5837982,0.6787146,2030-09-13 10:00:00,5270.058257199739,6131
6131,0.619,0.5722452,0.6659248,2030-09-13 11:00:00,5174.627597842529,6132
6132,0.563,0.5660604,0.6634914000000001,2030-09-13 12:00:00,5067.454430503712,6133
6133,0.469,0.5653738,0.6701501999999999,2030-09-13 13:00:00,4936.485439070049,6134
6134,0.354,0.5690178,0.6744709999999999,2030-09-13 14:00:00,4937.694632924403,6135
6135,0.224,0.5657742,0.6747736000000001,2030-09-13 15:00:00,5127.797987840257,6136
6136,0.092,0.5405258,0.6696544,2030-09-13 16:00:00,5062.910691051631,6137
6137,0.008,0.5147984,0.6589632,2030-09-13 17:00:00,5012.587372275455,6138
6138,0.0,0.4889786,0.6408296,2030-09-13 18:00:00,5177.146369331318,6139
6139,0.0,0.4540324,0.6216847999999999,2030-09-13 19:00:00,5013.722277596549,6140
6140,0.0,0.42940659999999997,0.6013993999999999,2030-09-13 20:00:00,4591.305291507519,6141
6141,0.0,0.4197,0.57882,2030-09-13 21:00:00,4135.67344341981,6142
6142,0.0,0.4018281999999999,0.5525708,2030-09-13 22:00:00,3863.399200720827,6143
6143,0.0,0.3827942,0.5261924,2030-09-13 23:00:00,3609.745390088352,6144
6144,0.0,0.36989079999999996,0.5063184000000001,2030-09-14 00:00:00,3553.628223605473,6145
6145,0.0,0.36542240000000004,0.49616299999999997,2030-09-14 01:00:00,3492.257268689408,6146
6146,0.0,0.36661400000000005,0.4844010000000001,2030-09-14 02:00:00,3486.894548658361,6147
6147,0.0,0.345289,0.461357,2030-09-14 03:00:00,3665.475378074565,6148
6148,0.0,0.316711,0.43746739999999995,2030-09-14 04:00:00,4211.790976440826,6149
6149,0.022,0.2838412,0.409014,2030-09-14 05:00:00,5128.105434049678,6150
6150,0.096,0.2653356,0.39477660000000003,2030-09-14 06:00:00,5579.025271485055,6151
6151,0.264,0.2704708,0.39066239999999997,2030-09-14 07:00:00,5721.214289212504,6152
6152,0.441,0.3028544,0.3992694,2030-09-14 08:00:00,5652.750208585485,6153
6153,0.552,0.3088134,0.4153686,2030-09-14 09:00:00,5402.952031562352,6154
6154,0.584,0.313517,0.437193,2030-09-14 10:00:00,5118.274907930981,6155
6155,0.526,0.329005,0.46313440000000006,2030-09-14 11:00:00,4941.461466278777,6156
6156,0.408,0.3552102,0.48982840000000005,2030-09-14 12:00:00,4749.046137152463,6157
6157,0.331,0.37094379999999993,0.5098377999999999,2030-09-14 13:00:00,4604.877792135383,6158
6158,0.297,0.3865126,0.5244326,2030-09-14 14:00:00,4639.232002275406,6159
6159,0.192,0.3787688,0.5312020000000001,2030-09-14 15:00:00,4851.141675511991,6160
6160,0.071,0.3568834000000001,0.5375592,2030-09-14 16:00:00,4808.610625428621,6161
6161,0.003,0.36489019999999994,0.5554264,2030-09-14 17:00:00,4772.770853651071,6162
6162,0.0,0.3948948,0.5874362000000001,2030-09-14 18:00:00,4918.33182210759,6163
6163,0.0,0.4295464,0.6255064,2030-09-14 19:00:00,4777.268927905645,6164
6164,0.0,0.46155660000000004,0.6632462,2030-09-14 20:00:00,4448.648393854519,6165
6165,0.0,0.512946,0.7021668000000001,2030-09-14 21:00:00,4122.151745021703,6166
6166,0.0,0.5665082,0.7404238,2030-09-14 22:00:00,3947.018860677037,6167
6167,0.0,0.6139652,0.7729748,2030-09-14 23:00:00,3729.97017129374,6168
6168,0.0,0.6406424000000001,0.795734,2030-09-15 00:00:00,3637.883917796439,6169
6169,0.0,0.6724286000000002,0.8066090000000001,2030-09-15 01:00:00,3581.268690363247,6170
6170,0.0,0.6872418,0.8091942000000001,2030-09-15 02:00:00,3529.629368421477,6171
6171,0.0,0.6928268,0.8208928,2030-09-15 03:00:00,3582.874241721722,6172
6172,0.0,0.6916426,0.8288366,2030-09-15 04:00:00,3796.240415269828,6173
6173,0.008,0.6878716,0.8252476,2030-09-15 05:00:00,4230.275344049764,6174
6174,0.059,0.6659212,0.8168168,2030-09-15 06:00:00,4488.84270709552,6175
6175,0.132,0.6816253999999999,0.8247866,2030-09-15 07:00:00,4818.308117855423,6176
6176,0.236,0.7056618,0.8331188,2030-09-15 08:00:00,4897.859187008659,6177
6177,0.391,0.7298252000000001,0.84131,2030-09-15 09:00:00,4712.451948820621,6178
6178,0.51,0.7427531999999999,0.8445578000000001,2030-09-15 10:00:00,4490.780430610681,6179
6179,0.559,0.7490590000000001,0.84444,2030-09-15 11:00:00,4415.174767950709,6180
6180,0.498,0.7479906,0.8455454,2030-09-15 12:00:00,4269.913151208708,6181
6181,0.353,0.7438426,0.8466745999999998,2030-09-15 13:00:00,4230.541788091687,6182
6182,0.215,0.7397943999999999,0.8479239999999999,2030-09-15 14:00:00,4404.9541606667135,6183
6183,0.115,0.7452324000000001,0.8508772,2030-09-15 15:00:00,4749.027159555119,6184
6184,0.038,0.7473422000000001,0.8525407999999999,2030-09-15 16:00:00,4709.493329995607,6185
6185,0.002,0.7398726,0.8524913999999999,2030-09-15 17:00:00,4686.944948307189,6186
6186,0.0,0.7394293999999999,0.8492758,2030-09-15 18:00:00,4772.6651982732865,6187
6187,0.0,0.7384466000000001,0.8450624,2030-09-15 19:00:00,4649.689772777333,6188
6188,0.0,0.7366892,0.841842,2030-09-15 20:00:00,4339.801335297328,6189
6189,0.0,0.7368426,0.8417614,2030-09-15 21:00:00,4017.274103518658,6190
6190,0.0,0.7300072,0.8397002,2030-09-15 22:00:00,3825.6889719688743,6191
6191,0.0,0.7129504000000001,0.8291928000000001,2030-09-15 23:00:00,3558.749330136663,6192
6192,0.0,0.6844468000000001,0.815474,2030-09-16 00:00:00,3507.421462701509,6193
6193,0.0,0.6600311999999999,0.8002582,2030-09-16 01:00:00,3414.609845885937,6194
6194,0.0,0.644526,0.7835742,2030-09-16 02:00:00,3357.4344084664563,6195
6195,0.0,0.6143062,0.758292,2030-09-16 03:00:00,3414.333896327542,6196
6196,0.0,0.5762166,0.7273107999999999,2030-09-16 04:00:00,3610.865646833036,6197
6197,0.022,0.542352,0.6943312,2030-09-16 05:00:00,4079.1108520251273,6198
6198,0.103,0.522051,0.6714012,2030-09-16 06:00:00,4371.404156782546,6199
6199,0.214,0.5326896000000001,0.6635462000000001,2030-09-16 07:00:00,4628.965362778684,6200
6200,0.343,0.568741,0.6584168,2030-09-16 08:00:00,4717.647637824533,6201
6201,0.475,0.5930525999999999,0.6575816,2030-09-16 09:00:00,4558.95964825566,6202
6202,0.505,0.5965732000000001,0.6570464,2030-09-16 10:00:00,4375.203011503601,6203
6203,0.495,0.5934457999999999,0.6591186,2030-09-16 11:00:00,4297.890469576336,6204
6204,0.43,0.5926014000000001,0.6639408,2030-09-16 12:00:00,4201.0746400808475,6205
6205,0.363,0.587811,0.6642844,2030-09-16 13:00:00,4149.14905456727,6206
6206,0.258,0.5723326,0.6606452,2030-09-16 14:00:00,4273.979536635644,6207
6207,0.14,0.539563,0.6533352,2030-09-16 15:00:00,4574.805583880153,6208
6208,0.055,0.48785219999999996,0.6407349999999999,2030-09-16 16:00:00,4613.960139433809,6209
6209,0.003,0.44867419999999997,0.6281878,2030-09-16 17:00:00,4652.509164448889,6210
6210,0.0,0.4199504,0.6207636,2030-09-16 18:00:00,4827.542578782157,6211
6211,0.0,0.4157654,0.6216586,2030-09-16 19:00:00,4672.364199993684,6212
6212,0.0,0.4219904,0.6320188,2030-09-16 20:00:00,4316.513990763808,6213
6213,0.0,0.4298494,0.6456168000000001,2030-09-16 21:00:00,3951.041658031657,6214
6214,0.0,0.44385899999999995,0.6622248000000001,2030-09-16 22:00:00,3741.507896945201,6215
6215,0.0,0.4713444000000001,0.6803172,2030-09-16 23:00:00,3549.356330999126,6216
6216,0.0,0.5004063999999999,0.700325,2030-09-17 00:00:00,3603.143971140569,6217
6217,0.0,0.5324746,0.7216853999999999,2030-09-17 01:00:00,3573.344580008495,6218
6218,0.0,0.5732200000000001,0.7482302000000001,2030-09-17 02:00:00,3600.65536688425,6219
6219,0.0,0.5847359999999999,0.7634786,2030-09-17 03:00:00,3820.03654547158,6220
6220,0.0,0.5889472,0.7785614,2030-09-17 04:00:00,4397.250574599548,6221
6221,0.017,0.6037543999999999,0.7986019999999999,2030-09-17 05:00:00,5369.949975040739,6222
6222,0.098,0.63145,0.8189722000000002,2030-09-17 06:00:00,5897.561301120169,6223
6223,0.193,0.6714026,0.8378788,2030-09-17 07:00:00,6080.097681889749,6224
6224,0.25,0.7410235999999999,0.8569664000000001,2030-09-17 08:00:00,6074.437032242706,6225
6225,0.3,0.7848778000000001,0.8694417999999999,2030-09-17 09:00:00,5847.974976746027,6226
6226,0.329,0.8054920000000001,0.8747872000000001,2030-09-17 10:00:00,5617.065568413139,6227
6227,0.334,0.8115384000000001,0.8777197999999998,2030-09-17 11:00:00,5540.79100616752,6228
6228,0.309,0.8119006000000001,0.8815681999999999,2030-09-17 12:00:00,5432.149177787906,6229
6229,0.27,0.8067802000000001,0.8837676,2030-09-17 13:00:00,5300.699704604057,6230
6230,0.219,0.7875300000000001,0.8784272,2030-09-17 14:00:00,5295.796873645997,6231
6231,0.154,0.7606504000000001,0.8718011999999999,2030-09-17 15:00:00,5498.941547636758,6232
6232,0.066,0.7252482,0.8625807999999999,2030-09-17 16:00:00,5395.969008079865,6233
6233,0.002,0.6910952,0.8469346,2030-09-17 17:00:00,5347.700813759951,6234
6234,0.0,0.655776,0.8217504,2030-09-17 18:00:00,5475.952079324312,6235
6235,0.0,0.6184359999999999,0.792461,2030-09-17 19:00:00,5251.531243771911,6236
6236,0.0,0.5825376,0.7641530000000001,2030-09-17 20:00:00,4808.723133802115,6237
6237,0.0,0.5564134000000001,0.7416903999999999,2030-09-17 21:00:00,4336.24852934881,6238
6238,0.0,0.5336247999999999,0.7222088,2030-09-17 22:00:00,4095.8226421818717,6239
6239,0.0,0.5113252,0.7064218,2030-09-17 23:00:00,3829.463610771966,6240
6240,0.0,0.5006638,0.6992704,2030-09-18 00:00:00,3743.59390498969,6241
6241,0.0,0.4995264,0.6938568,2030-09-18 01:00:00,3682.436294638823,6242
6242,0.0,0.48910600000000004,0.6799134,2030-09-18 02:00:00,3698.496250713782,6243
6243,0.0,0.4832974,0.6658059999999999,2030-09-18 03:00:00,3901.168732428312,6244
6244,0.0,0.469022,0.6478514,2030-09-18 04:00:00,4479.364570038534,6245
6245,0.05,0.45279020000000003,0.6256552,2030-09-18 05:00:00,5423.145550539295,6246
6246,0.213,0.4307806,0.6077087999999999,2030-09-18 06:00:00,5883.156114014365,6247
6247,0.378,0.46358,0.6048308,2030-09-18 07:00:00,6000.0478635346135,6248
6248,0.506,0.460368,0.5881372,2030-09-18 08:00:00,5951.881515378474,6249
6249,0.584,0.443865,0.5779282,2030-09-18 09:00:00,5684.458610786238,6250
6250,0.616,0.43238079999999995,0.5736726,2030-09-18 10:00:00,5440.930651378954,6251
6251,0.603,0.43285039999999997,0.5755844,2030-09-18 11:00:00,5316.376126479119,6252
6252,0.546,0.4394088,0.5794194,2030-09-18 12:00:00,5198.374382011393,6253
6253,0.452,0.44338940000000004,0.5832832,2030-09-18 13:00:00,5066.466441790119,6254
6254,0.34,0.4395772,0.5808932,2030-09-18 14:00:00,5042.023581175714,6255
6255,0.211,0.4258088,0.57853,2030-09-18 15:00:00,5267.46685733602,6256
6256,0.088,0.39558180000000004,0.5693954,2030-09-18 16:00:00,5229.156763038153,6257
6257,0.003,0.3681476,0.552101,2030-09-18 17:00:00,5220.587706530292,6258
6258,0.0,0.356386,0.53156,2030-09-18 18:00:00,5388.57397092433,6259
6259,0.0,0.33932660000000003,0.5057882000000001,2030-09-18 19:00:00,5197.242467635178,6260
6260,0.0,0.327727,0.477257,2030-09-18 20:00:00,4782.138606193324,6261
6261,0.0,0.31534460000000003,0.4441032,2030-09-18 21:00:00,4322.862520365474,6262
6262,0.0,0.29500519999999997,0.4049866,2030-09-18 22:00:00,4064.565130961827,6263
6263,0.0,0.2713422,0.3697498,2030-09-18 23:00:00,3783.2056401380078,6264
6264,0.0,0.2558298,0.34273679999999995,2030-09-19 00:00:00,3716.897760847998,6265
6265,0.0,0.24520219999999995,0.3266822,2030-09-19 01:00:00,3666.281361256342,6266
6266,0.0,0.242951,0.32426940000000004,2030-09-19 02:00:00,3669.866448454405,6267
6267,0.0,0.23601719999999998,0.31961720000000005,2030-09-19 03:00:00,3883.1957774545963,6268
6268,0.0,0.20659139999999998,0.2971952,2030-09-19 04:00:00,4449.29425716033,6269
6269,0.025,0.1872316,0.27721439999999997,2030-09-19 05:00:00,5423.590187905051,6270
6270,0.174,0.1592326,0.26227419999999996,2030-09-19 06:00:00,5905.262633803476,6271
6271,0.362,0.144762,0.2438574,2030-09-19 07:00:00,5992.415562045482,6272
6272,0.464,0.1302204,0.21695419999999999,2030-09-19 08:00:00,5879.268153739945,6273
6273,0.565,0.1147916,0.1992366,2030-09-19 09:00:00,5612.472275038021,6274
6274,0.614,0.1083548,0.191228,2030-09-19 10:00:00,5346.884601153397,6275
6275,0.577,0.106596,0.1898268,2030-09-19 11:00:00,5242.768973115553,6276
6276,0.454,0.1153156,0.19422640000000002,2030-09-19 12:00:00,5132.884685685746,6277
6277,0.318,0.1346512,0.2085928,2030-09-19 13:00:00,4994.735483169491,6278
6278,0.203,0.151843,0.22106879999999998,2030-09-19 14:00:00,4987.441786160743,6279
6279,0.136,0.16194060000000005,0.2293988,2030-09-19 15:00:00,5226.002245295268,6280
6280,0.061,0.159592,0.23456139999999998,2030-09-19 16:00:00,5193.614402400803,6281
6281,0.001,0.1638902,0.23745279999999996,2030-09-19 17:00:00,5215.506906810252,6282
6282,0.0,0.1692876,0.23111960000000004,2030-09-19 18:00:00,5378.950182218447,6283
6283,0.0,0.1715156,0.21852080000000002,2030-09-19 19:00:00,5193.916455578519,6284
6284,0.0,0.1749222,0.2094084,2030-09-19 20:00:00,4781.649141848982,6285
6285,0.0,0.176313,0.2088292,2030-09-19 21:00:00,4314.0390385140245,6286
6286,0.0,0.1736888,0.2105824,2030-09-19 22:00:00,4006.9951396578317,6287
6287,0.0,0.16940300000000003,0.2191364,2030-09-19 23:00:00,3744.8385344879352,6288
6288,0.0,0.17249979999999998,0.2367628,2030-09-20 00:00:00,3603.8932953626736,6289
6289,0.0,0.1794026,0.2613264,2030-09-20 01:00:00,3537.531540902931,6290
6290,0.0,0.1891854,0.2832816,2030-09-20 02:00:00,3526.5968621833267,6291
6291,0.0,0.195674,0.292482,2030-09-20 03:00:00,3730.439822550683,6292
6292,0.0,0.1960674,0.28739020000000004,2030-09-20 04:00:00,4275.23987152384,6293
6293,0.003,0.1936676,0.275441,2030-09-20 05:00:00,5201.01199921204,6294
6294,0.047,0.18599519999999997,0.2666076,2030-09-20 06:00:00,5696.789484082491,6295
6295,0.128,0.19565899999999997,0.27179499999999995,2030-09-20 07:00:00,5900.200162092713,6296
6296,0.214,0.24440559999999997,0.2897464,2030-09-20 08:00:00,5870.131882672611,6297
6297,0.258,0.2727116,0.30987719999999996,2030-09-20 09:00:00,5630.018410952684,6298
6298,0.301,0.29707720000000004,0.3311874,2030-09-20 10:00:00,5371.504796251437,6299
6299,0.304,0.32076899999999997,0.3513268,2030-09-20 11:00:00,5279.964280315309,6300
6300,0.284,0.3423406,0.3717112,2030-09-20 12:00:00,5146.48817980184,6301
6301,0.217,0.356451,0.3854028,2030-09-20 13:00:00,5026.55522743631,6302
6302,0.16,0.36129279999999997,0.391255,2030-09-20 14:00:00,5028.326188163252,6303
6303,0.098,0.35021440000000004,0.38536000000000004,2030-09-20 15:00:00,5261.195650825276,6304
6304,0.039,0.3163446,0.3666392,2030-09-20 16:00:00,5188.444088178655,6305
6305,0.0,0.2958528,0.3515254,2030-09-20 17:00:00,5201.018001235611,6306
6306,0.0,0.2903578,0.3374378,2030-09-20 18:00:00,5271.089687440501,6307
6307,0.0,0.2750054,0.3235908,2030-09-20 19:00:00,5055.346449336203,6308
6308,0.0,0.26134019999999997,0.3131926,2030-09-20 20:00:00,4628.00923617062,6309
6309,0.0,0.2549596,0.3046448,2030-09-20 21:00:00,4163.70752575651,6310
6310,0.0,0.25070899999999996,0.2976856,2030-09-20 22:00:00,3879.8138965655417,6311
6311,0.0,0.2419676,0.2862206,2030-09-20 23:00:00,3629.961717323552,6312
6312,0.0,0.22943159999999999,0.2727544,2030-09-21 00:00:00,3534.41188864388,6313
6313,0.0,0.21489179999999997,0.25690859999999993,2030-09-21 01:00:00,3466.5184566536877,6314
6314,0.0,0.2009894,0.24066139999999997,2030-09-21 02:00:00,3465.8331564171403,6315
6315,0.0,0.19060680000000002,0.22784100000000002,2030-09-21 03:00:00,3665.306350305096,6316
6316,0.0,0.18410319999999997,0.21988440000000004,2030-09-21 04:00:00,4203.95015170587,6317
6317,0.026,0.1753124,0.20962680000000003,2030-09-21 05:00:00,5121.30728063051,6318
6318,0.169,0.148011,0.1891738,2030-09-21 06:00:00,5619.98853095009,6319
6319,0.343,0.11810619999999998,0.1664834,2030-09-21 07:00:00,5772.108712124139,6320
6320,0.48,0.1057058,0.1464644,2030-09-21 08:00:00,5680.457267583893,6321
6321,0.568,0.0898704,0.1268834,2030-09-21 09:00:00,5409.366324786961,6322
6322,0.606,0.07377039999999999,0.108185,2030-09-21 10:00:00,5097.744061711415,6323
6323,0.597,0.05833140000000001,0.09345519999999999,2030-09-21 11:00:00,4891.007302040737,6324
6324,0.544,0.0469806,0.0835476,2030-09-21 12:00:00,4669.428594134197,6325
6325,0.451,0.0401634,0.07664699999999999,2030-09-21 13:00:00,4513.467682960658,6326
6326,0.337,0.0364312,0.0694584,2030-09-21 14:00:00,4534.648108120533,6327
6327,0.205,0.03323040000000001,0.062437,2030-09-21 15:00:00,4750.079819637341,6328
6328,0.08,0.0305008,0.05504880000000001,2030-09-21 16:00:00,4767.41768489507,6329
6329,0.001,0.029606,0.0518416,2030-09-21 17:00:00,4819.979446060291,6330
6330,0.0,0.027825,0.0515922,2030-09-21 18:00:00,4964.584790630899,6331
6331,0.0,0.028215,0.0544276,2030-09-21 19:00:00,4771.977150649048,6332
6332,0.0,0.031669,0.060760400000000006,2030-09-21 20:00:00,4418.265590429087,6333
6333,0.0,0.036546,0.0674184,2030-09-21 21:00:00,4045.13659152544,6334
6334,0.0,0.041239000000000005,0.0735702,2030-09-21 22:00:00,3806.497584558842,6335
6335,0.0,0.045577400000000004,0.07918240000000001,2030-09-21 23:00:00,3537.249041564594,6336
6336,0.0,0.04924,0.0844852,2030-09-22 00:00:00,3436.075830263724,6337
6337,0.0,0.05188,0.08968179999999999,2030-09-22 01:00:00,3350.5161958642984,6338
6338,0.0,0.0541102,0.09540180000000001,2030-09-22 02:00:00,3295.422617665162,6339
6339,0.0,0.0568546,0.1014538,2030-09-22 03:00:00,3372.684638945616,6340
6340,0.0,0.058228000000000016,0.1044718,2030-09-22 04:00:00,3598.648892395226,6341
6341,0.02,0.05914259999999999,0.10652219999999998,2030-09-22 05:00:00,4146.836899675035,6342
6342,0.156,0.0573072,0.1070994,2030-09-22 06:00:00,4508.236755939328,6343
6343,0.331,0.0424172,0.09938860000000001,2030-09-22 07:00:00,4758.849117827576,6344
6344,0.47,0.0360618,0.0969594,2030-09-22 08:00:00,4769.321239889992,6345
6345,0.555,0.05403979999999999,0.11178679999999999,2030-09-22 09:00:00,4513.904195502684,6346
6346,0.593,0.0724688,0.1356776,2030-09-22 10:00:00,4243.640186412656,6347
6347,0.586,0.08533500000000001,0.1575972,2030-09-22 11:00:00,4122.972284271074,6348
6348,0.537,0.094548,0.1750544,2030-09-22 12:00:00,3997.272377955966,6349
6349,0.444,0.102353,0.191828,2030-09-22 13:00:00,3951.61668584211,6350
6350,0.331,0.11146819999999999,0.21166520000000003,2030-09-22 14:00:00,4042.5764759580125,6351
6351,0.198,0.12438639999999998,0.241317,2030-09-22 15:00:00,4301.63653156203,6352
6352,0.074,0.1795508,0.3079196,2030-09-22 16:00:00,4373.202876955183,6353
6353,0.0,0.2738066,0.3970378,2030-09-22 17:00:00,4472.734226695179,6354
6354,0.0,0.3265386,0.463516,2030-09-22 18:00:00,4632.1498272895515,6355
6355,0.0,0.34973,0.49982299999999996,2030-09-22 19:00:00,4488.505449134087,6356
6356,0.0,0.3805872,0.5311586,2030-09-22 20:00:00,4183.807565350562,6357
6357,0.0,0.4130858,0.5650474,2030-09-22 21:00:00,3874.2419555382075,6358
6358,0.0,0.4452792,0.5900976,2030-09-22 22:00:00,3711.995764416558,6359
6359,0.0,0.45933539999999995,0.5970862,2030-09-22 23:00:00,3491.870382130889,6360
6360,0.0,0.4634968,0.5957176000000001,2030-09-23 00:00:00,3412.91148875237,6361
6361,0.0,0.4647356,0.5957042,2030-09-23 01:00:00,3325.072950152913,6362
6362,0.0,0.4657018,0.5973445999999999,2030-09-23 02:00:00,3266.943094346491,6363
6363,0.0,0.4660382,0.596936,2030-09-23 03:00:00,3328.065935327674,6364
6364,0.0,0.4652454,0.5956728,2030-09-23 04:00:00,3520.717705904469,6365
6365,0.009,0.4574964,0.5916778,2030-09-23 05:00:00,3983.588789720533,6366
6366,0.085,0.4298638,0.5849704,2030-09-23 06:00:00,4308.366697063951,6367
6367,0.198,0.4528264,0.589229,2030-09-23 07:00:00,4632.746209977922,6368
6368,0.301,0.4704129999999999,0.5865412,2030-09-23 08:00:00,4708.54814527539,6369
6369,0.383,0.44234460000000003,0.5552628000000001,2030-09-23 09:00:00,4521.135864002422,6370
6370,0.458,0.416209,0.5214688,2030-09-23 10:00:00,4307.647765935568,6371
6371,0.489,0.3912156,0.4828106,2030-09-23 11:00:00,4193.438517609287,6372
6372,0.456,0.360741,0.43817459999999997,2030-09-23 12:00:00,4087.8448503213267,6373
6373,0.362,0.33173440000000004,0.39929319999999996,2030-09-23 13:00:00,4042.2165495961654,6374
6374,0.256,0.30823999999999996,0.37740300000000004,2030-09-23 14:00:00,4170.786786319057,6375
6375,0.139,0.290804,0.3692944,2030-09-23 15:00:00,4504.943098526288,6376
6376,0.043,0.28311539999999996,0.3686602,2030-09-23 16:00:00,4577.120675284434,6377
6377,0.0,0.2833934,0.3720732,2030-09-23 17:00:00,4711.007614824117,6378
6378,0.0,0.2816476,0.3653638,2030-09-23 18:00:00,4801.233088290509,6379
6379,0.0,0.2618432,0.34299620000000003,2030-09-23 19:00:00,4614.565235379121,6380
6380,0.0,0.23586279999999998,0.3126952,2030-09-23 20:00:00,4249.113099912055,6381
6381,0.0,0.2113842,0.2854566,2030-09-23 21:00:00,3863.0856251393798,6382
6382,0.0,0.19047679999999997,0.25924,2030-09-23 22:00:00,3639.306723366586,6383
6383,0.0,0.1657236,0.2328264,2030-09-23 23:00:00,3415.525301952283,6384
6384,0.0,0.1447138,0.20876360000000002,2030-09-24 00:00:00,3367.3244001958146,6385
6385,0.0,0.1265866,0.1849906,2030-09-24 01:00:00,3309.3180155710425,6386
6386,0.0,0.1084184,0.16462839999999998,2030-09-24 02:00:00,3312.430882556562,6387
6387,0.0,0.0945764,0.150924,2030-09-24 03:00:00,3521.89855884469,6388
6388,0.0,0.08850100000000001,0.1450948,2030-09-24 04:00:00,4079.54267468934,6389
6389,0.003,0.0893824,0.1475936,2030-09-24 05:00:00,5013.120360580532,6390
6390,0.047,0.0862488,0.15204659999999998,2030-09-24 06:00:00,5549.833555862608,6391
6391,0.107,0.078847,0.1565118,2030-09-24 07:00:00,5794.060184095149,6392
6392,0.153,0.07569839999999999,0.16097960000000003,2030-09-24 08:00:00,5769.099748846632,6393
6393,0.197,0.0702768,0.1613638,2030-09-24 09:00:00,5557.505971031409,6394
6394,0.246,0.0635182,0.1571542,2030-09-24 10:00:00,5331.790403654826,6395
6395,0.26,0.056537000000000004,0.15128599999999998,2030-09-24 11:00:00,5229.366079718569,6396
6396,0.239,0.050101799999999995,0.14898660000000002,2030-09-24 12:00:00,5127.600011168491,6397
6397,0.191,0.048750400000000006,0.1528154,2030-09-24 13:00:00,4952.958504526574,6398
6398,0.129,0.0530068,0.1580622,2030-09-24 14:00:00,4929.346395659447,6399
6399,0.064,0.0581766,0.16496019999999997,2030-09-24 15:00:00,5169.400125389759,6400
6400,0.018,0.067263,0.1803632,2030-09-24 16:00:00,5186.831148960642,6401
6401,0.0,0.0874298,0.2089388,2030-09-24 17:00:00,5221.508695395472,6402
6402,0.0,0.10808519999999999,0.23927500000000004,2030-09-24 18:00:00,5223.012845311641,6403
6403,0.0,0.12189480000000001,0.2609232,2030-09-24 19:00:00,4998.664057576513,6404
6404,0.0,0.1308214,0.2707478,2030-09-24 20:00:00,4573.4051046241475,6405
6405,0.0,0.1423606,0.279393,2030-09-24 21:00:00,4103.808041384767,6406
6406,0.0,0.1525184,0.2806482,2030-09-24 22:00:00,3818.760753689323,6407
6407,0.0,0.1585592,0.2732688,2030-09-24 23:00:00,3566.955778619784,6408
6408,0.0,0.15926179999999998,0.26067260000000003,2030-09-25 00:00:00,3485.8154120010395,6409
6409,0.0,0.15422180000000002,0.24929800000000002,2030-09-25 01:00:00,3417.49594253273,6410
6410,0.0,0.1504652,0.24276140000000002,2030-09-25 02:00:00,3419.3648775335478,6411
6411,0.0,0.1514836,0.239711,2030-09-25 03:00:00,3620.9504645209718,6412
6412,0.0,0.14934139999999999,0.237551,2030-09-25 04:00:00,4167.904570534802,6413
6413,0.003,0.1517064,0.24457999999999996,2030-09-25 05:00:00,5087.664362836387,6414
6414,0.056,0.1453194,0.26017100000000004,2030-09-25 06:00:00,5608.218433636513,6415
6415,0.142,0.138285,0.2698178,2030-09-25 07:00:00,5807.9530041949065,6416
6416,0.224,0.1530214,0.2798712,2030-09-25 08:00:00,5769.306311970882,6417
6417,0.296,0.15280280000000002,0.2811862,2030-09-25 09:00:00,5566.105465190969,6418
6418,0.345,0.145439,0.27523759999999997,2030-09-25 10:00:00,5311.279691185008,6419
6419,0.32,0.1394566,0.26636319999999997,2030-09-25 11:00:00,5231.368838885694,6420
6420,0.25,0.1371868,0.2592536,2030-09-25 12:00:00,5126.678852621428,6421
6421,0.169,0.1400766,0.2585604,2030-09-25 13:00:00,5002.16102034379,6422
6422,0.094,0.14532620000000002,0.26309380000000004,2030-09-25 14:00:00,5002.927880111641,6423
6423,0.046,0.149198,0.27316419999999997,2030-09-25 15:00:00,5222.904774307127,6424
6424,0.009,0.1594894,0.28831660000000003,2030-09-25 16:00:00,5218.783501960923,6425
6425,0.0,0.17934579999999997,0.30590300000000004,2030-09-25 17:00:00,5282.029135630412,6426
6426,0.0,0.1916332,0.30921380000000004,2030-09-25 18:00:00,5251.449477581917,6427
6427,0.0,0.19833099999999998,0.3038602,2030-09-25 19:00:00,5022.89567031705,6428
6428,0.0,0.1967994,0.2945664,2030-09-25 20:00:00,4599.108533672189,6429
6429,0.0,0.19883320000000002,0.2940468,2030-09-25 21:00:00,4138.505505101076,6430
6430,0.0,0.20050659999999998,0.29600719999999997,2030-09-25 22:00:00,3849.655345719534,6431
6431,0.0,0.200767,0.2948202,2030-09-25 23:00:00,3590.235580588826,6432
6432,0.0,0.1963742,0.2962834,2030-09-26 00:00:00,3509.91898358199,6433
6433,0.0,0.19514099999999998,0.30321459999999995,2030-09-26 01:00:00,3443.293537180884,6434
6434,0.0,0.20196840000000002,0.3135018,2030-09-26 02:00:00,3439.067663762298,6435
6435,0.0,0.200237,0.32062,2030-09-26 03:00:00,3642.192663161106,6436
6436,0.0,0.197844,0.3326652,2030-09-26 04:00:00,4179.836383111804,6437
6437,0.002,0.2100572,0.3500642,2030-09-26 05:00:00,5096.025720495634,6438
6438,0.053,0.2015092,0.3598706,2030-09-26 06:00:00,5617.975824520419,6439
6439,0.144,0.1941248,0.3644074,2030-09-26 07:00:00,5852.9925388513,6440
6440,0.239,0.21009219999999998,0.3758304,2030-09-26 08:00:00,5839.681221938328,6441
6441,0.318,0.22076259999999998,0.38040419999999997,2030-09-26 09:00:00,5600.332011061992,6442
6442,0.358,0.2257366,0.37441519999999995,2030-09-26 10:00:00,5352.465502150763,6443
6443,0.326,0.23065759999999996,0.3641998,2030-09-26 11:00:00,5254.705386568764,6444
6444,0.272,0.2331646,0.357705,2030-09-26 12:00:00,5157.23296307702,6445
6445,0.203,0.234659,0.366923,2030-09-26 13:00:00,5028.495496415917,6446
6446,0.135,0.23729879999999998,0.3800614,2030-09-26 14:00:00,5024.744097938558,6447
6447,0.07,0.2413808,0.4066514,2030-09-26 15:00:00,5251.138434596338,6448
6448,0.015,0.28312,0.4651524,2030-09-26 16:00:00,5224.766541635085,6449
6449,0.0,0.34906420000000005,0.5218974,2030-09-26 17:00:00,5293.145652264407,6450
6450,0.0,0.3830666,0.5472433999999999,2030-09-26 18:00:00,5264.09211438598,6451
6451,0.0,0.406128,0.5397076000000001,2030-09-26 19:00:00,5051.307655109342,6452
6452,0.0,0.41445039999999994,0.5067662,2030-09-26 20:00:00,4643.899670948684,6453
6453,0.0,0.41452659999999997,0.4602406,2030-09-26 21:00:00,4197.960364998946,6454
6454,0.0,0.38668240000000004,0.4123064,2030-09-26 22:00:00,3930.364415813002,6455
6455,0.0,0.35278020000000004,0.37794239999999996,2030-09-26 23:00:00,3649.872047687755,6456
6456,0.0,0.33082880000000003,0.3468786,2030-09-27 00:00:00,3549.180131303495,6457
6457,0.0,0.3062254,0.31306540000000005,2030-09-27 01:00:00,3455.928865198618,6458
6458,0.0,0.295223,0.2996368,2030-09-27 02:00:00,3430.446378681213,6459
6459,0.0,0.2848342,0.29418500000000003,2030-09-27 03:00:00,3611.750673298983,6460
6460,0.0,0.2652586,0.29369999999999996,2030-09-27 04:00:00,4143.807320360399,6461
6461,0.001,0.2524358,0.2916054,2030-09-27 05:00:00,5045.179915678422,6462
6462,0.056,0.208181,0.27529600000000004,2030-09-27 06:00:00,5580.555013143457,6463
6463,0.178,0.16408720000000002,0.25657399999999997,2030-09-27 07:00:00,5810.772652288249,6464
6464,0.291,0.15856099999999998,0.25675560000000003,2030-09-27 08:00:00,5772.5817575910805,6465
6465,0.392,0.16368960000000002,0.2563982,2030-09-27 09:00:00,5528.13660583198,6466
6466,0.466,0.1651082,0.2449534,2030-09-27 10:00:00,5228.226749165207,6467
6467,0.478,0.1626998,0.233021,2030-09-27 11:00:00,5140.0000747482445,6468
6468,0.431,0.16192299999999998,0.22668780000000002,2030-09-27 12:00:00,5017.850016471155,6469
6469,0.34,0.1585346,0.2220774,2030-09-27 13:00:00,4888.845117960049,6470
6470,0.214,0.1479992,0.21401760000000003,2030-09-27 14:00:00,4910.982378644821,6471
6471,0.106,0.12036640000000003,0.197471,2030-09-27 15:00:00,5117.281266281951,6472
6472,0.026,0.11045940000000001,0.19205140000000004,2030-09-27 16:00:00,5108.366715512486,6473
6473,0.0,0.135353,0.2020822,2030-09-27 17:00:00,5204.025120328275,6474
6474,0.0,0.159046,0.21451820000000002,2030-09-27 18:00:00,5213.688927155576,6475
6475,0.0,0.1682758,0.23059639999999998,2030-09-27 19:00:00,4998.148624394435,6476
6476,0.0,0.17180600000000001,0.24696959999999998,2030-09-27 20:00:00,4580.534949185132,6477
6477,0.0,0.1766276,0.2706344,2030-09-27 21:00:00,4119.446597601128,6478
6478,0.0,0.19726300000000002,0.3110206,2030-09-27 22:00:00,3835.5411051767114,6479
6479,0.0,0.22584300000000002,0.3410796,2030-09-27 23:00:00,3578.8786552740007,6480
6480,0.0,0.26895379999999997,0.3681594,2030-09-28 00:00:00,3546.5586559016238,6481
6481,0.0,0.29971439999999994,0.3861334,2030-09-28 01:00:00,3489.4124234414667,6482
6482,0.0,0.32155959999999995,0.397911,2030-09-28 02:00:00,3499.025818562593,6483
6483,0.0,0.3352696,0.4026898,2030-09-28 03:00:00,3683.75847458896,6484
6484,0.0,0.330254,0.4073686,2030-09-28 04:00:00,4203.06088956975,6485
6485,0.001,0.3368688,0.42475119999999994,2030-09-28 05:00:00,5111.4229770043385,6486
6486,0.069,0.3305768,0.430748,2030-09-28 06:00:00,5633.081922947875,6487
6487,0.194,0.33638819999999997,0.4397772,2030-09-28 07:00:00,5812.948392189158,6488
6488,0.305,0.36710600000000004,0.4583704,2030-09-28 08:00:00,5751.04829573447,6489
6489,0.363,0.39103200000000005,0.4703046000000001,2030-09-28 09:00:00,5498.868691409966,6490
6490,0.325,0.3917958,0.4652948,2030-09-28 10:00:00,5211.341047992007,6491
6491,0.257,0.3754866,0.4369382,2030-09-28 11:00:00,5031.046096711896,6492
6492,0.206,0.346536,0.40838540000000007,2030-09-28 12:00:00,4830.490197308012,6493
6493,0.164,0.318201,0.39028,2030-09-28 13:00:00,4701.03197856748,6494
6494,0.102,0.2999196,0.3710226,2030-09-28 14:00:00,4743.636159319072,6495
6495,0.043,0.2993246,0.34285040000000006,2030-09-28 15:00:00,4976.032055171244,6496
6496,0.007,0.32959499999999997,0.342377,2030-09-28 16:00:00,5002.78980039831,6497
6497,0.0,0.3732574,0.3679502,2030-09-28 17:00:00,5107.343401081092,6498
6498,0.0,0.39729559999999997,0.40284620000000004,2030-09-28 18:00:00,5035.230721148775,6499
6499,0.0,0.423366,0.4480272,2030-09-28 19:00:00,4824.404190376588,6500
6500,0.0,0.432028,0.4685718,2030-09-28 20:00:00,4471.423932119364,6501
6501,0.0,0.42753520000000006,0.47213359999999993,2030-09-28 21:00:00,4103.202894041417,6502
6502,0.0,0.44140820000000003,0.47402939999999993,2030-09-28 22:00:00,3831.740678295124,6503
6503,0.0,0.4569064,0.47696820000000006,2030-09-28 23:00:00,3545.954033771909,6504
6504,0.0,0.4412934,0.4755766,2030-09-29 00:00:00,3455.596100720936,6505
6505,0.0,0.4213084,0.4687388,2030-09-29 01:00:00,3356.79953849893,6506
6506,0.0,0.3953748,0.45550579999999996,2030-09-29 02:00:00,3301.132332722168,6507
6507,0.0,0.3702574,0.4353168,2030-09-29 03:00:00,3361.298367044643,6508
6508,0.0,0.34623119999999996,0.40810500000000005,2030-09-29 04:00:00,3554.498752104917,6509
6509,0.001,0.31337839999999995,0.3755964,2030-09-29 05:00:00,4052.6814281991674,6510
6510,0.04,0.2765276,0.3400958,2030-09-29 06:00:00,4442.98961588397,6511
6511,0.1,0.24578440000000001,0.32076819999999995,2030-09-29 07:00:00,4746.087652687587,6512
6512,0.155,0.24067959999999994,0.31433239999999996,2030-09-29 08:00:00,4809.3035788816815,6513
6513,0.204,0.25210319999999997,0.3199396,2030-09-29 09:00:00,4629.489036689655,6514
6514,0.249,0.262529,0.3208392,2030-09-29 10:00:00,4406.796641868382,6515
6515,0.254,0.2431784,0.3015994,2030-09-29 11:00:00,4320.631047616088,6516
6516,0.154,0.2055596,0.268722,2030-09-29 12:00:00,4215.903835213052,6517
6517,0.08,0.169201,0.23685480000000006,2030-09-29 13:00:00,4179.568707818307,6518
6518,0.046,0.1354262,0.21196600000000002,2030-09-29 14:00:00,4319.6573249576995,6519
6519,0.02,0.1010598,0.1867134,2030-09-29 15:00:00,4599.7275479508735,6520
6520,0.003,0.0860606,0.1755594,2030-09-29 16:00:00,4745.842036864066,6521
6521,0.0,0.08585000000000001,0.16956,2030-09-29 17:00:00,4752.01217306243,6522
6522,0.0,0.08444959999999999,0.16158419999999998,2030-09-29 18:00:00,4679.173911427518,6523
6523,0.0,0.0767958,0.150793,2030-09-29 19:00:00,4518.044143577246,6524
6524,0.0,0.06642200000000001,0.14945519999999998,2030-09-29 20:00:00,4196.076159127738,6525
6525,0.0,0.062354200000000005,0.169937,2030-09-29 21:00:00,3866.745196149617,6526
6526,0.0,0.067215,0.21166279999999998,2030-09-29 22:00:00,3653.4832045362464,6527
6527,0.0,0.0782988,0.25776999999999994,2030-09-29 23:00:00,3401.181550191242,6528
6528,0.0,0.0998878,0.30971459999999995,2030-09-30 00:00:00,3361.379974445139,6529
6529,0.0,0.1286458,0.35147680000000003,2030-09-30 01:00:00,3262.622433289134,6530
6530,0.0,0.17184720000000003,0.38862779999999997,2030-09-30 02:00:00,3207.0937700661198,6531
6531,0.0,0.2181884,0.41960240000000004,2030-09-30 03:00:00,3278.033791095316,6532
6532,0.0,0.26781900000000003,0.45495599999999997,2030-09-30 04:00:00,3473.3672518029043,6533
6533,0.0,0.3263034,0.5170771999999999,2030-09-30 05:00:00,3984.672911297309,6534
6534,0.012,0.3867822,0.578871,2030-09-30 06:00:00,4383.163475040848,6535
6535,0.05,0.4547936000000001,0.616099,2030-09-30 07:00:00,4786.970021498041,6536
6536,0.144,0.546557,0.6468766,2030-09-30 08:00:00,4900.634694173314,6537
6537,0.32,0.6431435999999999,0.6904399999999999,2030-09-30 09:00:00,4732.066017626039,6538
6538,0.457,0.7022695999999999,0.7499664,2030-09-30 10:00:00,4511.397672789796,6539
6539,0.508,0.7444434,0.798795,2030-09-30 11:00:00,4446.674661832549,6540
6540,0.492,0.7847638,0.8285897999999999,2030-09-30 12:00:00,4382.4909735989295,6541
6541,0.413,0.8078692000000001,0.8496154,2030-09-30 13:00:00,4363.097748331222,6542
6542,0.3,0.8165438000000002,0.8591380000000001,2030-09-30 14:00:00,4486.810803694215,6543
6543,0.162,0.7943696,0.8488720000000001,2030-09-30 15:00:00,4820.055287491445,6544
6544,0.041,0.7377502,0.8190502000000001,2030-09-30 16:00:00,4908.870493826076,6545
6545,0.0,0.6638496,0.769023,2030-09-30 17:00:00,5084.287265982683,6546
6546,0.0,0.5893269999999999,0.7141244,2030-09-30 18:00:00,5090.872464733278,6547
6547,0.0,0.537339,0.6623472,2030-09-30 19:00:00,4885.90490872372,6548
6548,0.0,0.49984519999999993,0.6180148,2030-09-30 20:00:00,4519.573568769504,6549
6549,0.0,0.4643528,0.5835168000000001,2030-09-30 21:00:00,4121.290942998962,6550
6550,0.0,0.4287987999999999,0.5554657999999999,2030-09-30 22:00:00,3881.3150403784575,6551
6551,0.0,0.4035098,0.5301416,2030-09-30 23:00:00,3637.4748684334672,6552
6552,0.0,0.35919360000000006,0.4970722,2030-10-01 00:00:00,3773.439955815333,6553
6553,0.0,0.3167327999999999,0.4584852,2030-10-01 01:00:00,3719.593534787438,6554
6554,0.0,0.28078939999999997,0.4173124,2030-10-01 02:00:00,3717.00183802405,6555
6555,0.0,0.24365199999999998,0.37103119999999995,2030-10-01 03:00:00,3931.4099726070244,6556
6556,0.0,0.21073740000000002,0.32362,2030-10-01 04:00:00,4533.106640634149,6557
6557,0.0,0.1817354,0.2839824,2030-10-01 05:00:00,5587.692303544269,6558
6558,0.042,0.1498072,0.24867160000000005,2030-10-01 06:00:00,6065.225627292519,6559
6559,0.091,0.1173624,0.21703960000000003,2030-10-01 07:00:00,6250.4513975346945,6560
6560,0.132,0.10537939999999998,0.193273,2030-10-01 08:00:00,6254.161722588036,6561
6561,0.166,0.0970772,0.176618,2030-10-01 09:00:00,5991.657866152598,6562
6562,0.241,0.0973082,0.172826,2030-10-01 10:00:00,5726.960951289619,6563
6563,0.293,0.11038,0.18588939999999998,2030-10-01 11:00:00,5635.990361812352,6564
6564,0.281,0.139765,0.21557900000000002,2030-10-01 12:00:00,5523.555488265154,6565
6565,0.235,0.17640660000000002,0.2601542,2030-10-01 13:00:00,5391.638006418555,6566
6566,0.184,0.20944719999999997,0.30401920000000004,2030-10-01 14:00:00,5384.509597269525,6567
6567,0.121,0.2217606,0.335907,2030-10-01 15:00:00,5656.447158550885,6568
6568,0.031,0.22955399999999998,0.3563067999999999,2030-10-01 16:00:00,5682.621014389562,6569
6569,0.0,0.2456888,0.3716782,2030-10-01 17:00:00,5714.006002283808,6570
6570,0.0,0.2608292,0.38627920000000004,2030-10-01 18:00:00,5682.224123360236,6571
6571,0.0,0.2781054,0.4044624,2030-10-01 19:00:00,5471.355399852925,6572
6572,0.0,0.2939868,0.4234826,2030-10-01 20:00:00,5047.682102634764,6573
6573,0.0,0.30929439999999997,0.43796139999999995,2030-10-01 21:00:00,4583.322627633591,6574
6574,0.0,0.3211074,0.44394219999999995,2030-10-01 22:00:00,4331.101475359648,6575
6575,0.0,0.3250036,0.4482996,2030-10-01 23:00:00,4058.525176325582,6576
6576,0.0,0.33344380000000007,0.4573224000000001,2030-10-02 00:00:00,3996.0183790591154,6577
6577,0.0,0.3481114,0.47108740000000004,2030-10-02 01:00:00,3936.984362309051,6578
6578,0.0,0.3561228,0.48411679999999996,2030-10-02 02:00:00,3953.541379244713,6579
6579,0.0,0.35462240000000006,0.4857699999999999,2030-10-02 03:00:00,4166.817007543372,6580
6580,0.0,0.3469148,0.482873,2030-10-02 04:00:00,4763.925021600668,6581
6581,0.001,0.3339058,0.46975360000000005,2030-10-02 05:00:00,5802.117311763592,6582
6582,0.077,0.30298379999999997,0.4423362,2030-10-02 06:00:00,6236.108530107769,6583
6583,0.209,0.2699918,0.4237722,2030-10-02 07:00:00,6325.7385752748705,6584
6584,0.301,0.2811842,0.4110514,2030-10-02 08:00:00,6226.525020195506,6585
6585,0.342,0.2799772,0.4027864,2030-10-02 09:00:00,5941.764972167011,6586
6586,0.322,0.27055640000000003,0.3995134,2030-10-02 10:00:00,5659.9714764983355,6587
6587,0.267,0.2715224,0.40696519999999997,2030-10-02 11:00:00,5569.952100246183,6588
6588,0.192,0.2785788,0.42630819999999997,2030-10-02 12:00:00,5475.345118619344,6589
6589,0.127,0.2875248,0.4494264,2030-10-02 13:00:00,5360.855238461061,6590
6590,0.087,0.2933002,0.45355999999999996,2030-10-02 14:00:00,5397.8826469644255,6591
6591,0.044,0.2862092,0.4342428,2030-10-02 15:00:00,5671.737597187799,6592
6592,0.009,0.2860238,0.4103606,2030-10-02 16:00:00,5718.453590461388,6593
6593,0.0,0.3014118,0.3871102,2030-10-02 17:00:00,5769.973357910566,6594
6594,0.0,0.303997,0.3631332,2030-10-02 18:00:00,5712.671326589703,6595
6595,0.0,0.28911420000000004,0.33530760000000004,2030-10-02 19:00:00,5516.888279197083,6596
6596,0.0,0.2615316,0.3047478,2030-10-02 20:00:00,5106.158943605192,6597
6597,0.0,0.23749719999999996,0.27726439999999997,2030-10-02 21:00:00,4639.606904480922,6598
6598,0.0,0.22957719999999998,0.253977,2030-10-02 22:00:00,4355.467266528779,6599
6599,0.0,0.2330532,0.24376179999999997,2030-10-02 23:00:00,4076.2441802819576,6600
6600,0.0,0.230077,0.2364536,2030-10-03 00:00:00,4034.474360338345,6601
6601,0.0,0.22873459999999998,0.23066879999999998,2030-10-03 01:00:00,3974.057179799142,6602
6602,0.0,0.2257148,0.22259179999999995,2030-10-03 02:00:00,3981.1777013963674,6603
6603,0.0,0.21622639999999999,0.2106462,2030-10-03 03:00:00,4191.135154595157,6604
6604,0.0,0.201675,0.19518759999999996,2030-10-03 04:00:00,4783.327365645237,6605
6605,0.0,0.18734800000000001,0.1813088,2030-10-03 05:00:00,5827.647804500949,6606
6606,0.075,0.1647226,0.1649956,2030-10-03 06:00:00,6290.784312031739,6607
6607,0.23,0.12970639999999997,0.142948,2030-10-03 07:00:00,6443.088174542411,6608
6608,0.376,0.1003004,0.11622819999999998,2030-10-03 08:00:00,6378.252285542056,6609
6609,0.473,0.06810619999999999,0.0891652,2030-10-03 09:00:00,6079.092626671595,6610
6610,0.538,0.0469978,0.0719094,2030-10-03 10:00:00,5802.212601175346,6611
6611,0.54,0.0386616,0.0667484,2030-10-03 11:00:00,5696.1397057802005,6612
6612,0.494,0.0372368,0.0683848,2030-10-03 12:00:00,5597.931800116158,6613
6613,0.411,0.035322,0.06792279999999999,2030-10-03 13:00:00,5431.365185799715,6614
6614,0.299,0.0303946,0.063147,2030-10-03 14:00:00,5436.135649302692,6615
6615,0.159,0.023871399999999997,0.0568442,2030-10-03 15:00:00,5680.1994633120685,6616
6616,0.031,0.018375,0.052950599999999994,2030-10-03 16:00:00,5728.863076719972,6617
6617,0.0,0.013291600000000004,0.0496838,2030-10-03 17:00:00,5830.152522765979,6618
6618,0.0,0.0111554,0.048620199999999995,2030-10-03 18:00:00,5784.502310927002,6619
6619,0.0,0.0157686,0.052667200000000004,2030-10-03 19:00:00,5583.332179213062,6620
6620,0.0,0.0270694,0.0621444,2030-10-03 20:00:00,5139.705823510187,6621
6621,0.0,0.043625000000000004,0.0785898,2030-10-03 21:00:00,4661.621607515575,6622
6622,0.0,0.06133120000000001,0.09711120000000001,2030-10-03 22:00:00,4370.498510713568,6623
6623,0.0,0.0771854,0.11181840000000001,2030-10-03 23:00:00,4100.065116775969,6624
6624,0.0,0.0898196,0.1215468,2030-10-04 00:00:00,4036.824857386116,6625
6625,0.0,0.0998498,0.12376960000000001,2030-10-04 01:00:00,3980.5259291462953,6626
6626,0.0,0.1093558,0.12237040000000002,2030-10-04 02:00:00,3978.552477162183,6627
6627,0.0,0.1176166,0.11814279999999999,2030-10-04 03:00:00,4189.676267427909,6628
6628,0.0,0.1297974,0.1190534,2030-10-04 04:00:00,4785.41187237992,6629
6629,0.0,0.14842439999999998,0.1333674,2030-10-04 05:00:00,5824.538904399721,6630
6630,0.017,0.16962899999999997,0.1591228,2030-10-04 06:00:00,6301.501746845856,6631
6631,0.066,0.1826176,0.18755819999999998,2030-10-04 07:00:00,6467.834823502786,6632
6632,0.133,0.20669500000000002,0.2171152,2030-10-04 08:00:00,6409.500540501444,6633
6633,0.184,0.22838320000000004,0.2363152,2030-10-04 09:00:00,6132.099335384308,6634
6634,0.208,0.2299328,0.24236239999999998,2030-10-04 10:00:00,5859.323938722148,6635
6635,0.229,0.22724419999999998,0.24591480000000004,2030-10-04 11:00:00,5722.819032346685,6636
6636,0.199,0.22364759999999997,0.2571444,2030-10-04 12:00:00,5609.228013159681,6637
6637,0.161,0.22792440000000003,0.2826308,2030-10-04 13:00:00,5475.060102816837,6638
6638,0.103,0.2369234,0.3205152,2030-10-04 14:00:00,5472.0270553034115,6639
6639,0.055,0.2548718,0.3667294,2030-10-04 15:00:00,5736.212537890544,6640
6640,0.008,0.2826246,0.415865,2030-10-04 16:00:00,5812.624503020637,6641
6641,0.0,0.31417300000000004,0.4610684,2030-10-04 17:00:00,5886.757412664461,6642
6642,0.0,0.3311408,0.4880044,2030-10-04 18:00:00,5810.723053191978,6643
6643,0.0,0.3318854,0.4937658,2030-10-04 19:00:00,5605.606225785015,6644
6644,0.0,0.3261366,0.4835134,2030-10-04 20:00:00,5173.7086379598695,6645
6645,0.0,0.32423,0.4679736,2030-10-04 21:00:00,4696.616756416453,6646
6646,0.0,0.3228898,0.4510686,2030-10-04 22:00:00,4406.72703828263,6647
6647,0.0,0.3235214,0.4394484,2030-10-04 23:00:00,4141.056917580248,6648
6648,0.0,0.32391059999999994,0.4324942,2030-10-05 00:00:00,4151.064433374006,6649
6649,0.0,0.32804099999999997,0.4380624,2030-10-05 01:00:00,4100.877476514589,6650
6650,0.0,0.3354902,0.44966059999999997,2030-10-05 02:00:00,4124.14429351337,6651
6651,0.0,0.3421322,0.45382039999999996,2030-10-05 03:00:00,4345.506393012235,6652
6652,0.0,0.34131039999999996,0.450798,2030-10-05 04:00:00,4938.7543381451305,6653
6653,0.0,0.33513080000000006,0.44320899999999996,2030-10-05 05:00:00,5999.816845875016,6654
6654,0.083,0.3167466,0.43126820000000005,2030-10-05 06:00:00,6494.082096837783,6655
6655,0.261,0.292451,0.41144379999999997,2030-10-05 07:00:00,6666.009616894289,6656
6656,0.409,0.28457800000000005,0.3863788,2030-10-05 08:00:00,6583.008140887647,6657
6657,0.503,0.2511326,0.34936259999999997,2030-10-05 09:00:00,6233.347743846102,6658
6658,0.549,0.2045766,0.3033798,2030-10-05 10:00:00,5866.510219420022,6659
6659,0.549,0.16672879999999998,0.2590002,2030-10-05 11:00:00,5631.923442861044,6660
6660,0.499,0.1388182,0.2260684,2030-10-05 12:00:00,5408.809607919359,6661
6661,0.406,0.12188479999999999,0.207198,2030-10-05 13:00:00,5229.995746625539,6662
6662,0.296,0.11243319999999998,0.196402,2030-10-05 14:00:00,5262.284213383698,6663
6663,0.157,0.11253160000000002,0.197395,2030-10-05 15:00:00,5552.815112639175,6664
6664,0.031,0.12867259999999997,0.2138026,2030-10-05 16:00:00,5638.593206323453,6665
6665,0.0,0.1478304,0.2330176,2030-10-05 17:00:00,5869.50619658529,6666
6666,0.0,0.1513858,0.24258319999999997,2030-10-05 18:00:00,5834.955502598762,6667
6667,0.0,0.142437,0.23811400000000002,2030-10-05 19:00:00,5663.860120750533,6668
6668,0.0,0.12430920000000001,0.2248642,2030-10-05 20:00:00,5308.719227514578,6669
6669,0.0,0.10636379999999998,0.21054240000000002,2030-10-05 21:00:00,4914.306064816875,6670
6670,0.0,0.0931472,0.1976078,2030-10-05 22:00:00,4679.496654653057,6671
6671,0.0,0.0857672,0.18773120000000001,2030-10-05 23:00:00,4376.80064225666,6672
6672,0.0,0.0824922,0.18128,2030-10-06 00:00:00,4327.569132325234,6673
6673,0.0,0.0841162,0.1795114,2030-10-06 01:00:00,4254.928361239611,6674
6674,0.0,0.0884296,0.1799442,2030-10-06 02:00:00,4226.23283889167,6675
6675,0.0,0.0916344,0.1829006,2030-10-06 03:00:00,4293.0161870951415,6676
6676,0.0,0.094135,0.18865,2030-10-06 04:00:00,4536.230688670211,6677
6677,0.0,0.09969159999999999,0.19888,2030-10-06 05:00:00,5203.02810896419,6678
6678,0.068,0.1058884,0.21234440000000002,2030-10-06 06:00:00,5551.854169187251,6679
6679,0.199,0.09840979999999999,0.2217212,2030-10-06 07:00:00,5750.398921057857,6680
6680,0.351,0.0942334,0.22812039999999997,2030-10-06 08:00:00,5673.097234361775,6681
6681,0.425,0.09759899999999999,0.23171939999999996,2030-10-06 09:00:00,5349.467944234965,6682
6682,0.471,0.09790619999999998,0.2309154,2030-10-06 10:00:00,5052.386624857417,6683
6683,0.492,0.0971852,0.2228256,2030-10-06 11:00:00,4908.3213431107415,6684
6684,0.437,0.0911208,0.2086926,2030-10-06 12:00:00,4779.061188278858,6685
6685,0.36,0.08810939999999999,0.1973682,2030-10-06 13:00:00,4713.208014621735,6686
6686,0.239,0.0938272,0.19704939999999999,2030-10-06 14:00:00,4850.989288340184,6687
6687,0.116,0.1100378,0.21220939999999996,2030-10-06 15:00:00,5165.804603351917,6688
6688,0.017,0.1381868,0.23489719999999997,2030-10-06 16:00:00,5347.813608123523,6689
6689,0.0,0.1626494,0.248036,2030-10-06 17:00:00,5548.252416329975,6690
6690,0.0,0.1628752,0.24301620000000002,2030-10-06 18:00:00,5536.944767748758,6691
6691,0.0,0.1500458,0.21893599999999996,2030-10-06 19:00:00,5428.392923751364,6692
6692,0.0,0.1269114,0.18159719999999996,2030-10-06 20:00:00,5145.017009718852,6693
6693,0.0,0.10354319999999999,0.1455154,2030-10-06 21:00:00,4810.276752455794,6694
6694,0.0,0.0850384,0.1145918,2030-10-06 22:00:00,4617.825545592774,6695
6695,0.0,0.070309,0.0932398,2030-10-06 23:00:00,4342.316978969911,6696
6696,0.0,0.059955400000000006,0.0827812,2030-10-07 00:00:00,4287.527381415615,6697
6697,0.0,0.0539512,0.08110700000000001,2030-10-07 01:00:00,4235.241006201695,6698
6698,0.0,0.0527448,0.0872646,2030-10-07 02:00:00,4218.032689425125,6699
6699,0.0,0.0506658,0.08824420000000001,2030-10-07 03:00:00,4291.808836806042,6700
6700,0.0,0.042984,0.0748494,2030-10-07 04:00:00,4557.316975186396,6701
6701,0.0,0.028154799999999997,0.064891,2030-10-07 05:00:00,5217.014268847077,6702
6702,0.071,0.019636800000000003,0.0629738,2030-10-07 06:00:00,5577.638872183536,6703
6703,0.234,0.0157552,0.06130739999999999,2030-10-07 07:00:00,5762.8404095128335,6704
6704,0.38,0.013930199999999998,0.06011880000000001,2030-10-07 08:00:00,5657.74248767932,6705
6705,0.457,0.0115126,0.06296739999999999,2030-10-07 09:00:00,5316.22705593211,6706
6706,0.5,0.0106132,0.0698076,2030-10-07 10:00:00,5042.361238923404,6707
6707,0.483,0.011153399999999999,0.0779348,2030-10-07 11:00:00,4899.49657501201,6708
6708,0.405,0.0132456,0.087866,2030-10-07 12:00:00,4793.146463651989,6709
6709,0.284,0.0176196,0.10264279999999999,2030-10-07 13:00:00,4720.912499992949,6710
6710,0.167,0.0227034,0.12100600000000002,2030-10-07 14:00:00,4872.437583139786,6711
6711,0.063,0.029707400000000002,0.1433492,2030-10-07 15:00:00,5256.555407763469,6712
6712,0.004,0.0409288,0.1696738,2030-10-07 16:00:00,5504.60101980542,6713
6713,0.0,0.0612842,0.20042379999999999,2030-10-07 17:00:00,5739.4266544585225,6714
6714,0.0,0.0913152,0.23462140000000004,2030-10-07 18:00:00,5721.827472943534,6715
6715,0.0,0.1205192,0.2723632,2030-10-07 19:00:00,5573.061195559785,6716
6716,0.0,0.1507988,0.30872940000000004,2030-10-07 20:00:00,5177.577965663798,6717
6717,0.0,0.18376199999999998,0.3507742,2030-10-07 21:00:00,4732.128824828141,6718
6718,0.0,0.2204738,0.39694419999999997,2030-10-07 22:00:00,4462.809371342505,6719
6719,0.0,0.2632744,0.43587180000000003,2030-10-07 23:00:00,4195.238320170986,6720
6720,0.0,0.311104,0.4626064,2030-10-08 00:00:00,3877.938101566383,6721
6721,0.0,0.3483844,0.46433300000000005,2030-10-08 01:00:00,3826.783478434242,6722
6722,0.0,0.3719024,0.4575838,2030-10-08 02:00:00,3829.8063129812062,6723
6723,0.0,0.38756599999999997,0.45215760000000005,2030-10-08 03:00:00,4038.920437053736,6724
6724,0.0,0.3943342,0.43177220000000005,2030-10-08 04:00:00,4638.0577318203705,6725
6725,0.0,0.3641594,0.4121252,2030-10-08 05:00:00,5686.201398406663,6726
6726,0.004,0.3537888,0.43563659999999993,2030-10-08 06:00:00,6169.460689851063,6727
6727,0.032,0.34294080000000005,0.4440183999999999,2030-10-08 07:00:00,6436.87579801836,6728
6728,0.113,0.3160446,0.4142806,2030-10-08 08:00:00,6416.413856336917,6729
6729,0.229,0.32360120000000003,0.3824164,2030-10-08 09:00:00,6086.108353429929,6730
6730,0.318,0.35141039999999996,0.3751086,2030-10-08 10:00:00,5712.055970581014,6731
6731,0.403,0.3787076,0.3804452000000001,2030-10-08 11:00:00,5535.870226594403,6732
6732,0.428,0.3933262,0.4043246,2030-10-08 12:00:00,5387.821676851937,6733
6733,0.364,0.3739313999999999,0.420929,2030-10-08 13:00:00,5231.912056827963,6734
6734,0.257,0.32000219999999996,0.40076520000000004,2030-10-08 14:00:00,5228.7182550294765,6735
6735,0.125,0.24880960000000002,0.3613582,2030-10-08 15:00:00,5515.614592900496,6736
6736,0.013,0.2197318,0.3441536,2030-10-08 16:00:00,5613.7936678151345,6737
6737,0.0,0.24288360000000003,0.36153219999999997,2030-10-08 17:00:00,5756.73142797668,6738
6738,0.0,0.26941699999999996,0.37780859999999994,2030-10-08 18:00:00,5649.992112662795,6739
6739,0.0,0.2934422,0.385484,2030-10-08 19:00:00,5421.749718431311,6740
6740,0.0,0.29970939999999996,0.38258859999999995,2030-10-08 20:00:00,4982.800917431754,6741
6741,0.0,0.2912182,0.3724128,2030-10-08 21:00:00,4493.890320666461,6742
6742,0.0,0.28708839999999997,0.3643154,2030-10-08 22:00:00,4189.27733817703,6743
6743,0.0,0.2859584,0.3689832,2030-10-08 23:00:00,3915.125744655942,6744
6744,0.0,0.28774920000000004,0.3840518,2030-10-09 00:00:00,3819.9723410288952,6745
6745,0.0,0.28951580000000005,0.4008546,2030-10-09 01:00:00,3759.6899262570387,6746
6746,0.0,0.3033464,0.4247706,2030-10-09 02:00:00,3775.044068163984,6747
6747,0.0,0.3200452,0.45800779999999996,2030-10-09 03:00:00,3988.059343963111,6748
6748,0.0,0.327889,0.47375039999999996,2030-10-09 04:00:00,4591.398341796824,6749
6749,0.0,0.3284194,0.47296119999999997,2030-10-09 05:00:00,5647.875000829037,6750
6750,0.039,0.32223339999999995,0.461245,2030-10-09 06:00:00,6140.099486811674,6751
6751,0.124,0.298216,0.44628860000000004,2030-10-09 07:00:00,6276.837222902618,6752
6752,0.177,0.2942084,0.4445112,2030-10-09 08:00:00,6196.291826366478,6753
6753,0.216,0.315713,0.45525639999999995,2030-10-09 09:00:00,5916.124828355096,6754
6754,0.202,0.3465048,0.45872779999999996,2030-10-09 10:00:00,5634.179156749382,6755
6755,0.163,0.3352918,0.4420224000000001,2030-10-09 11:00:00,5533.937325752315,6756
6756,0.119,0.30133139999999997,0.40618319999999997,2030-10-09 12:00:00,5437.397054160855,6757
6757,0.076,0.26545840000000004,0.36583519999999997,2030-10-09 13:00:00,5351.551139104595,6758
6758,0.034,0.2440284,0.3395508,2030-10-09 14:00:00,5375.138151157712,6759
6759,0.01,0.2206782,0.3139166,2030-10-09 15:00:00,5660.80244321944,6760
6760,0.0,0.19960420000000004,0.28264680000000003,2030-10-09 16:00:00,5790.004367674483,6761
6761,0.0,0.18342840000000002,0.25803380000000004,2030-10-09 17:00:00,5773.442250423703,6762
6762,0.0,0.170506,0.2435582,2030-10-09 18:00:00,5645.512215002075,6763
6763,0.0,0.1598666,0.23616220000000002,2030-10-09 19:00:00,5420.8379381798495,6764
6764,0.0,0.1559044,0.23386560000000003,2030-10-09 20:00:00,4995.384215159147,6765
6765,0.0,0.1564506,0.23583400000000002,2030-10-09 21:00:00,4520.269195410657,6766
6766,0.0,0.16244680000000003,0.242394,2030-10-09 22:00:00,4219.16660816092,6767
6767,0.0,0.1700658,0.2521582,2030-10-09 23:00:00,3938.213129263252,6768
6768,0.0,0.1763472,0.25788340000000004,2030-10-10 00:00:00,3880.110966634048,6769
6769,0.0,0.18404700000000002,0.2645712,2030-10-10 01:00:00,3828.127936722921,6770
6770,0.0,0.1913188,0.2756692,2030-10-10 02:00:00,3831.54432691717,6771
6771,0.0,0.1979316,0.2863496,2030-10-10 03:00:00,4043.176554828672,6772
6772,0.0,0.2036136,0.29891419999999996,2030-10-10 04:00:00,4630.861141513904,6773
6773,0.0,0.2169012,0.3200008,2030-10-10 05:00:00,5681.835574403417,6774
6774,0.02,0.23382,0.34136780000000005,2030-10-10 06:00:00,6184.490185107852,6775
6775,0.113,0.2357588,0.35744279999999995,2030-10-10 07:00:00,6339.799570505988,6776
6776,0.214,0.23909940000000002,0.3744196000000001,2030-10-10 08:00:00,6230.437213887752,6777
6777,0.289,0.26742140000000003,0.4024056,2030-10-10 09:00:00,5940.042689996476,6778
6778,0.326,0.3225122,0.4409536,2030-10-10 10:00:00,5650.707597698048,6779
6779,0.318,0.37274599999999997,0.4769544,2030-10-10 11:00:00,5529.112356182363,6780
6780,0.271,0.40712380000000004,0.5051776,2030-10-10 12:00:00,5437.9639519274915,6781
6781,0.196,0.411309,0.5217744,2030-10-10 13:00:00,5308.620729101739,6782
6782,0.113,0.3877162,0.5205323999999999,2030-10-10 14:00:00,5359.360546113077,6783
6783,0.057,0.3737764,0.5223954,2030-10-10 15:00:00,5640.802021805142,6784
6784,0.003,0.3890122,0.5385114,2030-10-10 16:00:00,5767.197750680476,6785
6785,0.0,0.4158812,0.5481748,2030-10-10 17:00:00,5815.622815587672,6786
6786,0.0,0.4399648,0.553602,2030-10-10 18:00:00,5679.6553758743685,6787
6787,0.0,0.4372306,0.5545138000000001,2030-10-10 19:00:00,5453.631927956077,6788
6788,0.0,0.44491040000000004,0.5676288,2030-10-10 20:00:00,5030.476613412095,6789
6789,0.0,0.4472126,0.5753262,2030-10-10 21:00:00,4552.882504891172,6790
6790,0.0,0.4428982,0.558462,2030-10-10 22:00:00,4241.257389620643,6791
6791,0.0,0.424227,0.5573148,2030-10-10 23:00:00,3958.1115311661815,6792
6792,0.0,0.4168588,0.5818018,2030-10-11 00:00:00,3807.415753399721,6793
6793,0.0,0.4443338,0.6173206,2030-10-11 01:00:00,3757.426722516556,6794
6794,0.0,0.4993945999999999,0.6446644,2030-10-11 02:00:00,3772.2858413437452,6795
6795,0.0,0.53227,0.6528366000000001,2030-10-11 03:00:00,3996.113575398337,6796
6796,0.0,0.5497044000000001,0.6725936,2030-10-11 04:00:00,4592.052992490404,6797
6797,0.0,0.5578234,0.6936714,2030-10-11 05:00:00,5590.900764578668,6798
6798,0.011,0.5655586,0.7005008,2030-10-11 06:00:00,6041.245207241021,6799
6799,0.094,0.572608,0.7126018000000001,2030-10-11 07:00:00,6259.121415774096,6800
6800,0.202,0.5801888000000001,0.7217654,2030-10-11 08:00:00,6195.748359762289,6801
6801,0.285,0.6216417999999999,0.7369012,2030-10-11 09:00:00,5923.792223491038,6802
6802,0.336,0.6464776000000001,0.7422476,2030-10-11 10:00:00,5664.543352699479,6803
6803,0.313,0.6383552,0.7193730000000002,2030-10-11 11:00:00,5614.116710429732,6804
6804,0.173,0.5921982,0.6908306,2030-10-11 12:00:00,5609.145128634829,6805
6805,0.108,0.5523985999999999,0.6587022,2030-10-11 13:00:00,5562.7921995420475,6806
6806,0.059,0.5319688,0.647404,2030-10-11 14:00:00,5567.373394964263,6807
6807,0.016,0.5254578000000001,0.6396212,2030-10-11 15:00:00,5740.091942801634,6808
6808,0.0,0.5210839999999999,0.636525,2030-10-11 16:00:00,5844.2512718475955,6809
6809,0.0,0.520378,0.6465268,2030-10-11 17:00:00,5728.131848829629,6810
6810,0.0,0.5316094,0.6496008,2030-10-11 18:00:00,5579.726270135984,6811
6811,0.0,0.5297691999999999,0.6482058,2030-10-11 19:00:00,5352.738427650451,6812
6812,0.0,0.5227002,0.6536772,2030-10-11 20:00:00,4923.898731141068,6813
6813,0.0,0.5243138,0.65795,2030-10-11 21:00:00,4457.802366473253,6814
6814,0.0,0.5203746,0.6680223999999999,2030-10-11 22:00:00,4176.086769010159,6815
6815,0.0,0.49540259999999997,0.6741568,2030-10-11 23:00:00,3883.3112981828463,6816
6816,0.0,0.47152079999999996,0.6744788,2030-10-12 00:00:00,3808.404276807406,6817
6817,0.0,0.4703234,0.6748365999999999,2030-10-12 01:00:00,3724.360226475996,6818
6818,0.0,0.4393846,0.6544198,2030-10-12 02:00:00,3721.159169936982,6819
6819,0.0,0.42554879999999995,0.6350992,2030-10-12 03:00:00,3910.633540868102,6820
6820,0.0,0.42365339999999996,0.6306238000000001,2030-10-12 04:00:00,4486.931429905138,6821
6821,0.0,0.4266508,0.6330290000000001,2030-10-12 05:00:00,5507.315508319043,6822
6822,0.01,0.42155360000000003,0.6185368,2030-10-12 06:00:00,6003.75142842464,6823
6823,0.07,0.4091426,0.6009196,2030-10-12 07:00:00,6194.217588598699,6824
6824,0.164,0.4192298,0.5985505999999999,2030-10-12 08:00:00,6165.348686281644,6825
6825,0.274,0.47601059999999995,0.617581,2030-10-12 09:00:00,5883.156024923366,6826
6826,0.352,0.5607293999999999,0.633521,2030-10-12 10:00:00,5603.8240771381,6827
6827,0.339,0.5938098,0.63883,2030-10-12 11:00:00,5402.49994844958,6828
6828,0.287,0.5970287999999999,0.6380855999999999,2030-10-12 12:00:00,5159.009349057451,6829
6829,0.226,0.572665,0.6298336,2030-10-12 13:00:00,5025.689581901997,6830
6830,0.146,0.5300496,0.619334,2030-10-12 14:00:00,5044.787913707874,6831
6831,0.064,0.49954580000000004,0.6095387999999999,2030-10-12 15:00:00,5277.005944428303,6832
6832,0.003,0.4720256,0.5977112,2030-10-12 16:00:00,5419.3293537513155,6833
6833,0.0,0.44789019999999996,0.5854074,2030-10-12 17:00:00,5480.159832754847,6834
6834,0.0,0.4175694,0.5591008000000001,2030-10-12 18:00:00,5300.351448016958,6835
6835,0.0,0.38293340000000003,0.5336658,2030-10-12 19:00:00,5070.4177727474635,6836
6836,0.0,0.3384522,0.49242420000000003,2030-10-12 20:00:00,4693.215942142851,6837
6837,0.0,0.3028592,0.4451734,2030-10-12 21:00:00,4295.88974980414,6838
6838,0.0,0.2683982,0.39624519999999996,2030-10-12 22:00:00,4030.054550104122,6839
6839,0.0,0.23518879999999998,0.3451104,2030-10-12 23:00:00,3725.954565533944,6840
6840,0.0,0.20936400000000002,0.30265780000000003,2030-10-13 00:00:00,3622.4053294350997,6841
6841,0.0,0.1889766,0.266941,2030-10-13 01:00:00,3528.275781063201,6842
6842,0.0,0.16496539999999998,0.23129780000000003,2030-10-13 02:00:00,3481.127428392354,6843
6843,0.0,0.14486300000000002,0.20181900000000003,2030-10-13 03:00:00,3548.982262019069,6844
6844,0.0,0.1296818,0.1783504,2030-10-13 04:00:00,3783.537783933442,6845
6845,0.0,0.11957259999999999,0.1601544,2030-10-13 05:00:00,4402.89931165789,6846
6846,0.008,0.1123102,0.14547559999999998,2030-10-13 06:00:00,4761.505525934281,6847
6847,0.046,0.0988936,0.12860339999999998,2030-10-13 07:00:00,5086.470541988955,6848
6848,0.092,0.0756316,0.10859420000000002,2030-10-13 08:00:00,5138.290302040455,6849
6849,0.135,0.05598179999999999,0.09381599999999998,2030-10-13 09:00:00,4926.26900386543,6850
6850,0.145,0.05851479999999999,0.0964414,2030-10-13 10:00:00,4711.044971972431,6851
6851,0.113,0.07473379999999999,0.117483,2030-10-13 11:00:00,4574.022787450002,6852
6852,0.071,0.098953,0.1505526,2030-10-13 12:00:00,4489.006907998507,6853
6853,0.042,0.1296318,0.17925580000000002,2030-10-13 13:00:00,4514.245342372111,6854
6854,0.02,0.1624036,0.21399819999999997,2030-10-13 14:00:00,4696.251196194081,6855
6855,0.004,0.2314936,0.2864338,2030-10-13 15:00:00,5082.684734350582,6856
6856,0.0,0.3217466,0.3929086,2030-10-13 16:00:00,5231.797027286672,6857
6857,0.0,0.39728280000000005,0.5159036,2030-10-13 17:00:00,5126.5648588476415,6858
6858,0.0,0.48013380000000005,0.6221356,2030-10-13 18:00:00,4991.600499826288,6859
6859,0.0,0.5527768,0.6790050000000001,2030-10-13 19:00:00,4846.731189797022,6860
6860,0.0,0.5733483999999999,0.6855622,2030-10-13 20:00:00,4556.697274492638,6861
6861,0.0,0.5615958000000001,0.6342523999999999,2030-10-13 21:00:00,4272.433045875843,6862
6862,0.0,0.5807194,0.604193,2030-10-13 22:00:00,4102.356961605711,6863
6863,0.0,0.6306725999999999,0.6088092000000002,2030-10-13 23:00:00,3873.356474625347,6864
6864,0.0,0.6710202,0.6205481999999999,2030-10-14 00:00:00,3825.772080983759,6865
6865,0.0,0.6983188,0.6449733999999999,2030-10-14 01:00:00,3770.066906041233,6866
6866,0.0,0.7021383999999999,0.709474,2030-10-14 02:00:00,3721.7360174755704,6867
6867,0.0,0.6790454,0.7228370000000001,2030-10-14 03:00:00,3769.3883603672575,6868
6868,0.0,0.6460059999999999,0.7045378000000001,2030-10-14 04:00:00,3969.270067769952,6869
6869,0.0,0.6166824,0.6625336,2030-10-14 05:00:00,4510.48158054202,6870
6870,0.007,0.5919217999999999,0.6076300000000001,2030-10-14 06:00:00,4772.089852350996,6871
6871,0.049,0.5437512,0.5478401999999999,2030-10-14 07:00:00,4996.4219547262655,6872
6872,0.126,0.4848838000000001,0.47909120000000005,2030-10-14 08:00:00,4967.743824954169,6873
6873,0.193,0.4072958,0.4073524,2030-10-14 09:00:00,4778.886975548825,6874
6874,0.198,0.299028,0.3316546,2030-10-14 10:00:00,4564.799277707711,6875
6875,0.182,0.199716,0.2587726,2030-10-14 11:00:00,4469.774831199281,6876
6876,0.176,0.1235896,0.1900428,2030-10-14 12:00:00,4360.310688865533,6877
6877,0.133,0.0750924,0.14539240000000003,2030-10-14 13:00:00,4313.966227571524,6878
6878,0.056,0.0561616,0.1221608,2030-10-14 14:00:00,4430.575571312855,6879
6879,0.021,0.049135399999999996,0.1160188,2030-10-14 15:00:00,4794.653829950712,6880
6880,0.0,0.04966260000000001,0.10855199999999998,2030-10-14 16:00:00,5130.910357702288,6881
6881,0.0,0.0737638,0.1178744,2030-10-14 17:00:00,5208.151478494114,6882
6882,0.0,0.11145020000000001,0.1447822,2030-10-14 18:00:00,5123.074162848012,6883
6883,0.0,0.14499340000000002,0.1896064,2030-10-14 19:00:00,4956.514991494893,6884
6884,0.0,0.18058559999999999,0.24335080000000003,2030-10-14 20:00:00,4589.512521072549,6885
6885,0.0,0.2136976,0.2927262,2030-10-14 21:00:00,4193.756010033994,6886
6886,0.0,0.253598,0.352658,2030-10-14 22:00:00,3960.283507877405,6887
6887,0.0,0.3127068,0.42242240000000003,2030-10-14 23:00:00,3726.830455131226,6888
6888,0.0,0.3638456,0.4749814,2030-10-15 00:00:00,3622.89918258342,6889
6889,0.0,0.3715962,0.5059582,2030-10-15 01:00:00,3580.994428546549,6890
6890,0.0,0.366495,0.5472348,2030-10-15 02:00:00,3596.909578852018,6891
6891,0.0,0.3985036,0.5928012,2030-10-15 03:00:00,3788.7499534542167,6892
6892,0.0,0.4251768,0.6096174,2030-10-15 04:00:00,4329.830491315241,6893
6893,0.0,0.4162572,0.6063134,2030-10-15 05:00:00,5296.510221854589,6894
6894,0.012,0.39823820000000004,0.5912550000000001,2030-10-15 06:00:00,5768.6117307924615,6895
6895,0.097,0.381305,0.5625458,2030-10-15 07:00:00,5985.107765667597,6896
6896,0.218,0.35627580000000003,0.5171914,2030-10-15 08:00:00,5937.657730655783,6897
6897,0.333,0.3294376,0.45586839999999995,2030-10-15 09:00:00,5664.1866031000045,6898
6898,0.387,0.2644958,0.388918,2030-10-15 10:00:00,5386.816057170864,6899
6899,0.377,0.200414,0.32850060000000003,2030-10-15 11:00:00,5261.892475846897,6900
6900,0.333,0.1489506,0.27165380000000006,2030-10-15 12:00:00,5136.640160008705,6901
6901,0.258,0.11054420000000001,0.2239426,2030-10-15 13:00:00,5031.28768054492,6902
6902,0.159,0.0815386,0.1922872,2030-10-15 14:00:00,5023.707362630299,6903
6903,0.057,0.07477379999999999,0.18617699999999998,2030-10-15 15:00:00,5288.848685286546,6904
6904,0.001,0.0862722,0.19170919999999997,2030-10-15 16:00:00,5486.618849299476,6905
6905,0.0,0.0927026,0.1880184,2030-10-15 17:00:00,5515.271896713096,6906
6906,0.0,0.08760939999999999,0.17384780000000002,2030-10-15 18:00:00,5362.955327820586,6907
6907,0.0,0.0824322,0.1660152,2030-10-15 19:00:00,5151.44964927419,6908
6908,0.0,0.0785474,0.15439719999999998,2030-10-15 20:00:00,4756.755325305761,6909
6909,0.0,0.06480820000000001,0.1248494,2030-10-15 21:00:00,4319.38255940394,6910
6910,0.0,0.0548956,0.1073054,2030-10-15 22:00:00,4038.9565298484904,6911
6911,0.0,0.0518976,0.0955124,2030-10-15 23:00:00,3757.535443968858,6912
6912,0.0,0.05105360000000001,0.0863298,2030-10-16 00:00:00,3691.340525357443,6913
6913,0.0,0.051545799999999996,0.082595,2030-10-16 01:00:00,3615.041687347977,6914
6914,0.0,0.0513852,0.0802586,2030-10-16 02:00:00,3601.981813427836,6915
6915,0.0,0.042043199999999996,0.0726314,2030-10-16 03:00:00,3765.439015419438,6916
6916,0.0,0.032211000000000004,0.0640626,2030-10-16 04:00:00,4273.41254894663,6917
6917,0.0,0.028079399999999997,0.05511060000000001,2030-10-16 05:00:00,5229.523294307311,6918
6918,0.001,0.025548000000000005,0.04533620000000001,2030-10-16 06:00:00,5731.703253031148,6919
6919,0.015,0.0197904,0.0343598,2030-10-16 07:00:00,6035.352549704137,6920
6920,0.045,0.014981399999999997,0.028392000000000008,2030-10-16 08:00:00,6140.774885825225,6921
6921,0.074,0.0185746,0.034165600000000004,2030-10-16 09:00:00,5938.324959247396,6922
6922,0.096,0.028032599999999998,0.0494158,2030-10-16 10:00:00,5679.90618751706,6923
6923,0.097,0.042539799999999996,0.0723066,2030-10-16 11:00:00,5594.975739654993,6924
6924,0.082,0.0606056,0.09809720000000001,2030-10-16 12:00:00,5495.999534382387,6925
6925,0.059,0.07347440000000001,0.11657279999999999,2030-10-16 13:00:00,5339.102292113568,6926
6926,0.038,0.07934419999999999,0.12712620000000002,2030-10-16 14:00:00,5293.642579932392,6927
6927,0.016,0.08252960000000001,0.1322042,2030-10-16 15:00:00,5509.428304351659,6928
6928,0.0,0.08766260000000001,0.1427948,2030-10-16 16:00:00,5645.024352535285,6929
6929,0.0,0.0938782,0.16699480000000003,2030-10-16 17:00:00,5584.890278094923,6930
6930,0.0,0.1030302,0.1982906,2030-10-16 18:00:00,5442.524861028061,6931
6931,0.0,0.11716919999999997,0.23273039999999998,2030-10-16 19:00:00,5238.024218717997,6932
6932,0.0,0.1355458,0.2669598,2030-10-16 20:00:00,4844.586609949797,6933
6933,0.0,0.152937,0.3041582,2030-10-16 21:00:00,4414.941180034824,6934
6934,0.0,0.1601824,0.327437,2030-10-16 22:00:00,4114.285614215789,6935
6935,0.0,0.1636674,0.3396076,2030-10-16 23:00:00,3825.1453273963234,6936
6936,0.0,0.1655622,0.3402526,2030-10-17 00:00:00,3750.613324174885,6937
6937,0.0,0.1664532,0.32883080000000003,2030-10-17 01:00:00,3679.91952978848,6938
6938,0.0,0.1694014,0.29857659999999997,2030-10-17 02:00:00,3665.8058524563066,6939
6939,0.0,0.17909999999999998,0.27932159999999995,2030-10-17 03:00:00,3829.26525107495,6940
6940,0.0,0.190426,0.27381960000000005,2030-10-17 04:00:00,4322.125311101433,6941
6941,0.0,0.19709340000000003,0.271101,2030-10-17 05:00:00,5264.152868211573,6942
6942,0.002,0.2032718,0.2661014,2030-10-17 06:00:00,5748.230810748558,6943
6943,0.04,0.1949036,0.2486422,2030-10-17 07:00:00,6061.14008116889,6944
6944,0.104,0.181474,0.24450560000000002,2030-10-17 08:00:00,6159.740593098236,6945
6945,0.172,0.19277480000000002,0.2612834,2030-10-17 09:00:00,5931.31929407156,6946
6946,0.263,0.205795,0.2825204,2030-10-17 10:00:00,5645.708524607194,6947
6947,0.325,0.2147596,0.2977854,2030-10-17 11:00:00,5478.647796481952,6948
6948,0.308,0.21510700000000002,0.2950972,2030-10-17 12:00:00,5362.060784244746,6949
6949,0.254,0.20828320000000003,0.27664239999999996,2030-10-17 13:00:00,5211.6105119958465,6950
6950,0.173,0.1949996,0.2602174,2030-10-17 14:00:00,5195.999326921967,6951
6951,0.075,0.1815368,0.2481828,2030-10-17 15:00:00,5459.797195192112,6952
6952,0.001,0.1775642,0.23544040000000002,2030-10-17 16:00:00,5625.577077748403,6953
6953,0.0,0.1699208,0.21190579999999998,2030-10-17 17:00:00,5612.32430740229,6954
6954,0.0,0.15286539999999998,0.186728,2030-10-17 18:00:00,5478.466694189277,6955
6955,0.0,0.12904500000000002,0.160046,2030-10-17 19:00:00,5284.926584438128,6956
6956,0.0,0.1075388,0.1396786,2030-10-17 20:00:00,4892.166656773384,6957
6957,0.0,0.0975604,0.1321418,2030-10-17 21:00:00,4454.117245807211,6958
6958,0.0,0.09603400000000001,0.1341408,2030-10-17 22:00:00,4154.872656466915,6959
6959,0.0,0.0986814,0.1415674,2030-10-17 23:00:00,3873.12156890558,6960
6960,0.0,0.1069068,0.1526862,2030-10-18 00:00:00,3790.810502182978,6961
6961,0.0,0.1164686,0.1684068,2030-10-18 01:00:00,3719.571317589378,6962
6962,0.0,0.1311264,0.19043359999999998,2030-10-18 02:00:00,3677.8860441668676,6963
6963,0.0,0.14886280000000002,0.2182836,2030-10-18 03:00:00,3828.659788251448,6964
6964,0.0,0.16887439999999998,0.2509168,2030-10-18 04:00:00,4315.053924012895,6965
6965,0.0,0.18880519999999998,0.2814788,2030-10-18 05:00:00,5264.254000987186,6966
6966,0.003,0.2022154,0.30084679999999997,2030-10-18 06:00:00,5765.62505514387,6967
6967,0.035,0.19596200000000003,0.30633119999999997,2030-10-18 07:00:00,6042.394736132264,6968
6968,0.08,0.1781898,0.30505679999999996,2030-10-18 08:00:00,6029.846134887164,6969
6969,0.132,0.16298,0.302622,2030-10-18 09:00:00,5781.099695428395,6970
6970,0.183,0.1767794,0.3159294,2030-10-18 10:00:00,5546.081330988992,6971
6971,0.189,0.19517840000000003,0.3404984,2030-10-18 11:00:00,5404.332112653864,6972
6972,0.165,0.2227192,0.37427,2030-10-18 12:00:00,5319.386372975847,6973
6973,0.122,0.24742120000000006,0.3839692,2030-10-18 13:00:00,5195.847262476036,6974
6974,0.053,0.2818196,0.4026676,2030-10-18 14:00:00,5191.918836262754,6975
6975,0.014,0.35349339999999996,0.447259,2030-10-18 15:00:00,5460.122298740236,6976
6976,0.0,0.45458160000000003,0.5147674,2030-10-18 16:00:00,5719.342279538872,6977
6977,0.0,0.5287178,0.5681966,2030-10-18 17:00:00,5702.28208152959,6978
6978,0.0,0.5665163999999999,0.5910958000000001,2030-10-18 18:00:00,5578.664476877826,6979
6979,0.0,0.5765664,0.6022592,2030-10-18 19:00:00,5401.980320237878,6980
6980,0.0,0.5888776,0.6180902,2030-10-18 20:00:00,5043.025694997518,6981
6981,0.0,0.6029306,0.6534192000000001,2030-10-18 21:00:00,4626.41383932745,6982
6982,0.0,0.6099013999999999,0.7003739999999999,2030-10-18 22:00:00,4356.952917386912,6983
6983,0.0,0.5841746,0.7126558,2030-10-18 23:00:00,4027.0598999898903,6984
6984,0.0,0.5537251999999999,0.7014444,2030-10-19 00:00:00,3931.872535162006,6985
6985,0.0,0.5111437999999999,0.6743416,2030-10-19 01:00:00,3856.708142113446,6986
6986,0.0,0.48500719999999997,0.651096,2030-10-19 02:00:00,3835.478495236106,6987
6987,0.0,0.44660299999999997,0.610994,2030-10-19 03:00:00,3988.6419402382007,6988
6988,0.0,0.4165024,0.567957,2030-10-19 04:00:00,4455.905353018952,6989
6989,0.0,0.4095238,0.5395049999999999,2030-10-19 05:00:00,5375.852021052284,6990
6990,0.004,0.3923072,0.5081477999999999,2030-10-19 06:00:00,5878.697164636491,6991
6991,0.038,0.3563002,0.4631526000000001,2030-10-19 07:00:00,6119.823841469133,6992
6992,0.082,0.32043940000000004,0.4202316,2030-10-19 08:00:00,6049.819897985575,6993
6993,0.15,0.30949299999999996,0.3899834,2030-10-19 09:00:00,5768.983726537389,6994
6994,0.243,0.3265214,0.37937040000000005,2030-10-19 10:00:00,5466.594053246365,6995
6995,0.28,0.327858,0.3691246,2030-10-19 11:00:00,5251.102955394398,6996
6996,0.197,0.293416,0.34187579999999995,2030-10-19 12:00:00,5032.580170571511,6997
6997,0.105,0.2399778,0.3117348,2030-10-19 13:00:00,4882.079971945377,6998
6998,0.052,0.2022732,0.2858072,2030-10-19 14:00:00,4936.4506194139685,6999
6999,0.011,0.21025900000000003,0.28997020000000007,2030-10-19 15:00:00,5277.8253483009885,7000
7000,0.0,0.24343900000000002,0.3050784,2030-10-19 16:00:00,5537.09071562013,7001
7001,0.0,0.2471448,0.3051536,2030-10-19 17:00:00,5408.571974227675,7002
7002,0.0,0.24667660000000002,0.3018512,2030-10-19 18:00:00,5219.789131616163,7003
7003,0.0,0.2339588,0.2962184,2030-10-19 19:00:00,5010.11526397264,7004
7004,0.0,0.2201864,0.2825668,2030-10-19 20:00:00,4664.091927709266,7005
7005,0.0,0.20727200000000004,0.262876,2030-10-19 21:00:00,4297.43182892888,7006
7006,0.0,0.1919352,0.23941619999999997,2030-10-19 22:00:00,4029.939412662472,7007
7007,0.0,0.1817644,0.21892199999999998,2030-10-19 23:00:00,3723.667108902764,7008
7008,0.0,0.1812288,0.20877540000000003,2030-10-20 00:00:00,3680.960216359502,7009
7009,0.0,0.18351240000000002,0.20383940000000003,2030-10-20 01:00:00,3583.904667991153,7010
7010,0.0,0.176609,0.1970888,2030-10-20 02:00:00,3531.029088712882,7011
7011,0.0,0.1705428,0.188615,2030-10-20 03:00:00,3584.802287187329,7012
7012,0.0,0.16476600000000002,0.18187820000000002,2030-10-20 04:00:00,3796.056673944981,7013
7013,0.0,0.1602692,0.1733526,2030-10-20 05:00:00,4434.228719801099,7014
7014,0.004,0.1520196,0.16197599999999998,2030-10-20 06:00:00,4841.554486144866,7015
7015,0.047,0.1325464,0.1461784,2030-10-20 07:00:00,5168.117863390549,7016
7016,0.126,0.1084532,0.1273364,2030-10-20 08:00:00,5158.862405267605,7017
7017,0.184,0.0929468,0.10887759999999999,2030-10-20 09:00:00,4930.293510249496,7018
7018,0.221,0.0864916,0.0901798,2030-10-20 10:00:00,4727.629575965839,7019
7019,0.229,0.0764362,0.07415200000000001,2030-10-20 11:00:00,4587.843438943287,7020
7020,0.218,0.06403160000000001,0.0605116,2030-10-20 12:00:00,4477.29454173697,7021
7021,0.142,0.0472374,0.04546,2030-10-20 13:00:00,4427.33216850448,7022
7022,0.063,0.028905000000000004,0.0319982,2030-10-20 14:00:00,4518.122542443277,7023
7023,0.014,0.0197844,0.0260832,2030-10-20 15:00:00,4856.720509523253,7024
7024,0.0,0.0124698,0.026025399999999997,2030-10-20 16:00:00,5178.845637520655,7025
7025,0.0,0.006914399999999999,0.028993599999999998,2030-10-20 17:00:00,5194.841192847876,7026
7026,0.0,0.0042574,0.0326214,2030-10-20 18:00:00,5090.062432264908,7027
7027,0.0,0.006371,0.0358726,2030-10-20 19:00:00,4947.231578490239,7028
7028,0.0,0.014980200000000003,0.0449264,2030-10-20 20:00:00,4628.690431528383,7029
7029,0.0,0.0267208,0.061378199999999994,2030-10-20 21:00:00,4294.0367580085585,7030
7030,0.0,0.0362004,0.0778194,2030-10-20 22:00:00,4068.495299774587,7031
7031,0.0,0.0504626,0.0970218,2030-10-20 23:00:00,3795.4242783811387,7032
7032,0.0,0.0726494,0.1262062,2030-10-21 00:00:00,3740.529937703263,7033
7033,0.0,0.10144500000000001,0.15556779999999998,2030-10-21 01:00:00,3634.2186877755157,7034
7034,0.0,0.1096206,0.1600722,2030-10-21 02:00:00,3566.641105018963,7035
7035,0.0,0.11863680000000001,0.1656906,2030-10-21 03:00:00,3608.740282215931,7036
7036,0.0,0.12636019999999998,0.17008920000000002,2030-10-21 04:00:00,3789.796993078775,7037
7037,0.0,0.1298078,0.171839,2030-10-21 05:00:00,4408.068124563083,7038
7038,0.003,0.1328692,0.17993320000000002,2030-10-21 06:00:00,4790.367309941581,7039
7039,0.044,0.12104279999999998,0.1793052,2030-10-21 07:00:00,5161.344658820558,7040
7040,0.098,0.106473,0.16819679999999998,2030-10-21 08:00:00,5215.273853432729,7041
7041,0.152,0.1083108,0.1617712,2030-10-21 09:00:00,5001.130338182351,7042
7042,0.183,0.11216980000000001,0.15640559999999998,2030-10-21 10:00:00,4835.9076173818685,7043
7043,0.164,0.1115942,0.15234019999999998,2030-10-21 11:00:00,4745.228793256283,7044
7044,0.134,0.104594,0.14804519999999996,2030-10-21 12:00:00,4650.635673306568,7045
7045,0.093,0.0927926,0.13376799999999997,2030-10-21 13:00:00,4653.164601917526,7046
7046,0.056,0.08473259999999998,0.12070820000000002,2030-10-21 14:00:00,4809.198401853222,7047
7047,0.016,0.0805794,0.113542,2030-10-21 15:00:00,5174.442691282935,7048
7048,0.0,0.08107539999999999,0.1036378,2030-10-21 16:00:00,5443.961036655244,7049
7049,0.0,0.070672,0.0931782,2030-10-21 17:00:00,5376.513990934982,7050
7050,0.0,0.06337899999999999,0.09073079999999999,2030-10-21 18:00:00,5265.981642213588,7051
7051,0.0,0.07128720000000001,0.09802340000000001,2030-10-21 19:00:00,5094.239352421908,7052
7052,0.0,0.08077160000000001,0.1045282,2030-10-21 20:00:00,4731.977112613953,7053
7053,0.0,0.0924756,0.1130452,2030-10-21 21:00:00,4334.010981110125,7054
7054,0.0,0.0955562,0.12192879999999999,2030-10-21 22:00:00,4069.1071455116953,7055
7055,0.0,0.09447999999999998,0.1264248,2030-10-21 23:00:00,3809.596413954807,7056
7056,0.0,0.0949588,0.1326454,2030-10-22 00:00:00,3675.266888008092,7057
7057,0.0,0.09750980000000001,0.1412188,2030-10-22 01:00:00,3606.171216384081,7058
7058,0.0,0.1032272,0.1545136,2030-10-22 02:00:00,3601.7654273201624,7059
7059,0.0,0.103204,0.1631294,2030-10-22 03:00:00,3788.478606636771,7060
7060,0.0,0.11173739999999999,0.1791112,2030-10-22 04:00:00,4344.198700875491,7061
7061,0.0,0.1405378,0.21414,2030-10-22 05:00:00,5407.131839718406,7062
7062,0.002,0.1633226,0.253015,2030-10-22 06:00:00,5987.719063732322,7063
7063,0.051,0.1716924,0.2830494,2030-10-22 07:00:00,6255.7310303954455,7064
7064,0.143,0.1766298,0.30642420000000004,2030-10-22 08:00:00,6209.861799250234,7065
7065,0.242,0.21698940000000003,0.35374819999999996,2030-10-22 09:00:00,5976.742529310421,7066
7066,0.304,0.2760758,0.40948039999999997,2030-10-22 10:00:00,5704.980447964192,7067
7067,0.319,0.3438092,0.4538246,2030-10-22 11:00:00,5579.797638333036,7068
7068,0.3,0.3912338,0.4778458,2030-10-22 12:00:00,5469.0719525491,7069
7069,0.228,0.3972606,0.4809118,2030-10-22 13:00:00,5346.95061415708,7070
7070,0.119,0.3735538,0.4703866,2030-10-22 14:00:00,5328.139261728001,7071
7071,0.028,0.3640152,0.47434899999999997,2030-10-22 15:00:00,5631.327996492409,7072
7072,0.0,0.3522906,0.4757452,2030-10-22 16:00:00,5907.063404827494,7073
7073,0.0,0.3363258,0.47252099999999997,2030-10-22 17:00:00,5830.364807524257,7074
7074,0.0,0.3264478,0.46693719999999994,2030-10-22 18:00:00,5670.329137957198,7075
7075,0.0,0.3192442,0.4589709999999999,2030-10-22 19:00:00,5442.60568250894,7076
7076,0.0,0.32542119999999997,0.4559635999999999,2030-10-22 20:00:00,5014.450355587606,7077
7077,0.0,0.3292714,0.4565892,2030-10-22 21:00:00,4540.7680735310605,7078
7078,0.0,0.3288746,0.4514892,2030-10-22 22:00:00,4217.033566147531,7079
7079,0.0,0.3217292,0.4393044,2030-10-22 23:00:00,3925.404262845761,7080
7080,0.0,0.3058498,0.4178512,2030-10-23 00:00:00,3840.607313092504,7081
7081,0.0,0.2928956,0.3947362,2030-10-23 01:00:00,3753.05112529094,7082
7082,0.0,0.2844882,0.3882542,2030-10-23 02:00:00,3740.416224132607,7083
7083,0.0,0.2596312,0.3615904,2030-10-23 03:00:00,3905.0923797118603,7084
7084,0.0,0.2245032,0.321258,2030-10-23 04:00:00,4441.060114731687,7085
7085,0.0,0.1989886,0.289178,2030-10-23 05:00:00,5506.622126681068,7086
7086,0.001,0.18605,0.2722486,2030-10-23 06:00:00,6069.685225773303,7087
7087,0.029,0.17929620000000002,0.26881520000000003,2030-10-23 07:00:00,6298.881581902206,7088
7088,0.073,0.171088,0.2701922,2030-10-23 08:00:00,6202.795909785138,7089
7089,0.124,0.161765,0.26931720000000003,2030-10-23 09:00:00,5949.227993611847,7090
7090,0.198,0.1652722,0.2612984,2030-10-23 10:00:00,5694.653390716341,7091
7091,0.209,0.1549972,0.24489460000000002,2030-10-23 11:00:00,5576.887545288435,7092
7092,0.205,0.1292178,0.21520479999999997,2030-10-23 12:00:00,5466.112361298866,7093
7093,0.175,0.10309520000000001,0.1836192,2030-10-23 13:00:00,5332.26430888349,7094
7094,0.113,0.0906456,0.169262,2030-10-23 14:00:00,5306.989917946945,7095
7095,0.043,0.0977298,0.1700904,2030-10-23 15:00:00,5562.997513986815,7096
7096,0.0,0.1181176,0.1832088,2030-10-23 16:00:00,5870.304081845818,7097
7097,0.0,0.1333322,0.2003914,2030-10-23 17:00:00,5817.319897489786,7098
7098,0.0,0.14348619999999998,0.21258079999999996,2030-10-23 18:00:00,5686.674246663907,7099
7099,0.0,0.15290140000000002,0.21870879999999998,2030-10-23 19:00:00,5468.39228575803,7100
7100,0.0,0.16260179999999996,0.22462939999999998,2030-10-23 20:00:00,5043.019533054686,7101
7101,0.0,0.167522,0.23010480000000003,2030-10-23 21:00:00,4578.244966604569,7102
7102,0.0,0.1697622,0.2377808,2030-10-23 22:00:00,4248.513667794836,7103
7103,0.0,0.16985679999999997,0.2467256,2030-10-23 23:00:00,3938.6985982347787,7104
7104,0.0,0.1783854,0.2602612,2030-10-24 00:00:00,3786.8089861758112,7105
7105,0.0,0.2025902,0.273943,2030-10-24 01:00:00,3700.656143877617,7106
7106,0.0,0.22211340000000002,0.2806194,2030-10-24 02:00:00,3681.012866514097,7107
7107,0.0,0.2313714,0.2875782,2030-10-24 03:00:00,3849.226301568722,7108
7108,0.0,0.2325046,0.28354739999999995,2030-10-24 04:00:00,4380.928418960517,7109
7109,0.0,0.2265072,0.2847784,2030-10-24 05:00:00,5442.025955138844,7110
7110,0.001,0.2318956,0.2963918,2030-10-24 06:00:00,6002.8246246760755,7111
7111,0.027,0.23428639999999995,0.3000052,2030-10-24 07:00:00,6256.450221489962,7112
7112,0.075,0.22576239999999997,0.29483519999999996,2030-10-24 08:00:00,6193.451790316392,7113
7113,0.114,0.24003860000000002,0.30086559999999996,2030-10-24 09:00:00,5953.692339929731,7114
7114,0.148,0.2539598,0.31778239999999996,2030-10-24 10:00:00,5755.159686057845,7115
7115,0.189,0.2421608,0.3179066,2030-10-24 11:00:00,5618.486626109132,7116
7116,0.17,0.24265520000000002,0.3170436,2030-10-24 12:00:00,5551.541731273372,7117
7117,0.123,0.2422348,0.32061419999999996,2030-10-24 13:00:00,5404.9476735392855,7118
7118,0.049,0.21889000000000003,0.30274239999999997,2030-10-24 14:00:00,5455.481598538164,7119
7119,0.01,0.2097028,0.2973078,2030-10-24 15:00:00,5718.3862774255795,7120
7120,0.0,0.2171252,0.3257416,2030-10-24 16:00:00,5887.644626537272,7121
7121,0.0,0.23025640000000003,0.3574334,2030-10-24 17:00:00,5749.420290081129,7122
7122,0.0,0.25975660000000006,0.401552,2030-10-24 18:00:00,5608.05253941614,7123
7123,0.0,0.2897462,0.428312,2030-10-24 19:00:00,5388.189333416929,7124
7124,0.0,0.3016972,0.4409815999999999,2030-10-24 20:00:00,4958.332616767999,7125
7125,0.0,0.3262542,0.45882639999999997,2030-10-24 21:00:00,4514.796449859785,7126
7126,0.0,0.37549679999999996,0.49284420000000007,2030-10-24 22:00:00,4224.633506721128,7127
7127,0.0,0.4398018,0.5167146,2030-10-24 23:00:00,3989.400328624925,7128
7128,0.0,0.46187120000000004,0.5373322,2030-10-25 00:00:00,3959.476566897793,7129
7129,0.0,0.48192240000000003,0.5691138,2030-10-25 01:00:00,3917.3943746836903,7130
7130,0.0,0.5065244,0.5854862,2030-10-25 02:00:00,3893.2735845034017,7131
7131,0.0,0.5298594,0.5875026,2030-10-25 03:00:00,4017.766093629244,7132
7132,0.0,0.5238172000000001,0.5890124,2030-10-25 04:00:00,4495.05959789404,7133
7133,0.0,0.5008456,0.5773484,2030-10-25 05:00:00,5491.387635143924,7134
7134,0.0,0.4742768,0.5478902000000001,2030-10-25 06:00:00,6047.303986780917,7135
7135,0.044,0.4453524000000001,0.5262087999999999,2030-10-25 07:00:00,6314.014185303,7136
7136,0.158,0.4277362,0.5319063999999999,2030-10-25 08:00:00,6260.0898756376355,7137
7137,0.261,0.46642279999999997,0.57226,2030-10-25 09:00:00,6003.087027951104,7138
7138,0.243,0.5319111999999999,0.6119168,2030-10-25 10:00:00,5770.227770156658,7139
7139,0.217,0.5597673999999999,0.6231108,2030-10-25 11:00:00,5654.484921855379,7140
7140,0.18,0.5477602,0.5961648,2030-10-25 12:00:00,5569.2239510464005,7141
7141,0.117,0.4839352,0.5422988,2030-10-25 13:00:00,5403.951420618079,7142
7142,0.057,0.40248740000000005,0.490207,2030-10-25 14:00:00,5366.6337261679955,7143
7143,0.014,0.31867280000000003,0.4317702,2030-10-25 15:00:00,5579.640638553192,7144
7144,0.0,0.2578188,0.37987800000000005,2030-10-25 16:00:00,5889.881034399581,7145
7145,0.0,0.23833479999999999,0.35788539999999996,2030-10-25 17:00:00,5810.542137157082,7146
7146,0.0,0.24353419999999998,0.36181,2030-10-25 18:00:00,5672.871284266169,7147
7147,0.0,0.26408360000000003,0.3783538,2030-10-25 19:00:00,5451.340537295703,7148
7148,0.0,0.3303806,0.4172032,2030-10-25 20:00:00,5028.440255023184,7149
7149,0.0,0.4293387999999999,0.47380199999999995,2030-10-25 21:00:00,4601.176297236858,7150
7150,0.0,0.5508550000000001,0.5288124,2030-10-25 22:00:00,4458.398048685667,7151
7151,0.0,0.6657408,0.588111,2030-10-25 23:00:00,4235.505657582438,7152
7152,0.0,0.7476366000000001,0.6380138000000001,2030-10-26 00:00:00,4103.709355291951,7153
7153,0.0,0.7943971999999999,0.6810008,2030-10-26 01:00:00,4014.94767109894,7154
7154,0.0,0.8204298,0.6996686000000001,2030-10-26 02:00:00,3992.82638220867,7155
7155,0.0,0.8238502000000001,0.7281212000000001,2030-10-26 03:00:00,4138.204376034602,7156
7156,0.0,0.793942,0.7225656,2030-10-26 04:00:00,4622.527520561737,7157
7157,0.0,0.7373951999999999,0.6855072000000001,2030-10-26 05:00:00,5569.741633488719,7158
7158,0.0,0.6541556,0.6209846,2030-10-26 06:00:00,6022.261661844862,7159
7159,0.013,0.5601771999999999,0.5530615999999999,2030-10-26 07:00:00,6233.034141690268,7160
7160,0.037,0.5017478000000001,0.5055691999999999,2030-10-26 08:00:00,6251.651933109677,7161
7161,0.048,0.45335960000000003,0.46911879999999995,2030-10-26 09:00:00,6024.868494326132,7162
7162,0.051,0.41326260000000004,0.4303427999999999,2030-10-26 10:00:00,5768.830800759376,7163
7163,0.056,0.376198,0.3952238,2030-10-26 11:00:00,5555.975826504517,7164
7164,0.05,0.34698519999999994,0.36838200000000004,2030-10-26 12:00:00,5397.151155337623,7165
7165,0.035,0.3273362,0.34750519999999996,2030-10-26 13:00:00,5252.605802423389,7166
7166,0.016,0.3246585999999999,0.3384544,2030-10-26 14:00:00,5282.973155954865,7167
7167,0.003,0.32875859999999996,0.3274534,2030-10-26 15:00:00,5534.616288288809,7168
7168,0.0,0.3436072,0.325509,2030-10-26 16:00:00,5700.078221639807,7169
7169,0.0,0.35100319999999996,0.3283234,2030-10-26 17:00:00,5518.833283622238,7170
7170,0.0,0.34763700000000003,0.3316108,2030-10-26 18:00:00,5340.10087416937,7171
7171,0.0,0.3429516,0.33424679999999996,2030-10-26 19:00:00,5121.945002664514,7172
7172,0.0,0.33293860000000003,0.3401892,2030-10-26 20:00:00,4752.098321538454,7173
7173,0.0,0.3217018,0.36768,2030-10-26 21:00:00,4366.580768516028,7174
7174,0.0,0.31429000000000007,0.4122992,2030-10-26 22:00:00,4077.511346788737,7175
7175,0.0,0.3335542000000001,0.469644,2030-10-26 23:00:00,3778.127098507111,7176
7176,0.0,0.37138459999999995,0.5244568000000001,2030-10-27 00:00:00,3794.448297606198,7177
7177,0.0,0.4159268,0.5847334,2030-10-27 01:00:00,3715.05887813959,7178
7178,0.0,0.49242299999999994,0.6408640000000001,2030-10-27 02:00:00,3697.271906927871,7179
7179,0.0,0.5492288000000001,0.6896228,2030-10-27 03:00:00,3795.8490028902497,7180
7180,0.0,0.5744568,0.7215225999999999,2030-10-27 04:00:00,4009.324664720747,7181
7181,0.0,0.5882752,0.7400036,2030-10-27 05:00:00,4673.976885190065,7182
7182,0.0,0.5798989999999999,0.7528308,2030-10-27 06:00:00,5120.994336703062,7183
7183,0.035,0.5638164,0.7527546,2030-10-27 07:00:00,5503.488030345019,7184
7184,0.101,0.564522,0.7456954,2030-10-27 08:00:00,5453.396782092842,7185
7185,0.193,0.5657357999999999,0.738831,2030-10-27 09:00:00,5190.4143959464345,7186
7186,0.325,0.582219,0.7410804000000001,2030-10-27 10:00:00,4969.836132626658,7187
7187,0.317,0.590804,0.7429008,2030-10-27 11:00:00,4859.196005572586,7188
7188,0.254,0.5874402,0.7402118,2030-10-27 12:00:00,4752.376697810013,7189
7189,0.171,0.5787852,0.728905,2030-10-27 13:00:00,4684.805861520879,7190
7190,0.095,0.5573986,0.7105767999999999,2030-10-27 14:00:00,4786.397116160867,7191
7191,0.023,0.5385692,0.6897242,2030-10-27 15:00:00,5076.115858047612,7192
7192,0.0,0.5176938,0.6661632,2030-10-27 16:00:00,5500.786147058702,7193
7193,0.0,0.5019032,0.6526560000000001,2030-10-27 17:00:00,5440.39251128271,7194
7194,0.0,0.4923208,0.6549834,2030-10-27 18:00:00,5304.768776732504,7195
7195,0.0,0.48289019999999994,0.663687,2030-10-27 19:00:00,5151.9209506400675,7196
7196,0.0,0.4772678000000001,0.6650256000000001,2030-10-27 20:00:00,4841.959747849423,7197
7197,0.0,0.4852834,0.6576757999999999,2030-10-27 21:00:00,4514.340551748532,7198
7198,0.0,0.49091520000000005,0.6418306,2030-10-27 22:00:00,4277.912307336797,7199
7199,0.0,0.48114999999999997,0.6231638,2030-10-27 23:00:00,4014.007094153162,7200
7200,0.0,0.4606007999999999,0.6002924000000001,2030-10-28 00:00:00,3981.2642544929313,7201
7201,0.0,0.4272349999999999,0.5744828000000001,2030-10-28 01:00:00,3859.072754123332,7202
7202,0.0,0.3878774,0.5465142000000001,2030-10-28 02:00:00,3787.5039645481784,7203
7203,0.0,0.3371706,0.508496,2030-10-28 03:00:00,3797.710242719202,7204
7204,0.0,0.29142039999999997,0.47002060000000007,2030-10-28 04:00:00,3963.4385274583265,7205
7205,0.0,0.25408580000000003,0.43392359999999996,2030-10-28 05:00:00,4625.956278258222,7206
7206,0.0,0.2236532,0.39820160000000004,2030-10-28 06:00:00,5084.644194449288,7207
7207,0.044,0.1899578,0.35512319999999997,2030-10-28 07:00:00,5474.780082499499,7208
7208,0.117,0.1639998,0.31503960000000003,2030-10-28 08:00:00,5378.853936849015,7209
7209,0.179,0.150147,0.2857208,2030-10-28 09:00:00,5136.971509512808,7210
7210,0.208,0.1413542,0.26271199999999995,2030-10-28 10:00:00,4921.953763684759,7211
7211,0.208,0.1409452,0.24878,2030-10-28 11:00:00,4775.62754608793,7212
7212,0.192,0.1429988,0.24071820000000002,2030-10-28 12:00:00,4704.447578246072,7213
7213,0.153,0.137927,0.2301402,2030-10-28 13:00:00,4686.150333339861,7214
7214,0.092,0.127792,0.2192284,2030-10-28 14:00:00,4799.351181060443,7215
7215,0.024,0.1225012,0.20919780000000002,2030-10-28 15:00:00,5194.795157203943,7216
7216,0.0,0.1251,0.2000808,2030-10-28 16:00:00,5727.292028218024,7217
7217,0.0,0.12334579999999999,0.18795579999999998,2030-10-28 17:00:00,5724.614405250949,7218
7218,0.0,0.11776919999999999,0.1741088,2030-10-28 18:00:00,5639.436105289453,7219
7219,0.0,0.11024020000000001,0.1592528,2030-10-28 19:00:00,5501.352469442175,7220
7220,0.0,0.1008086,0.14330299999999999,2030-10-28 20:00:00,5172.436905033078,7221
7221,0.0,0.09312020000000001,0.1305458,2030-10-28 21:00:00,4788.3083695836285,7222
7222,0.0,0.0906466,0.122655,2030-10-28 22:00:00,4524.871735008571,7223
7223,0.0,0.091363,0.11747699999999998,2030-10-28 23:00:00,4258.293578516579,7224
7224,0.0,0.0925278,0.1152128,2030-10-29 00:00:00,4313.206986754232,7225
7225,0.0,0.0950344,0.11679599999999998,2030-10-29 01:00:00,4283.578540823661,7226
7226,0.0,0.10050680000000001,0.12499299999999999,2030-10-29 02:00:00,4315.590060527884,7227
7227,0.0,0.1109694,0.1390436,2030-10-29 03:00:00,4513.100407216105,7228
7228,0.0,0.1222238,0.15441279999999996,2030-10-29 04:00:00,5082.622952473213,7229
7229,0.0,0.12852780000000003,0.16357420000000003,2030-10-29 05:00:00,6274.940251682339,7230
7230,0.002,0.1276132,0.1650752,2030-10-29 06:00:00,6999.014208102562,7231
7231,0.125,0.11917119999999999,0.1556382,2030-10-29 07:00:00,7317.60847007349,7232
7232,0.316,0.1008286,0.1358668,2030-10-29 08:00:00,7019.707820913452,7233
7233,0.432,0.0838126,0.11630719999999999,2030-10-29 09:00:00,6592.986852169914,7234
7234,0.483,0.080018,0.10016739999999999,2030-10-29 10:00:00,6196.123499094063,7235
7235,0.48,0.0739414,0.08702779999999999,2030-10-29 11:00:00,6017.267963731778,7236
7236,0.426,0.07136459999999999,0.0842202,2030-10-29 12:00:00,5906.465470244307,7237
7237,0.336,0.07262740000000001,0.08724499999999999,2030-10-29 13:00:00,5786.009259921189,7238
7238,0.216,0.0739576,0.09298060000000001,2030-10-29 14:00:00,5765.849078900122,7239
7239,0.064,0.0810066,0.10329659999999999,2030-10-29 15:00:00,6075.456246840181,7240
7240,0.0,0.0886146,0.1126102,2030-10-29 16:00:00,6547.747022705897,7241
7241,0.0,0.0877868,0.1127162,2030-10-29 17:00:00,6520.853072848803,7242
7242,0.0,0.0781744,0.1035556,2030-10-29 18:00:00,6460.95830489286,7243
7243,0.0,0.06342240000000002,0.08773600000000001,2030-10-29 19:00:00,6285.8505315863,7244
7244,0.0,0.048625800000000004,0.071455,2030-10-29 20:00:00,5895.810852355373,7245
7245,0.0,0.0368918,0.058639200000000016,2030-10-29 21:00:00,5420.277562281889,7246
7246,0.0,0.028779,0.0487376,2030-10-29 22:00:00,5088.0901911685905,7247
7247,0.0,0.025751999999999997,0.0433448,2030-10-29 23:00:00,4768.48955521943,7248
7248,0.0,0.027839199999999998,0.0424364,2030-10-30 00:00:00,4697.427100216148,7249
7249,0.0,0.0333314,0.045135600000000005,2030-10-30 01:00:00,4656.556072064064,7250
7250,0.0,0.038921000000000004,0.0492032,2030-10-30 02:00:00,4717.547836032875,7251
7251,0.0,0.04361,0.0538202,2030-10-30 03:00:00,4922.674403870145,7252
7252,0.0,0.0498428,0.05936079999999999,2030-10-30 04:00:00,5453.001719202597,7253
7253,0.0,0.05687879999999999,0.065459,2030-10-30 05:00:00,6638.299099202205,7254
7254,0.001,0.0629928,0.07167280000000001,2030-10-30 06:00:00,7325.909506220993,7255
7255,0.101,0.066068,0.0761214,2030-10-30 07:00:00,7586.403004741258,7256
7256,0.239,0.064054,0.0789844,2030-10-30 08:00:00,7284.937207374766,7257
7257,0.344,0.06178600000000001,0.0796964,2030-10-30 09:00:00,6817.997605120365,7258
7258,0.372,0.0628158,0.08147439999999999,2030-10-30 10:00:00,6402.317108702042,7259
7259,0.349,0.06589700000000001,0.0856452,2030-10-30 11:00:00,6173.739575514566,7260
7260,0.309,0.06872439999999999,0.0893936,2030-10-30 12:00:00,6040.797418916314,7261
7261,0.231,0.0699778,0.0900644,2030-10-30 13:00:00,5901.168870947208,7262
7262,0.134,0.07558259999999999,0.0932092,2030-10-30 14:00:00,5871.828799408469,7263
7263,0.032,0.0814492,0.09697839999999999,2030-10-30 15:00:00,6202.655504512695,7264
7264,0.0,0.08608239999999999,0.101768,2030-10-30 16:00:00,6611.388677334129,7265
7265,0.0,0.091226,0.10946639999999999,2030-10-30 17:00:00,6510.071030161514,7266
7266,0.0,0.09896260000000001,0.11935799999999999,2030-10-30 18:00:00,6375.952573336711,7267
7267,0.0,0.1054012,0.1266344,2030-10-30 19:00:00,6159.04347098028,7268
7268,0.0,0.11041880000000001,0.132783,2030-10-30 20:00:00,5717.4997940294725,7269
7269,0.0,0.12288839999999998,0.1451044,2030-10-30 21:00:00,5221.061743393483,7270
7270,0.0,0.1364116,0.160236,2030-10-30 22:00:00,4884.434004921385,7271
7271,0.0,0.14678839999999999,0.1719578,2030-10-30 23:00:00,4554.9183163739,7272
7272,0.0,0.15477480000000002,0.18227100000000002,2030-10-31 00:00:00,4348.550837833158,7273
7273,0.0,0.16336820000000002,0.194637,2030-10-31 01:00:00,4278.030606920578,7274
7274,0.0,0.17115740000000002,0.206563,2030-10-31 02:00:00,4284.327491097261,7275
7275,0.0,0.1713288,0.20829040000000001,2030-10-31 03:00:00,4468.750099067725,7276
7276,0.0,0.1674392,0.2057296,2030-10-31 04:00:00,4987.229386216695,7277
7277,0.0,0.1605168,0.2016544,2030-10-31 05:00:00,6119.022363370835,7278
7278,0.0,0.1504724,0.19228499999999998,2030-10-31 06:00:00,6766.277135970706,7279
7279,0.045,0.1389366,0.180952,2030-10-31 07:00:00,7077.01909735725,7280
7280,0.156,0.1269692,0.171704,2030-10-31 08:00:00,6887.3001133166,7281
7281,0.252,0.11834280000000001,0.1662684,2030-10-31 09:00:00,6542.567409746969,7282
7282,0.32,0.11365060000000002,0.162344,2030-10-31 10:00:00,6173.223848647904,7283
7283,0.342,0.118497,0.16262320000000002,2030-10-31 11:00:00,5979.598822735865,7284
7284,0.315,0.11728340000000001,0.15892140000000002,2030-10-31 12:00:00,5858.392064897056,7285
7285,0.244,0.10658400000000001,0.149931,2030-10-31 13:00:00,5729.2678058554275,7286
7286,0.133,0.0942182,0.13851059999999998,2030-10-31 14:00:00,5710.214003665794,7287
7287,0.023,0.0917386,0.1317516,2030-10-31 15:00:00,6012.085139950206,7288
7288,0.0,0.08793480000000001,0.1223644,2030-10-31 16:00:00,6463.421661418077,7289
7289,0.0,0.082246,0.11448119999999999,2030-10-31 17:00:00,6381.619722597241,7290
7290,0.0,0.0791916,0.11037400000000001,2030-10-31 18:00:00,6253.853843019648,7291
7291,0.0,0.07974160000000001,0.1114984,2030-10-31 19:00:00,6061.374688208543,7292
7292,0.0,0.08529020000000001,0.11896359999999999,2030-10-31 20:00:00,5645.082434285113,7293
7293,0.0,0.09519659999999999,0.1301486,2030-10-31 21:00:00,5156.660542465624,7294
7294,0.0,0.1103944,0.1466442,2030-10-31 22:00:00,4801.355216467875,7295
7295,0.0,0.1280478,0.16515980000000002,2030-10-31 23:00:00,4487.315610513166,7296
7296,0.0,0.144028,0.1828456,2030-11-01 00:00:00,4737.645641868648,7297
7297,0.0,0.1535704,0.19692320000000002,2030-11-01 01:00:00,4656.813739484335,7298
7298,0.0,0.1518534,0.208535,2030-11-01 02:00:00,4675.545483144475,7299
7299,0.0,0.1460254,0.21829859999999995,2030-11-01 03:00:00,4785.101938760282,7300
7300,0.0,0.15178940000000002,0.2380176,2030-11-01 04:00:00,5152.916522128292,7301
7301,0.0,0.1706848,0.27163640000000006,2030-11-01 05:00:00,6286.419533550397,7302
7302,0.0,0.20568180000000003,0.31892519999999996,2030-11-01 06:00:00,7224.063303919618,7303
7303,0.013,0.2424308,0.36881119999999995,2030-11-01 07:00:00,7595.51438116749,7304
7304,0.046,0.27084980000000003,0.41249399999999997,2030-11-01 08:00:00,7363.319512563472,7305
7305,0.076,0.304899,0.4507598,2030-11-01 09:00:00,7093.003280338234,7306
7306,0.092,0.3339758,0.47875119999999993,2030-11-01 10:00:00,6794.438854962532,7307
7307,0.091,0.3441972,0.48836779999999996,2030-11-01 11:00:00,6581.263602120711,7308
7308,0.076,0.340592,0.4783452,2030-11-01 12:00:00,6498.175406904736,7309
7309,0.051,0.3366234,0.4678046,2030-11-01 13:00:00,6411.100207992372,7310
7310,0.025,0.33029040000000004,0.46100759999999996,2030-11-01 14:00:00,6357.5868022371,7311
7311,0.003,0.3276948,0.46280859999999996,2030-11-01 15:00:00,6603.908082618098,7312
7312,0.0,0.3324682,0.47134299999999996,2030-11-01 16:00:00,7096.328554150179,7313
7313,0.0,0.323175,0.46944559999999996,2030-11-01 17:00:00,7007.495205645224,7314
7314,0.0,0.2936326,0.4454344,2030-11-01 18:00:00,6840.494265482474,7315
7315,0.0,0.2558382,0.40887840000000003,2030-11-01 19:00:00,6581.9872284737885,7316
7316,0.0,0.2102194,0.3684134,2030-11-01 20:00:00,6152.8632823245225,7317
7317,0.0,0.17255500000000001,0.3332712,2030-11-01 21:00:00,5622.811571123522,7318
7318,0.0,0.14808000000000002,0.3084616,2030-11-01 22:00:00,5208.978984251232,7319
7319,0.0,0.14149820000000002,0.3017552,2030-11-01 23:00:00,4811.583323679999,7320
7320,0.0,0.145654,0.3110416,2030-11-02 00:00:00,4481.863661106294,7321
7321,0.0,0.1557508,0.3234592,2030-11-02 01:00:00,4357.742055755337,7322
7322,0.0,0.1660818,0.3363088,2030-11-02 02:00:00,4308.501161342405,7323
7323,0.0,0.1774984,0.3532984,2030-11-02 03:00:00,4366.2112243574265,7324
7324,0.0,0.18889199999999998,0.3703754,2030-11-02 04:00:00,4662.912155428089,7325
7325,0.0,0.2001398,0.3861666,2030-11-02 05:00:00,5727.526308684404,7326
7326,0.0,0.2111952,0.40283940000000007,2030-11-02 06:00:00,6599.344097804193,7327
7327,0.003,0.2276016,0.4209078,2030-11-02 07:00:00,6950.028703068754,7328
7328,0.018,0.2319242,0.43001100000000003,2030-11-02 08:00:00,6913.359702684258,7329
7329,0.03,0.23319140000000002,0.442543,2030-11-02 09:00:00,6755.019600009786,7330
7330,0.032,0.23619380000000004,0.44451359999999995,2030-11-02 10:00:00,6448.636112085333,7331
7331,0.03,0.24149059999999997,0.4412948,2030-11-02 11:00:00,6177.46074105423,7332
7332,0.03,0.2404,0.4375076,2030-11-02 12:00:00,6043.208890311884,7333
7333,0.031,0.2406444,0.44337020000000005,2030-11-02 13:00:00,5970.346112119674,7334
7334,0.021,0.23494539999999997,0.4523178,2030-11-02 14:00:00,5919.821693365506,7335
7335,0.002,0.24382600000000001,0.4649344,2030-11-02 15:00:00,6071.880544766136,7336
7336,0.0,0.2546004,0.461092,2030-11-02 16:00:00,6397.504382611818,7337
7337,0.0,0.2551756,0.45476700000000003,2030-11-02 17:00:00,6274.609056884635,7338
7338,0.0,0.2435936,0.4412307999999999,2030-11-02 18:00:00,6061.840517784583,7339
7339,0.0,0.22624680000000003,0.4276968,2030-11-02 19:00:00,5798.624645190021,7340
7340,0.0,0.2159458,0.4266376,2030-11-02 20:00:00,5442.008021201077,7341
7341,0.0,0.20406200000000002,0.4290726,2030-11-02 21:00:00,5015.466560187508,7342
7342,0.0,0.18912280000000004,0.42606459999999996,2030-11-02 22:00:00,4672.4488396258785,7343
7343,0.0,0.18106260000000002,0.42286319999999994,2030-11-02 23:00:00,4285.6655102141885,7344
7344,0.0,0.174408,0.41666539999999996,2030-11-03 00:00:00,4075.616755948532,7345
7345,0.0,0.1663732,0.41064159999999994,2030-11-03 01:00:00,3933.2179808551637,7346
7346,0.0,0.1641606,0.408418,2030-11-03 02:00:00,3840.1362772119987,7347
7347,0.0,0.1627012,0.4010166,2030-11-03 03:00:00,3776.914734166448,7348
7348,0.0,0.1622168,0.3894978,2030-11-03 04:00:00,3745.8111346201977,7349
7349,0.0,0.15808660000000002,0.3723764,2030-11-03 05:00:00,4377.445189954393,7350
7350,0.0,0.14835559999999998,0.34417219999999993,2030-11-03 06:00:00,5095.142154888971,7351
7351,0.002,0.1368934,0.318012,2030-11-03 07:00:00,5535.775909425157,7352
7352,0.022,0.12609520000000002,0.30158500000000005,2030-11-03 08:00:00,5570.936913059771,7353
7353,0.039,0.1100826,0.28348760000000006,2030-11-03 09:00:00,5435.3951259176265,7354
7354,0.057,0.093347,0.2692968,2030-11-03 10:00:00,5255.4071195478955,7355
7355,0.098,0.07771239999999999,0.25257620000000003,2030-11-03 11:00:00,5036.931941995489,7356
7356,0.131,0.0687536,0.2408722,2030-11-03 12:00:00,4938.605912291319,7357
7357,0.122,0.06384619999999999,0.23626160000000002,2030-11-03 13:00:00,4922.999882760679,7358
7358,0.066,0.0698394,0.2415248,2030-11-03 14:00:00,4921.395843602097,7359
7359,0.007,0.0945646,0.2631054,2030-11-03 15:00:00,5200.376839313497,7360
7360,0.0,0.12229179999999999,0.2912354,2030-11-03 16:00:00,5825.684632724018,7361
7361,0.0,0.13774139999999999,0.309714,2030-11-03 17:00:00,5798.1922060328525,7362
7362,0.0,0.145403,0.31720519999999996,2030-11-03 18:00:00,5656.8926010969335,7363
7363,0.0,0.1541354,0.3242432,2030-11-03 19:00:00,5477.14596298228,7364
7364,0.0,0.169702,0.3388636,2030-11-03 20:00:00,5166.826169351401,7365
7365,0.0,0.18882859999999999,0.35462899999999997,2030-11-03 21:00:00,4786.063231564579,7366
7366,0.0,0.2172654,0.3781848,2030-11-03 22:00:00,4472.28173445881,7367
7367,0.0,0.24676419999999996,0.4072182,2030-11-03 23:00:00,4116.490320938626,7368
7368,0.0,0.28062139999999997,0.4407502,2030-11-04 00:00:00,4040.742797304893,7369
7369,0.0,0.3060508,0.47348359999999995,2030-11-04 01:00:00,3907.585832242299,7370
7370,0.0,0.339662,0.5123916000000001,2030-11-04 02:00:00,3833.080147791359,7371
7371,0.0,0.35381660000000004,0.5380344000000001,2030-11-04 03:00:00,3787.406197493903,7372
7372,0.0,0.3649038,0.5581198,2030-11-04 04:00:00,3770.616970178483,7373
7373,0.0,0.38449980000000006,0.5796276,2030-11-04 05:00:00,4403.390938163342,7374
7374,0.0,0.40855980000000003,0.5979686,2030-11-04 06:00:00,5118.299108467467,7375
7375,0.0,0.4186222,0.602705,2030-11-04 07:00:00,5583.332687794292,7376
7376,0.008,0.4159244,0.5997906000000001,2030-11-04 08:00:00,5713.252097821369,7377
7377,0.018,0.4229274,0.5996979999999998,2030-11-04 09:00:00,5703.079586468584,7378
7378,0.025,0.437711,0.5994058,2030-11-04 10:00:00,5601.0106151751515,7379
7379,0.029,0.42728859999999996,0.5935758,2030-11-04 11:00:00,5439.747766581979,7380
7380,0.027,0.41784160000000004,0.5884758,2030-11-04 12:00:00,5419.893587514353,7381
7381,0.018,0.41448720000000006,0.585373,2030-11-04 13:00:00,5442.594394576467,7382
7382,0.007,0.4176016000000001,0.5871535999999999,2030-11-04 14:00:00,5520.310791760636,7383
7383,0.0,0.42196259999999997,0.5950298,2030-11-04 15:00:00,5781.7895415168805,7384
7384,0.0,0.4247732,0.6055736,2030-11-04 16:00:00,6195.86132431367,7385
7385,0.0,0.4238754,0.6095658,2030-11-04 17:00:00,6155.170107625281,7386
7386,0.0,0.4151186,0.6045565999999999,2030-11-04 18:00:00,6027.3897389771355,7387
7387,0.0,0.40862499999999996,0.5965838,2030-11-04 19:00:00,5825.036181613579,7388
7388,0.0,0.39936479999999996,0.5859080000000001,2030-11-04 20:00:00,5482.797669632916,7389
7389,0.0,0.3881742,0.5723218,2030-11-04 21:00:00,5060.96610220786,7390
7390,0.0,0.3708118000000001,0.5519404,2030-11-04 22:00:00,4777.554559000268,7391
7391,0.0,0.3561108,0.5361396,2030-11-04 23:00:00,4433.691175957036,7392
7392,0.0,0.34712259999999995,0.5239334,2030-11-05 00:00:00,4487.142388543448,7393
7393,0.0,0.3321514,0.508981,2030-11-05 01:00:00,4395.611272884277,7394
7394,0.0,0.3198434,0.49476139999999996,2030-11-05 02:00:00,4380.273623789466,7395
7395,0.0,0.3168242,0.48169759999999995,2030-11-05 03:00:00,4471.034449638813,7396
7396,0.0,0.3091832,0.47170959999999995,2030-11-05 04:00:00,4800.790602996367,7397
7397,0.0,0.305886,0.4688646,2030-11-05 05:00:00,5929.796356416084,7398
7398,0.0,0.3068886,0.4690048,2030-11-05 06:00:00,6880.507486507809,7399
7399,0.006,0.3051192,0.4636,2030-11-05 07:00:00,7309.665601558871,7400
7400,0.042,0.3053376,0.44745099999999993,2030-11-05 08:00:00,7299.433858417188,7401
7401,0.104,0.29380320000000004,0.41646780000000005,2030-11-05 09:00:00,7142.586070733379,7402
7402,0.164,0.2618452,0.37190840000000003,2030-11-05 10:00:00,6936.048389047117,7403
7403,0.175,0.22759359999999998,0.3288698,2030-11-05 11:00:00,6744.079324863576,7404
7404,0.132,0.2039428,0.3010732,2030-11-05 12:00:00,6679.3791870004125,7405
7405,0.08,0.1934456,0.2906914,2030-11-05 13:00:00,6615.137473100582,7406
7406,0.033,0.1953936,0.296855,2030-11-05 14:00:00,6574.764907918414,7407
7407,0.002,0.20803639999999998,0.3118338,2030-11-05 15:00:00,6812.12199310188,7408
7408,0.0,0.22212519999999997,0.3227964,2030-11-05 16:00:00,7182.92269714726,7409
7409,0.0,0.2219512,0.3192102,2030-11-05 17:00:00,7071.935806129406,7410
7410,0.0,0.20822820000000003,0.3000536,2030-11-05 18:00:00,6909.547101076238,7411
7411,0.0,0.18715220000000002,0.2716388,2030-11-05 19:00:00,6662.652042643867,7412
7412,0.0,0.1652738,0.24339519999999998,2030-11-05 20:00:00,6255.420102965366,7413
7413,0.0,0.1487024,0.2198866,2030-11-05 21:00:00,5736.730022964148,7414
7414,0.0,0.136776,0.2022608,2030-11-05 22:00:00,5333.0789228342255,7415
7415,0.0,0.1296274,0.1902578,2030-11-05 23:00:00,4941.470381610559,7416
7416,0.0,0.12717040000000002,0.18450659999999997,2030-11-06 00:00:00,4886.418816494642,7417
7417,0.0,0.1268454,0.180765,2030-11-06 01:00:00,4780.665151124344,7418
7418,0.0,0.126684,0.177644,2030-11-06 02:00:00,4757.9191033623365,7419
7419,0.0,0.124457,0.171927,2030-11-06 03:00:00,4843.05260157705,7420
7420,0.0,0.1189298,0.162954,2030-11-06 04:00:00,5175.2086043857,7421
7421,0.0,0.11233559999999998,0.1537962,2030-11-06 05:00:00,6325.516233616783,7422
7422,0.0,0.1061976,0.14606560000000002,2030-11-06 06:00:00,7290.5903860325725,7423
7423,0.015,0.0982126,0.13569599999999998,2030-11-06 07:00:00,7707.744361973304,7424
7424,0.077,0.0803526,0.11757520000000002,2030-11-06 08:00:00,7668.67759330051,7425
7425,0.151,0.0620824,0.0969336,2030-11-06 09:00:00,7507.03197456926,7426
7426,0.218,0.0481746,0.07994799999999999,2030-11-06 10:00:00,7206.287164849255,7427
7427,0.25,0.038141400000000006,0.06941299999999999,2030-11-06 11:00:00,6963.151300756708,7428
7428,0.227,0.03321539999999999,0.064828,2030-11-06 12:00:00,6847.799411428651,7429
7429,0.16,0.032090600000000004,0.0624494,2030-11-06 13:00:00,6771.835020721074,7430
7430,0.074,0.0342842,0.062153799999999995,2030-11-06 14:00:00,6671.265130542173,7431
7431,0.006,0.037438,0.0601074,2030-11-06 15:00:00,6933.025424225634,7432
7432,0.0,0.034548,0.055118,2030-11-06 16:00:00,7324.61398874893,7433
7433,0.0,0.0283466,0.04963340000000001,2030-11-06 17:00:00,7214.540411004375,7434
7434,0.0,0.0226274,0.0439794,2030-11-06 18:00:00,7063.412393435739,7435
7435,0.0,0.0179022,0.0378086,2030-11-06 19:00:00,6816.361862983698,7436
7436,0.0,0.014041000000000001,0.0321932,2030-11-06 20:00:00,6401.395108760133,7437
7437,0.0,0.0111362,0.0288084,2030-11-06 21:00:00,5883.536675973526,7438
7438,0.0,0.009587599999999998,0.027822999999999997,2030-11-06 22:00:00,5468.765062680789,7439
7439,0.0,0.0088638,0.028078199999999998,2030-11-06 23:00:00,5083.3273272500755,7440
7440,0.0,0.0084938,0.030280799999999997,2030-11-07 00:00:00,4882.424508405996,7441
7441,0.0,0.0089016,0.034526600000000005,2030-11-07 01:00:00,4761.033626582263,7442
7442,0.0,0.0105204,0.040393,2030-11-07 02:00:00,4718.714192740417,7443
7443,0.0,0.013281400000000002,0.047217600000000005,2030-11-07 03:00:00,4803.545504434154,7444
7444,0.0,0.0166164,0.056343,2030-11-07 04:00:00,5121.737806495603,7445
7445,0.0,0.0213586,0.0672084,2030-11-07 05:00:00,6277.793614253472,7446
7446,0.0,0.0283212,0.0767444,2030-11-07 06:00:00,7247.007914041678,7447
7447,0.012,0.0355162,0.087744,2030-11-07 07:00:00,7653.52110418978,7448
7448,0.059,0.039416799999999995,0.0993894,2030-11-07 08:00:00,7471.545830704204,7449
7449,0.095,0.038072,0.1063288,2030-11-07 09:00:00,7189.984611983902,7450
7450,0.133,0.035575800000000005,0.1075062,2030-11-07 10:00:00,6897.120494839879,7451
7451,0.16,0.034892400000000004,0.1074082,2030-11-07 11:00:00,6645.306508974261,7452
7452,0.165,0.0361886,0.1062152,2030-11-07 12:00:00,6560.846672360952,7453
7453,0.136,0.0429002,0.1113518,2030-11-07 13:00:00,6457.24484221618,7454
7454,0.068,0.059511999999999995,0.12966060000000001,2030-11-07 14:00:00,6361.178144975972,7455
7455,0.004,0.08615239999999999,0.16265239999999997,2030-11-07 15:00:00,6609.60165623192,7456
7456,0.0,0.1150684,0.2014882,2030-11-07 16:00:00,7170.400307585558,7457
7457,0.0,0.13954740000000002,0.2396452,2030-11-07 17:00:00,7087.783311076648,7458
7458,0.0,0.158016,0.2710438,2030-11-07 18:00:00,6926.331446086058,7459
7459,0.0,0.171668,0.29399159999999996,2030-11-07 19:00:00,6664.035725966534,7460
7460,0.0,0.1846834,0.3143642,2030-11-07 20:00:00,6224.733197196065,7461
7461,0.0,0.19473859999999998,0.33180440000000005,2030-11-07 21:00:00,5681.970985145124,7462
7462,0.0,0.203274,0.3483154,2030-11-07 22:00:00,5249.044317643329,7463
7463,0.0,0.21627199999999996,0.3672498,2030-11-07 23:00:00,4841.282914579496,7464
7464,0.0,0.22729340000000003,0.385642,2030-11-08 00:00:00,4584.219038360895,7465
7465,0.0,0.23095279999999999,0.3961928,2030-11-08 01:00:00,4450.346193106304,7466
7466,0.0,0.23360440000000002,0.39405640000000003,2030-11-08 02:00:00,4399.366090537015,7467
7467,0.0,0.23670999999999998,0.3890204,2030-11-08 03:00:00,4455.314148216313,7468
7468,0.0,0.23989359999999998,0.39213599999999993,2030-11-08 04:00:00,4751.1304616049765,7469
7469,0.0,0.23023259999999998,0.40043280000000003,2030-11-08 05:00:00,5839.403940753116,7470
7470,0.0,0.20697039999999997,0.3984866,2030-11-08 06:00:00,6761.458067492845,7471
7471,0.005,0.1821766,0.3895354,2030-11-08 07:00:00,7163.004662422227,7472
7472,0.029,0.1534542,0.3593086,2030-11-08 08:00:00,7034.74339374238,7473
7473,0.068,0.1235268,0.31546179999999996,2030-11-08 09:00:00,6836.313062611153,7474
7474,0.106,0.09626280000000001,0.2727104,2030-11-08 10:00:00,6573.637493619206,7475
7475,0.136,0.0750684,0.23313259999999997,2030-11-08 11:00:00,6349.50972963509,7476
7476,0.135,0.0543868,0.19335059999999998,2030-11-08 12:00:00,6277.904155329423,7477
7477,0.094,0.042716199999999996,0.16304180000000001,2030-11-08 13:00:00,6184.356284764757,7478
7478,0.038,0.0418738,0.1434338,2030-11-08 14:00:00,6136.005629471107,7479
7479,0.001,0.0448332,0.1271544,2030-11-08 15:00:00,6393.862811334731,7480
7480,0.0,0.0437234,0.116282,2030-11-08 16:00:00,6943.490383236436,7481
7481,0.0,0.040869,0.10590440000000001,2030-11-08 17:00:00,6895.214317586605,7482
7482,0.0,0.0366078,0.0962664,2030-11-08 18:00:00,6770.734070275928,7483
7483,0.0,0.0329332,0.0880598,2030-11-08 19:00:00,6539.551338074278,7484
7484,0.0,0.030624600000000002,0.0847468,2030-11-08 20:00:00,6133.764066236853,7485
7485,0.0,0.0293012,0.0803674,2030-11-08 21:00:00,5642.350751471535,7486
7486,0.0,0.0319476,0.0801406,2030-11-08 22:00:00,5254.4269804102805,7487
7487,0.0,0.0383126,0.0879876,2030-11-08 23:00:00,4862.791194091781,7488
7488,0.0,0.0469496,0.09945200000000001,2030-11-09 00:00:00,4803.901008207571,7489
7489,0.0,0.0559392,0.1119772,2030-11-09 01:00:00,4688.787139651684,7490
7490,0.0,0.063988,0.1263148,2030-11-09 02:00:00,4640.024630499043,7491
7491,0.0,0.0675328,0.1370282,2030-11-09 03:00:00,4698.916450525601,7492
7492,0.0,0.0654886,0.1378726,2030-11-09 04:00:00,5001.221040612321,7493
7493,0.0,0.0610206,0.1341912,2030-11-09 05:00:00,6100.9769546854495,7494
7494,0.0,0.057490799999999995,0.13339099999999998,2030-11-09 06:00:00,7048.9301191118375,7495
7495,0.002,0.05623859999999999,0.1330098,2030-11-09 07:00:00,7455.429775029756,7496
7496,0.026,0.0528942,0.1262158,2030-11-09 08:00:00,7340.82640199304,7497
7497,0.057,0.048435799999999994,0.12035580000000001,2030-11-09 09:00:00,7074.282477670887,7498
7498,0.083,0.046597000000000006,0.1170492,2030-11-09 10:00:00,6726.8946273616675,7499
7499,0.088,0.04680920000000001,0.1158712,2030-11-09 11:00:00,6397.3203333872,7500
7500,0.079,0.04970720000000001,0.11729540000000001,2030-11-09 12:00:00,6204.780313794397,7501
7501,0.055,0.052215199999999996,0.1202488,2030-11-09 13:00:00,6078.043034567455,7502
7502,0.025,0.05742579999999999,0.125248,2030-11-09 14:00:00,6060.921534013227,7503
7503,0.001,0.0664678,0.1359668,2030-11-09 15:00:00,6321.024831550079,7504
7504,0.0,0.07281760000000001,0.1480336,2030-11-09 16:00:00,6825.541542414003,7505
7505,0.0,0.072249,0.15171220000000002,2030-11-09 17:00:00,6742.477344883278,7506
7506,0.0,0.0664624,0.1488834,2030-11-09 18:00:00,6543.877697992426,7507
7507,0.0,0.0582158,0.14214759999999999,2030-11-09 19:00:00,6316.176315859058,7508
7508,0.0,0.051739,0.13582740000000001,2030-11-09 20:00:00,5986.501408876538,7509
7509,0.0,0.047437,0.1307796,2030-11-09 21:00:00,5552.296165024285,7510
7510,0.0,0.0469286,0.12968359999999998,2030-11-09 22:00:00,5194.528356958832,7511
7511,0.0,0.0490646,0.13065480000000002,2030-11-09 23:00:00,4800.464921794703,7512
7512,0.0,0.0527702,0.13168739999999998,2030-11-10 00:00:00,4675.290771364778,7513
7513,0.0,0.057306199999999995,0.13573399999999997,2030-11-10 01:00:00,4549.121271786468,7514
7514,0.0,0.061923000000000006,0.1408594,2030-11-10 02:00:00,4488.365351206126,7515
7515,0.0,0.06478,0.1440668,2030-11-10 03:00:00,4430.135073312265,7516
7516,0.0,0.0648746,0.1438246,2030-11-10 04:00:00,4417.309100229605,7517
7517,0.0,0.062436000000000005,0.1400898,2030-11-10 05:00:00,5124.5517798689725,7518
7518,0.0,0.0582002,0.13231779999999999,2030-11-10 06:00:00,5933.152019450283,7519
7519,0.011,0.05362560000000001,0.12081939999999998,2030-11-10 07:00:00,6442.078110341385,7520
7520,0.069,0.0463598,0.10368580000000001,2030-11-10 08:00:00,6364.986218793554,7521
7521,0.135,0.0386808,0.08613960000000001,2030-11-10 09:00:00,6131.251914142787,7522
7522,0.168,0.0343024,0.0764292,2030-11-10 10:00:00,5848.383185657931,7523
7523,0.165,0.032629200000000004,0.06935440000000001,2030-11-10 11:00:00,5586.659024677392,7524
7524,0.122,0.030114400000000003,0.06393200000000002,2030-11-10 12:00:00,5489.442398726433,7525
7525,0.074,0.027049999999999998,0.058121,2030-11-10 13:00:00,5475.388508466251,7526
7526,0.029,0.027267400000000004,0.0529988,2030-11-10 14:00:00,5551.558680406815,7527
7527,0.0,0.0382376,0.0531218,2030-11-10 15:00:00,5885.055519502164,7528
7528,0.0,0.05901579999999999,0.06224639999999999,2030-11-10 16:00:00,6476.343358838391,7529
7529,0.0,0.0858962,0.07760500000000001,2030-11-10 17:00:00,6430.474517670396,7530
7530,0.0,0.1170168,0.09568460000000001,2030-11-10 18:00:00,6283.826900167289,7531
7531,0.0,0.14771680000000004,0.11335440000000001,2030-11-10 19:00:00,6089.349160675292,7532
7532,0.0,0.1760218,0.1286426,2030-11-10 20:00:00,5774.840745442856,7533
7533,0.0,0.187973,0.1482564,2030-11-10 21:00:00,5381.850905963441,7534
7534,0.0,0.19206759999999998,0.181569,2030-11-10 22:00:00,5080.641611169773,7535
7535,0.0,0.20111579999999996,0.2151996,2030-11-10 23:00:00,4703.011847013212,7536
7536,0.0,0.2142156,0.232789,2030-11-11 00:00:00,4495.58054269823,7537
7537,0.0,0.22857539999999998,0.2445588,2030-11-11 01:00:00,4334.100971630468,7538
7538,0.0,0.2285398,0.24810939999999998,2030-11-11 02:00:00,4236.689503685131,7539
7539,0.0,0.2183274,0.2416808,2030-11-11 03:00:00,4160.096044774495,7540
7540,0.0,0.205687,0.2332184,2030-11-11 04:00:00,4109.163298938956,7541
7541,0.0,0.21076860000000003,0.2386186,2030-11-11 05:00:00,4780.621951954068,7542
7542,0.0,0.2219548,0.2555196,2030-11-11 06:00:00,5525.80947630568,7543
7543,0.005,0.2392208,0.28742140000000005,2030-11-11 07:00:00,5989.123392362023,7544
7544,0.028,0.258984,0.3195684,2030-11-11 08:00:00,5976.347511243406,7545
7545,0.053,0.2726738000000001,0.34700040000000004,2030-11-11 09:00:00,5864.640180059706,7546
7546,0.08,0.289998,0.3691002,2030-11-11 10:00:00,5689.7946965757965,7547
7547,0.106,0.30607439999999997,0.39425520000000003,2030-11-11 11:00:00,5491.127896324001,7548
7548,0.111,0.3124288,0.4204788,2030-11-11 12:00:00,5437.902255638869,7549
7549,0.081,0.3142566,0.45150480000000004,2030-11-11 13:00:00,5461.97924715013,7550
7550,0.034,0.33479559999999997,0.486773,2030-11-11 14:00:00,5546.329590071931,7551
7551,0.0,0.380038,0.542158,2030-11-11 15:00:00,5937.207659115909,7552
7552,0.0,0.42497120000000005,0.6106962,2030-11-11 16:00:00,6590.849677241153,7553
7553,0.0,0.46330220000000005,0.666164,2030-11-11 17:00:00,6588.694108399993,7554
7554,0.0,0.49696539999999995,0.7021582000000001,2030-11-11 18:00:00,6471.908509648425,7555
7555,0.0,0.5174208,0.7239196000000001,2030-11-11 19:00:00,6274.557938899221,7556
7556,0.0,0.5316452,0.7401554000000001,2030-11-11 20:00:00,5940.126972606198,7557
7557,0.0,0.5415984,0.7467488,2030-11-11 21:00:00,5517.243767281718,7558
7558,0.0,0.5508616,0.7453787999999999,2030-11-11 22:00:00,5190.80670851939,7559
7559,0.0,0.5405941999999999,0.7282794000000001,2030-11-11 23:00:00,4827.633558320185,7560
7560,0.0,0.520066,0.6982847999999999,2030-11-12 00:00:00,4643.984615762423,7561
7561,0.0,0.5008978,0.6666062,2030-11-12 01:00:00,4549.642918345465,7562
7562,0.0,0.4989732,0.6412726,2030-11-12 02:00:00,4534.633008911885,7563
7563,0.0,0.48799080000000006,0.6207388,2030-11-12 03:00:00,4632.702683448849,7564
7564,0.0,0.4923344,0.6006094,2030-11-12 04:00:00,4930.498121931494,7565
7565,0.0,0.4918334,0.5875014000000001,2030-11-12 05:00:00,6027.874653265145,7566
7566,0.0,0.506499,0.5860407999999999,2030-11-12 06:00:00,6957.917010341296,7567
7567,0.001,0.5308970000000001,0.6054742,2030-11-12 07:00:00,7344.828906912398,7568
7568,0.015,0.5388438,0.6163418,2030-11-12 08:00:00,7303.012629449586,7569
7569,0.041,0.5386856,0.6146554,2030-11-12 09:00:00,7090.49014847469,7570
7570,0.08,0.5274279999999999,0.6107064,2030-11-12 10:00:00,6854.358696476823,7571
7571,0.111,0.5065783999999999,0.6034184,2030-11-12 11:00:00,6687.734219679015,7572
7572,0.123,0.46967459999999994,0.5839929999999999,2030-11-12 12:00:00,6603.845635236315,7573
7573,0.102,0.42033360000000003,0.5539094,2030-11-12 13:00:00,6504.018190784758,7574
7574,0.05,0.3858064,0.524052,2030-11-12 14:00:00,6417.124972007676,7575
7575,0.001,0.3774304,0.5065236000000001,2030-11-12 15:00:00,6670.141635542786,7576
7576,0.0,0.38007460000000004,0.4978358,2030-11-12 16:00:00,7137.626648624315,7577
7577,0.0,0.36767320000000003,0.489574,2030-11-12 17:00:00,7012.3387715164445,7578
7578,0.0,0.339126,0.47554939999999996,2030-11-12 18:00:00,6850.675761362914,7579
7579,0.0,0.314849,0.44926839999999996,2030-11-12 19:00:00,6592.014334379274,7580
7580,0.0,0.29475599999999996,0.4179348,2030-11-12 20:00:00,6169.0177201382085,7581
7581,0.0,0.2631118,0.38781839999999995,2030-11-12 21:00:00,5650.9240941488715,7582
7582,0.0,0.2439564,0.37318280000000004,2030-11-12 22:00:00,5248.60822295601,7583
7583,0.0,0.22704579999999996,0.3576986,2030-11-12 23:00:00,4868.293873669828,7584
7584,0.0,0.2106254,0.33542180000000005,2030-11-13 00:00:00,4768.692519107099,7585
7585,0.0,0.206345,0.3275018,2030-11-13 01:00:00,4657.374967812345,7586
7586,0.0,0.19339860000000003,0.3182086,2030-11-13 02:00:00,4652.346068194288,7587
7587,0.0,0.1852012,0.311498,2030-11-13 03:00:00,4737.159942447133,7588
7588,0.0,0.188983,0.3166436,2030-11-13 04:00:00,5035.136933177541,7589
7589,0.0,0.2013794,0.3330104,2030-11-13 05:00:00,6175.230973644073,7590
7590,0.0,0.21655420000000003,0.3477910000000001,2030-11-13 06:00:00,7131.191010818732,7591
7591,0.016,0.24361180000000004,0.37543419999999994,2030-11-13 07:00:00,7542.722911611432,7592
7592,0.095,0.2750902,0.41151040000000005,2030-11-13 08:00:00,7384.944176164592,7593
7593,0.173,0.2898014,0.4352851999999999,2030-11-13 09:00:00,7058.217402408054,7594
7594,0.232,0.30100380000000004,0.4416004,2030-11-13 10:00:00,6781.183982122683,7595
7595,0.25,0.3010962,0.4330722000000001,2030-11-13 11:00:00,6590.0439206746705,7596
7596,0.189,0.2995868,0.4146554,2030-11-13 12:00:00,6550.570993216379,7597
7597,0.102,0.3028542,0.3894168,2030-11-13 13:00:00,6527.592064463986,7598
7598,0.035,0.30787780000000003,0.3728608,2030-11-13 14:00:00,6486.252027784647,7599
7599,0.0,0.3204932,0.38299500000000003,2030-11-13 15:00:00,6776.394182237234,7600
7600,0.0,0.32113840000000005,0.4009028,2030-11-13 16:00:00,7216.38308736939,7601
7601,0.0,0.3222636,0.40066940000000006,2030-11-13 17:00:00,7088.359838131247,7602
7602,0.0,0.304445,0.3686366,2030-11-13 18:00:00,6900.923631845124,7603
7603,0.0,0.2845762,0.3218462,2030-11-13 19:00:00,6613.807476602826,7604
7604,0.0,0.2588368,0.274621,2030-11-13 20:00:00,6183.825677942407,7605
7605,0.0,0.22224539999999998,0.234572,2030-11-13 21:00:00,5661.097414669237,7606
7606,0.0,0.18907500000000002,0.2019206,2030-11-13 22:00:00,5240.410568228544,7607
7607,0.0,0.1616724,0.177509,2030-11-13 23:00:00,4849.579384715004,7608
7608,0.0,0.1400684,0.1604132,2030-11-14 00:00:00,4682.999213702531,7609
7609,0.0,0.12555840000000001,0.1547848,2030-11-14 01:00:00,4584.878560454554,7610
7610,0.0,0.1163758,0.158052,2030-11-14 02:00:00,4564.841091204151,7611
7611,0.0,0.1119282,0.1595502,2030-11-14 03:00:00,4652.557384794158,7612
7612,0.0,0.1102822,0.1609286,2030-11-14 04:00:00,4946.042279981828,7613
7613,0.0,0.10793979999999999,0.157191,2030-11-14 05:00:00,6091.556892899434,7614
7614,0.0,0.1046192,0.1468918,2030-11-14 06:00:00,7037.2243490753135,7615
7615,0.004,0.100658,0.1358294,2030-11-14 07:00:00,7458.321799588117,7616
7616,0.042,0.0977736,0.1318278,2030-11-14 08:00:00,7317.506620481966,7617
7617,0.09,0.0943382,0.1298378,2030-11-14 09:00:00,7025.784023763884,7618
7618,0.134,0.0892928,0.12326219999999999,2030-11-14 10:00:00,6742.046985766443,7619
7619,0.153,0.08150099999999999,0.1113464,2030-11-14 11:00:00,6517.685341549464,7620
7620,0.135,0.070138,0.09493379999999998,2030-11-14 12:00:00,6453.174545065226,7621
7621,0.095,0.0618668,0.08482379999999998,2030-11-14 13:00:00,6349.817326279133,7622
7622,0.035,0.066662,0.0918226,2030-11-14 14:00:00,6307.088110540315,7623
7623,0.0,0.0865018,0.11931320000000001,2030-11-14 15:00:00,6624.771126446025,7624
7624,0.0,0.11490939999999998,0.1582892,2030-11-14 16:00:00,7170.277026303591,7625
7625,0.0,0.1426074,0.19604499999999997,2030-11-14 17:00:00,7091.603777897036,7626
7626,0.0,0.1641622,0.22766139999999999,2030-11-14 18:00:00,6934.155067623524,7627
7627,0.0,0.1798132,0.2525274,2030-11-14 19:00:00,6688.358316924994,7628
7628,0.0,0.193071,0.26877680000000004,2030-11-14 20:00:00,6280.955945854324,7629
7629,0.0,0.20309400000000002,0.276582,2030-11-14 21:00:00,5756.8251732416775,7630
7630,0.0,0.2123506,0.2851056,2030-11-14 22:00:00,5326.499503193603,7631
7631,0.0,0.22533820000000002,0.2994826,2030-11-14 23:00:00,4926.875370182874,7632
7632,0.0,0.23962239999999996,0.3232088,2030-11-15 00:00:00,4678.673788081792,7633
7633,0.0,0.272384,0.36429659999999997,2030-11-15 01:00:00,4559.566178724201,7634
7634,0.0,0.3145792,0.4182930000000001,2030-11-15 02:00:00,4538.639612551834,7635
7635,0.0,0.3650432,0.4823642,2030-11-15 03:00:00,4592.348628686818,7636
7636,0.0,0.43210499999999996,0.5546438,2030-11-15 04:00:00,4892.268395796073,7637
7637,0.0,0.49918379999999996,0.615772,2030-11-15 05:00:00,6006.977376316869,7638
7638,0.0,0.5356257999999999,0.66236,2030-11-15 06:00:00,6950.9507728586,7639
7639,0.003,0.568587,0.7017324,2030-11-15 07:00:00,7314.378106550796,7640
7640,0.029,0.5972248,0.7330247999999999,2030-11-15 08:00:00,7240.499148946672,7641
7641,0.056,0.6269644000000001,0.7526332,2030-11-15 09:00:00,7064.999688958318,7642
7642,0.073,0.6289087999999999,0.7554398,2030-11-15 10:00:00,6853.375664502103,7643
7643,0.071,0.6384070000000001,0.7540058,2030-11-15 11:00:00,6674.583026494394,7644
7644,0.054,0.6368352,0.7535382,2030-11-15 12:00:00,6604.905293167156,7645
7645,0.028,0.6320669999999999,0.7537402,2030-11-15 13:00:00,6539.864115987198,7646
7646,0.007,0.6296412,0.7573538,2030-11-15 14:00:00,6488.224303188743,7647
7647,0.0,0.6293984,0.7557734,2030-11-15 15:00:00,6665.613947855034,7648
7648,0.0,0.6092392,0.7464544,2030-11-15 16:00:00,6998.034076570015,7649
7649,0.0,0.5838466,0.7330186,2030-11-15 17:00:00,6871.231138330644,7650
7650,0.0,0.5520452,0.7073624,2030-11-15 18:00:00,6694.574803980329,7651
7651,0.0,0.5180404,0.6794904,2030-11-15 19:00:00,6440.73656722083,7652
7652,0.0,0.49144259999999995,0.6522553999999999,2030-11-15 20:00:00,6005.856230898526,7653
7653,0.0,0.4564788,0.612868,2030-11-15 21:00:00,5466.966134660854,7654
7654,0.0,0.4088322,0.5620772,2030-11-15 22:00:00,5021.199589124792,7655
7655,0.0,0.3613074,0.5121244,2030-11-15 23:00:00,4627.038143007757,7656
7656,0.0,0.3171432,0.4733954000000001,2030-11-16 00:00:00,4385.840652807825,7657
7657,0.0,0.28852900000000004,0.45176420000000006,2030-11-16 01:00:00,4245.524421412437,7658
7658,0.0,0.28820819999999997,0.44858200000000004,2030-11-16 02:00:00,4187.701114925179,7659
7659,0.0,0.29136599999999996,0.43827439999999995,2030-11-16 03:00:00,4229.640266407452,7660
7660,0.0,0.2616948,0.4108694,2030-11-16 04:00:00,4496.509206200938,7661
7661,0.0,0.2457358,0.38943779999999995,2030-11-16 05:00:00,5548.335528788752,7662
7662,0.0,0.2280042,0.36651320000000004,2030-11-16 06:00:00,6444.103233072408,7663
7663,0.0,0.21106980000000003,0.3453894,2030-11-16 07:00:00,6804.865457100275,7664
7664,0.001,0.1956554,0.3247084,2030-11-16 08:00:00,6797.393093667689,7665
7665,0.006,0.1754724,0.30678320000000003,2030-11-16 09:00:00,6692.650702520683,7666
7666,0.011,0.151349,0.2945872,2030-11-16 10:00:00,6459.08006875488,7667
7667,0.013,0.1459448,0.28114120000000004,2030-11-16 11:00:00,6219.8909922751645,7668
7668,0.012,0.14795419999999998,0.2810026,2030-11-16 12:00:00,6082.649071353633,7669
7669,0.006,0.157496,0.301822,2030-11-16 13:00:00,5991.9692725885525,7670
7670,0.001,0.19441840000000002,0.3400714,2030-11-16 14:00:00,5972.856911427323,7671
7671,0.0,0.24505559999999998,0.39499239999999997,2030-11-16 15:00:00,6167.716452532951,7672
7672,0.0,0.28243419999999997,0.434756,2030-11-16 16:00:00,6494.424857693759,7673
7673,0.0,0.31300359999999994,0.4585088,2030-11-16 17:00:00,6408.95627169786,7674
7674,0.0,0.3519492,0.4726718,2030-11-16 18:00:00,6229.342296097488,7675
7675,0.0,0.3863416,0.483472,2030-11-16 19:00:00,5998.947262959989,7676
7676,0.0,0.4240267999999999,0.49182840000000005,2030-11-16 20:00:00,5653.119894030514,7677
7677,0.0,0.4455604,0.4950724,2030-11-16 21:00:00,5230.870789638082,7678
7678,0.0,0.4514748,0.48787819999999993,2030-11-16 22:00:00,4893.617952683391,7679
7679,0.0,0.4396898,0.467191,2030-11-16 23:00:00,4521.086297690034,7680
7680,0.0,0.4102269999999999,0.44076839999999995,2030-11-17 00:00:00,4460.219881817822,7681
7681,0.0,0.37160580000000004,0.40720539999999994,2030-11-17 01:00:00,4302.685082726377,7682
7682,0.0,0.33353,0.38214940000000003,2030-11-17 02:00:00,4206.926948573571,7683
7683,0.0,0.2961014,0.3521766,2030-11-17 03:00:00,4130.837620834331,7684
7684,0.0,0.26919039999999994,0.3272428,2030-11-17 04:00:00,4080.745944904954,7685
7685,0.0,0.24899020000000002,0.3032024,2030-11-17 05:00:00,4751.816860594321,7686
7686,0.0,0.2281562,0.277406,2030-11-17 06:00:00,5529.5356293855775,7687
7687,0.006,0.20085039999999998,0.23785320000000004,2030-11-17 07:00:00,6030.1863148790035,7688
7688,0.05,0.16858620000000002,0.1955724,2030-11-17 08:00:00,6060.1421082481265,7689
7689,0.124,0.1371426,0.156746,2030-11-17 09:00:00,5896.113923328772,7690
7690,0.16,0.10306960000000001,0.11360440000000001,2030-11-17 10:00:00,5679.933895134321,7691
7691,0.173,0.0780146,0.08942999999999998,2030-11-17 11:00:00,5442.427513835763,7692
7692,0.147,0.0653194,0.078933,2030-11-17 12:00:00,5360.205406641639,7693
7693,0.076,0.05699799999999999,0.0739798,2030-11-17 13:00:00,5365.971169348724,7694
7694,0.023,0.0626518,0.09137560000000002,2030-11-17 14:00:00,5467.9825332048185,7695
7695,0.0,0.0837398,0.1211132,2030-11-17 15:00:00,5831.583138850396,7696
7696,0.0,0.10643060000000001,0.155697,2030-11-17 16:00:00,6326.940836670625,7697
7697,0.0,0.1333918,0.1898068,2030-11-17 17:00:00,6280.621117354465,7698
7698,0.0,0.1607496,0.2161626,2030-11-17 18:00:00,6145.784811942773,7699
7699,0.0,0.1807954,0.23608920000000003,2030-11-17 19:00:00,5959.445787552595,7700
7700,0.0,0.2038292,0.2627928,2030-11-17 20:00:00,5647.003310652553,7701
7701,0.0,0.22906599999999994,0.2697054,2030-11-17 21:00:00,5259.276542938653,7702
7702,0.0,0.25743039999999995,0.2801426,2030-11-17 22:00:00,4914.481191341997,7703
7703,0.0,0.27644399999999997,0.296385,2030-11-17 23:00:00,4531.247297475359,7704
7704,0.0,0.28024659999999996,0.3080946,2030-11-18 00:00:00,4244.0534820277235,7705
7705,0.0,0.2791284,0.32128919999999994,2030-11-18 01:00:00,4080.616189044208,7706
7706,0.0,0.2875738,0.3351184,2030-11-18 02:00:00,3984.64834344925,7707
7707,0.0,0.3124984,0.3622586,2030-11-18 03:00:00,3904.051974236055,7708
7708,0.0,0.35664360000000006,0.3932442,2030-11-18 04:00:00,3830.27020915122,7709
7709,0.0,0.3732022,0.41074920000000004,2030-11-18 05:00:00,4423.545734804883,7710
7710,0.0,0.367786,0.4153402,2030-11-18 06:00:00,5120.97873106818,7711
7711,0.0,0.3382158,0.4059798,2030-11-18 07:00:00,5559.923889116488,7712
7712,0.004,0.2945798,0.3829648,2030-11-18 08:00:00,5646.926129008241,7713
7713,0.015,0.2384234,0.35760120000000006,2030-11-18 09:00:00,5614.8508209014235,7714
7714,0.027,0.20308099999999998,0.3347694,2030-11-18 10:00:00,5467.954899510233,7715
7715,0.029,0.1723546,0.31866720000000004,2030-11-18 11:00:00,5291.600661520679,7716
7716,0.024,0.153969,0.3090398,2030-11-18 12:00:00,5260.347411327826,7717
7717,0.014,0.14540820000000002,0.31121299999999996,2030-11-18 13:00:00,5299.477838965706,7718
7718,0.002,0.1491724,0.3259522,2030-11-18 14:00:00,5354.975110330338,7719
7719,0.0,0.1602054,0.3450642,2030-11-18 15:00:00,5654.833966876935,7720
7720,0.0,0.1664404,0.3695014,2030-11-18 16:00:00,6088.620419907227,7721
7721,0.0,0.17117599999999997,0.4020028,2030-11-18 17:00:00,6068.993875714149,7722
7722,0.0,0.1833702,0.4318048,2030-11-18 18:00:00,5952.2057341002765,7723
7723,0.0,0.1998248,0.4483224,2030-11-18 19:00:00,5753.815457074228,7724
7724,0.0,0.22170839999999997,0.4639768,2030-11-18 20:00:00,5428.511087722496,7725
7725,0.0,0.2365316,0.48346619999999996,2030-11-18 21:00:00,5018.638586411974,7726
7726,0.0,0.2361624,0.4983054,2030-11-18 22:00:00,4708.17766112882,7727
7727,0.0,0.2458094,0.5057157999999999,2030-11-18 23:00:00,4381.5218336839735,7728
7728,0.0,0.27129820000000004,0.5176472000000001,2030-11-19 00:00:00,4289.826432049377,7729
7729,0.0,0.29847419999999997,0.5236651999999999,2030-11-19 01:00:00,4194.254910608832,7730
7730,0.0,0.3162032,0.5176116,2030-11-19 02:00:00,4180.917997990925,7731
7731,0.0,0.31248899999999996,0.49722479999999997,2030-11-19 03:00:00,4276.450276074054,7732
7732,0.0,0.29121800000000003,0.47517219999999993,2030-11-19 04:00:00,4585.703695566872,7733
7733,0.0,0.2763158,0.4641242,2030-11-19 05:00:00,5701.406615282371,7734
7734,0.0,0.24971620000000003,0.45406779999999997,2030-11-19 06:00:00,6656.097134093119,7735
7735,0.0,0.22515199999999996,0.4449566,2030-11-19 07:00:00,7072.660000699512,7736
7736,0.019,0.21017360000000002,0.4401802,2030-11-19 08:00:00,7054.404156334433,7737
7737,0.051,0.21492680000000003,0.4483738,2030-11-19 09:00:00,6874.653049600286,7738
7738,0.084,0.2325612,0.45960799999999996,2030-11-19 10:00:00,6633.457899295177,7739
7739,0.084,0.2473792,0.4657228,2030-11-19 11:00:00,6447.300681864573,7740
7740,0.069,0.2605702,0.46964480000000003,2030-11-19 12:00:00,6370.110742023161,7741
7741,0.038,0.26327540000000005,0.46312319999999996,2030-11-19 13:00:00,6307.017400050852,7742
7742,0.011,0.26021740000000004,0.4473292,2030-11-19 14:00:00,6259.296872670118,7743
7743,0.0,0.26182920000000004,0.4324452000000001,2030-11-19 15:00:00,6518.39338082338,7744
7744,0.0,0.25749520000000004,0.4125368000000001,2030-11-19 16:00:00,6871.78323742843,7745
7745,0.0,0.24848759999999998,0.3886968,2030-11-19 17:00:00,6754.14032188345,7746
7746,0.0,0.2343226,0.35986759999999995,2030-11-19 18:00:00,6582.339585816744,7747
7747,0.0,0.21816960000000002,0.3294106,2030-11-19 19:00:00,6320.388689894135,7748
7748,0.0,0.2013544,0.2983654,2030-11-19 20:00:00,5910.4211653755665,7749
7749,0.0,0.17871960000000003,0.2579568,2030-11-19 21:00:00,5392.565061755765,7750
7750,0.0,0.14457959999999997,0.2091578,2030-11-19 22:00:00,5003.802529624292,7751
7751,0.0,0.11069720000000001,0.15907300000000002,2030-11-19 23:00:00,4630.488765512505,7752
7752,0.0,0.0810296,0.11863660000000001,2030-11-20 00:00:00,4502.401899503412,7753
7753,0.0,0.055031,0.0860648,2030-11-20 01:00:00,4389.275180199357,7754
7754,0.0,0.036494,0.061155400000000006,2030-11-20 02:00:00,4367.868527303328,7755
7755,0.0,0.02369,0.0520564,2030-11-20 03:00:00,4449.82409063331,7756
7756,0.0,0.0184714,0.055221,2030-11-20 04:00:00,4767.4135349426815,7757
7757,0.0,0.019515200000000003,0.0578936,2030-11-20 05:00:00,5909.411356616115,7758
7758,0.0,0.024409800000000002,0.0611096,2030-11-20 06:00:00,6890.73920696629,7759
7759,0.004,0.0304896,0.0656506,2030-11-20 07:00:00,7300.603853097391,7760
7760,0.078,0.037892,0.0740838,2030-11-20 08:00:00,7236.151739435786,7761
7761,0.149,0.040997599999999995,0.07672140000000001,2030-11-20 09:00:00,6962.618757848204,7762
7762,0.189,0.038436399999999996,0.0754526,2030-11-20 10:00:00,6674.915481620092,7763
7763,0.185,0.037586999999999995,0.0763584,2030-11-20 11:00:00,6433.365388954198,7764
7764,0.146,0.042936600000000005,0.07930240000000001,2030-11-20 12:00:00,6372.896658934323,7765
7765,0.093,0.0537962,0.08837699999999998,2030-11-20 13:00:00,6315.705743038197,7766
7766,0.027,0.0733714,0.10996760000000001,2030-11-20 14:00:00,6311.81199864818,7767
7767,0.0,0.100763,0.1412598,2030-11-20 15:00:00,6580.873261214689,7768
7768,0.0,0.1314368,0.1744456,2030-11-20 16:00:00,6941.898472376377,7769
7769,0.0,0.15450740000000002,0.2047276,2030-11-20 17:00:00,6835.208801917327,7770
7770,0.0,0.1667766,0.2311172,2030-11-20 18:00:00,6668.388455173866,7771
7771,0.0,0.17532579999999998,0.2500276,2030-11-20 19:00:00,6412.58184295801,7772
7772,0.0,0.18972760000000002,0.258298,2030-11-20 20:00:00,6003.214079679892,7773
7773,0.0,0.19536959999999998,0.26493199999999995,2030-11-20 21:00:00,5485.657285808761,7774
7774,0.0,0.18744520000000003,0.2643976,2030-11-20 22:00:00,5070.440380180096,7775
7775,0.0,0.1749102,0.2587488,2030-11-20 23:00:00,4680.331857850684,7776
7776,0.0,0.1644438,0.25550799999999996,2030-11-21 00:00:00,4474.889445354351,7777
7777,0.0,0.154688,0.2533916,2030-11-21 01:00:00,4363.840848727352,7778
7778,0.0,0.14466700000000002,0.2437976,2030-11-21 02:00:00,4330.316415073221,7779
7779,0.0,0.129948,0.2285284,2030-11-21 03:00:00,4403.253190042713,7780
7780,0.0,0.12388759999999999,0.21715800000000002,2030-11-21 04:00:00,4699.756177781911,7781
7781,0.0,0.1224508,0.2098586,2030-11-21 05:00:00,5803.775076725921,7782
7782,0.0,0.1234186,0.20596260000000002,2030-11-21 06:00:00,6747.800473911747,7783
7783,0.0,0.1273578,0.21181140000000004,2030-11-21 07:00:00,7153.407938006294,7784
7784,0.027,0.1278036,0.22361140000000002,2030-11-21 08:00:00,7137.964777732132,7785
7785,0.066,0.11937539999999999,0.22908660000000003,2030-11-21 09:00:00,6944.759510971,7786
7786,0.09,0.10848520000000002,0.2255036,2030-11-21 10:00:00,6706.326592817919,7787
7787,0.081,0.1041578,0.22052339999999998,2030-11-21 11:00:00,6545.402745006292,7788
7788,0.061,0.10603,0.2203488,2030-11-21 12:00:00,6509.765714760912,7789
7789,0.034,0.1226938,0.23691559999999998,2030-11-21 13:00:00,6422.632990958947,7790
7790,0.008,0.1592308,0.2764158,2030-11-21 14:00:00,6394.010286220197,7791
7791,0.0,0.21024479999999998,0.33250080000000004,2030-11-21 15:00:00,6556.6677312940155,7792
7792,0.0,0.255313,0.37964119999999996,2030-11-21 16:00:00,6850.053364408432,7793
7793,0.0,0.2872844,0.40692520000000004,2030-11-21 17:00:00,6719.533884369442,7794
7794,0.0,0.31252939999999996,0.4233140000000001,2030-11-21 18:00:00,6538.4114534588,7795
7795,0.0,0.3145598,0.4256874,2030-11-21 19:00:00,6283.306600615035,7796
7796,0.0,0.3099032,0.4274286,2030-11-21 20:00:00,5873.514458091642,7797
7797,0.0,0.299825,0.4373342,2030-11-21 21:00:00,5365.328931308618,7798
7798,0.0,0.29652660000000003,0.4461875999999999,2030-11-21 22:00:00,4968.3236706870575,7799
7799,0.0,0.2987484,0.4507008,2030-11-21 23:00:00,4591.3549634568535,7800
7800,0.0,0.2999996,0.4464448,2030-11-22 00:00:00,4360.016951992481,7801
7801,0.0,0.2991786,0.44364800000000004,2030-11-22 01:00:00,4233.438232139304,7802
7802,0.0,0.2934008,0.4406574,2030-11-22 02:00:00,4191.842526377359,7803
7803,0.0,0.29614959999999996,0.4485505999999999,2030-11-22 03:00:00,4249.9782855499325,7804
7804,0.0,0.2968462,0.4601078,2030-11-22 04:00:00,4526.678488840547,7805
7805,0.0,0.2917634,0.46471340000000005,2030-11-22 05:00:00,5579.387662733077,7806
7806,0.0,0.2832228,0.459923,2030-11-22 06:00:00,6474.5827138538025,7807
7807,0.0,0.2737962,0.44501179999999996,2030-11-22 07:00:00,6837.689306838891,7808
7808,0.012,0.2542258,0.4231744,2030-11-22 08:00:00,6851.976549682709,7809
7809,0.042,0.225609,0.39018919999999996,2030-11-22 09:00:00,6729.797389624303,7810
7810,0.077,0.193894,0.3475408,2030-11-22 10:00:00,6496.1446906492665,7811
7811,0.109,0.17302499999999998,0.3152972,2030-11-22 11:00:00,6278.053312796913,7812
7812,0.112,0.1600822,0.29795239999999995,2030-11-22 12:00:00,6189.042052783367,7813
7813,0.073,0.15936219999999998,0.2917434,2030-11-22 13:00:00,6096.165491217727,7814
7814,0.021,0.1711142,0.307285,2030-11-22 14:00:00,6063.849600592931,7815
7815,0.0,0.19409400000000004,0.3398136,2030-11-22 15:00:00,6340.02046803301,7816
7816,0.0,0.21014059999999998,0.3688562,2030-11-22 16:00:00,6733.082841625416,7817
7817,0.0,0.2201074,0.39013620000000004,2030-11-22 17:00:00,6645.1707081268905,7818
7818,0.0,0.2207624,0.397555,2030-11-22 18:00:00,6483.212340235104,7819
7819,0.0,0.2230106,0.39180859999999995,2030-11-22 19:00:00,6232.132495623842,7820
7820,0.0,0.23353400000000005,0.37903180000000003,2030-11-22 20:00:00,5824.985801593482,7821
7821,0.0,0.24650599999999995,0.3732532,2030-11-22 21:00:00,5313.389792994917,7822
7822,0.0,0.261921,0.386273,2030-11-22 22:00:00,4895.9406340309415,7823
7823,0.0,0.28608979999999995,0.41785759999999994,2030-11-22 23:00:00,4517.841409948696,7824
7824,0.0,0.3109766,0.4461818,2030-11-23 00:00:00,4384.7039666849705,7825
7825,0.0,0.33251280000000005,0.46136859999999996,2030-11-23 01:00:00,4255.966326038325,7826
7826,0.0,0.34832640000000004,0.472091,2030-11-23 02:00:00,4213.26135292061,7827
7827,0.0,0.34724619999999995,0.482576,2030-11-23 03:00:00,4278.053317253642,7828
7828,0.0,0.3674856,0.5010852,2030-11-23 04:00:00,4567.665145951792,7829
7829,0.0,0.39412720000000007,0.5267478,2030-11-23 05:00:00,5638.746038816313,7830
7830,0.0,0.41377679999999994,0.5490250000000001,2030-11-23 06:00:00,6569.578604603257,7831
7831,0.0,0.4208134,0.5724508,2030-11-23 07:00:00,6974.500642024301,7832
7832,0.01,0.4230996,0.5823666,2030-11-23 08:00:00,6971.702305139571,7833
7833,0.026,0.420548,0.5776918,2030-11-23 09:00:00,6809.961290847949,7834
7834,0.036,0.4113196,0.5638131999999999,2030-11-23 10:00:00,6556.6365444028725,7835
7835,0.039,0.4080342,0.5601982000000001,2030-11-23 11:00:00,6284.54931805067,7836
7836,0.032,0.4086868,0.5724374,2030-11-23 12:00:00,6161.123047011501,7837
7837,0.021,0.4140307999999999,0.58858,2030-11-23 13:00:00,6076.780454456677,7838
7838,0.005,0.4285038,0.608591,2030-11-23 14:00:00,6081.424006237438,7839
7839,0.0,0.4509708,0.633968,2030-11-23 15:00:00,6315.658336875483,7840
7840,0.0,0.46978580000000003,0.6536082000000001,2030-11-23 16:00:00,6683.787208815602,7841
7841,0.0,0.48196279999999997,0.6603664,2030-11-23 17:00:00,6602.964257686428,7842
7842,0.0,0.47831340000000006,0.6541602,2030-11-23 18:00:00,6415.959786560926,7843
7843,0.0,0.4622908,0.6399085999999999,2030-11-23 19:00:00,6180.021758095877,7844
7844,0.0,0.440024,0.6202586,2030-11-23 20:00:00,5825.208770853702,7845
7845,0.0,0.4291682,0.6064222,2030-11-23 21:00:00,5386.700355445022,7846
7846,0.0,0.4273708,0.5974388,2030-11-23 22:00:00,4985.0929175696565,7847
7847,0.0,0.4316096,0.5940996000000001,2030-11-23 23:00:00,4602.026936845973,7848
7848,0.0,0.43848580000000004,0.5976718,2030-11-24 00:00:00,4477.732542187584,7849
7849,0.0,0.4467568,0.6029321999999999,2030-11-24 01:00:00,4339.609408205971,7850
7850,0.0,0.4539432,0.6089686,2030-11-24 02:00:00,4263.134787204869,7851
7851,0.0,0.45860220000000007,0.6125448,2030-11-24 03:00:00,4197.549398293647,7852
7852,0.0,0.46986339999999993,0.621647,2030-11-24 04:00:00,4132.535721368406,7853
7853,0.0,0.4780692,0.6290636000000001,2030-11-24 05:00:00,4763.733596445052,7854
7854,0.0,0.482455,0.630531,2030-11-24 06:00:00,5503.423971567094,7855
7855,0.0,0.48221179999999997,0.625571,2030-11-24 07:00:00,5986.703444453542,7856
7856,0.013,0.46971240000000003,0.6128311999999999,2030-11-24 08:00:00,6094.082123025559,7857
7857,0.041,0.443938,0.5909601999999999,2030-11-24 09:00:00,6006.768859692196,7858
7858,0.066,0.420725,0.5709076,2030-11-24 10:00:00,5848.150799100094,7859
7859,0.069,0.3986594,0.5508727999999999,2030-11-24 11:00:00,5613.146820250163,7860
7860,0.057,0.3768072,0.5339494,2030-11-24 12:00:00,5567.833274765371,7861
7861,0.03,0.3631014,0.5241846000000001,2030-11-24 13:00:00,5570.824122232731,7862
7862,0.006,0.3508144,0.5223783999999999,2030-11-24 14:00:00,5636.7485574124385,7863
7863,0.0,0.35626860000000005,0.5339456,2030-11-24 15:00:00,5903.955131306724,7864
7864,0.0,0.361514,0.539528,2030-11-24 16:00:00,6310.391856360926,7865
7865,0.0,0.3498454,0.5281458,2030-11-24 17:00:00,6261.879062074902,7866
7866,0.0,0.32679020000000003,0.5089296,2030-11-24 18:00:00,6103.149355093681,7867
7867,0.0,0.30050540000000003,0.4806372,2030-11-24 19:00:00,5907.0238710751455,7868
7868,0.0,0.27392120000000003,0.447025,2030-11-24 20:00:00,5594.265820587774,7869
7869,0.0,0.25202979999999997,0.4129564,2030-11-24 21:00:00,5213.0335848374525,7870
7870,0.0,0.2362808,0.3799206,2030-11-24 22:00:00,4886.497809595958,7871
7871,0.0,0.21510600000000002,0.3500452,2030-11-24 23:00:00,4512.6812780000855,7872
7872,0.0,0.1963546,0.3238168,2030-11-25 00:00:00,4346.723867971113,7873
7873,0.0,0.1845372,0.29732159999999996,2030-11-25 01:00:00,4194.304383704451,7874
7874,0.0,0.17081079999999998,0.27283779999999996,2030-11-25 02:00:00,4097.042847464286,7875
7875,0.0,0.16423459999999998,0.2619414,2030-11-25 03:00:00,4017.2027758465233,7876
7876,0.0,0.16653459999999998,0.269314,2030-11-25 04:00:00,3941.303063013352,7877
7877,0.0,0.17343999999999998,0.27934760000000003,2030-11-25 05:00:00,4563.733510265845,7878
7878,0.0,0.18214840000000002,0.2859896,2030-11-25 06:00:00,5299.658613563866,7879
7879,0.0,0.1892304,0.2845052,2030-11-25 07:00:00,5779.55680169353,7880
7880,0.004,0.18771480000000001,0.2729514,2030-11-25 08:00:00,5898.3134013684175,7881
7881,0.013,0.17762099999999997,0.25692879999999996,2030-11-25 09:00:00,5890.826887366638,7882
7882,0.019,0.16108840000000002,0.23418139999999998,2030-11-25 10:00:00,5774.735578514261,7883
7883,0.02,0.142537,0.2069014,2030-11-25 11:00:00,5611.793313859342,7884
7884,0.017,0.1300204,0.18680159999999998,2030-11-25 12:00:00,5579.505202650715,7885
7885,0.009,0.12409179999999997,0.1784196,2030-11-25 13:00:00,5591.447973123237,7886
7886,0.001,0.12716639999999999,0.1844082,2030-11-25 14:00:00,5682.228294024246,7887
7887,0.0,0.1373802,0.20231539999999998,2030-11-25 15:00:00,5963.261855501268,7888
7888,0.0,0.14536,0.22140560000000004,2030-11-25 16:00:00,6392.316349449462,7889
7889,0.0,0.147438,0.2343154,2030-11-25 17:00:00,6384.826452314757,7890
7890,0.0,0.14851,0.239921,2030-11-25 18:00:00,6273.903641753181,7891
7891,0.0,0.14689780000000002,0.23994179999999998,2030-11-25 19:00:00,6079.790276670199,7892
7892,0.0,0.1386368,0.23450420000000002,2030-11-25 20:00:00,5750.189514324415,7893
7893,0.0,0.1304644,0.226635,2030-11-25 21:00:00,5326.422104605163,7894
7894,0.0,0.1264798,0.2159412,2030-11-25 22:00:00,4986.306358080525,7895
7895,0.0,0.1225544,0.2037776,2030-11-25 23:00:00,4636.335894458396,7896
7896,0.0,0.1169216,0.1926322,2030-11-26 00:00:00,4432.4962071466425,7897
7897,0.0,0.11274580000000001,0.18561480000000002,2030-11-26 01:00:00,4316.536247230002,7898
7898,0.0,0.1111808,0.18248199999999998,2030-11-26 02:00:00,4278.913187789579,7899
7899,0.0,0.11006399999999998,0.1812048,2030-11-26 03:00:00,4342.998132757923,7900
7900,0.0,0.11345379999999998,0.18870720000000002,2030-11-26 04:00:00,4630.040096472707,7901
7901,0.0,0.12344580000000001,0.2058386,2030-11-26 05:00:00,5718.668555968391,7902
7902,0.0,0.130689,0.22281779999999998,2030-11-26 06:00:00,6664.949978348512,7903
7903,0.0,0.140223,0.24488420000000005,2030-11-26 07:00:00,7082.841705488259,7904
7904,0.005,0.14354459999999997,0.2522738,2030-11-26 08:00:00,7098.576611152503,7905
7905,0.019,0.13724319999999998,0.2509552,2030-11-26 09:00:00,7000.852914202428,7906
7906,0.03,0.12789080000000003,0.24257380000000003,2030-11-26 10:00:00,6816.30618575651,7907
7907,0.03,0.1181844,0.2276158,2030-11-26 11:00:00,6654.613163443701,7908
7908,0.023,0.10519020000000001,0.21147339999999998,2030-11-26 12:00:00,6608.558619271014,7909
7909,0.011,0.0978952,0.20492499999999997,2030-11-26 13:00:00,6498.413484577324,7910
7910,0.001,0.1043278,0.21342460000000002,2030-11-26 14:00:00,6453.305836128225,7911
7911,0.0,0.12101700000000001,0.22785819999999996,2030-11-26 15:00:00,6653.584049094651,7912
7912,0.0,0.1352062,0.23551640000000001,2030-11-26 16:00:00,6975.68524929958,7913
7913,0.0,0.14354340000000002,0.23825339999999998,2030-11-26 17:00:00,6865.584448410898,7914
7914,0.0,0.14933939999999998,0.23883680000000002,2030-11-26 18:00:00,6686.54889465568,7915
7915,0.0,0.15213939999999998,0.24039899999999997,2030-11-26 19:00:00,6422.610676806627,7916
7916,0.0,0.1551902,0.2394904,2030-11-26 20:00:00,6008.501929175932,7917
7917,0.0,0.15398060000000002,0.240929,2030-11-26 21:00:00,5487.511460418123,7918
7918,0.0,0.149655,0.2362184,2030-11-26 22:00:00,5072.697301319151,7919
7919,0.0,0.13861439999999997,0.2308958,2030-11-26 23:00:00,4682.265079003881,7920
7920,0.0,0.1330478,0.23203419999999997,2030-11-27 00:00:00,4400.599200152588,7921
7921,0.0,0.1338216,0.23840460000000002,2030-11-27 01:00:00,4261.968432675495,7922
7922,0.0,0.14228659999999999,0.2420052,2030-11-27 02:00:00,4214.753990861971,7923
7923,0.0,0.1506396,0.24572439999999998,2030-11-27 03:00:00,4265.248872881841,7924
7924,0.0,0.1588908,0.24601540000000002,2030-11-27 04:00:00,4538.386656824936,7925
7925,0.0,0.16757360000000002,0.2485014,2030-11-27 05:00:00,5588.198924246318,7926
7926,0.0,0.173404,0.2540164,2030-11-27 06:00:00,6480.36097836787,7927
7927,0.0,0.1876208,0.27183959999999996,2030-11-27 07:00:00,6851.839269425393,7928
7928,0.004,0.2036066,0.2921408,2030-11-27 08:00:00,6847.549186798382,7929
7929,0.013,0.21219320000000003,0.305767,2030-11-27 09:00:00,6720.517405615521,7930
7930,0.023,0.20666159999999997,0.3175848,2030-11-27 10:00:00,6540.91956681209,7931
7931,0.025,0.209138,0.3276826,2030-11-27 11:00:00,6374.13571941565,7932
7932,0.019,0.229488,0.34978040000000005,2030-11-27 12:00:00,6367.027724013116,7933
7933,0.008,0.2546936,0.3847714,2030-11-27 13:00:00,6321.870937816112,7934
7934,0.0,0.2804408,0.4208337999999999,2030-11-27 14:00:00,6316.390034677124,7935
7935,0.0,0.300192,0.4515034,2030-11-27 15:00:00,6513.102757696919,7936
7936,0.0,0.3030294,0.46971419999999997,2030-11-27 16:00:00,6810.592089957303,7937
7937,0.0,0.29122879999999995,0.46840480000000007,2030-11-27 17:00:00,6708.983322927383,7938
7938,0.0,0.2757698,0.46526200000000006,2030-11-27 18:00:00,6541.365563719566,7939
7939,0.0,0.26631020000000005,0.4420664,2030-11-27 19:00:00,6286.557195758824,7940
7940,0.0,0.24454740000000003,0.4018578,2030-11-27 20:00:00,5880.0168577934855,7941
7941,0.0,0.21377459999999998,0.3537716,2030-11-27 21:00:00,5376.969666991643,7942
7942,0.0,0.1917694,0.31412359999999995,2030-11-27 22:00:00,4966.0600535017165,7943
7943,0.0,0.17258020000000002,0.2827694,2030-11-27 23:00:00,4577.22507848153,7944
7944,0.0,0.166554,0.2692846,2030-11-28 00:00:00,4383.958673694511,7945
7945,0.0,0.16596400000000003,0.270332,2030-11-28 01:00:00,4266.6493710305895,7946
7946,0.0,0.168768,0.27764059999999996,2030-11-28 02:00:00,4220.778419852382,7947
7947,0.0,0.17649200000000004,0.29108839999999997,2030-11-28 03:00:00,4273.659917560783,7948
7948,0.0,0.1928846,0.3151674,2030-11-28 04:00:00,4540.389197546842,7949
7949,0.0,0.2126544,0.3391264,2030-11-28 05:00:00,5575.581335298704,7950
7950,0.0,0.21894199999999997,0.3517246,2030-11-28 06:00:00,6458.091395780482,7951
7951,0.0,0.2099338,0.346027,2030-11-28 07:00:00,6827.82583663319,7952
7952,0.006,0.195804,0.3368712,2030-11-28 08:00:00,6837.5730617826985,7953
7953,0.022,0.197527,0.3367552,2030-11-28 09:00:00,6710.0830214065045,7954
7954,0.031,0.1906272,0.33557500000000007,2030-11-28 10:00:00,6491.137995901727,7955
7955,0.03,0.199091,0.3398454000000001,2030-11-28 11:00:00,6323.559025259448,7956
7956,0.024,0.20318899999999998,0.3531318,2030-11-28 12:00:00,6319.417937984996,7957
7957,0.015,0.20756739999999999,0.36741159999999995,2030-11-28 13:00:00,6269.125301752367,7958
7958,0.003,0.22513860000000002,0.390859,2030-11-28 14:00:00,6244.0707008146055,7959
7959,0.0,0.2461576,0.41191320000000003,2030-11-28 15:00:00,6429.665122832586,7960
7960,0.0,0.25316900000000003,0.4235614,2030-11-28 16:00:00,6744.3111853184355,7961
7961,0.0,0.261254,0.43284599999999995,2030-11-28 17:00:00,6665.605205401047,7962
7962,0.0,0.2701766,0.45233860000000004,2030-11-28 18:00:00,6524.526563592246,7963
7963,0.0,0.28679299999999996,0.48683160000000003,2030-11-28 19:00:00,6307.498499167581,7964
7964,0.0,0.3035852,0.5243331999999999,2030-11-28 20:00:00,5940.049576551767,7965
7965,0.0,0.32899500000000004,0.5572934,2030-11-28 21:00:00,5473.1838375883435,7966
7966,0.0,0.3632878,0.582474,2030-11-28 22:00:00,5107.009854980533,7967
7967,0.0,0.3907578,0.5916932000000001,2030-11-28 23:00:00,4761.59487545943,7968
7968,0.0,0.43555099999999997,0.613178,2030-11-29 00:00:00,4868.574176725357,7969
7969,0.0,0.484828,0.649395,2030-11-29 01:00:00,4791.588202693008,7970
7970,0.0,0.5346104,0.6818337999999999,2030-11-29 02:00:00,4832.526393731284,7971
7971,0.0,0.5846388,0.7104337999999999,2030-11-29 03:00:00,4976.873103140332,7972
7972,0.0,0.6200424,0.7280260000000001,2030-11-29 04:00:00,5316.425990374605,7973
7973,0.0,0.6439693999999999,0.7365274,2030-11-29 05:00:00,6440.947878290336,7974
7974,0.0,0.6666932000000001,0.7357478000000001,2030-11-29 06:00:00,7381.439526578039,7975
7975,0.0,0.6647776000000001,0.7280165999999999,2030-11-29 07:00:00,7815.753744738364,7976
7976,0.069,0.6327657999999999,0.7155476000000001,2030-11-29 08:00:00,7810.656761329513,7977
7977,0.189,0.5810042,0.6924984000000001,2030-11-29 09:00:00,7572.154907120574,7978
7978,0.272,0.5288302,0.6569836,2030-11-29 10:00:00,7304.1202883317965,7979
7979,0.314,0.4933986,0.6166427999999999,2030-11-29 11:00:00,6993.194979298185,7980
7980,0.288,0.47673380000000004,0.5908644,2030-11-29 12:00:00,6849.672315542044,7981
7981,0.204,0.4580018,0.5855546,2030-11-29 13:00:00,6719.486724583645,7982
7982,0.07,0.43592440000000005,0.588105,2030-11-29 14:00:00,6682.771296562501,7983
7983,0.0,0.41043419999999997,0.5800432,2030-11-29 15:00:00,7034.047431638644,7984
7984,0.0,0.38215679999999996,0.559409,2030-11-29 16:00:00,7450.831989693479,7985
7985,0.0,0.3568344,0.5348158,2030-11-29 17:00:00,7403.606191119177,7986
7986,0.0,0.33848140000000004,0.5133934,2030-11-29 18:00:00,7276.132145175072,7987
7987,0.0,0.31966939999999994,0.4909532,2030-11-29 19:00:00,7063.709864956642,7988
7988,0.0,0.30263739999999995,0.4693384,2030-11-29 20:00:00,6672.463888159954,7989
7989,0.0,0.2906326,0.4506317999999999,2030-11-29 21:00:00,6155.695392646809,7990
7990,0.0,0.28211719999999996,0.43878400000000006,2030-11-29 22:00:00,5716.496943397125,7991
7991,0.0,0.2817444,0.4350146,2030-11-29 23:00:00,5329.039260280775,7992
7992,0.0,0.2841774,0.431062,2030-11-30 00:00:00,5190.789030350441,7993
7993,0.0,0.2861116,0.4244,2030-11-30 01:00:00,5084.557614036307,7994
7994,0.0,0.28964639999999997,0.4192136000000001,2030-11-30 02:00:00,5057.112601659811,7995
7995,0.0,0.27863000000000004,0.40507119999999996,2030-11-30 03:00:00,5109.590022104504,7996
7996,0.0,0.26475119999999996,0.385404,2030-11-30 04:00:00,5380.443286309854,7997
7997,0.0,0.2545662,0.36857560000000006,2030-11-30 05:00:00,6476.67337912604,7998
7998,0.0,0.24214839999999999,0.3514986,2030-11-30 06:00:00,7447.390347637882,7999
7999,0.001,0.22946719999999998,0.3322488,2030-11-30 07:00:00,7903.2353348092865,8000
8000,0.076,0.2122544,0.3094596,2030-11-30 08:00:00,7883.809074318307,8001
8001,0.193,0.1923928,0.29324959999999994,2030-11-30 09:00:00,7502.071953467226,8002
8002,0.265,0.17429619999999998,0.2836464,2030-11-30 10:00:00,7063.638683374453,8003
8003,0.274,0.16777579999999997,0.27904159999999995,2030-11-30 11:00:00,6685.900254707513,8004
8004,0.224,0.1624622,0.2704114,2030-11-30 12:00:00,6457.5195154732755,8005
8005,0.136,0.155838,0.25419840000000005,2030-11-30 13:00:00,6332.359403706641,8006
8006,0.035,0.14990019999999998,0.23460359999999997,2030-11-30 14:00:00,6398.428803328507,8007
8007,0.0,0.13459379999999999,0.20907499999999998,2030-11-30 15:00:00,6837.01538860523,8008
8008,0.0,0.1166696,0.1841518,2030-11-30 16:00:00,7274.358200071179,8009
8009,0.0,0.1012094,0.1642576,2030-11-30 17:00:00,7235.359588462223,8010
8010,0.0,0.0881826,0.14877579999999999,2030-11-30 18:00:00,7083.74600993196,8011
8011,0.0,0.077969,0.13590019999999997,2030-11-30 19:00:00,6886.116320563188,8012
8012,0.0,0.0712006,0.1248598,2030-11-30 20:00:00,6576.752715535489,8013
8013,0.0,0.06736,0.1156396,2030-11-30 21:00:00,6135.414767637375,8014
8014,0.0,0.0678826,0.10951200000000001,2030-11-30 22:00:00,5754.879980308353,8015
8015,0.0,0.0738958,0.11045780000000001,2030-11-30 23:00:00,5346.868860974774,8016
8016,0.0,0.08375859999999999,0.1180172,2030-12-01 00:00:00,5504.942091857198,8017
8017,0.0,0.0945864,0.128515,2030-12-01 01:00:00,5332.34108738835,8018
8018,0.0,0.10253700000000002,0.13856380000000001,2030-12-01 02:00:00,5239.116038069734,8019
8019,0.0,0.10591279999999999,0.1470542,2030-12-01 03:00:00,5212.193014347586,8020
8020,0.0,0.1046214,0.15321659999999998,2030-12-01 04:00:00,5201.505796909066,8021
8021,0.0,0.10247260000000002,0.1560976,2030-12-01 05:00:00,5953.359325921549,8022
8022,0.0,0.10333999999999999,0.15909120000000004,2030-12-01 06:00:00,6822.31101122906,8023
8023,0.0,0.1052386,0.1630314,2030-12-01 07:00:00,7401.834411161819,8024
8024,0.023,0.1079386,0.16819159999999997,2030-12-01 08:00:00,7428.432989780065,8025
8025,0.067,0.11180759999999998,0.18141219999999997,2030-12-01 09:00:00,7124.464054287098,8026
8026,0.093,0.12212320000000002,0.2105216,2030-12-01 10:00:00,6806.514780967278,8027
8027,0.093,0.14209140000000003,0.2558762,2030-12-01 11:00:00,6481.021337169323,8028
8028,0.073,0.17598439999999999,0.3072182,2030-12-01 12:00:00,6351.9984555931715,8029
8029,0.034,0.2148682,0.35583599999999993,2030-12-01 13:00:00,6364.813717066265,8030
8030,0.005,0.24471160000000003,0.3960348,2030-12-01 14:00:00,6450.102746208756,8031
8031,0.0,0.26459920000000003,0.4255134,2030-12-01 15:00:00,6785.946151976148,8032
8032,0.0,0.2782826,0.44100419999999996,2030-12-01 16:00:00,7163.944075998659,8033
8033,0.0,0.27350820000000003,0.4399824,2030-12-01 17:00:00,7114.196106859473,8034
8034,0.0,0.2701502,0.4283512,2030-12-01 18:00:00,6984.303207012577,8035
8035,0.0,0.2670598,0.41092300000000004,2030-12-01 19:00:00,6814.292589394188,8036
8036,0.0,0.26540400000000003,0.39899979999999996,2030-12-01 20:00:00,6514.348999940443,8037
8037,0.0,0.27428980000000003,0.4023,2030-12-01 21:00:00,6098.8733950880105,8038
8038,0.0,0.2924572,0.413746,2030-12-01 22:00:00,5772.164727198944,8039
8039,0.0,0.30492179999999997,0.42544259999999995,2030-12-01 23:00:00,5355.942508433888,8040
8040,0.0,0.3199962,0.44595700000000005,2030-12-02 00:00:00,5166.042110845594,8041
8041,0.0,0.3245648,0.46134520000000007,2030-12-02 01:00:00,5023.582366375042,8042
8042,0.0,0.320547,0.46662420000000004,2030-12-02 02:00:00,4926.694994633817,8043
8043,0.0,0.3079764,0.4594704,2030-12-02 03:00:00,4851.895268611094,8044
8044,0.0,0.3015882,0.45695319999999995,2030-12-02 04:00:00,4801.155765728695,8045
8045,0.0,0.3058278,0.465094,2030-12-02 05:00:00,5500.233329079529,8046
8046,0.0,0.316168,0.4776923999999999,2030-12-02 06:00:00,6334.707092600205,8047
8047,0.0,0.31733779999999995,0.47963680000000003,2030-12-02 07:00:00,6904.380477345158,8048
8048,0.059,0.32076,0.4799268,2030-12-02 08:00:00,6927.501641429498,8049
8049,0.166,0.314291,0.4756984,2030-12-02 09:00:00,6689.9748442329665,8050
8050,0.236,0.31683000000000006,0.46789800000000004,2030-12-02 10:00:00,6446.46892250643,8051
8051,0.199,0.3151822,0.4544084,2030-12-02 11:00:00,6188.6518832973925,8052
8052,0.158,0.3091731999999999,0.4381202,2030-12-02 12:00:00,6144.882146621932,8053
8053,0.118,0.292844,0.41139280000000006,2030-12-02 13:00:00,6177.972609950311,8054
8054,0.037,0.27377799999999997,0.3799498,2030-12-02 14:00:00,6298.10558425716,8055
8055,0.0,0.2645282,0.35608080000000003,2030-12-02 15:00:00,6793.881943765976,8056
8056,0.0,0.2461916,0.3245816,2030-12-02 16:00:00,7289.885534653846,8057
8057,0.0,0.208577,0.2821122,2030-12-02 17:00:00,7341.086912706114,8058
8058,0.0,0.1658152,0.2327798,2030-12-02 18:00:00,7269.5795373180645,8059
8059,0.0,0.1281496,0.18138459999999998,2030-12-02 19:00:00,7145.051627675146,8060
8060,0.0,0.0968198,0.1373002,2030-12-02 20:00:00,6864.150661578654,8061
8061,0.0,0.079389,0.11547320000000001,2030-12-02 21:00:00,6428.4545311663605,8062
8062,0.0,0.0717222,0.11035220000000001,2030-12-02 22:00:00,6068.8638336230815,8063
8063,0.0,0.0664686,0.1097598,2030-12-02 23:00:00,5695.055873526908,8064
8064,0.0,0.0686848,0.1188096,2030-12-03 00:00:00,5413.177772917397,8065
8065,0.0,0.07124559999999999,0.1396142,2030-12-03 01:00:00,5317.14948821592,8066
8066,0.0,0.07649599999999998,0.1703624,2030-12-03 02:00:00,5294.474988892388,8067
8067,0.0,0.0854944,0.19735439999999999,2030-12-03 03:00:00,5365.488542897319,8068
8068,0.0,0.1076668,0.2235414,2030-12-03 04:00:00,5632.501307389264,8069
8069,0.0,0.1320452,0.2457012,2030-12-03 05:00:00,6750.620721201205,8070
8070,0.0,0.1745584,0.28650919999999996,2030-12-03 06:00:00,7752.042845010305,8071
8071,0.0,0.21833019999999997,0.3363446,2030-12-03 07:00:00,8197.853360809822,8072
8072,0.004,0.2417318,0.37822,2030-12-03 08:00:00,8051.034199543585,8073
8073,0.009,0.2645512,0.404575,2030-12-03 09:00:00,7709.296782962834,8074
8074,0.013,0.285948,0.4317214,2030-12-03 10:00:00,7411.478417029054,8075
8075,0.009,0.3294822,0.4637684,2030-12-03 11:00:00,7195.933686100363,8076
8076,0.005,0.3929062,0.5067628,2030-12-03 12:00:00,7128.791194620889,8077
8077,0.002,0.4192717999999999,0.5372606,2030-12-03 13:00:00,7082.36526444954,8078
8078,0.0,0.45176920000000004,0.5601558000000001,2030-12-03 14:00:00,7005.274770433414,8079
8079,0.0,0.49401779999999995,0.5685312,2030-12-03 15:00:00,7152.829835301693,8080
8080,0.0,0.5051650000000001,0.5681236000000001,2030-12-03 16:00:00,7407.107202130414,8081
8081,0.0,0.492897,0.5668726,2030-12-03 17:00:00,7289.825689245956,8082
8082,0.0,0.47690479999999996,0.5578016,2030-12-03 18:00:00,7117.593067315514,8083
8083,0.0,0.4707248,0.5542568000000001,2030-12-03 19:00:00,6861.5314987244765,8084
8084,0.0,0.4567634,0.5501006,2030-12-03 20:00:00,6449.503770676556,8085
8085,0.0,0.44216639999999996,0.5405544000000001,2030-12-03 21:00:00,5907.155688051563,8086
8086,0.0,0.42138299999999995,0.5167942,2030-12-03 22:00:00,5496.502332178245,8087
8087,0.0,0.40204639999999997,0.49508979999999997,2030-12-03 23:00:00,5083.631868670159,8088
8088,0.0,0.3842,0.4764622,2030-12-04 00:00:00,4770.820375069974,8089
8089,0.0,0.3695894,0.4688496,2030-12-04 01:00:00,4627.629282324402,8090
8090,0.0,0.362725,0.46051600000000004,2030-12-04 02:00:00,4573.990961622481,8091
8091,0.0,0.35136500000000004,0.44253219999999993,2030-12-04 03:00:00,4643.366365920978,8092
8092,0.0,0.33593480000000003,0.4252034,2030-12-04 04:00:00,4944.950383411975,8093
8093,0.0,0.3232068,0.4156568,2030-12-04 05:00:00,6047.5237660050225,8094
8094,0.0,0.3164606,0.41015100000000004,2030-12-04 06:00:00,7003.42440217022,8095
8095,0.0,0.30868599999999996,0.4031176,2030-12-04 07:00:00,7449.370782299075,8096
8096,0.023,0.30229399999999995,0.400605,2030-12-04 08:00:00,7390.296400931884,8097
8097,0.071,0.2908286,0.39962280000000006,2030-12-04 09:00:00,7121.056599717187,8098
8098,0.101,0.2914098,0.40769659999999996,2030-12-04 10:00:00,6816.531049563602,8099
8099,0.093,0.3071034,0.42673179999999994,2030-12-04 11:00:00,6600.789375643128,8100
8100,0.063,0.3246276,0.44637380000000004,2030-12-04 12:00:00,6535.24854480676,8101
8101,0.027,0.3330444,0.4548878,2030-12-04 13:00:00,6470.648790294395,8102
8102,0.004,0.331618,0.4576402,2030-12-04 14:00:00,6480.337097120913,8103
8103,0.0,0.3231082,0.46521540000000006,2030-12-04 15:00:00,6826.9984293834095,8104
8104,0.0,0.3190488,0.47254939999999995,2030-12-04 16:00:00,7166.454750225756,8105
8105,0.0,0.3196982,0.48634700000000003,2030-12-04 17:00:00,7081.329179819408,8106
8106,0.0,0.32073260000000003,0.49435779999999996,2030-12-04 18:00:00,6948.275608733672,8107
8107,0.0,0.328162,0.506454,2030-12-04 19:00:00,6714.589796798355,8108
8108,0.0,0.33134319999999995,0.5176436000000001,2030-12-04 20:00:00,6311.06332289159,8109
8109,0.0,0.3394806,0.5357457999999999,2030-12-04 21:00:00,5795.900735511428,8110
8110,0.0,0.3500552,0.5498238000000001,2030-12-04 22:00:00,5375.38013197565,8111
8111,0.0,0.3630576,0.5573940000000001,2030-12-04 23:00:00,4975.700421525865,8112
8112,0.0,0.3714962,0.5561185999999999,2030-12-05 00:00:00,4840.408901548177,8113
8113,0.0,0.37349,0.5557038000000001,2030-12-05 01:00:00,4713.460755960698,8114
8114,0.0,0.3853376,0.5567157999999999,2030-12-05 02:00:00,4657.441356862679,8115
8115,0.0,0.3946678,0.5608167999999999,2030-12-05 03:00:00,4719.187529070526,8116
8116,0.0,0.4062034,0.5679054,2030-12-05 04:00:00,5025.219269279472,8117
8117,0.0,0.41789619999999994,0.5806536,2030-12-05 05:00:00,6126.814602092375,8118
8118,0.0,0.4295624,0.5937796,2030-12-05 06:00:00,7082.837984559644,8119
8119,0.0,0.4377512,0.6121454,2030-12-05 07:00:00,7531.901434194084,8120
8120,0.017,0.44911200000000007,0.6293438,2030-12-05 08:00:00,7479.611407616116,8121
8121,0.061,0.4764638,0.6509066000000001,2030-12-05 09:00:00,7243.645278258591,8122
8122,0.104,0.5082874000000001,0.6700063999999999,2030-12-05 10:00:00,6958.074633609627,8123
8123,0.109,0.5289644,0.6842988,2030-12-05 11:00:00,6759.087780774106,8124
8124,0.058,0.5428274,0.6930738,2030-12-05 12:00:00,6708.439564284,8125
8125,0.02,0.5481779999999999,0.7059666,2030-12-05 13:00:00,6655.34714088044,8126
8126,0.002,0.5649916,0.7226538,2030-12-05 14:00:00,6662.593998217753,8127
8127,0.0,0.5964066,0.7544422000000001,2030-12-05 15:00:00,6955.679492249297,8128
8128,0.0,0.6356864,0.7899716000000001,2030-12-05 16:00:00,7253.9901186751995,8129
8129,0.0,0.6743248,0.8154262000000001,2030-12-05 17:00:00,7166.51594269686,8130
8130,0.0,0.7002044,0.8322012000000001,2030-12-05 18:00:00,7037.381518101189,8131
8131,0.0,0.7346646,0.8501602,2030-12-05 19:00:00,6832.361426181141,8132
8132,0.0,0.7695702000000001,0.8701378,2030-12-05 20:00:00,6471.907685831295,8133
8133,0.0,0.8091666,0.8899958,2030-12-05 21:00:00,5985.112970589011,8134
8134,0.0,0.8402486,0.9091822,2030-12-05 22:00:00,5620.811175007916,8135
8135,0.0,0.8655605999999999,0.9250581999999999,2030-12-05 23:00:00,5253.337958365754,8136
8136,0.0,0.8843308000000001,0.9384696,2030-12-06 00:00:00,5053.436214670313,8137
8137,0.0,0.892892,0.9451384,2030-12-06 01:00:00,4926.765323780028,8138
8138,0.0,0.8914584,0.9431656,2030-12-06 02:00:00,4834.165077483085,8139
8139,0.0,0.8805652,0.9279428,2030-12-06 03:00:00,4842.066133685552,8140
8140,0.0,0.8528271999999999,0.8985108,2030-12-06 04:00:00,5095.473661716677,8141
8141,0.0,0.8123392,0.8556469999999999,2030-12-06 05:00:00,6093.583730270271,8142
8142,0.0,0.756469,0.8071002,2030-12-06 06:00:00,6931.046953984349,8143
8143,0.0,0.702394,0.7639471999999999,2030-12-06 07:00:00,7310.862723297072,8144
8144,0.002,0.6460011999999999,0.7229361999999999,2030-12-06 08:00:00,7209.526822663039,8145
8145,0.01,0.5909249999999999,0.6842286,2030-12-06 09:00:00,7002.9910639130885,8146
8146,0.017,0.5454246,0.6579632,2030-12-06 10:00:00,6784.7461956307525,8147
8147,0.016,0.5010296,0.6385448,2030-12-06 11:00:00,6661.98111526325,8148
8148,0.012,0.5037588000000001,0.6441117999999999,2030-12-06 12:00:00,6642.754853513563,8149
8149,0.004,0.5125488,0.6433137999999999,2030-12-06 13:00:00,6592.750018781314,8150
8150,0.0,0.512954,0.6497963999999999,2030-12-06 14:00:00,6598.196961707793,8151
8151,0.0,0.5125836,0.6526339999999999,2030-12-06 15:00:00,6768.298114783536,8152
8152,0.0,0.5205712,0.6593912,2030-12-06 16:00:00,7025.533336221502,8153
8153,0.0,0.528738,0.6677178,2030-12-06 17:00:00,6939.962651018231,8154
8154,0.0,0.5514474,0.6815469999999999,2030-12-06 18:00:00,6803.653315474866,8155
8155,0.0,0.5705956000000001,0.6783862,2030-12-06 19:00:00,6584.72356614039,8156
8156,0.0,0.5566728,0.664582,2030-12-06 20:00:00,6180.610404320294,8157
8157,0.0,0.5409162000000001,0.645651,2030-12-06 21:00:00,5642.303777908241,8158
8158,0.0,0.5182768,0.6323886,2030-12-06 22:00:00,5210.555058566462,8159
8159,0.0,0.4878588,0.6375556,2030-12-06 23:00:00,4805.64094597638,8160
8160,0.0,0.46418919999999997,0.657554,2030-12-07 00:00:00,4732.500532827298,8161
8161,0.0,0.4611732,0.666699,2030-12-07 01:00:00,4602.313522606578,8162
8162,0.0,0.47630940000000005,0.663864,2030-12-07 02:00:00,4552.527142992069,8163
8163,0.0,0.5031017999999999,0.6711336,2030-12-07 03:00:00,4621.965384216678,8164
8164,0.0,0.5306136,0.6775116000000001,2030-12-07 04:00:00,4950.322846243955,8165
8165,0.0,0.546864,0.6958972,2030-12-07 05:00:00,6032.854383568954,8166
8166,0.0,0.5435424,0.7020844,2030-12-07 06:00:00,6975.170020115609,8167
8167,0.0,0.5572094,0.7093925999999999,2030-12-07 07:00:00,7432.237185380282,8168
8168,0.039,0.5497761999999999,0.7137918,2030-12-07 08:00:00,7426.078966362633,8169
8169,0.13,0.5382298,0.7044602,2030-12-07 09:00:00,7137.114865387999,8170
8170,0.176,0.5494116,0.7143838,2030-12-07 10:00:00,6804.007760066112,8171
8171,0.172,0.5775408000000001,0.7271834,2030-12-07 11:00:00,6485.774375592104,8172
8172,0.126,0.5890015999999999,0.7152414,2030-12-07 12:00:00,6330.2237341358195,8173
8173,0.053,0.5734848,0.6858761999999999,2030-12-07 13:00:00,6262.75693739136,8174
8174,0.005,0.5417902000000001,0.6496768000000002,2030-12-07 14:00:00,6323.858926613868,8175
8175,0.0,0.4945894,0.599043,2030-12-07 15:00:00,6640.766828881497,8176
8176,0.0,0.4308572,0.541069,2030-12-07 16:00:00,6939.647967807601,8177
8177,0.0,0.3777834,0.49108599999999997,2030-12-07 17:00:00,6850.195763361908,8178
8178,0.0,0.3392322,0.44985859999999994,2030-12-07 18:00:00,6674.2856550092765,8179
8179,0.0,0.3082088,0.4192854,2030-12-07 19:00:00,6444.873363664817,8180
8180,0.0,0.2773134,0.4135454,2030-12-07 20:00:00,6088.63415474849,8181
8181,0.0,0.2603898,0.4515154,2030-12-07 21:00:00,5630.762579738447,8182
8182,0.0,0.2741634,0.49267880000000003,2030-12-07 22:00:00,5230.543961440429,8183
8183,0.0,0.3118572,0.5407934,2030-12-07 23:00:00,4799.986402593182,8184
8184,0.0,0.3683096,0.5961116000000001,2030-12-08 00:00:00,4605.196209266018,8185
8185,0.0,0.44655680000000003,0.6639392,2030-12-08 01:00:00,4476.6849621133915,8186
8186,0.0,0.5281062000000001,0.725235,2030-12-08 02:00:00,4419.781978997492,8187
8187,0.0,0.6165117999999999,0.7815172,2030-12-08 03:00:00,4408.30935313192,8188
8188,0.0,0.6957348,0.8423508,2030-12-08 04:00:00,4422.05850332648,8189
8189,0.0,0.7608632,0.8901066,2030-12-08 05:00:00,5046.337170697454,8190
8190,0.0,0.818417,0.9122631999999999,2030-12-08 06:00:00,5729.703423083457,8191
8191,0.0,0.8606204,0.9305351999999999,2030-12-08 07:00:00,6253.474917341058,8192
8192,0.0,0.8884936,0.9430403999999999,2030-12-08 08:00:00,6307.99077560152,8193
8193,0.004,0.8867434,0.9402571999999999,2030-12-08 09:00:00,6273.260709248889,8194
8194,0.032,0.868758,0.9304168,2030-12-08 10:00:00,6144.084509525524,8195
8195,0.061,0.8301866,0.9171332,2030-12-08 11:00:00,5949.603323682365,8196
8196,0.085,0.7742642,0.8976616,2030-12-08 12:00:00,5794.814924374601,8197
8197,0.055,0.7306268,0.8753312000000001,2030-12-08 13:00:00,5764.1778032517705,8198
8198,0.007,0.6832794,0.8541970000000001,2030-12-08 14:00:00,5807.302961838775,8199
8199,0.0,0.6552977999999999,0.8420814,2030-12-08 15:00:00,6094.80690540978,8200
8200,0.0,0.6641036,0.8355979999999998,2030-12-08 16:00:00,6443.819885427284,8201
8201,0.0,0.6669904,0.8309038000000001,2030-12-08 17:00:00,6436.155543978433,8202
8202,0.0,0.6680424000000001,0.8373024000000001,2030-12-08 18:00:00,6335.6804200851275,8203
8203,0.0,0.6782543999999999,0.8424618,2030-12-08 19:00:00,6184.2003396451655,8204
8204,0.0,0.6922592,0.8376948000000001,2030-12-08 20:00:00,5931.871121744112,8205
8205,0.0,0.694528,0.8325486,2030-12-08 21:00:00,5587.1440924529925,8206
8206,0.0,0.6710814,0.8264766,2030-12-08 22:00:00,5242.2760506785835,8207
8207,0.0,0.6618378,0.8222906,2030-12-08 23:00:00,4868.100356485709,8208
8208,0.0,0.6594878,0.8221218,2030-12-09 00:00:00,4796.479261755753,8209
8209,0.0,0.6440118,0.8069732000000001,2030-12-09 01:00:00,4631.72365294705,8210
8210,0.0,0.6296124000000001,0.7916289999999999,2030-12-09 02:00:00,4545.742702775995,8211
8211,0.0,0.6181677999999999,0.7785405999999999,2030-12-09 03:00:00,4476.1885144917505,8212
8212,0.0,0.607302,0.7642316,2030-12-09 04:00:00,4404.670971677437,8213
8213,0.0,0.5975902000000001,0.7513582000000001,2030-12-09 05:00:00,5021.782039480222,8214
8214,0.0,0.5874548,0.7506876,2030-12-09 06:00:00,5756.56490334917,8215
8215,0.0,0.5845208,0.7547246000000001,2030-12-09 07:00:00,6279.704483345877,8216
8216,0.005,0.5721932,0.75544,2030-12-09 08:00:00,6332.179201707671,8217
8217,0.025,0.5638994,0.7630908000000001,2030-12-09 09:00:00,6202.111987897722,8218
8218,0.042,0.5716576,0.7805862000000001,2030-12-09 10:00:00,6046.846907208671,8219
8219,0.05,0.599978,0.7981748,2030-12-09 11:00:00,5877.271344799863,8220
8220,0.046,0.6361966,0.8058864,2030-12-09 12:00:00,5824.457455882709,8221
8221,0.027,0.6566304000000001,0.8101946,2030-12-09 13:00:00,5865.929581008957,8222
8222,0.004,0.6830406,0.8141294,2030-12-09 14:00:00,6008.084555676674,8223
8223,0.0,0.7122308,0.8164914,2030-12-09 15:00:00,6409.363063758397,8224
8224,0.0,0.7246684,0.8275667999999999,2030-12-09 16:00:00,6815.775500437905,8225
8225,0.0,0.7073234,0.8421685999999999,2030-12-09 17:00:00,6836.761969258958,8226
8226,0.0,0.7010384000000001,0.8520185999999998,2030-12-09 18:00:00,6736.745765596483,8227
8227,0.0,0.7019324,0.8470448000000002,2030-12-09 19:00:00,6554.241730113466,8228
8228,0.0,0.6761462,0.8202934000000001,2030-12-09 20:00:00,6250.866567697655,8229
8229,0.0,0.6332812,0.78331,2030-12-09 21:00:00,5819.098549995009,8230
8230,0.0,0.5901578000000001,0.744476,2030-12-09 22:00:00,5505.483843253232,8231
8231,0.0,0.5439902,0.6948904,2030-12-09 23:00:00,5121.565675503912,8232
8232,0.0,0.48082280000000005,0.6329016,2030-12-10 00:00:00,5101.285239765528,8233
8233,0.0,0.4245336,0.5748608,2030-12-10 01:00:00,4985.49384752245,8234
8234,0.0,0.37204240000000005,0.5163726000000001,2030-12-10 02:00:00,4976.545395010557,8235
8235,0.0,0.3140388,0.4468698,2030-12-10 03:00:00,5081.8303034787405,8236
8236,0.0,0.2531768,0.3666474,2030-12-10 04:00:00,5417.096286935727,8237
8237,0.0,0.18925539999999996,0.28603980000000007,2030-12-10 05:00:00,6615.320943938963,8238
8238,0.0,0.1357916,0.2274922,2030-12-10 06:00:00,7676.072811749717,8239
8239,0.0,0.11308340000000001,0.21312540000000002,2030-12-10 07:00:00,8279.364213062716,8240
8240,0.043,0.1149788,0.244412,2030-12-10 08:00:00,8240.096370698288,8241
8241,0.096,0.132562,0.285526,2030-12-10 09:00:00,7830.7620827783685,8242
8242,0.112,0.1561478,0.3469816,2030-12-10 10:00:00,7410.065275829503,8243
8243,0.098,0.1967292,0.41375959999999995,2030-12-10 11:00:00,7112.239048101903,8244
8244,0.06,0.2474612,0.46738660000000004,2030-12-10 12:00:00,7008.792573861836,8245
8245,0.027,0.29829160000000005,0.5173384000000001,2030-12-10 13:00:00,6951.526545038005,8246
8246,0.003,0.36833160000000004,0.5712336,2030-12-10 14:00:00,6989.506472680439,8247
8247,0.0,0.4352418,0.6209184,2030-12-10 15:00:00,7335.395411887373,8248
8248,0.0,0.5095756,0.6668716,2030-12-10 16:00:00,7668.204108570399,8249
8249,0.0,0.5818392,0.7128302000000001,2030-12-10 17:00:00,7624.4607090269965,8250
8250,0.0,0.6639374000000001,0.7574625999999999,2030-12-10 18:00:00,7491.336632246279,8251
8251,0.0,0.7208708,0.7947428000000001,2030-12-10 19:00:00,7275.458958296647,8252
8252,0.0,0.770605,0.8297352,2030-12-10 20:00:00,6899.154919083454,8253
8253,0.0,0.8029892000000001,0.8557326000000002,2030-12-10 21:00:00,6398.574646647574,8254
8254,0.0,0.8187106,0.8751790000000002,2030-12-10 22:00:00,6018.24455899497,8255
8255,0.0,0.8401652000000001,0.8879124,2030-12-10 23:00:00,5626.773902036242,8256
8256,0.0,0.8490998000000001,0.8889420000000001,2030-12-11 00:00:00,5318.268010427262,8257
8257,0.0,0.8485285999999999,0.8795446,2030-12-11 01:00:00,5190.526596661893,8258
8258,0.0,0.8197368,0.871035,2030-12-11 02:00:00,5125.945463714028,8259
8259,0.0,0.7635248,0.8471062,2030-12-11 03:00:00,5152.340444723968,8260
8260,0.0,0.679918,0.8033362000000001,2030-12-11 04:00:00,5380.545848094919,8261
8261,0.0,0.5845393999999999,0.7439509999999999,2030-12-11 05:00:00,6332.1681986964195,8262
8262,0.0,0.49743840000000006,0.6773834,2030-12-11 06:00:00,7166.6046626500065,8263
8263,0.0,0.4199826,0.6077473999999999,2030-12-11 07:00:00,7585.758768856767,8264
8264,0.008,0.3722832,0.5536634,2030-12-11 08:00:00,7530.901563095835,8265
8265,0.036,0.32747380000000004,0.5194842,2030-12-11 09:00:00,7326.522959089492,8266
8266,0.056,0.29674520000000004,0.49207,2030-12-11 10:00:00,7048.701390471127,8267
8267,0.091,0.2648494,0.4615524000000001,2030-12-11 11:00:00,6816.229242846499,8268
8268,0.065,0.2286202,0.4251538,2030-12-11 12:00:00,6760.738717044757,8269
8269,0.034,0.2045784,0.3913768,2030-12-11 13:00:00,6694.089114243414,8270
8270,0.003,0.20526499999999998,0.37585339999999995,2030-12-11 14:00:00,6700.084317258625,8271
8271,0.0,0.2107494,0.3780462,2030-12-11 15:00:00,6975.545208127332,8272
8272,0.0,0.20332799999999995,0.3806564,2030-12-11 16:00:00,7252.9976040345355,8273
8273,0.0,0.20138920000000002,0.3819268,2030-12-11 17:00:00,7176.825066464571,8274
8274,0.0,0.1972636,0.37624040000000003,2030-12-11 18:00:00,7037.1893695029385,8275
8275,0.0,0.18592419999999998,0.3612602,2030-12-11 19:00:00,6808.906666054641,8276
8276,0.0,0.1714966,0.33858,2030-12-11 20:00:00,6418.265139116815,8277
8277,0.0,0.1599114,0.3161838,2030-12-11 21:00:00,5907.124483705924,8278
8278,0.0,0.151557,0.3013618,2030-12-11 22:00:00,5512.199187783028,8279
8279,0.0,0.1465746,0.2897684,2030-12-11 23:00:00,5094.6844753037985,8280
8280,0.0,0.14266320000000002,0.2786284,2030-12-12 00:00:00,5018.293078150307,8281
8281,0.0,0.1431676,0.27352699999999996,2030-12-12 01:00:00,4899.292212342548,8282
8282,0.0,0.14865420000000001,0.270902,2030-12-12 02:00:00,4861.896147638324,8283
8283,0.0,0.15606799999999998,0.2685108,2030-12-12 03:00:00,4943.954661715302,8284
8284,0.0,0.16443560000000002,0.2670976,2030-12-12 04:00:00,5252.25698887573,8285
8285,0.0,0.17556080000000002,0.26713780000000004,2030-12-12 05:00:00,6354.331798411833,8286
8286,0.0,0.18169180000000001,0.2617124,2030-12-12 06:00:00,7307.350129586762,8287
8287,0.0,0.185856,0.25286200000000003,2030-12-12 07:00:00,7795.3851164751995,8288
8288,0.002,0.1913436,0.25215679999999996,2030-12-12 08:00:00,7753.7473643098365,8289
8289,0.016,0.20105519999999996,0.2632832,2030-12-12 09:00:00,7557.079464131647,8290
8290,0.028,0.2135668,0.28543379999999996,2030-12-12 10:00:00,7323.65394009208,8291
8291,0.037,0.2305066,0.30608440000000003,2030-12-12 11:00:00,7111.83185424874,8292
8292,0.034,0.24671700000000002,0.3234389999999999,2030-12-12 12:00:00,7012.414717398606,8293
8293,0.023,0.2538978,0.3380596,2030-12-12 13:00:00,6918.138532416791,8294
8294,0.002,0.2645388,0.35884419999999995,2030-12-12 14:00:00,6871.965083219775,8295
8295,0.0,0.2749754,0.37933819999999996,2030-12-12 15:00:00,7146.9440971636795,8296
8296,0.0,0.2828596,0.39759259999999996,2030-12-12 16:00:00,7437.6239525491,8297
8297,0.0,0.2927682,0.4188664,2030-12-12 17:00:00,7374.750045756461,8298
8298,0.0,0.299875,0.44234219999999996,2030-12-12 18:00:00,7267.23720780511,8299
8299,0.0,0.3004778,0.4732368,2030-12-12 19:00:00,7061.753432570185,8300
8300,0.0,0.300227,0.5055768,2030-12-12 20:00:00,6677.617921073345,8301
8301,0.0,0.3210902,0.5436198,2030-12-12 21:00:00,6172.49767394031,8302
8302,0.0,0.3346058,0.5748158,2030-12-12 22:00:00,5781.445508286557,8303
8303,0.0,0.3769428,0.6065191999999999,2030-12-12 23:00:00,5386.472403150619,8304
8304,0.0,0.42498779999999997,0.636048,2030-12-13 00:00:00,5268.15370403802,8305
8305,0.0,0.46028,0.6609653999999999,2030-12-13 01:00:00,5152.992355622799,8306
8306,0.0,0.49485519999999994,0.6809349999999998,2030-12-13 02:00:00,5122.61493389017,8307
8307,0.0,0.523097,0.6970069999999999,2030-12-13 03:00:00,5205.140876129454,8308
8308,0.0,0.5419522000000001,0.7112668,2030-12-13 04:00:00,5518.186069002679,8309
8309,0.0,0.5604018,0.7243606,2030-12-13 05:00:00,6594.0556331337575,8310
8310,0.0,0.5778182,0.7337148,2030-12-13 06:00:00,7530.195402628813,8311
8311,0.0,0.5826165999999999,0.7354524,2030-12-13 07:00:00,8001.27675760575,8312
8312,0.034,0.5717159999999999,0.7224716,2030-12-13 08:00:00,7951.3216499085775,8313
8313,0.125,0.5457904000000001,0.6944286,2030-12-13 09:00:00,7712.281568266804,8314
8314,0.188,0.5164858,0.6614068,2030-12-13 10:00:00,7410.003587643737,8315
8315,0.224,0.48091219999999996,0.6237391999999999,2030-12-13 11:00:00,7175.217044998943,8316
8316,0.18,0.4525764,0.59666,2030-12-13 12:00:00,7095.063975458917,8317
8317,0.099,0.4407356,0.5892872,2030-12-13 13:00:00,7018.572453018975,8318
8318,0.013,0.442107,0.5949747999999999,2030-12-13 14:00:00,7019.1744937312305,8319
8319,0.0,0.43576499999999996,0.596149,2030-12-13 15:00:00,7266.223621900264,8320
8320,0.0,0.423644,0.5865828000000001,2030-12-13 16:00:00,7516.760244379479,8321
8321,0.0,0.38588659999999997,0.5588594,2030-12-13 17:00:00,7432.990808000877,8322
8322,0.0,0.3350968,0.5204534000000001,2030-12-13 18:00:00,7278.642982981471,8323
8323,0.0,0.28673899999999997,0.4767104,2030-12-13 19:00:00,7049.198906130923,8324
8324,0.0,0.2425068,0.43512140000000005,2030-12-13 20:00:00,6666.223743567298,8325
8325,0.0,0.20722559999999998,0.3960646,2030-12-13 21:00:00,6145.753268400548,8326
8326,0.0,0.17946679999999998,0.36377139999999997,2030-12-13 22:00:00,5747.935530575419,8327
8327,0.0,0.1649818,0.34270839999999997,2030-12-13 23:00:00,5352.878954306206,8328
8328,0.0,0.1629546,0.339558,2030-12-14 00:00:00,5171.134127580325,8329
8329,0.0,0.175938,0.35345760000000004,2030-12-14 01:00:00,5051.690156498878,8330
8330,0.0,0.195866,0.3720152,2030-12-14 02:00:00,5023.782460561607,8331
8331,0.0,0.2164946,0.388942,2030-12-14 03:00:00,5095.74763063401,8332
8332,0.0,0.2306714,0.39876680000000003,2030-12-14 04:00:00,5384.947633818847,8333
8333,0.0,0.24285579999999998,0.3953948,2030-12-14 05:00:00,6449.251237290917,8334
8334,0.0,0.24988580000000002,0.37859319999999996,2030-12-14 06:00:00,7371.406810050245,8335
8335,0.0,0.2563764,0.36422260000000006,2030-12-14 07:00:00,7860.797339994686,8336
8336,0.001,0.2541016,0.3532294,2030-12-14 08:00:00,7793.156456503373,8337
8337,0.009,0.2559374,0.3482814,2030-12-14 09:00:00,7597.297799512466,8338
8338,0.018,0.26432479999999997,0.35176739999999995,2030-12-14 10:00:00,7335.1752684476105,8339
8339,0.021,0.2746484,0.35975060000000003,2030-12-14 11:00:00,7035.864564598409,8340
8340,0.014,0.28633659999999994,0.3739736,2030-12-14 12:00:00,6827.575088543092,8341
8341,0.006,0.30068419999999996,0.3970992,2030-12-14 13:00:00,6695.854813367049,8342
8342,0.0,0.3258,0.42824540000000005,2030-12-14 14:00:00,6688.812773620966,8343
8343,0.0,0.3605402,0.4655289999999999,2030-12-14 15:00:00,6905.461801631602,8344
8344,0.0,0.393232,0.500547,2030-12-14 16:00:00,7174.729447392508,8345
8345,0.0,0.4301024,0.5314007999999999,2030-12-14 17:00:00,7103.613214663032,8346
8346,0.0,0.47428040000000005,0.5596702,2030-12-14 18:00:00,6936.945458670332,8347
8347,0.0,0.5197491999999999,0.595246,2030-12-14 19:00:00,6727.531969414296,8348
8348,0.0,0.5734018,0.6436725999999999,2030-12-14 20:00:00,6403.336240212833,8349
8349,0.0,0.6098112,0.6935542,2030-12-14 21:00:00,5997.818281126619,8350
8350,0.0,0.6377906,0.7463704,2030-12-14 22:00:00,5634.407152896805,8351
8351,0.0,0.6565331999999999,0.7856312,2030-12-14 23:00:00,5245.704552704631,8352
8352,0.0,0.6760564,0.8090919999999999,2030-12-15 00:00:00,5005.552076264489,8353
8353,0.0,0.6567752,0.796976,2030-12-15 01:00:00,4861.784312464665,8354
8354,0.0,0.5963106,0.7424932,2030-12-15 02:00:00,4759.507510444215,8355
8355,0.0,0.48454680000000006,0.6423482,2030-12-15 03:00:00,4669.49571218638,8356
8356,0.0,0.39450379999999996,0.5459590000000001,2030-12-15 04:00:00,4565.442926510921,8357
8357,0.0,0.37201819999999997,0.49730360000000007,2030-12-15 05:00:00,5181.082235217353,8358
8358,0.0,0.40583740000000007,0.5346248,2030-12-15 06:00:00,5986.580719066803,8359
8359,0.0,0.4640926,0.6011787999999999,2030-12-15 07:00:00,6599.873536516345,8360
8360,0.002,0.5592156,0.6643766,2030-12-15 08:00:00,6688.128156382011,8361
8361,0.016,0.6161148,0.6714876000000001,2030-12-15 09:00:00,6656.274755354982,8362
8362,0.037,0.658901,0.6711704000000001,2030-12-15 10:00:00,6574.820345145113,8363
8363,0.048,0.6894332,0.6741499999999999,2030-12-15 11:00:00,6374.572398619224,8364
8364,0.034,0.6935192,0.68964,2030-12-15 12:00:00,6188.863582658999,8365
8365,0.013,0.6935002000000001,0.7088436000000001,2030-12-15 13:00:00,6092.464052659101,8366
8366,0.0,0.7240333999999999,0.7219898,2030-12-15 14:00:00,6182.240226999284,8367
8367,0.0,0.7627732,0.7393398,2030-12-15 15:00:00,6509.251820477548,8368
8368,0.0,0.7722536,0.7375692,2030-12-15 16:00:00,6824.807242188643,8369
8369,0.0,0.7490006,0.7310478,2030-12-15 17:00:00,6762.162364972906,8370
8370,0.0,0.6987736,0.7351639999999999,2030-12-15 18:00:00,6594.436893364274,8371
8371,0.0,0.6481801999999999,0.751412,2030-12-15 19:00:00,6397.546086433541,8372
8372,0.0,0.6122464000000001,0.7568036,2030-12-15 20:00:00,6094.817412698478,8373
8373,0.0,0.5884008,0.7432924000000001,2030-12-15 21:00:00,5717.773908710216,8374
8374,0.0,0.564014,0.7132542,2030-12-15 22:00:00,5395.635652515183,8375
8375,0.0,0.5263367999999999,0.6685426,2030-12-15 23:00:00,5025.574789340337,8376
8376,0.0,0.4684316,0.6230622,2030-12-16 00:00:00,4798.452832152612,8377
8377,0.0,0.427285,0.5887932,2030-12-16 01:00:00,4645.593580111525,8378
8378,0.0,0.41557560000000004,0.5552266,2030-12-16 02:00:00,4548.667588938858,8379
8379,0.0,0.3790568,0.5058692,2030-12-16 03:00:00,4474.28128966015,8380
8380,0.0,0.3437834,0.4732124,2030-12-16 04:00:00,4411.917595350782,8381
8381,0.0,0.33309259999999996,0.47518460000000007,2030-12-16 05:00:00,4979.589808672661,8382
8382,0.0,0.36534140000000004,0.496628,2030-12-16 06:00:00,5678.665148795328,8383
8383,0.0,0.39979859999999995,0.5203816000000001,2030-12-16 07:00:00,6237.423972346296,8384
8384,0.003,0.4087314,0.5363456,2030-12-16 08:00:00,6343.232913676264,8385
8385,0.012,0.41474599999999995,0.543144,2030-12-16 09:00:00,6286.123599200162,8386
8386,0.017,0.41372100000000006,0.5445180000000001,2030-12-16 10:00:00,6162.375721502291,8387
8387,0.021,0.4130018,0.5517576,2030-12-16 11:00:00,5947.533367442196,8388
8388,0.018,0.40964520000000004,0.5588438,2030-12-16 12:00:00,5843.766840240671,8389
8389,0.011,0.41901939999999993,0.5734931999999999,2030-12-16 13:00:00,5831.901162379565,8390
8390,0.001,0.41796620000000007,0.5756704,2030-12-16 14:00:00,5897.735780166765,8391
8391,0.0,0.40496,0.5587443999999999,2030-12-16 15:00:00,6210.279098842668,8392
8392,0.0,0.3812804,0.5343823999999999,2030-12-16 16:00:00,6568.399490933206,8393
8393,0.0,0.363414,0.5186088,2030-12-16 17:00:00,6582.094805124912,8394
8394,0.0,0.3456706,0.5000092,2030-12-16 18:00:00,6478.238646921916,8395
8395,0.0,0.3206798,0.46715159999999994,2030-12-16 19:00:00,6281.625094036783,8396
8396,0.0,0.283688,0.4184972,2030-12-16 20:00:00,5959.622756946394,8397
8397,0.0,0.2386332,0.3575596,2030-12-16 21:00:00,5542.100556403281,8398
8398,0.0,0.1877036,0.2850572,2030-12-16 22:00:00,5216.047578238088,8399
8399,0.0,0.1499342,0.22878720000000002,2030-12-16 23:00:00,4865.005247214487,8400
8400,0.0,0.12309200000000001,0.1889212,2030-12-17 00:00:00,4639.725512096082,8401
8401,0.0,0.10017140000000002,0.159044,2030-12-17 01:00:00,4531.982185709828,8402
8402,0.0,0.08784,0.1378112,2030-12-17 02:00:00,4494.782290610998,8403
8403,0.0,0.0859614,0.12596440000000003,2030-12-17 03:00:00,4569.006706587533,8404
8404,0.0,0.0957164,0.12781879999999998,2030-12-17 04:00:00,4870.928832016845,8405
8405,0.0,0.1099456,0.1411358,2030-12-17 05:00:00,5921.33178933894,8406
8406,0.0,0.12723559999999998,0.1615018,2030-12-17 06:00:00,6828.940235027478,8407
8407,0.0,0.14089100000000002,0.18239580000000002,2030-12-17 07:00:00,7310.066530497814,8408
8408,0.0,0.1470556,0.195049,2030-12-17 08:00:00,7264.167064015723,8409
8409,0.007,0.1375344,0.19768080000000002,2030-12-17 09:00:00,7127.61335779834,8410
8410,0.016,0.12449220000000001,0.18345799999999998,2030-12-17 10:00:00,6941.570591148901,8411
8411,0.019,0.11525300000000001,0.1711246,2030-12-17 11:00:00,6759.7949238524825,8412
8412,0.011,0.11667539999999998,0.1721606,2030-12-17 12:00:00,6653.505952984342,8413
8413,0.003,0.13479479999999996,0.1889894,2030-12-17 13:00:00,6547.0989031834815,8414
8414,0.0,0.1686516,0.2176682,2030-12-17 14:00:00,6553.494703513218,8415
8415,0.0,0.213347,0.2583104,2030-12-17 15:00:00,6757.436138902348,8416
8416,0.0,0.25821780000000005,0.30225779999999997,2030-12-17 16:00:00,6999.782088560421,8417
8417,0.0,0.2959502,0.3379982,2030-12-17 17:00:00,6903.223800386905,8418
8418,0.0,0.3237742,0.3634554,2030-12-17 18:00:00,6729.738014361999,8419
8419,0.0,0.336212,0.38868739999999996,2030-12-17 19:00:00,6476.86763272803,8420
8420,0.0,0.363074,0.3996462,2030-12-17 20:00:00,6079.941648009544,8421
8421,0.0,0.361889,0.3966954,2030-12-17 21:00:00,5558.477469746265,8422
8422,0.0,0.34252859999999996,0.40791959999999994,2030-12-17 22:00:00,5187.364142133606,8423
8423,0.0,0.36683380000000004,0.45655799999999996,2030-12-17 23:00:00,4816.001120020481,8424
8424,0.0,0.431334,0.5104801999999999,2030-12-18 00:00:00,4696.232898386279,8425
8425,0.0,0.5323511999999999,0.5492457999999999,2030-12-18 01:00:00,4606.109265090941,8426
8426,0.0,0.5708632,0.5764684000000001,2030-12-18 02:00:00,4642.446812034413,8427
8427,0.0,0.5408861999999999,0.615841,2030-12-18 03:00:00,4737.963739955967,8428
8428,0.0,0.48307720000000004,0.6246341999999999,2030-12-18 04:00:00,5047.277837654803,8429
8429,0.0,0.44291659999999994,0.6268042,2030-12-18 05:00:00,6087.806558627238,8430
8430,0.0,0.41797400000000007,0.6075716,2030-12-18 06:00:00,6951.708728512225,8431
8431,0.0,0.3904052,0.5625834000000001,2030-12-18 07:00:00,7427.274299136208,8432
8432,0.015,0.39212060000000004,0.54091,2030-12-18 08:00:00,7399.758025373667,8433
8433,0.06,0.408756,0.5574024,2030-12-18 09:00:00,7180.282122427479,8434
8434,0.089,0.42039360000000003,0.5745324,2030-12-18 10:00:00,6939.736923806103,8435
8435,0.099,0.43647220000000003,0.5805566000000001,2030-12-18 11:00:00,6700.742505121716,8436
8436,0.079,0.43797559999999996,0.5508770000000001,2030-12-18 12:00:00,6590.547568205771,8437
8437,0.039,0.4246778,0.509269,2030-12-18 13:00:00,6508.4627707191885,8438
8438,0.003,0.4001422,0.48015379999999996,2030-12-18 14:00:00,6530.999034755681,8439
8439,0.0,0.3742218,0.45433780000000007,2030-12-18 15:00:00,6851.088677178055,8440
8440,0.0,0.3360838,0.3995466,2030-12-18 16:00:00,7159.518692452371,8441
8441,0.0,0.2700106,0.33053180000000004,2030-12-18 17:00:00,7116.984942432836,8442
8442,0.0,0.222446,0.2780342,2030-12-18 18:00:00,7019.310054076149,8443
8443,0.0,0.19085959999999996,0.2547222,2030-12-18 19:00:00,6805.722670005629,8444
8444,0.0,0.1883292,0.2621972,2030-12-18 20:00:00,6445.476685432519,8445
8445,0.0,0.19294420000000004,0.27783199999999997,2030-12-18 21:00:00,5955.406540548386,8446
8446,0.0,0.1880698,0.29660239999999993,2030-12-18 22:00:00,5540.137496328547,8447
8447,0.0,0.1779402,0.30735840000000003,2030-12-18 23:00:00,5137.163114048634,8448
8448,0.0,0.1684268,0.3192092000000001,2030-12-19 00:00:00,4972.496079755482,8449
8449,0.0,0.15967479999999998,0.3303884,2030-12-19 01:00:00,4852.703793531061,8450
8450,0.0,0.1681168,0.3469086,2030-12-19 02:00:00,4813.458007572337,8451
8451,0.0,0.19231,0.3661202,2030-12-19 03:00:00,4861.472400391463,8452
8452,0.0,0.2245568,0.40111739999999996,2030-12-19 04:00:00,5127.749968255579,8453
8453,0.0,0.27539759999999996,0.45813899999999996,2030-12-19 05:00:00,6144.159130788721,8454
8454,0.0,0.34331659999999997,0.5157824,2030-12-19 06:00:00,7025.254242747091,8455
8455,0.0,0.394358,0.5612284,2030-12-19 07:00:00,7513.758550237835,8456
8456,0.002,0.4307636,0.5891232000000001,2030-12-19 08:00:00,7473.918841550736,8457
8457,0.012,0.45170239999999995,0.5989996,2030-12-19 09:00:00,7277.538304772466,8458
8458,0.025,0.4555122,0.5982654000000001,2030-12-19 10:00:00,6996.8719759339965,8459
8459,0.029,0.4345625999999999,0.5769314,2030-12-19 11:00:00,6756.174380711026,8460
8460,0.029,0.4065028,0.5575382,2030-12-19 12:00:00,6633.076392540421,8461
8461,0.019,0.384943,0.5451074,2030-12-19 13:00:00,6526.93561053994,8462
8462,0.002,0.3732824,0.5426782,2030-12-19 14:00:00,6542.290820644891,8463
8463,0.0,0.38519840000000005,0.5465606000000001,2030-12-19 15:00:00,6819.045612212208,8464
8464,0.0,0.3734934,0.5449584000000001,2030-12-19 16:00:00,7099.977564970788,8465
8465,0.0,0.3610728,0.5214392,2030-12-19 17:00:00,7031.400675103351,8466
8466,0.0,0.3508858,0.49867160000000005,2030-12-19 18:00:00,6896.8337505252985,8467
8467,0.0,0.3408766,0.483709,2030-12-19 19:00:00,6689.262296388261,8468
8468,0.0,0.3279084,0.4705812000000001,2030-12-19 20:00:00,6313.856133180655,8469
8469,0.0,0.3078042,0.4560288,2030-12-19 21:00:00,5818.309330411078,8470
8470,0.0,0.2923392,0.447434,2030-12-19 22:00:00,5421.570826680641,8471
8471,0.0,0.2799954,0.4464456,2030-12-19 23:00:00,5025.219227882649,8472
8472,0.0,0.2673924,0.4346412,2030-12-20 00:00:00,4836.920321291237,8473
8473,0.0,0.261015,0.4240722,2030-12-20 01:00:00,4706.791352968376,8474
8474,0.0,0.24826600000000001,0.39909760000000005,2030-12-20 02:00:00,4670.289120766417,8475
8475,0.0,0.242672,0.3930914,2030-12-20 03:00:00,4735.545613021293,8476
8476,0.0,0.2500274,0.3915986,2030-12-20 04:00:00,5022.637710851624,8477
8477,0.0,0.2716008,0.40910899999999994,2030-12-20 05:00:00,6026.739227103144,8478
8478,0.0,0.2944904,0.44269879999999995,2030-12-20 06:00:00,6888.675346587603,8479
8479,0.0,0.33142839999999996,0.4863824,2030-12-20 07:00:00,7383.46738401459,8480
8480,0.002,0.3567274,0.5301156,2030-12-20 08:00:00,7370.74042665569,8481
8481,0.017,0.37381580000000003,0.5468390000000001,2030-12-20 09:00:00,7227.362171103186,8482
8482,0.036,0.3678332,0.5472824000000001,2030-12-20 10:00:00,7049.078278951891,8483
8483,0.047,0.3848724,0.5390293999999999,2030-12-20 11:00:00,6859.697468878179,8484
8484,0.042,0.37774640000000004,0.5264846000000001,2030-12-20 12:00:00,6758.877061644005,8485
8485,0.017,0.374521,0.5279128,2030-12-20 13:00:00,6679.882412583813,8486
8486,0.0,0.39974540000000003,0.5504492,2030-12-20 14:00:00,6700.079985971146,8487
8487,0.0,0.4181964000000001,0.5800957999999999,2030-12-20 15:00:00,6902.161518649105,8488
8488,0.0,0.43089320000000003,0.5936907999999999,2030-12-20 16:00:00,7154.381345590355,8489
8489,0.0,0.4253876,0.5878715999999999,2030-12-20 17:00:00,7079.723231450661,8490
8490,0.0,0.3952508,0.5722338,2030-12-20 18:00:00,6914.007607888814,8491
8491,0.0,0.383595,0.5580613999999999,2030-12-20 19:00:00,6662.358106003194,8492
8492,0.0,0.3518304,0.538991,2030-12-20 20:00:00,6250.1258622441765,8493
8493,0.0,0.30245240000000007,0.4964714,2030-12-20 21:00:00,5740.84007909845,8494
8494,0.0,0.2639338,0.4561946,2030-12-20 22:00:00,5332.495595709083,8495
8495,0.0,0.24438279999999998,0.4320652000000001,2030-12-20 23:00:00,4925.179156612088,8496
8496,0.0,0.2376992,0.41716980000000004,2030-12-21 00:00:00,4684.0014046995875,8497
8497,0.0,0.2398806,0.40725039999999996,2030-12-21 01:00:00,4531.207584307497,8498
8498,0.0,0.2415466,0.4023828,2030-12-21 02:00:00,4473.618949735274,8499
8499,0.0,0.2483964,0.4024356000000001,2030-12-21 03:00:00,4544.070803792865,8500
8500,0.0,0.26094680000000003,0.3981026,2030-12-21 04:00:00,4815.968730214592,8501
8501,0.0,0.26933440000000003,0.3870146,2030-12-21 05:00:00,5790.513495320793,8502
8502,0.0,0.2660946,0.37320839999999994,2030-12-21 06:00:00,6643.70791629174,8503
8503,0.0,0.24573260000000002,0.35468239999999995,2030-12-21 07:00:00,7142.234906184722,8504
8504,0.007,0.22214780000000003,0.33096539999999997,2030-12-21 08:00:00,7119.42388009615,8505
8505,0.038,0.1964388,0.30346320000000004,2030-12-21 09:00:00,6923.742109100078,8506
8506,0.064,0.16918360000000002,0.2795416,2030-12-21 10:00:00,6622.544825407607,8507
8507,0.071,0.1501246,0.26398299999999997,2030-12-21 11:00:00,6327.337430841362,8508
8508,0.056,0.134742,0.2571842,2030-12-21 12:00:00,6122.13848990161,8509
8509,0.022,0.12953299999999998,0.2548718,2030-12-21 13:00:00,6022.570199266847,8510
8510,0.0,0.1300736,0.2582986,2030-12-21 14:00:00,6077.007099983016,8511
8511,0.0,0.1312668,0.26052179999999997,2030-12-21 15:00:00,6417.53544889768,8512
8512,0.0,0.1352176,0.26918980000000003,2030-12-21 16:00:00,6751.740130948549,8513
8513,0.0,0.1492514,0.28954620000000003,2030-12-21 17:00:00,6712.829406709659,8514
8514,0.0,0.1698366,0.311769,2030-12-21 18:00:00,6570.090508775942,8515
8515,0.0,0.18081799999999998,0.324056,2030-12-21 19:00:00,6349.696356792002,8516
8516,0.0,0.19148939999999998,0.3336848,2030-12-21 20:00:00,6010.8489282564915,8517
8517,0.0,0.1850898,0.3246848,2030-12-21 21:00:00,5590.216813889846,8518
8518,0.0,0.1817532,0.3127542,2030-12-21 22:00:00,5253.426864040209,8519
8519,0.0,0.1729252,0.2913554,2030-12-21 23:00:00,4849.84411252491,8520
8520,0.0,0.1713388,0.27466,2030-12-22 00:00:00,4745.123033886857,8521
8521,0.0,0.1699182,0.2641268,2030-12-22 01:00:00,4589.57929432305,8522
8522,0.0,0.17168520000000004,0.2576012,2030-12-22 02:00:00,4508.112473231876,8523
8523,0.0,0.1715186,0.2589992,2030-12-22 03:00:00,4450.5544162249025,8524
8524,0.0,0.16373140000000003,0.2550696,2030-12-22 04:00:00,4405.301957891689,8525
8525,0.0,0.158218,0.2503518,2030-12-22 05:00:00,4985.83947800512,8526
8526,0.0,0.16032459999999998,0.24956680000000003,2030-12-22 06:00:00,5681.709928603957,8527
8527,0.0,0.1665736,0.2500636,2030-12-22 07:00:00,6271.738833566005,8528
8528,0.002,0.17441520000000002,0.2539326,2030-12-22 08:00:00,6357.146558333524,8529
8529,0.012,0.18718379999999998,0.25720600000000005,2030-12-22 09:00:00,6226.92416813223,8530
8530,0.02,0.2003004,0.25928819999999997,2030-12-22 10:00:00,6044.638438202179,8531
8531,0.02,0.21121879999999998,0.262146,2030-12-22 11:00:00,5872.151171644238,8532
8532,0.015,0.217119,0.26635240000000004,2030-12-22 12:00:00,5801.2350990484065,8533
8533,0.005,0.2161868,0.2731122,2030-12-22 13:00:00,5822.496274298912,8534
8534,0.0,0.2091056,0.2865906,2030-12-22 14:00:00,5926.620654315278,8535
8535,0.0,0.2201576,0.3066206,2030-12-22 15:00:00,6190.738058132064,8536
8536,0.0,0.2370428,0.32244900000000004,2030-12-22 16:00:00,6496.23742214151,8537
8537,0.0,0.24612860000000003,0.32791580000000004,2030-12-22 17:00:00,6481.529303808413,8538
8538,0.0,0.2441298,0.3219584,2030-12-22 18:00:00,6371.4633126901645,8539
8539,0.0,0.23700419999999997,0.3117732,2030-12-22 19:00:00,6214.047589518705,8540
8540,0.0,0.2262216,0.29695759999999993,2030-12-22 20:00:00,5933.532816511948,8541
8541,0.0,0.22007320000000002,0.2825174,2030-12-22 21:00:00,5571.076229339087,8542
8542,0.0,0.2061658,0.26233880000000004,2030-12-22 22:00:00,5256.680523828716,8543
8543,0.0,0.19614859999999998,0.24356340000000004,2030-12-22 23:00:00,4872.841472905739,8544
8544,0.0,0.18919260000000002,0.226761,2030-12-23 00:00:00,4594.082590647994,8545
8545,0.0,0.1761444,0.20658540000000003,2030-12-23 01:00:00,4428.269750688579,8546
8546,0.0,0.1645578,0.18429440000000002,2030-12-23 02:00:00,4321.053322480393,8547
8547,0.0,0.1585864,0.16981480000000002,2030-12-23 03:00:00,4248.66057253391,8548
8548,0.0,0.15552159999999998,0.16139679999999998,2030-12-23 04:00:00,4174.6207894965755,8549
8549,0.0,0.1478932,0.160218,2030-12-23 05:00:00,4697.764273132326,8550
8550,0.0,0.13846039999999998,0.17315160000000002,2030-12-23 06:00:00,5338.213116765942,8551
8551,0.0,0.13489400000000001,0.19069380000000002,2030-12-23 07:00:00,5902.877406561127,8552
8552,0.001,0.1370748,0.20329860000000002,2030-12-23 08:00:00,5984.373863515939,8553
8553,0.012,0.1409816,0.21206180000000002,2030-12-23 09:00:00,5964.509591925034,8554
8554,0.022,0.1458802,0.2224446,2030-12-23 10:00:00,5859.509577736472,8555
8555,0.027,0.15414699999999998,0.22901180000000002,2030-12-23 11:00:00,5709.184369564707,8556
8556,0.024,0.1580388,0.2309718,2030-12-23 12:00:00,5609.376345330384,8557
8557,0.013,0.161834,0.2302466,2030-12-23 13:00:00,5628.3658216136755,8558
8558,0.0,0.16779,0.2263334,2030-12-23 14:00:00,5738.968174895201,8559
8559,0.0,0.1762338,0.2231086,2030-12-23 15:00:00,6005.433698387742,8560
8560,0.0,0.1903832,0.22595800000000002,2030-12-23 16:00:00,6355.827936501065,8561
8561,0.0,0.2059936,0.23328359999999998,2030-12-23 17:00:00,6376.638950099257,8562
8562,0.0,0.21614999999999998,0.24453359999999996,2030-12-23 18:00:00,6301.444955611275,8563
8563,0.0,0.22234999999999996,0.254637,2030-12-23 19:00:00,6137.532513307417,8564
8564,0.0,0.22774060000000002,0.26460720000000004,2030-12-23 20:00:00,5833.076707465426,8565
8565,0.0,0.231068,0.273986,2030-12-23 21:00:00,5427.167493831121,8566
8566,0.0,0.23468619999999998,0.283429,2030-12-23 22:00:00,5142.3625047814185,8567
8567,0.0,0.23843579999999998,0.30269599999999997,2030-12-23 23:00:00,4795.481602948552,8568
8568,0.0,0.24886400000000003,0.3237212,2030-12-24 00:00:00,4508.721670553564,8569
8569,0.0,0.25677220000000006,0.336058,2030-12-24 01:00:00,4373.161945838239,8570
8570,0.0,0.25749079999999996,0.34124259999999995,2030-12-24 02:00:00,4287.198230874412,8571
8571,0.0,0.248635,0.33474060000000005,2030-12-24 03:00:00,4261.271184671268,8572
8572,0.0,0.2403702,0.31854079999999996,2030-12-24 04:00:00,4280.29513183261,8573
8573,0.0,0.23936339999999995,0.30763979999999996,2030-12-24 05:00:00,4934.255373066157,8574
8574,0.0,0.2451446,0.3060636,2030-12-24 06:00:00,5669.130405363318,8575
8575,0.0,0.2548348,0.31185039999999997,2030-12-24 07:00:00,6237.816750220612,8576
8576,0.003,0.2540138,0.31031339999999996,2030-12-24 08:00:00,6289.01167652971,8577
8577,0.018,0.2433024,0.30178099999999997,2030-12-24 09:00:00,6146.601677520301,8578
8578,0.031,0.23183879999999996,0.28743620000000003,2030-12-24 10:00:00,5950.309384169734,8579
8579,0.033,0.2076962,0.261737,2030-12-24 11:00:00,5788.400184409593,8580
8580,0.026,0.17867819999999998,0.2238606,2030-12-24 12:00:00,5700.095361593725,8581
8581,0.012,0.14362060000000001,0.1805032,2030-12-24 13:00:00,5725.8832701414485,8582
8582,0.0,0.1135514,0.1428792,2030-12-24 14:00:00,5824.672108646904,8583
8583,0.0,0.095956,0.1138026,2030-12-24 15:00:00,6112.961689114225,8584
8584,0.0,0.08134899999999999,0.0948294,2030-12-24 16:00:00,6414.089877773564,8585
8585,0.0,0.0722854,0.083216,2030-12-24 17:00:00,6370.077986969904,8586
8586,0.0,0.06465,0.07366520000000001,2030-12-24 18:00:00,6325.846389093089,8587
8587,0.0,0.059148599999999996,0.06490499999999999,2030-12-24 19:00:00,6206.950900082364,8588
8588,0.0,0.052548,0.055835600000000006,2030-12-24 20:00:00,5931.22144289871,8589
8589,0.0,0.0455296,0.0489508,2030-12-24 21:00:00,5544.700854229708,8590
8590,0.0,0.0398148,0.047080199999999996,2030-12-24 22:00:00,5244.351516856719,8591
8591,0.0,0.0365286,0.047948000000000005,2030-12-24 23:00:00,4870.083091858335,8592
8592,0.0,0.035946,0.0522424,2030-12-25 00:00:00,4807.282869367681,8593
8593,0.0,0.0373156,0.0588012,2030-12-25 01:00:00,4641.54369200194,8594
8594,0.0,0.0421384,0.06790020000000001,2030-12-25 02:00:00,4549.060826052144,8595
8595,0.0,0.046343,0.0742128,2030-12-25 03:00:00,4518.532977376256,8596
8596,0.0,0.05065839999999999,0.0802932,2030-12-25 04:00:00,4546.685984367673,8597
8597,0.0,0.0570068,0.0900052,2030-12-25 05:00:00,5206.9096062165845,8598
8598,0.0,0.06623920000000001,0.1033744,2030-12-25 06:00:00,5919.41475260564,8599
8599,0.0,0.07734060000000001,0.11866839999999998,2030-12-25 07:00:00,6469.405190528177,8600
8600,0.011,0.088076,0.1328206,2030-12-25 08:00:00,6511.606657578335,8601
8601,0.056,0.09217940000000001,0.147233,2030-12-25 09:00:00,6350.721092949461,8602
8602,0.102,0.096915,0.1628738,2030-12-25 10:00:00,6140.670132264606,8603
8603,0.127,0.10664320000000001,0.181759,2030-12-25 11:00:00,5943.307502921651,8604
8604,0.101,0.1201894,0.2039894,2030-12-25 12:00:00,5852.076371302526,8605
8605,0.044,0.1425796,0.2303782,2030-12-25 13:00:00,5826.955218340416,8606
8606,0.003,0.16958640000000003,0.2601046,2030-12-25 14:00:00,5927.404848891903,8607
8607,0.0,0.192401,0.28315599999999996,2030-12-25 15:00:00,6229.897357646446,8608
8608,0.0,0.21035839999999997,0.30071359999999997,2030-12-25 16:00:00,6528.405303798145,8609
8609,0.0,0.2291992,0.3107528,2030-12-25 17:00:00,6478.149933482214,8610
8610,0.0,0.2413576,0.3131032,2030-12-25 18:00:00,6436.058600272382,8611
8611,0.0,0.24541659999999998,0.3126564,2030-12-25 19:00:00,6302.613365355062,8612
8612,0.0,0.24736600000000003,0.3121138,2030-12-25 20:00:00,6019.000110941381,8613
8613,0.0,0.25107739999999995,0.31948619999999994,2030-12-25 21:00:00,5638.712466449371,8614
8614,0.0,0.2487492,0.32580020000000004,2030-12-25 22:00:00,5325.618602371276,8615
8615,0.0,0.24022099999999996,0.3225054,2030-12-25 23:00:00,4940.8977368994565,8616
8616,0.0,0.22621699999999997,0.312451,2030-12-26 00:00:00,4919.998312530229,8617
8617,0.0,0.2147074,0.29386619999999997,2030-12-26 01:00:00,4751.3948300784705,8618
8618,0.0,0.19942880000000002,0.27294979999999996,2030-12-26 02:00:00,4664.911506409627,8619
8619,0.0,0.17794039999999997,0.244536,2030-12-26 03:00:00,4646.134245450958,8620
8620,0.0,0.15083359999999998,0.2077672,2030-12-26 04:00:00,4673.587486208792,8621
8621,0.0,0.12457460000000001,0.1737536,2030-12-26 05:00:00,5345.696866957746,8622
8622,0.0,0.10125880000000001,0.146936,2030-12-26 06:00:00,6064.23889482716,8623
8623,0.0,0.0824644,0.1241622,2030-12-26 07:00:00,6682.407882245491,8624
8624,0.025,0.0664206,0.1045272,2030-12-26 08:00:00,6756.150272199262,8625
8625,0.097,0.05260240000000001,0.0881884,2030-12-26 09:00:00,6622.715115787736,8626
8626,0.151,0.044403,0.0784436,2030-12-26 10:00:00,6423.138840366455,8627
8627,0.152,0.042211399999999996,0.07475240000000001,2030-12-26 11:00:00,6198.678925874923,8628
8628,0.119,0.0422054,0.0732856,2030-12-26 12:00:00,6106.606440134839,8629
8629,0.062,0.0420016,0.071887,2030-12-26 13:00:00,6117.494300048749,8630
8630,0.005,0.041069800000000004,0.06967300000000001,2030-12-26 14:00:00,6229.667546767657,8631
8631,0.0,0.0395926,0.06668700000000001,2030-12-26 15:00:00,6544.821826952654,8632
8632,0.0,0.0421012,0.0674084,2030-12-26 16:00:00,6862.891567040879,8633
8633,0.0,0.0477548,0.07122540000000001,2030-12-26 17:00:00,6869.498064028702,8634
8634,0.0,0.0510108,0.07585800000000001,2030-12-26 18:00:00,6855.580766982261,8635
8635,0.0,0.049831400000000005,0.0794762,2030-12-26 19:00:00,6753.913209154489,8636
8636,0.0,0.0476916,0.08380459999999999,2030-12-26 20:00:00,6484.507299183308,8637
8637,0.0,0.0481544,0.0927422,2030-12-26 21:00:00,6088.40640542912,8638
8638,0.0,0.0518144,0.10606780000000002,2030-12-26 22:00:00,5747.454967288748,8639
8639,0.0,0.060293200000000005,0.12456779999999998,2030-12-26 23:00:00,5363.085722819393,8640
8640,0.0,0.07479620000000001,0.148303,2030-12-27 00:00:00,5434.941930762917,8641
8641,0.0,0.09170539999999999,0.1721676,2030-12-27 01:00:00,5309.51054965859,8642
8642,0.0,0.10676999999999999,0.19014319999999998,2030-12-27 02:00:00,5236.239844428115,8643
8643,0.0,0.1198698,0.2028066,2030-12-27 03:00:00,5284.641076443938,8644
8644,0.0,0.13218639999999998,0.212444,2030-12-27 04:00:00,5527.302599470989,8645
8645,0.0,0.14393759999999997,0.22170839999999997,2030-12-27 05:00:00,6452.70005770878,8646
8646,0.0,0.1517802,0.22955,2030-12-27 06:00:00,7301.518783280175,8647
8647,0.0,0.1530472,0.2320786,2030-12-27 07:00:00,7919.787176492437,8648
8648,0.043,0.1469666,0.22585039999999998,2030-12-27 08:00:00,7982.008070074606,8649
8649,0.145,0.12938680000000002,0.206248,2030-12-27 09:00:00,7741.260352691452,8650
8650,0.234,0.10834300000000001,0.1848582,2030-12-27 10:00:00,7457.137867656615,8651
8651,0.257,0.0947842,0.1733404,2030-12-27 11:00:00,7241.74573114553,8652
8652,0.216,0.09189339999999999,0.1716058,2030-12-27 12:00:00,7140.689067298624,8653
8653,0.123,0.0990654,0.1775602,2030-12-27 13:00:00,7075.9838453527345,8654
8654,0.017,0.1105408,0.189529,2030-12-27 14:00:00,7100.198936347207,8655
8655,0.0,0.1122112,0.201818,2030-12-27 15:00:00,7330.398281358451,8656
8656,0.0,0.1058084,0.20744860000000004,2030-12-27 16:00:00,7599.59312271803,8657
8657,0.0,0.09616459999999999,0.20753579999999996,2030-12-27 17:00:00,7583.137435761419,8658
8658,0.0,0.0885338,0.2075702,2030-12-27 18:00:00,7483.7162632073105,8659
8659,0.0,0.0839874,0.2076698,2030-12-27 19:00:00,7305.524334564557,8660
8660,0.0,0.0800384,0.20749779999999998,2030-12-27 20:00:00,6968.763929374556,8661
8661,0.0,0.07765079999999999,0.21223999999999998,2030-12-27 21:00:00,6519.500840840622,8662
8662,0.0,0.0710028,0.21011320000000003,2030-12-27 22:00:00,6178.947090069085,8663
8663,0.0,0.058230800000000006,0.2021706,2030-12-27 23:00:00,5797.613421898734,8664
8664,0.0,0.0541836,0.196798,2030-12-28 00:00:00,5652.749872393835,8665
8665,0.0,0.05642080000000001,0.19641060000000002,2030-12-28 01:00:00,5537.803815614196,8666
8666,0.0,0.056542800000000004,0.2006878,2030-12-28 02:00:00,5524.63554485911,8667
8667,0.0,0.0564706,0.20050880000000001,2030-12-28 03:00:00,5618.7166256937635,8668
8668,0.0,0.056938,0.20070860000000001,2030-12-28 04:00:00,5883.1546764278,8669
8669,0.0,0.060677400000000006,0.2052988,2030-12-28 05:00:00,6819.873597936285,8670
8670,0.0,0.0686222,0.21469,2030-12-28 06:00:00,7640.813260852672,8671
8671,0.0,0.0820254,0.23272279999999998,2030-12-28 07:00:00,8286.1192853852,8672
8672,0.031,0.09959699999999999,0.258178,2030-12-28 08:00:00,8347.485624880184,8673
8673,0.092,0.1096698,0.28410499999999994,2030-12-28 09:00:00,8118.01286057025,8674
8674,0.116,0.11498900000000001,0.3046316,2030-12-28 10:00:00,7749.8724535356705,8675
8675,0.104,0.1289352,0.3193686,2030-12-28 11:00:00,7434.522405404324,8676
8676,0.065,0.1480254,0.3271604,2030-12-28 12:00:00,7191.539842994971,8677
8677,0.022,0.1574902,0.33006520000000006,2030-12-28 13:00:00,7077.24945919099,8678
8678,0.001,0.16786279999999998,0.3321262,2030-12-28 14:00:00,7103.392044230901,8679
8679,0.0,0.1734992,0.3366952,2030-12-28 15:00:00,7318.752759511466,8680
8680,0.0,0.1869062,0.34905339999999996,2030-12-28 16:00:00,7561.995712438472,8681
8681,0.0,0.206331,0.3677606,2030-12-28 17:00:00,7519.067191750239,8682
8682,0.0,0.2336542,0.393007,2030-12-28 18:00:00,7361.394037903403,8683
8683,0.0,0.2538714,0.4143338,2030-12-28 19:00:00,7158.083000876461,8684
8684,0.0,0.2665106,0.4323652,2030-12-28 20:00:00,6840.113654636313,8685
8685,0.0,0.2726352,0.44394980000000006,2030-12-28 21:00:00,6438.846021635035,8686
8686,0.0,0.273018,0.45139320000000005,2030-12-28 22:00:00,6113.8305331969605,8687
8687,0.0,0.2963246,0.4687564,2030-12-28 23:00:00,5700.825992262734,8688
8688,0.0,0.30347939999999995,0.48017560000000004,2030-12-29 00:00:00,5263.531526404972,8689
8689,0.0,0.30075379999999996,0.48473760000000005,2030-12-29 01:00:00,5107.951246535029,8690
8690,0.0,0.3055454,0.489108,2030-12-29 02:00:00,5006.505727631453,8691
8691,0.0,0.3154036,0.48653040000000003,2030-12-29 03:00:00,4909.604987262428,8692
8692,0.0,0.3162934,0.4776732,2030-12-29 04:00:00,4817.04460013594,8693
8693,0.0,0.33543399999999995,0.48081199999999996,2030-12-29 05:00:00,5304.526299240836,8694
8694,0.0,0.3569808,0.49116979999999993,2030-12-29 06:00:00,5902.020359342467,8695
8695,0.0,0.3726954,0.5051896,2030-12-29 07:00:00,6484.780166677122,8696
8696,0.004,0.38325719999999996,0.5205238,2030-12-29 08:00:00,6553.848518588453,8697
8697,0.01,0.38263100000000005,0.5412581999999999,2030-12-29 09:00:00,6445.200729438768,8698
8698,0.012,0.40952200000000005,0.5686968,2030-12-29 10:00:00,6296.323129028971,8699
8699,0.014,0.4443314,0.5945503999999999,2030-12-29 11:00:00,6117.578756522609,8700
8700,0.012,0.46238339999999994,0.6084012000000001,2030-12-29 12:00:00,6034.589578328048,8701
8701,0.009,0.4669435999999999,0.6200778,2030-12-29 13:00:00,6011.212455146102,8702
8702,0.0,0.5036256,0.648658,2030-12-29 14:00:00,6100.362798807431,8703
8703,0.0,0.5110152,0.6597158000000001,2030-12-29 15:00:00,6337.87962244822,8704
8704,0.0,0.4800920000000001,0.6579242,2030-12-29 16:00:00,6667.321413949944,8705
8705,0.0,0.491479,0.6648850000000001,2030-12-29 17:00:00,6681.545477563857,8706
8706,0.0,0.5066138,0.6803528,2030-12-29 18:00:00,6586.291696429848,8707
8707,0.0,0.5133198,0.682756,2030-12-29 19:00:00,6446.822802244513,8708
8708,0.0,0.5360026,0.6899282,2030-12-29 20:00:00,6201.107578835278,8709
8709,0.0,0.5485804,0.6953756,2030-12-29 21:00:00,5873.251893992665,8710
8710,0.0,0.547211,0.6960685999999999,2030-12-29 22:00:00,5576.065585648393,8711
8711,0.0,0.5550032,0.700677,2030-12-29 23:00:00,5220.720610194785,8712
8712,0.0,0.5620636,0.7078142,2030-12-30 00:00:00,4750.424717217738,8713
8713,0.0,0.5654036,0.7091848000000001,2030-12-30 01:00:00,4584.723917615311,8714
8714,0.0,0.5662086000000001,0.7141452,2030-12-30 02:00:00,4461.571609829656,8715
8715,0.0,0.5747918,0.7208378,2030-12-30 03:00:00,4385.296012550186,8716
8716,0.0,0.5828614,0.7174428,2030-12-30 04:00:00,4294.236628057616,8717
8717,0.0,0.582316,0.7182653999999999,2030-12-30 05:00:00,4708.418235991614,8718
8718,0.0,0.5757676,0.7144862,2030-12-30 06:00:00,5213.969957515042,8719
8719,0.0,0.5686018,0.718224,2030-12-30 07:00:00,5747.960388337906,8720
8720,0.021,0.5584978,0.7132668,2030-12-30 08:00:00,5845.159201595111,8721
8721,0.082,0.5509809999999999,0.703525,2030-12-30 09:00:00,5716.255663513792,8722
8722,0.119,0.5474294,0.6907892,2030-12-30 10:00:00,5538.470790422774,8723
8723,0.125,0.5477816,0.6802778,2030-12-30 11:00:00,5358.308583604181,8724
8724,0.103,0.5467831999999999,0.6680966,2030-12-30 12:00:00,5271.658148771492,8725
8725,0.052,0.5306293999999999,0.642815,2030-12-30 13:00:00,5302.371896384497,8726
8726,0.006,0.5110062,0.6276128,2030-12-30 14:00:00,5503.558434200302,8727
8727,0.0,0.49640900000000004,0.6148377999999999,2030-12-30 15:00:00,5876.6997528808115,8728
8728,0.0,0.48888119999999996,0.6053154000000001,2030-12-30 16:00:00,6287.43099088278,8729
8729,0.0,0.4744745999999999,0.605557,2030-12-30 17:00:00,6305.883201816453,8730
8730,0.0,0.4805956,0.6371751999999999,2030-12-30 18:00:00,6205.203710031497,8731
8731,0.0,0.501862,0.6713736,2030-12-30 19:00:00,6038.344640588896,8732
8732,0.0,0.5271,0.7061318,2030-12-30 20:00:00,5765.599351112145,8733
8733,0.0,0.5427953999999999,0.7267614000000001,2030-12-30 21:00:00,5411.640035339958,8734
8734,0.0,0.5791519999999999,0.756957,2030-12-30 22:00:00,5146.197072326525,8735
8735,0.0,0.6168429999999999,0.7882963999999999,2030-12-30 23:00:00,4847.532056212632,8736
8736,0.0,0.6555888,0.814211,2030-12-31 00:00:00,4717.995036490739,8737
8737,0.0,0.7011866,0.840978,2030-12-31 01:00:00,4653.033431138538,8738
8738,0.0,0.736939,0.8616632,2030-12-31 02:00:00,4641.392484638316,8739
8739,0.0,0.763978,0.8742371999999999,2030-12-31 03:00:00,4712.503916577346,8740
8740,0.0,0.7773376,0.8719795999999999,2030-12-31 04:00:00,4943.907311887656,8741
8741,0.0,0.7726257999999999,0.864374,2030-12-31 05:00:00,5727.875907967375,8742
8742,0.0,0.7415574,0.8451031999999999,2030-12-31 06:00:00,6445.883911224342,8743
8743,0.0,0.7043732,0.8153784,2030-12-31 07:00:00,6997.817079073722,8744
8744,0.075,0.6567486,0.7733092,2030-12-31 08:00:00,7074.132431328938,8745
8745,0.215,0.6041221999999999,0.7123666,2030-12-31 09:00:00,6865.216578944552,8746
8746,0.3,0.5474867999999999,0.6555382,2030-12-31 10:00:00,6562.285585055552,8747
8747,0.309,0.5083968,0.6239944,2030-12-31 11:00:00,6360.863042447367,8748
8748,0.252,0.4769422,0.5971084,2030-12-31 12:00:00,6248.114504343326,8749
8749,0.145,0.4349406,0.5633528,2030-12-31 13:00:00,6175.965065146926,8750
8750,0.023,0.39829480000000006,0.5243216,2030-12-31 14:00:00,6240.436329199794,8751
8751,0.0,0.3713768,0.4921266,2030-12-31 15:00:00,6584.139593390522,8752
8752,0.0,0.3422026,0.45632400000000006,2030-12-31 16:00:00,6953.803363209501,8753
8753,0.0,0.3215744,0.41371139999999995,2030-12-31 17:00:00,6962.110982378417,8754
8754,0.0,0.29690340000000004,0.37395379999999995,2030-12-31 18:00:00,6847.067384065807,8755
8755,0.0,0.26732579999999995,0.3354368,2030-12-31 19:00:00,6643.609221787205,8756
8756,0.0,0.2460832,0.30823900000000004,2030-12-31 20:00:00,6304.7425275163205,8757
8757,0.0,0.24700060000000001,0.3104738,2030-12-31 21:00:00,5861.057980849286,8758
8758,0.0,0.267938,0.3381244,2030-12-31 22:00:00,5517.699287554327,8759
8759,0.0,0.29451000000000005,0.3749554,2030-12-31 23:00:00,5126.595271200384,8760
