Onshore turbines,Offshore trubines fixed,Utility scale PV,"Biogas, Basic plant, large",battery
7887.923520000002,2882.117241492354,0.0,0.0,0.0
8189.298800000002,2973.587451999918,0.0,0.0,0.0
8438.458960000002,3095.4137193608144,0.0,0.0,0.0
8723.335360000001,3248.2848175968925,0.0,0.0,7562.115782666939
9182.329840000004,3391.0875702424687,0.0,0.0,7562.115782666939
9579.186560000002,3483.4496155575835,0.0,0.0,7562.115782666939
10553.936480000002,3642.566618664388,0.0,0.0,7562.11578266694
11394.755200000001,3774.5908231724898,0.0,0.0,7562.115782666938
11511.766400000002,3785.842839674614,0.0,0.0,0.0
11284.09088,3736.659272484771,0.0,0.0,0.0
11232.123920000002,3732.737852387042,0.0,0.0,0.0
11353.101920000003,3751.0214863477804,0.0,0.0,0.0
11607.420800000002,3768.167367665019,0.0,0.0,0.0
11777.244960000002,3808.602994574394,0.0,0.0,0.0
11879.964400000003,3892.874241046184,0.0,0.0,0.0
12180.380880000002,3960.4679725355923,0.0,0.0,0.0
12758.153760000003,4065.299378661078,0.0,0.0,0.0
13350.395120000001,4224.803115626077,0.0,0.0,0.0
13953.615680000003,4356.684463300016,0.0,0.0,0.0
14716.448240000003,4459.507710499575,0.0,0.0,0.0
15338.638000000003,4556.021787658995,0.0,0.0,0.0
15796.66992,4639.948136916881,0.0,0.0,0.0
16128.580160000003,4701.265351356815,0.0,0.0,0.0
16434.478720000003,4762.295831722467,0.0,0.0,0.0
16638.492560000006,4810.47225823147,0.0,0.0,0.0
16814.332720000006,4835.857917661945,0.0,0.0,5062.82452443378
17055.63072000001,4857.8609313406705,0.0,0.0,7562.11578266694
17208.610080000002,4894.324117854401,0.0,0.0,7562.11578266694
17294.104960000004,4915.513867984365,0.0,0.0,7562.115782666939
17429.683040000004,4925.200581746464,0.0,0.0,7562.1157826669405
17529.977280000003,4937.162800795561,0.0,0.0,7562.11578266694
17529.458400000003,4949.406651889149,0.0,0.0,7562.115782666939
17453.183040000004,4954.387253371589,0.0,0.0,0.0
17312.547760000005,4963.269887238552,0.0,0.0,0.0
17300.854160000003,4969.960689107095,0.0,0.0,0.0
17324.256400000006,4968.068856460415,0.0,0.0,0.0
17344.056560000005,4971.85558297165,0.0,0.0,0.0
17258.283440000003,4964.4984560123385,0.0,0.0,0.0
17116.595360000003,4947.718900434128,0.0,0.0,0.0
16932.79904,4921.0567131498265,0.0,0.0,7562.11578266694
16816.656400000003,4897.432274403369,0.0,0.0,7562.115782666939
16757.026560000002,4891.478205636715,0.0,0.0,7562.115782666939
16636.725360000004,4892.706774410502,0.0,0.0,7562.1157826669405
16517.458160000006,4892.8853454532045,0.0,0.0,7562.115782666941
16468.615760000004,4886.647603830144,0.0,0.0,7562.1157826669405
16504.155280000006,4893.802690409712,0.0,0.0,7562.115782666941
16584.60048,4904.075117191873,0.0,0.0,7562.1157826669405
16770.423440000006,4901.427163730096,0.0,0.0,7562.1157826669405
17034.905600000006,4915.899581436601,0.0,0.0,7562.115782666939
17044.023600000004,4901.880223975579,0.0,0.0,7562.115782666941
16684.232960000005,4847.478300715014,0.0,0.0,7562.11578266694
16043.788400000003,4757.6784947611795,0.0,0.0,7562.1157826669405
15303.038320000001,4660.358296894707,0.0,0.0,3304.9286646794203
14569.545040000003,4558.222803311039,0.0,0.0,0.0
13793.2216,4441.765912102693,0.0,0.0,0.0
12950.21456,4332.780433320986,0.0,0.0,0.0
12386.902640000002,4246.144906243826,0.0,0.0,0.0
12062.215360000004,4177.332810040212,0.0,0.0,0.0
11792.461680000002,4098.839102104292,0.0,0.0,0.0
11569.034960000003,4047.292274715038,0.0,0.0,0.0
11157.984240000002,3976.1281427775525,0.0,0.0,0.0
10716.680560000003,3914.3129702299716,0.0,0.0,0.0
10435.237040000004,3835.009059963164,0.0,0.0,0.0
9922.068480000002,3740.686814802164,0.0,0.0,7562.11578266694
9562.665120000001,3650.36558140364,0.0,0.0,0.0
9520.850160000002,3559.5433286795937,0.0,0.0,0.0
9588.639200000001,3489.531235069024,0.0,0.0,0.0
9820.845519999999,3508.0209910333383,0.0,0.0,0.0
9898.278960000001,3536.101542599671,0.0,0.0,0.0
9992.372960000002,3541.8484689567917,0.0,0.0,3317.184491645999
9983.191040000002,3570.6361618522233,0.0,0.0,7562.115782666939
9836.581120000004,3575.131050098515,0.0,0.0,7562.115782666941
9799.406,3594.491212345255,0.0,0.0,7562.11578266694
9935.224720000002,3633.170720600403,0.0,0.0,0.0
10078.413040000001,3657.731892016575,0.0,0.0,0.0
10018.294400000002,3622.1329893495213,0.0,0.0,0.0
9905.08832,3588.2279605732374,0.0,0.0,0.0
9983.375280000002,3589.199387045535,0.0,0.0,0.0
10123.303679999999,3592.1330541756342,0.0,0.0,0.0
10181.339280000004,3554.399462243825,0.0,0.0,7562.115782666939
9902.57664,3495.199590167356,0.0,0.0,0.0
9259.462480000002,3404.782438608752,0.0,0.0,0.0
8806.886320000001,3323.649960864679,0.0,0.0,0.0
8410.717680000002,3262.2786649089567,0.0,0.0,0.0
8263.83328,3222.8838520770432,0.0,0.0,0.0
8239.415840000001,3175.2676284391437,0.0,0.0,0.0
8188.411440000002,3098.364733392205,0.0,0.0,0.0
8093.125520000003,2987.3190549806995,0.0,0.0,0.0
7750.029280000002,2883.417238683222,0.0,0.0,0.0
7394.761920000001,2837.7265210886258,0.0,0.0,0.0
7032.4558400000005,2873.4244031336343,0.0,0.0,0.0
6713.058880000001,2934.871209130272,0.0,0.0,0.0
6403.238640000001,2959.9364610898415,0.0,0.0,0.0
6222.570640000001,2962.491557609412,0.0,0.0,0.0
6284.580560000002,2890.936610189902,0.0,0.0,0.0
6446.790720000003,2697.537028102244,0.0,0.0,0.0
6473.005440000001,2497.626235594703,0.0,0.0,0.0
6278.440480000002,2290.5256627050126,0.0,0.0,0.0
6111.504000000002,2158.4310501857885,0.0,0.0,0.0
5679.457440000001,2051.232302237058,0.0,0.0,0.0
5145.826960000001,1897.7122258115037,0.0,0.0,0.0
4612.90336,1729.1758553036739,0.0,0.0,0.0
3862.1892800000005,1517.2303949239963,0.0,0.0,1858.5926654419477
3199.692320000001,1306.8920739286339,0.0,0.0,3227.4569125757225
2746.5446400000005,1132.8536744936748,0.0,0.0,3793.170436153724
2359.7609600000005,1024.7212550931038,0.0,0.0,4112.173392098637
1902.5261600000006,916.5480194542007,0.0,0.0,4437.016273723354
1573.1464000000003,824.1849537331278,0.0,0.0,4564.494827603356
1315.2968800000003,738.2075884990679,0.0,0.0,4736.128507193943
1127.5300000000004,658.2730673500338,0.0,0.0,4900.995133599494
993.8996000000002,588.1619943615102,0.0,0.0,5101.663284861994
928.8064800000002,545.0314753162772,0.0,0.0,5445.088238580164
925.5352800000002,526.2580464955571,0.0,0.0,5885.44807885819
956.3334400000003,516.2448028268035,0.0,0.0,5854.946600641949
1025.6678400000003,510.6825699481349,0.0,0.0,5610.849126525962
1163.2951200000002,520.6958136168884,0.0,0.0,5229.815599651021
1361.2516000000003,550.8304423772703,0.0,0.0,4649.388360435162
1569.8451200000004,603.5742059556051,0.0,0.0,3953.2542988877467
1751.2952000000002,677.170985697666,0.0,0.0,3363.677178280545
1917.6526400000002,761.9534555545619,0.0,0.0,2688.3637958465206
2048.2148800000004,842.0818538356722,0.0,0.0,2375.538025715015
2215.4521600000007,915.8878167991836,0.0,0.0,1955.4558845082402
2450.6702400000004,1015.2876020086622,0.0,0.0,1511.1256053032619
2714.3176800000006,1144.264874325293,0.0,0.0,1023.5993289952727
3095.8336000000004,1321.9695923684078,0.0,0.0,392.09231988706813
3651.6706400000003,1550.7231796931287,0.0,0.0,222.46041306792463
4187.624800000001,1791.2226600037882,0.0,0.0,211.353831878716
4800.929680000001,1994.778342594361,0.0,0.0,0.0
5411.929680000002,2198.364637363682,0.0,0.0,0.0
5726.363440000002,2326.969461505535,0.0,0.0,0.0
5936.67528,2417.992734203366,0.0,0.0,0.0
6005.460720000001,2461.3365180938827,0.0,0.0,0.0
6379.580720000002,2537.220027588484,0.0,0.0,0.0
6415.970000000001,2701.50844809193,0.0,0.0,0.0
6703.835600000001,2862.721365037073,0.0,0.0,0.0
7505.343520000002,3098.561671742156,0.0,0.0,0.0
8243.529280000002,3326.5530158160304,0.0,0.0,0.0
9102.640400000002,3520.7148411545345,0.0,0.0,0.0
9972.309600000004,3584.9249064862356,0.0,0.0,0.0
10218.852800000002,3491.5812306392404,0.0,0.0,0.0
10091.667040000002,3409.3395716184996,0.0,0.0,0.0
9572.373440000003,3220.3083474383056,0.0,0.0,0.0
8741.071280000002,2966.5272631744715,0.0,0.0,0.0
7437.197280000001,2912.7702364795496,0.0,0.0,0.0
6343.920880000001,2948.4507716232674,0.0,0.0,0.0
6286.359040000002,2917.21818605176,0.0,0.0,0.0
6395.094480000001,2742.1236664499643,0.0,0.0,0.0
6322.20312,2521.4108780766123,0.0,0.0,0.0
6158.432560000001,2322.7776338288577,0.0,0.0,0.0
6146.299040000003,2241.081891995805,0.0,0.0,0.0
6309.52064,2282.5562921707246,0.0,0.0,0.0
6418.511760000001,2348.5408434639016,0.0,0.0,0.0
6318.089680000001,2390.8876907331633,0.0,0.0,0.0
5981.479440000002,2368.094882842718,0.0,0.0,0.0
5578.693200000001,2314.5980596671607,0.0,0.0,0.0
5343.257040000001,2293.5307582521928,0.0,0.0,0.0
5526.77888,2299.6154389815083,0.0,0.0,0.0
5584.942320000001,2290.1858675209,0.0,0.0,0.0
5783.73728,2356.821437815469,0.0,0.0,0.0
5973.621040000002,2529.1598409239077,0.0,0.0,0.0
6244.408720000002,2749.17263080987,0.0,0.0,0.0
6988.753360000001,2964.173186628684,0.0,0.0,0.0
7772.442640000002,3136.042202996307,0.0,0.0,0.0
8650.575600000002,3306.6357119160602,0.0,0.0,0.0
9719.803040000004,3473.278208965295,0.0,0.0,0.0
10768.617440000002,3659.2492356765606,0.0,0.0,0.0
11837.017680000003,3837.6804827619812,0.0,0.0,0.0
12949.876160000002,4037.61066298273,0.0,0.0,0.0
13593.309920000002,4145.39614435748,0.0,0.0,0.0
13989.350720000004,4203.858262926104,0.0,0.0,7562.11578266694
14100.447440000002,4196.648074424787,0.0,0.0,7562.11578266694
13757.862560000003,4134.617596220006,0.0,0.0,1036.0361085319025
13470.346640000005,4039.8545356850223,0.0,0.0,0.0
12647.181120000003,3912.736443024405,0.0,0.0,0.0
11838.510400000005,3761.254117297568,0.0,0.0,0.0
11322.732400000003,3633.1176594905724,0.0,0.0,0.0
10678.888800000002,3532.273999850105,0.0,0.0,0.0
10034.819600000003,3488.373074306359,0.0,0.0,0.0
8998.0184,3269.1970173062005,0.0,0.0,0.0
7987.552240000002,3079.045387383797,0.0,0.0,0.0
7769.953520000001,3036.4577243083772,0.0,0.0,0.0
7407.425600000002,2965.865019707538,0.0,0.0,0.0
6981.342400000002,2905.3161709542014,0.0,0.0,0.0
6808.476400000001,2896.3039455305357,0.0,0.0,0.0
6704.486080000001,2900.306998104929,0.0,0.0,0.0
6682.151680000002,2889.5896743249514,0.0,0.0,0.0
6874.580960000002,2935.380391703461,0.0,0.0,0.0
7739.136560000002,3140.836070188379,0.0,0.0,0.0
8564.054240000001,3338.3560515356344,0.0,0.0,0.0
9381.2188,3478.587381166306,0.0,0.0,0.0
9887.972800000003,3606.270778727818,0.0,0.0,0.0
10412.631920000002,3659.372704797514,0.0,0.0,0.0
10683.524880000003,3655.178836308919,0.0,0.0,0.0
10605.346960000003,3756.450046045912,0.0,0.0,0.0
10618.64232,3907.678290689134,0.0,0.0,0.0
10696.00432,3902.5364650652837,0.0,0.0,0.0
10277.610320000002,3859.577374221045,0.0,0.0,0.0
11155.901200000002,4038.8575990637673,0.0,0.0,5305.273639454008
12418.685920000004,4241.398998131794,0.0,0.0,7562.11578266694
13786.649120000002,4334.559000906295,0.0,0.0,7562.115782666939
15044.230000000001,4511.728005821305,0.0,0.0,7562.11578266694
16287.357440000002,4493.069882873872,0.0,0.0,0.0
17277.083440000002,4634.3267204926315,0.0,0.0,0.0
17429.664240000002,4673.369493268933,0.0,0.0,0.0
17456.412880000007,4683.791919726962,0.0,0.0,0.0
17222.108480000003,4641.2297668005,0.0,0.0,0.0
17079.277360000004,4639.659362030684,0.0,0.0,0.0
16929.11048,4659.978705878221,0.0,0.0,7562.11578266694
16505.253200000003,4628.786936545045,0.0,0.0,7562.1157826669405
16226.911680000005,4563.296261735683,0.0,0.0,7562.11578266694
15867.670000000004,4458.803630388353,0.0,0.0,7562.115782666939
15071.975040000005,4235.472480326013,0.0,0.0,7562.115782666939
13947.964400000004,3874.521219480281,0.0,0.0,0.0
12569.830400000004,3504.4444681495124,0.0,0.0,0.0
10587.565920000003,3062.780116408567,0.0,0.0,0.0
8503.980720000001,2513.6333438624843,0.0,0.0,0.0
6450.076960000001,2121.510721802742,0.0,0.0,7562.115782666939
4693.9915200000005,1990.209985119072,0.0,0.0,7562.115782666941
3972.4024000000004,1964.6090200313965,0.0,0.0,7562.1157826669405
4331.388400000001,2419.0702828953267,0.0,0.0,7562.1157826669405
6324.910320000002,2849.5295568082297,0.0,0.0,0.0
8722.068240000002,3194.329832146061,0.0,0.0,0.0
10716.022560000001,3622.7564573900395,0.0,0.0,0.0
13157.379280000001,3950.5526878388355,0.0,0.0,0.0
14984.209120000005,4246.551027815227,0.0,0.0,7562.11578266694
16078.752640000004,4509.169848083859,0.0,0.0,0.0
17081.35664,4738.418332298353,0.0,0.0,0.0
17694.28176,4846.889526477077,0.0,0.0,0.0
17988.45288,4904.189402659202,0.0,0.0,0.0
18084.013280000003,4921.88018075817,0.0,0.0,0.0
18094.973680000003,4923.056708828085,0.0,0.0,0.0
18009.843520000006,4915.100603571255,0.0,0.0,7562.1157826669405
17907.274480000004,4846.299731833183,0.0,0.0,7562.115782666939
17846.764800000004,4797.519224996868,0.0,0.0,7562.11578266694
17889.196400000004,4813.153885089871,0.0,0.0,7562.11578266694
17983.218960000006,4833.073229801757,0.0,0.0,7562.11578266694
18025.789680000005,4852.3772697207905,0.0,0.0,7562.115782666939
18034.9716,4862.257860614966,0.0,0.0,7562.115782666939
18038.002160000004,4872.886409076572,0.0,0.0,7562.11578266694
17981.147200000003,4889.192496290133,0.0,0.0,7562.11578266694
17825.720080000003,4906.043480285425,0.0,0.0,7562.1157826669405
17596.529280000002,4914.707747277311,0.0,0.0,7562.1157826669405
17300.083360000004,4910.255716081268,0.0,0.0,7562.115782666938
16999.580400000003,4901.5853266536315,0.0,0.0,7562.115782666939
16697.832880000005,4884.9037300474165,0.0,0.0,7562.11578266694
16389.505360000003,4869.286416855704,0.0,0.0,7562.115782666941
16141.988320000004,4848.916052710252,0.0,0.0,7562.115782666941
15959.989280000002,4825.790592477402,0.0,0.0,7562.1157826669405
15902.179280000006,4814.548780034861,0.0,0.0,0.0
15908.511120000003,4816.062042071013,0.0,0.0,0.0
15908.605120000006,4813.934495647967,0.0,0.0,0.0
15912.534320000004,4811.822255314295,0.0,0.0,0.0
15981.417520000005,4814.385515081533,0.0,0.0,0.0
15996.671840000003,4808.178385637223,0.0,0.0,0.0
15909.827120000004,4790.786586484035,0.0,0.0,0.0
15793.255840000003,4754.186665571892,0.0,0.0,7562.11578266694
15676.334880000004,4677.765402137269,0.0,0.0,7562.1157826669405
15422.730400000004,4566.7758460534715,0.0,0.0,7562.11578266694
14947.143040000003,4360.12425178543,0.0,0.0,7562.115782666938
13900.475600000003,4086.5228021876646,0.0,0.0,0.0
12238.025440000003,3802.986680179936,0.0,0.0,0.0
10389.17328,3575.5463553235413,0.0,0.0,0.0
9237.902640000004,3538.999495521231,0.0,0.0,0.0
8632.76072,3570.0422855844954,0.0,0.0,0.0
9102.102720000004,3604.040171302984,0.0,0.0,0.0
9535.299840000003,3658.117605468811,0.0,0.0,0.0
10896.205520000003,3776.356125480341,0.0,0.0,0.0
11836.058880000002,3902.337485903416,0.0,0.0,0.0
12564.547600000002,3999.0852360272847,0.0,0.0,0.0
12924.781920000003,4024.1484471749377,0.0,0.0,0.0
13701.451280000003,4153.1114338081525,0.0,0.0,0.0
14684.533360000003,4380.973186325323,0.0,0.0,7562.115782666939
15383.310560000002,4574.785012420131,0.0,0.0,0.0
15825.877600000003,4670.169500183718,0.0,0.0,0.0
16091.420080000005,4706.336768969543,0.0,0.0,0.0
16322.919520000005,4730.149982818284,0.0,0.0,0.0
16512.412240000005,4757.637678522849,0.0,0.0,0.0
16578.219760000004,4780.9825260367315,0.0,0.0,0.0
16544.575280000005,4776.98457549213,0.0,0.0,7562.1157826669405
16457.3508,4770.0243864505965,0.0,0.0,7562.11578266694
16275.656320000004,4769.036633482966,0.0,0.0,7562.11578266694
16013.832480000003,4737.908129319205,0.0,0.0,7562.115782666941
15648.040880000002,4691.721494428876,0.0,0.0,7562.115782666939
15164.29432,4620.423689310856,0.0,0.0,7562.11578266694
14644.015600000002,4538.482029641854,0.0,0.0,7562.11578266694
14020.633920000004,4403.29864828687,0.0,0.0,7562.11578266694
13030.648480000002,4197.747051641872,0.0,0.0,0.0
11457.494560000003,3882.0334481452533,0.0,0.0,0.0
9432.21944,3510.9587397872706,0.0,0.0,0.0
7991.575440000001,3167.7421344967142,0.0,0.0,0.0
7026.96248,2919.619201271629,0.0,0.0,0.0
6262.6184,2687.6686820795685,0.0,0.0,0.0
5667.267520000001,2462.2630467040153,0.0,0.0,7562.11578266694
5445.371120000001,2348.102068901834,0.0,0.0,7562.11578266694
5482.636480000001,2336.265359785607,0.0,0.0,7562.1157826669405
5689.477840000001,2437.33248833094,0.0,0.0,7562.11578266694
6205.097920000002,2667.518725621108,0.0,0.0,0.0
6931.984880000002,2978.3364213298255,0.0,0.0,0.0
8128.251440000002,3261.5633603321917,0.0,0.0,0.0
9568.748800000001,3448.8303026104936,0.0,0.0,0.0
10375.772640000003,3559.3157781508935,0.0,0.0,0.0
10641.755040000002,3590.9657097593445,0.0,0.0,0.0
10636.577520000003,3554.8474204595177,0.0,0.0,0.0
9544.338880000003,3359.358046969271,0.0,0.0,0.0
8029.942480000003,3128.1350772254755,0.0,0.0,0.0
7059.723360000003,2925.981432421601,0.0,0.0,7562.1157826669405
6517.6968,2757.452204755479,0.0,0.0,7562.1157826669405
6495.738400000001,2670.312597134921,0.0,0.0,7562.1157826669405
6613.960320000002,2707.641087901285,0.0,0.0,7562.115782666938
7009.2566400000005,2820.4163544121016,0.0,0.0,7562.115782666938
7536.303360000001,2926.840614238486,0.0,0.0,0.0
8054.495280000002,3057.9913512462863,0.0,0.0,0.0
8282.001600000001,3138.4105652255107,0.0,0.0,0.0
8555.643120000002,3284.8898405388254,0.0,0.0,0.0
8891.234400000001,3388.862064847426,0.0,0.0,0.0
9092.898240000002,3447.5425502911244,0.0,0.0,0.0
8515.730720000003,3401.128364872096,0.0,0.0,0.0
8038.519040000002,3322.237719018399,0.0,0.0,0.0
7610.867920000002,3135.6993465943196,0.0,0.0,0.0
7250.110960000001,2935.058963826598,0.0,0.0,7562.115782666939
6995.058880000001,2817.9530944287762,0.0,0.0,0.0
6833.187120000001,2813.1224926222058,0.0,0.0,0.0
6810.063120000001,2786.4745910213187,0.0,0.0,0.0
7318.392560000001,2775.1970643702375,0.0,0.0,7562.115782666939
7612.928400000002,2976.3007114430256,0.0,0.0,7562.115782666941
7587.029520000002,3132.605475728768,0.0,0.0,0.0
7765.779920000002,3126.02487770372,0.0,0.0,0.0
7817.055040000003,3162.00949382301,0.0,0.0,0.0
7732.203120000001,3127.1401814161377,0.0,0.0,0.0
7421.345120000002,3101.1116662319364,0.0,0.0,0.0
7442.378560000002,3101.2239108873487,0.0,0.0,0.0
7561.141920000002,3118.203466033385,0.0,0.0,0.0
7767.4305600000025,3125.4830421398656,0.0,0.0,0.0
8142.62592,3190.585962685075,0.0,0.0,0.0
8425.795280000002,3253.653173343485,0.0,0.0,0.0
8893.994240000002,3326.656076817818,0.0,0.0,0.0
8985.982640000002,3393.1406270305592,0.0,0.0,0.0
9100.771680000002,3507.5669103818973,0.0,0.0,0.0
9485.68288,3622.10952001248,0.0,0.0,0.0
10297.072080000002,3738.0123307854715,0.0,0.0,0.0
11303.970000000003,3877.104887366686,0.0,0.0,0.0
12639.014400000002,4055.5902159678963,0.0,0.0,0.0
13935.548880000002,4250.763263611071,0.0,0.0,0.0
15105.393920000004,4444.877129869536,0.0,0.0,7562.11578266694
15774.967200000003,4569.870737324981,0.0,0.0,0.0
16038.562000000004,4605.719639451818,0.0,0.0,0.0
16079.760320000001,4607.696165793037,0.0,0.0,0.0
15748.545680000001,4588.379881002503,0.0,0.0,0.0
15384.201680000002,4561.116674608764,0.0,0.0,0.0
14578.324640000003,4472.654620866255,0.0,0.0,0.0
14008.278560000004,4400.264981372858,0.0,0.0,0.0
13365.728400000005,4317.965159212495,0.0,0.0,7562.115782666939
12859.756480000004,4262.025484172779,0.0,0.0,0.0
12549.409840000004,4250.995916169562,0.0,0.0,0.0
12542.19816,4269.678528859994,0.0,0.0,0.0
12874.499440000003,4326.6967729976295,0.0,0.0,0.0
13067.128000000002,4366.954849270261,0.0,0.0,7562.115782666938
13441.432240000002,4426.113905108399,0.0,0.0,7562.1157826669405
14103.229840000004,4513.707593380398,0.0,0.0,7562.1157826669405
15170.863040000004,4608.970652834947,0.0,0.0,7562.11578266694
15608.105920000002,4675.558264049477,0.0,0.0,7562.115782666941
15940.01992,4685.261304306909,0.0,0.0,7562.11578266694
16168.906160000006,4652.814435645028,0.0,0.0,7562.1157826669405
16250.513200000001,4636.119573761357,0.0,0.0,7562.11578266694
16360.557120000005,4636.975694360366,0.0,0.0,7562.1157826669405
16403.289520000002,4620.300220189902,0.0,0.0,7562.115782666938
16421.002880000004,4662.900128136821,0.0,0.0,7562.115782666939
16286.503920000003,4650.40729798941,0.0,0.0,7562.115782666939
15949.626720000006,4614.179825252046,0.0,0.0,0.0
15506.168560000002,4560.788103890194,0.0,0.0,0.0
15082.785040000002,4496.7484463535275,0.0,0.0,0.0
14502.293680000004,4396.610907636202,0.0,0.0,0.0
13601.826320000002,4241.424508280751,0.0,0.0,0.0
12575.647120000001,4048.3422724461234,0.0,0.0,0.0
11562.236880000002,3810.1050321450048,0.0,0.0,0.0
10583.554000000002,3561.3392431661932,0.0,0.0,0.0
9662.933040000004,3315.3550808296955,0.0,0.0,0.0
8754.637360000002,3125.701409014941,0.0,0.0,0.0
7973.5199200000025,2938.438548360472,0.0,0.0,0.0
7623.054080000002,2793.9837584684155,0.0,0.0,0.0
7475.2108800000005,2677.8666624441826,0.0,0.0,0.0
7365.907680000002,2604.7168205118546,0.0,0.0,0.0
6965.17816,2539.34757401153,0.0,0.0,0.0
6713.081440000002,2528.4231078220187,0.0,0.0,0.0
6590.877680000001,2541.5485896635732,0.0,0.0,0.0
6502.03264,2551.7465268107785,0.0,0.0,0.0
6131.860640000001,2529.2057591920307,0.0,0.0,0.0
6162.910720000002,2554.891417974245,0.0,0.0,0.0
6415.5376000000015,2627.1473842871055,0.0,0.0,0.0
6677.414080000001,2685.3635850197793,0.0,0.0,0.0
6979.210480000002,2748.5879381957666,0.0,0.0,0.0
7228.216480000002,2833.42550997441,0.0,0.0,0.0
7448.736720000001,2862.1754478493854,0.0,0.0,0.0
7556.1035200000015,2909.5722842062514,0.0,0.0,0.0
7559.600320000001,2973.222146666848,0.0,0.0,0.0
7844.5970400000015,3067.6770446024266,0.0,0.0,0.0
8150.303840000001,3115.3789823408233,0.0,0.0,0.0
8486.508000000002,3094.9055571935833,0.0,0.0,0.0
8468.215600000001,3011.6067576000487,0.0,0.0,0.0
8117.591840000001,2866.209112602527,0.0,0.0,0.0
7635.635040000001,2725.1226827788037,0.0,0.0,0.0
7268.076240000001,2588.341345693129,0.0,0.0,0.0
7103.4108000000015,2470.7007835731606,0.0,0.0,0.0
7238.940000000001,2380.4775091466327,0.0,0.0,0.0
7080.542480000002,2252.4583980248417,0.0,0.0,0.0
6891.0685600000015,2120.3229692672858,0.0,0.0,0.0
6679.027120000001,1992.6712042904808,0.0,0.0,0.0
6254.308800000001,1877.5724734126263,0.0,0.0,0.0
5804.120240000002,1757.059468520056,0.0,0.0,0.0
5462.764880000001,1662.1260001900364,0.0,0.0,0.0
5160.502240000001,1588.5618734386412,0.0,0.0,0.0
4922.787520000001,1515.8018265823825,0.0,0.0,0.0
4597.464800000001,1410.5153193994975,0.0,0.0,0.0
4285.941280000001,1325.1144835318748,0.0,1409.52,2.711125127879498e-13
4194.193520000001,1288.5196646495242,0.0,1409.52,1138.1613190136668
4199.89744,1272.273781387502,0.0,1409.5200000000002,1672.2452922385091
4154.890240000001,1277.7462185418406,0.0,1409.5199999999998,1659.4386734030736
4020.5266400000005,1245.486084170329,0.0,1409.52,1579.6579635861362
3826.224880000001,1193.1035443012313,0.0,1409.5199999999998,1549.8082073202495
3524.0148800000006,1108.230258314047,0.0,1409.5200000000002,1693.6166870626623
3021.4232000000006,979.4468631294919,0.0,1409.52,2206.4055951333994
2516.0754400000005,858.9726336633369,0.0,1409.5199999999998,2724.3192843364586
2229.0633600000006,785.4544251800647,0.0,1409.5199999999998,2990.296801876244
2122.2944000000007,755.5891835926731,0.0,1409.5200000000002,3315.212056730679
2044.2255200000004,741.0096232605472,0.0,1409.5200000000002,3916.2377925978863
1975.8461600000005,727.28108149764,0.0,1409.52,3951.8295491833805
1879.4961600000004,697.1648200445073,0.0,1409.52,3923.0016686692325
1733.5367200000003,647.9996201619149,0.0,1409.5199999999998,3883.2004133941678
1512.7081600000006,578.6518108301964,0.0,1409.5199999999995,3750.9967781850814
1282.6036800000002,511.6009353106009,0.0,1409.52,3514.676350288817
1053.8076800000001,457.75615370326545,0.0,1409.5199999999995,3371.7905095858882
848.6545600000003,416.3929777778003,0.0,1409.5200000000002,3191.050811508161
698.4012000000001,387.8644679957753,0.0,1409.5199999999998,3269.884853699992
614.2260800000001,374.01245711191433,0.0,1409.5199999999998,3247.3156215507825
592.2225600000002,367.318594025496,0.0,1409.5199999999998,3241.3240762433693
625.1564000000001,366.1247190542902,0.0,1409.52,3289.1959412219335
649.05496,364.8359463289632,0.0,1409.5199999999998,3560.950211682804
687.93712,376.4532681641571,0.0,1409.52,4634.0228038925425
774.3268800000001,417.9541988939922,0.0,1409.52,5547.800713111786
926.9979200000001,482.0071217081156,0.0,1409.5200000000002,5868.546061179304
1091.0091200000002,542.1988283760488,0.0,1409.5199999999998,5600.845151474728
1191.1868000000002,576.57834592294,0.0,1409.5199999999995,5244.338232305114
1238.34472,578.6701781374456,0.0,1409.52,4899.351379951589
1252.2153600000004,563.9018427030354,0.0,1409.52,4577.228696133396
1214.9161600000004,549.0457523562116,0.0,1409.5199999999995,4410.709352159757
1255.8813600000003,552.1273783502638,0.0,1409.52,4223.4254009078395
1464.4861600000004,608.1384818070605,0.0,1409.5199999999998,3889.709526090209
1761.63896,705.2535780759157,0.0,1409.52,3678.2807745398472
2007.8024000000003,827.4124977792164,0.0,1409.5200000000002,3816.676984856555
2182.5747200000005,953.5714088390354,0.0,1409.5199999999998,3458.5468223676135
2320.664480000001,1061.2405639345404,0.0,1409.52,3025.589298789547
2374.9513600000005,1130.0904151586108,0.0,1409.5199999999998,2641.7522309355686
2377.3239200000003,1158.512802720973,0.0,1409.5199999999998,2233.2371120895305
2410.4044000000004,1168.832168177215,0.0,1409.52,1718.268745758995
2471.8164800000004,1154.406689144792,0.0,1409.52,1280.964336356563
2499.3547200000007,1094.244574249649,0.0,1409.52,875.4422409554791
2542.54208,1032.0151168829998,0.0,1409.52,772.1926417669245
2642.0918400000005,1002.2110996531056,0.0,1409.52,551.5998348786615
2774.15808,1006.9141507148896,0.0,1409.52,325.4438711511188
2777.5909600000005,1005.9580303319665,0.0,1409.5199999999998,263.99442182679303
2665.9114400000003,1013.5171976710195,0.0,1409.52,323.7845539868085
2588.5607200000004,1035.348783148751,0.0,1409.5200000000002,1064.702968883418
2509.27736,1050.4803831043148,0.0,1409.5200000000002,1969.4907079314569
2476.2156800000007,1064.3864755039654,0.0,1409.52,2588.43204400673
2442.4696800000006,1057.9344486296632,0.0,1409.52,2711.800648256886
2327.2444800000007,1029.0416539205269,0.0,1409.5199999999998,2770.991662243295
2208.1728000000007,986.3417461896945,0.0,1409.52,2758.9276511758862
2080.36288,933.564309214736,0.0,1409.5199999999995,2713.2273594318954
1930.9968800000004,867.3940440371498,0.0,1409.52,2818.8979193187133
1854.4244800000006,841.2747127226603,0.0,1409.5200000000002,2870.978540273167
1813.3013600000002,837.851250732579,0.0,1409.5199999999998,2893.622446359035
1797.9417600000004,861.5665056093243,0.0,1409.52,3088.93785628199
1727.4041600000003,874.3001515628932,0.0,1409.52,3683.5277854900573
1620.7668000000003,859.0848783187495,0.0,1409.52,3807.7078685413862
1492.0093600000002,812.8482435364651,0.0,1409.52,3867.223969647315
1330.1676800000002,746.8238964109148,0.0,1409.52,3913.757948903817
1156.3767200000004,672.688342322874,0.0,1409.52,3856.375637296666
987.0150400000002,604.8956316715977,0.0,1409.5199999999995,3717.089019498808
830.6554400000001,537.5712873551789,0.0,1409.5199999999998,3630.4195591138823
704.9736800000003,476.48468466182055,0.0,1409.5200000000002,3429.7582858652163
614.3840000000001,426.9409141687005,0.0,1409.5200000000002,3454.2329250935964
552.3703200000001,383.01753969387187,0.0,1409.52,3414.353730593814
499.8243200000001,342.25742368975926,0.0,1409.5200000000002,3452.8408287242787
424.68824000000006,291.8850835585032,0.0,1409.52,3531.1836243880307
351.3080800000001,252.2688426336398,0.0,1409.5199999999998,3559.8109933868855
307.8048800000001,234.35663644172107,0.0,1409.52,4302.767563713245
304.71040000000005,236.15153052236283,0.0,1409.5199999999998,5170.425816930363
327.49224000000004,259.873928240816,0.0,1409.52,5702.097124268632
338.79104,278.7187854786167,0.0,1409.52,5723.436254927779
306.6580800000001,273.1371648867405,0.0,1409.52,5631.532089499704
279.0296,255.01679587932952,0.0,1409.5199999999998,5461.151380765762
255.99960000000007,228.76685260217852,0.0,1409.5199999999998,5235.231930271154
221.30232000000007,200.70262753117814,0.0,1409.5200000000002,5191.2306203413245
196.19304000000002,183.296542694574,0.0,1409.52,5188.914783820762
204.79592000000005,186.0720469011376,0.0,1409.5200000000002,5160.056113277071
225.93464000000006,204.1373139868007,0.0,1409.5199999999998,5387.511779419454
246.32512,226.7270610915459,0.0,1409.52,6003.15203766117
250.04752000000005,242.69539393291168,0.0,1409.52,6049.502587237583
226.27304000000007,245.27293938356607,0.0,1409.5199999999998,5999.911962492491
181.45384,233.73316840120256,0.0,1409.52,5876.595746489947
133.74320000000003,213.15974347004925,0.0,1409.52,5608.391867576088
102.25696000000002,192.75876714584788,0.0,1409.5199999999995,5249.609749544958
87.51776000000001,170.15269354577,0.0,1409.5200000000002,4994.040381927984
90.76264000000002,145.62519552622172,0.0,1409.52,4643.549007513756
103.6256,123.06299938235055,0.0,1409.5199999999998,4502.815509514047
123.33928000000002,112.01200285401059,0.0,1409.5199999999998,4391.552811916652
137.79648000000003,108.39262291993653,0.0,1409.52,4371.592668072685
143.37256000000002,113.22118391459071,0.0,1409.52,4419.889356214615
137.40920000000003,117.25586907369102,0.0,1409.5199999999998,4732.224565345805
126.23072000000003,115.36301602105291,0.0,1409.52,5930.741874273217
127.08424000000004,112.79363381806489,0.0,1409.5200000000002,6992.004481684337
145.02320000000003,112.91608253306035,0.0,1409.52,7562.1157826669405
176.32520000000002,112.85281736364604,0.0,1409.5200000000002,7470.076361356043
186.86824000000004,104.20079524325874,0.0,1409.52,7125.2335245545255
188.51888000000005,92.59367746764775,0.0,1409.5200000000002,6779.892655392764
214.47040000000007,84.29573621478897,0.0,1409.5199999999998,6471.753049804191
259.9100000000001,89.54878608809405,0.0,1409.52,6284.885730894823
316.0543200000001,99.80386596896355,0.0,1409.52,6098.141374496693
376.74824000000007,110.46608782719292,0.0,1409.52,5938.516846015806
402.63584000000014,117.54260314797203,0.0,1409.5200000000002,6126.396232998319
408.0051200000001,124.5109554371718,0.0,1409.5200000000002,6718.174449670544
411.75384000000014,129.6772708040218,0.0,1409.5200000000002,6713.11031596149
434.97184000000004,135.93644095220623,0.0,1409.5200000000002,6548.380553218819
477.44104000000004,144.50683059592987,0.0,1409.52,6266.7804611947395
501.7644800000001,149.57722780270007,0.0,1409.5200000000002,5815.525266708123
496.0380000000001,146.02723547379014,0.0,1409.5199999999998,5301.086381599524
451.17368000000005,146.52213236356343,0.0,1409.5199999999998,4905.974316886729
392.1755200000001,149.4598811174961,0.0,1409.52,4555.423758696507
341.48696,162.27720035964552,0.0,1409.52,4444.000540523526
300.78120000000007,176.40268004032976,0.0,1409.52,4342.312526884194
273.7167200000001,198.66793805033697,0.0,1409.52,4328.603976823093
267.61048000000005,220.18829971078847,0.0,1409.52,4415.75713538379
264.80552,244.36375767472478,0.0,1409.5200000000002,4720.569655129525
267.74960000000004,280.6289854325459,0.0,1409.52,5871.86136366786
291.4864800000001,343.02987100018885,0.0,1409.52,6872.3372245915825
360.74944000000005,422.02051663779963,0.0,1409.52,7306.112760662315
453.1777600000001,516.8345974706984,0.0,1409.52,7078.212597424246
595.1252800000001,667.3587620026966,0.0,1409.5199999999998,6453.0873897185775
874.7940800000002,869.9756711116372,0.0,1409.52,5659.135633818608
1251.7416000000003,1079.7854218206023,0.0,1409.52,4792.791066319747
1607.9076000000002,1275.6768352584174,0.0,1409.5199999999998,4112.357792279841
2025.3127200000004,1462.3305135557835,0.0,1409.52,3340.7710815962814
2594.9151200000006,1641.892370442996,0.0,1409.5200000000002,2460.365866225279
3100.0448000000006,1787.8614427771636,0.0,1409.5199999999995,1928.7906604632155
3493.2994400000002,1924.7550245182506,0.0,1409.52,1963.7788019584204
3993.507280000001,2095.620981828869,0.0,1409.5200000000002,1260.2351939049909
4593.261120000001,2287.4440367109596,0.0,1409.5200000000002,308.9123120648757
5344.565520000001,2478.791582416485,0.0,543.5641480666732,0.0
6153.010640000001,2671.6319820389967,0.0,0.0,0.0
7156.524560000002,2873.825422675245,0.0,0.0,0.0
7999.524080000001,3050.0413684252067,0.0,0.0,0.0
8972.781280000003,3216.2420296944983,0.0,0.0,0.0
9689.8772,3334.061162857168,0.0,0.0,0.0
10113.132880000001,3365.8519104878633,0.0,0.0,0.0
10342.81248,3285.5877982143,0.0,0.0,0.0
10782.984400000003,3192.3900404193405,0.0,0.0,0.0
11045.571520000003,3203.056343901404,0.0,0.0,0.0
10949.883280000004,3093.591274319299,0.0,0.0,0.0
10363.195440000001,2855.4734215153007,0.0,0.0,0.0
9001.346000000001,2651.8054942693157,0.0,0.0,0.0
7646.40368,2574.9179053117523,0.0,0.0,0.0
6520.272400000001,2567.1648608406235,0.0,0.0,0.0
5923.075360000001,2581.7750333514978,0.0,221.52137545950293,0.0
5458.361920000001,2508.062947736149,0.0,458.91955828575027,0.0
5121.496000000001,2349.046964819216,0.0,773.8273953951201,0.0
4795.32728,2180.282023376728,0.0,1056.746434043748,0.0
4535.417280000001,2086.2179409231762,0.0,1213.9446100633106,0.0
4626.285200000001,2047.324147416786,0.0,0.0,1280.82176324198
4809.423520000001,2003.3262833070014,0.0,1409.5200000000002,199.86105161241994
5029.830960000001,1973.0732874554574,0.0,1397.0763742829124,0.0
5034.530960000001,1951.0008861715683,0.0,0.0,1244.2412738304333
4948.024640000001,1954.8590410998838,0.0,0.0,1097.1056928960543
5022.822320000001,1992.5803881601923,0.0,0.0,553.0626113341739
5010.29024,1994.6018123635758,0.0,0.0,27.85325489393864
4966.335840000002,1990.1110057411172,0.0,0.0,0.0
5210.750880000001,1996.8701748088665,0.0,0.0,0.0
5414.486480000001,1941.140703396559,0.0,0.0,0.0
5450.894560000002,1840.798063081616,0.0,0.0,0.0
5391.264720000001,1747.7717334876506,0.0,0.0,0.0
5238.582400000001,1624.7709788687562,0.0,0.0,0.0
4908.495760000001,1480.8651673822624,0.0,0.0,0.0
4424.38824,1331.5461022870109,0.0,1409.52,157.05823817077544
3908.3357600000004,1184.5066241025918,0.0,1409.52,1870.242485603159
3330.754640000001,1025.1090093572561,0.0,1409.5200000000002,3157.565349397524
2757.4185600000005,875.9481071855404,0.0,1409.52,3828.4986313658264
2152.0510400000007,741.69635647048,0.0,1409.5200000000002,4194.524101370841
1755.8560800000005,652.9149156630243,0.0,1409.52,4294.677156829975
1512.5427200000004,609.3180710948502,0.0,1409.5199999999998,4256.928669844219
1352.4231200000002,590.5364790264638,0.0,1409.52,4266.409991783769
1309.67568,587.9875049426415,0.0,1409.5199999999998,4151.536662576705
1374.9492800000003,618.9231523802856,0.0,1409.5199999999998,3952.8005365421845
1361.5260800000003,642.6312644153226,0.0,1409.52,4142.120664197527
1330.7504800000004,688.5209611717864,0.0,1409.5199999999998,4803.301192653265
1409.2856000000004,754.4024514631755,0.0,1409.52,4719.625412866865
1711.5670400000004,861.5073220637428,0.0,1409.52,4181.535250891039
2233.82352,1036.7487801235325,0.0,1409.52,3249.5149739001645
2716.269120000001,1231.8034606755452,0.0,1409.5199999999998,2155.6142664887657
3054.62024,1411.0847059242265,0.0,1409.52,1070.7254372857212
3363.402720000001,1558.4721425404243,0.0,1409.5199999999995,110.86272086237638
3837.888400000001,1655.9709114495986,0.0,0.0,490.16590187104737
4244.13384,1706.887127956626,0.0,0.0,0.0
4718.303680000001,1794.103266024057,0.0,0.0,0.0
5271.56888,1887.5459212490061,0.0,0.0,0.0
5819.882160000001,1967.8518701668597,0.0,0.0,0.0
6453.148880000002,2076.1740850756737,0.0,0.0,0.0
6983.4028800000015,2117.8576684720438,0.0,0.0,0.0
7228.224000000002,2190.4238381962264,0.0,0.0,0.0
7422.864160000003,2181.503449308808,0.0,0.0,0.0
7432.102480000002,2180.895287357663,0.0,0.0,0.0
7224.272240000002,2214.3697048195463,0.0,0.0,0.0
6983.244960000001,2340.779635745106,0.0,0.0,0.0
6661.3852000000015,2431.77739829398,0.0,0.0,0.0
6427.088320000002,2500.977248761745,0.0,0.0,0.0
6602.323120000001,2623.946370795933,0.0,0.0,0.0
7008.831760000001,2721.0400385396633,0.0,0.0,0.0
7082.023920000001,2690.16969708335,0.0,0.0,0.0
6718.7101600000005,2664.7044459881286,0.0,0.0,0.0
6719.612560000001,2717.9635145754023,0.0,0.0,0.0
6889.782640000001,2766.4215731288964,0.0,0.0,0.0
7043.179360000001,2840.367331708695,0.0,0.0,0.0
7171.143440000002,2970.86807012106,0.0,0.0,0.0
7256.160800000002,3139.764643932169,0.0,0.0,0.0
7407.764000000001,3220.1522253266858,0.0,0.0,0.0
7554.358880000002,3142.7819843508482,0.0,0.0,0.0
7899.2749600000025,2992.339452295514,0.0,0.0,0.0
8046.730880000002,2863.8856482354877,0.0,0.0,0.0
8128.898160000001,2770.854216611732,0.0,0.0,0.0
8075.4648000000025,2709.4594513189686,0.0,0.0,0.0
8212.200960000004,2688.333986764377,0.0,0.0,0.0
8398.441280000001,2704.0655854234183,0.0,0.0,0.0
8369.342640000003,2656.6503817593025,0.0,0.0,0.0
8094.734800000002,2555.804681306919,0.0,0.0,0.0
7331.511200000003,2342.720447877784,0.0,0.0,0.0
6279.884320000001,2090.6403803464286,0.0,0.0,0.0
5430.116800000001,1872.2612603996981,0.0,0.0,0.0
5119.661120000002,1802.7287575895282,0.0,0.0,0.0
4893.188800000002,1706.4728431375581,0.0,0.0,0.0
4604.496000000001,1601.7444980138607,0.0,0.0,102.9642463079001
4244.513600000001,1528.0956775679267,0.0,507.1813033693199,0.0
3976.27896,1505.8140930625864,0.0,993.9829820722209,0.0
3972.6392800000012,1492.442693385083,0.0,1409.5199999999998,369.74651450956657
4048.1852000000013,1426.2775302372877,0.0,1409.5199999999998,436.2954204144389
3833.297440000001,1304.2379980311075,0.0,1409.5199999999998,671.6229214502438
3345.1291200000005,1239.1116081488576,0.0,1409.52,1046.3151058730703
3001.18312,1219.0647126921847,0.0,1409.52,1084.6775287713251
3041.9490400000004,1260.249317574948,0.0,1409.52,594.3838036875276
3333.9393600000008,1389.820466159307,0.0,1240.382350859366,0.0
3778.9090400000005,1591.3302348034968,0.0,168.3693792818266,0.0
4365.555520000001,1852.0347734943657,0.0,0.0,0.0
4977.833920000002,2037.6700866453525,0.0,0.0,0.0
5592.3683200000005,2260.7094006036186,0.0,0.0,0.0
6158.7296000000015,2504.7292814703983,0.0,0.0,0.0
6845.4860800000015,2766.1011656579917,0.0,0.0,0.0
7706.902080000001,2986.532321986854,0.0,0.0,0.0
8539.584160000002,3191.36147121338,0.0,0.0,0.0
9590.489120000002,3382.438609339956,0.0,0.0,0.0
10799.426879999999,3550.7627354084607,0.0,0.0,0.0
11704.925120000004,3757.716369840157,0.0,0.0,0.0
12481.632080000003,3927.901716376593,0.0,0.0,0.0
13367.405360000002,4113.791110611195,0.0,0.0,0.0
14034.083440000002,4239.438798285909,0.0,0.0,0.0
14750.006240000002,4294.149904551838,0.0,0.0,0.0
15407.923520000006,4282.895847237796,0.0,0.0,0.0
15737.213040000002,4211.984775977968,0.0,0.0,0.0
14706.585760000004,4153.319596623644,0.0,0.0,0.0
13571.024400000004,4191.924615243837,0.0,0.0,0.0
13374.865200000004,4291.143788598698,0.0,0.0,0.0
13060.818720000001,4258.944878584684,0.0,0.0,0.0
12409.075360000003,4203.017448416468,0.0,0.0,0.0
12151.808640000001,4284.422374551406,0.0,0.0,0.0
12474.984400000003,4358.519153213032,0.0,0.0,0.0
12855.628000000002,4339.310011048119,0.0,0.0,0.0
12951.564400000005,4270.125466669729,0.0,0.0,0.0
12387.42152,4174.07771503325,0.0,0.0,0.0
11723.631120000002,4113.090091717846,0.0,0.0,0.0
11387.208880000002,4070.932019550869,0.0,0.0,0.0
11439.303680000005,4011.4454134001176,0.0,0.0,0.0
11171.392400000002,3920.4813242478676,0.0,0.0,0.0
10870.039680000002,3775.784698143695,0.0,0.0,0.0
10481.176720000003,3592.529992093411,0.0,0.0,0.0
9990.180880000002,3395.445724090348,0.0,0.0,0.0
9652.73968,3216.881824230349,0.0,0.0,0.0
9415.370880000002,3057.1474755187755,0.0,0.0,0.0
9078.55384,2893.0610953950727,0.0,0.0,0.0
8494.27992,2711.826793142214,0.0,0.0,0.0
7878.091120000002,2536.6863552722957,0.0,0.0,0.0
7374.228560000002,2365.3152970123206,0.0,0.0,0.0
6971.611520000001,2162.679000190172,0.0,0.0,0.0
6548.6265600000015,2027.6588837885158,0.0,0.0,0.0
6192.460560000001,1929.7437892483576,0.0,0.0,164.92625044892205
5837.377440000001,1836.7307249318496,0.0,0.0,446.022745943623
5475.556400000002,1743.0778660794913,0.0,0.0,634.3978495977871
5284.751440000001,1646.227054953835,0.0,0.0,489.54895847500916
4942.84712,1533.761991854341,0.0,351.81426449117157,46.60953409884217
4438.367920000001,1381.3857905080367,0.0,609.5564124050649,0.0
3927.2523200000005,1249.4717898434312,0.0,827.1735149194873,0.0
3471.7659200000007,1110.6659673364982,0.0,1300.0779226692432,0.0
2990.617520000001,976.1019723981993,0.0,1409.5200000000002,385.3178603671869
2488.0747200000005,896.9368373417201,0.0,1409.52,942.268024934858
2151.7164000000002,845.0267454313129,0.0,1409.5199999999998,1418.1719549201096
1872.7394400000005,795.3125671431575,0.0,1409.52,2069.102823859006
1641.3189600000005,809.3533531293032,0.0,1409.52,3440.1781862872203
1561.6934400000002,874.7981096705416,0.0,1409.5199999999998,4534.223163793175
1656.7951200000002,961.1122088708389,0.0,1409.5200000000002,4915.407921433159
1685.2395200000003,1039.361019376769,0.0,1409.5200000000002,4793.092440628502
1679.5243200000002,1098.3547694496633,0.0,1409.5200000000002,4426.899357929677
1710.7511200000004,1153.5117931193668,0.0,1409.52,4021.3522949154412
1698.1626400000002,1174.2821564004712,0.0,1409.52,3738.65028310482
1577.28616,1158.851577499127,0.0,1409.5200000000002,3768.7840805806054
1382.6535200000005,1130.1975577842318,0.0,1409.52,3841.413925113554
1279.2159200000003,1121.8261473023756,0.0,1409.52,3814.9442981667553
1275.5499200000004,1127.0965440769717,0.0,1409.52,3936.886042178661
1279.7799200000002,1123.867979624925,0.0,1409.5200000000002,4539.856669223429
1310.2960800000003,1109.2322969650932,0.0,1409.5199999999998,4568.644466589775
1334.5480800000005,1097.1659965082492,0.0,1409.5200000000002,4457.486027572834
1322.2303200000003,1078.2690985665754,0.0,1409.52,4267.484141471248
1289.22128,1041.2283622804496,0.0,1409.5199999999998,3964.425088636332
1242.1047200000005,1002.5110990048446,0.0,1409.52,3544.440745066895
1192.7885600000002,954.3458969613816,0.0,1409.52,3286.765904303951
1166.4084000000003,903.0327425365773,0.0,1409.5199999999998,2921.5281933343526
1183.0351200000002,865.3593545563084,0.0,1409.52,2840.10832627573
1224.0567200000005,849.9634694575462,0.0,1409.52,2693.8769570325617
1277.0276000000003,853.9501955366067,0.0,1409.52,2610.170638335766
1325.97152,858.1410028073262,0.0,1409.52,2643.818641640428
1377.6903200000002,858.271614769988,0.0,1409.52,2917.4990977135576
1439.3242400000006,857.0226378770344,0.0,1409.52,4003.9452570710064
1551.9024000000002,858.2675331461548,0.0,1409.5200000000002,4947.7445437293
1693.7333600000002,858.0848804796199,0.0,1409.5199999999998,5377.155669391161
1747.4675200000004,839.6247162880966,0.0,1409.5200000000002,5275.708831765359
1780.6156800000003,806.9298889783513,0.0,1409.52,4915.805070740304
1833.9851200000003,764.865694159537,0.0,1409.5199999999998,4493.634888440525
1991.3824800000004,754.4197983644664,0.0,1409.52,4055.196450948081
2166.9105600000003,777.3472998414073,0.0,1409.52,3701.209976992337
2349.3194400000007,815.849257459812,0.0,1409.5199999999998,3299.832042839421
2694.0926400000008,868.8062858834305,0.0,1409.52,2775.197432842092
3118.2093600000003,937.3622601915118,0.0,1409.52,2384.4100779846067
3419.035680000001,998.8631477039381,0.0,1409.5199999999998,2643.725404306305
3654.9155200000005,1050.19568984195,0.0,1409.5200000000002,2411.867000938961
3917.7169600000007,1126.527157552243,0.0,1409.5200000000002,1941.6369798941303
4250.834160000001,1230.508565514468,0.0,1409.52,1277.5317811846098
4629.24056,1354.5368689333663,0.0,1409.52,350.9397446816342
4980.014720000002,1472.7672256972294,0.0,722.7915271892308,0.0
5265.951440000002,1581.90576537268,0.0,0.0,0.0
5458.527360000001,1672.1269989872906,0.0,0.0,0.0
5550.433040000002,1761.9349681887918,0.0,0.0,0.0
5656.0364,1870.318407455104,0.0,0.0,0.0
5820.3333600000005,2005.0987284565613,0.0,0.0,0.0
5902.771360000001,2095.0332279968907,0.0,0.0,0.0
5818.009680000001,2112.845434404897,0.0,0.0,0.0
5789.60664,2122.5668419695776,0.0,0.0,0.0
5759.011520000001,2140.9014962282304,0.0,0.0,197.175653166963
5648.208080000001,2166.5453183661543,0.0,778.3723212181948,0.0
5417.392960000001,2194.310564491374,0.0,958.2644200078045,0.0
5292.876800000001,2233.46456151713,0.0,0.0,687.9310718081466
5314.154640000001,2282.246088759403,0.0,0.0,273.60632900338067
5441.306560000001,2321.969472309887,0.0,0.0,0.0
5510.268720000001,2363.710198439922,0.0,0.0,0.0
5471.653520000003,2388.9591234719855,0.0,0.0,0.0
5482.824480000001,2424.287618560091,0.0,0.0,0.0
5494.025520000001,2460.433458820791,0.0,0.0,0.0
5186.389840000001,2414.3019258522118,0.0,0.0,346.7427635873176
4879.863360000002,2336.2908699345644,0.0,0.0,846.7608060333572
4672.822720000001,2261.997152922988,0.0,0.0,1003.7664657067186
4503.476080000001,2189.8738393847057,0.0,0.0,1003.051418652287
4495.715440000001,2150.331067688839,0.0,0.0,642.9724618817538
4728.297760000001,2174.0932612396655,0.0,0.0,0.0
4897.941440000001,2199.0779011285304,0.0,0.0,0.0
4881.796,2159.5881905424953,0.0,0.0,0.0
4729.49344,2096.2679192064284,0.0,0.0,0.0
4444.094400000001,1976.506953505122,0.0,0.0,0.0
4240.140720000001,1871.3153440763588,0.0,0.0,0.0
3921.0633600000006,1744.9666375082963,0.0,0.0,120.48338431439235
3641.112560000001,1625.73832371722,0.0,802.8245771986174,0.0
3410.481680000001,1537.5497387715338,0.0,1409.52,827.4972621446727
3256.5172000000002,1490.0712699380044,0.0,1409.52,2015.5303375293133
3183.2423200000007,1485.9325033711577,0.0,1409.52,2579.498930554162
3121.4843200000005,1508.27837345187,0.0,1409.52,2601.742356852328
3208.70128,1559.375201813516,0.0,1409.5200000000002,2191.266490050192
3342.861840000001,1626.0087312961684,0.0,1409.52,1651.8075808871533
3390.36568,1669.6821063112145,0.0,1409.52,1207.5679662587956
3399.7243200000007,1673.2933229976225,0.0,1409.5199999999998,999.5404426595213
3282.0739200000007,1643.4546119651463,0.0,1409.52,986.3120725328669
3147.9284000000007,1603.1373521469338,0.0,1409.5199999999998,1073.0411436819636
3067.197440000001,1576.2292470266825,0.0,1409.52,1300.424883160485
3026.784960000001,1547.5905334011616,0.0,1409.52,1965.6940340331632
3064.63688,1522.7660972477493,0.0,1409.5199999999998,2027.7840544676808
3134.1442400000005,1496.4018685032693,0.0,1409.52,1802.448698521925
3172.263120000001,1453.5142060761102,0.0,1409.5199999999998,1568.6390229935046
3214.972960000001,1390.1367920063785,0.0,1409.5200000000002,1233.6601996040474
3246.711120000001,1306.860441343927,0.0,1409.52,852.560694067509
3273.256720000001,1226.525921059241,0.0,1409.5199999999995,523.2901284639753
3227.497520000001,1161.8821831952646,0.0,1409.5200000000002,199.79682847964298
3214.5631200000007,1115.731262513477,0.0,1409.5200000000002,208.81109225326196
3243.4512000000004,1082.0588862956845,0.0,1409.5199999999998,85.58554325122184
3275.802240000001,1060.6834222813109,0.0,1409.5200000000002,1.4589755203636428
3320.4372000000008,1050.036506512456,0.0,1335.6892931396892,0.0
3278.7764000000006,1043.4212146848267,0.0,1347.4810281924456,0.0
3234.355760000001,1031.6610360154712,0.0,1409.52,723.4507550335743
3196.2707200000004,1034.353887339413,0.0,1409.52,1622.920214582389
3243.454960000001,1055.941595793112,0.0,1409.5199999999998,2164.6182198629363
3395.3890400000005,1097.4598734242381,0.0,1409.5199999999998,2089.252396981597
3558.520400000001,1133.1148984189986,0.0,1409.52,1662.8860367988862
3657.032400000001,1157.8536204719142,0.0,1409.52,1280.9495463710384
3807.432400000001,1179.8188791301823,0.0,1409.52,811.4763531448399
3900.830800000001,1199.7086320692779,0.0,1409.5200000000002,550.1266211663968
3900.5036800000003,1221.0432798453194,0.0,1409.5199999999995,451.67231606172624
3786.2786400000005,1242.0605813683312,0.0,1409.5200000000002,506.0911140460472
3819.479440000001,1246.1320011419302,0.0,1409.52,585.029494647804
3907.587520000001,1222.9034799072922,0.0,1409.5200000000002,1168.7055243959057
3979.429840000001,1176.2586827416894,0.0,1409.52,1318.8899836673809
4000.93328,1122.0730855442832,0.0,1409.52,1233.6637620580802
3889.419200000001,1066.792592753626,0.0,1409.5200000000002,1239.6429807145373
3685.13464,1014.227400217993,0.0,1409.5200000000002,1209.2529076007131
3470.0100000000007,962.4571039238723,0.0,1409.5199999999998,1097.6472324296833
3284.713440000001,911.5908873088014,0.0,1409.5199999999995,1023.7847679789478
3149.5452000000005,871.6879123096571,0.0,1409.52,798.0201573041612
3052.6763200000005,839.7849200235489,0.0,1409.52,779.9533683851053
3027.8264800000006,825.8073992068176,0.0,1409.5199999999998,713.6462238762734
3101.6164800000006,824.7604626936064,0.0,1409.52,575.9654886461583
3140.5550400000006,827.8359662519089,0.0,1409.52,478.2811045167666
3182.1820000000007,817.6196617974547,0.0,1409.52,390.9064100592822
3219.8196000000007,805.9043809902644,0.0,1409.5199999999998,1048.1720224075475
3228.11792,790.2870677985521,0.0,1409.52,1901.3344049716347
3135.6520000000005,769.8258875228115,0.0,1409.52,2605.710940385705
2849.2415200000005,739.0984029006598,0.0,1409.52,3007.0407077946293
2618.9189600000004,711.7790741792152,0.0,1409.5199999999995,2998.2770638726774
2887.93944,698.1729811313033,0.0,1409.52,2428.419615871516
3066.742480000001,689.0087152198516,0.0,1409.52,1986.8447597666845
3039.7532000000006,684.8260711967987,0.0,1409.52,1891.270479678427
2956.8226400000003,696.268903613124,0.0,1409.5200000000002,1911.1440765624623
2885.5330400000003,737.7106507973779,0.0,1409.52,1921.775687503579
2835.1302400000004,770.7769058759426,0.0,1409.5199999999998,2092.9123085243
2850.4860800000006,788.4646227570364,0.0,1409.5200000000002,2755.134128972919
2843.3270400000006,786.2197296487864,0.0,1409.5199999999998,2942.966829658225
2796.5526400000003,784.4503457171022,0.0,1409.52,2868.2731920659267
2757.3884800000005,789.4829879034154,0.0,1409.52,2675.7012711058
2744.6608800000004,797.5084807654093,0.0,1409.5199999999998,2319.2888802194134
2857.10368,834.1532995397162,0.0,1409.52,1699.5020878856922
2848.666240000001,863.1073186063503,0.0,1409.5199999999998,1340.498262226335
2716.8068000000007,843.7491971715268,0.0,1409.52,1100.416629095136
2486.04808,827.1308657347267,0.0,1409.52,1083.6983572346478
2371.5786400000006,813.8257924445122,0.0,1409.5199999999998,1117.681215417814
2302.5224800000005,814.5625255464015,0.0,1409.5199999999998,1166.4888255160727
2282.8990400000002,815.4635440075764,0.0,1409.52,1290.9887363652147
2327.4625600000004,797.7850107801072,0.0,1409.52,1570.6288403144963
2351.4889600000006,787.6064613461099,0.0,1409.5200000000002,2728.455671666141
2301.0222400000002,772.0401684523125,0.0,1409.5199999999998,3832.339545586459
2227.98424,751.9432731036832,0.0,1409.5199999999998,4429.572013356738
1868.5094400000007,669.4261044742034,0.0,1409.5199999999998,4842.7273241714265
1478.2026400000002,552.8855399772774,0.0,1409.5199999999998,5014.685956780408
1250.01952,474.1663223245732,0.0,1409.5200000000002,4986.016879736762
924.8058400000002,368.1053270193418,0.0,1409.5199999999998,5127.131984112106
662.3014400000001,283.8106112105112,0.0,1409.52,5334.670977352649
523.4220800000002,228.65664875868262,0.0,1409.52,5362.685744346585
540.3157600000001,221.4923785254901,0.0,1409.5200000000002,5202.785641575649
670.8253600000002,240.87090807947942,0.0,1409.52,5157.748397030061
693.3101600000001,235.33928737955966,0.0,1409.52,5828.1994333601915
654.0595200000001,222.76584516144283,0.0,1409.52,6077.597739171537
607.7551200000001,210.74342216080555,0.0,1409.5199999999998,6030.533315280242
561.6349600000001,204.04853866842896,0.0,1409.52,5915.800617101218
538.6237600000001,215.36892236975893,0.0,1409.52,5569.3851055528885
573.5992800000001,247.52395492756588,0.0,1409.52,5013.147456677167
692.38896,308.771781762335,0.0,1409.52,4492.695923739619
855.1443200000002,385.9654925073875,0.0,1409.5199999999998,3906.9964031303216
1043.35112,463.14593797498213,0.0,1409.52,3441.828478699273
1264.8000800000002,540.679443904147,0.0,1409.52,3044.173757160795
1516.9005600000003,621.7568197264721,0.0,1409.5199999999998,2700.0002967896885
1754.0362400000004,706.5035753748275,0.0,1409.5199999999998,2381.295766016715
1980.3356,784.6860594934683,0.0,1409.5199999999995,2379.861576141029
2254.541120000001,845.2063368799728,0.0,1409.52,3138.9816557925087
2600.0926400000008,901.2133587129365,0.0,1409.5199999999995,3675.9987812945424
2897.3281600000005,953.052022206263,0.0,1409.52,3754.7023033172713
3034.8351200000006,1003.5580355180556,0.0,1409.52,3444.415512880431
3106.0382400000003,1049.7079357938849,0.0,1409.5199999999998,2924.9942233607508
3143.901440000001,1104.244552640945,0.0,1409.5199999999998,2415.5914051695527
3204.1140800000003,1174.593380217751,0.0,1409.5200000000002,1927.5059192475096
3422.3294400000013,1262.3187008583711,0.0,1409.52,1469.2138512395547
3750.2954400000012,1365.4103148249628,0.0,1409.5199999999998,875.9527470577498
4078.3028000000018,1476.620278595753,0.0,1409.52,273.07410580326354
4573.878320000001,1611.8444761890692,0.0,1122.3390736046824,0.0
4823.042240000002,1728.69932572115,0.0,0.0,1313.940513412399
4859.111920000001,1790.109397103288,0.0,0.0,1289.9659350136494
4731.520080000001,1814.934853662659,0.0,0.0,1228.1238268002396
4574.197920000001,1805.1165075319395,0.0,0.0,1103.313269195437
4629.782000000001,1824.9817707280356,0.0,0.0,594.5885858835345
4897.7948,1904.1958852705136,0.0,0.0,0.0
4976.875120000001,2004.8977084827773,0.0,0.0,0.0
5451.27808,2126.7607104581716,0.0,0.0,0.0
6187.971120000001,2253.5073753499696,0.0,0.0,0.0
6892.689120000001,2382.6703615510105,0.0,0.0,0.0
7512.521360000002,2592.6627649265097,0.0,0.0,0.0
8317.187680000001,2814.513305943362,0.0,0.0,0.0
8981.978240000002,2993.475164127097,0.0,0.0,0.0
9704.73672,3245.5419663809944,0.0,0.0,275.79452320126694
10499.642080000003,3539.843371248741,0.0,0.0,0.0
11244.14088,3804.7264723388294,0.0,0.0,0.0
11612.511840000001,3951.539420400507,0.0,0.0,0.0
12319.391840000002,4112.875806466604,0.0,0.0,0.0
13209.692160000002,4254.37958232727,0.0,0.0,0.0
14113.351760000005,4409.198635537735,0.0,0.0,0.0
14847.958000000002,4542.361613095293,0.0,0.0,0.0
15244.40112,4605.605353984489,0.0,0.0,0.0
15352.884640000004,4646.887917839249,0.0,0.0,0.0
15368.958640000003,4655.345042421602,0.0,0.0,0.0
15419.602080000004,4651.289949143335,0.0,0.0,0.0
15607.568240000002,4677.308260267953,0.0,0.0,0.0
15884.612560000003,4724.104077515383,0.0,0.0,0.0
16153.561600000005,4759.157062994749,0.0,0.0,7562.11578266694
16186.627040000005,4756.915231104375,0.0,0.0,7562.11578266694
15999.115840000004,4736.89894782645,0.0,0.0,7562.1157826669405
15899.795440000004,4727.796926678454,0.0,0.0,0.0
15671.796560000003,4717.835723713574,0.0,0.0,0.0
15324.248480000004,4693.638837224513,0.0,0.0,0.0
14912.186320000003,4646.2664906106465,0.0,0.0,0.0
14501.410080000001,4583.872747884712,0.0,0.0,0.0
13805.904080000004,4492.777026363841,0.0,0.0,0.0
12983.80264,4361.444657095465,0.0,0.0,0.0
12279.483200000004,4245.4612342517685,0.0,0.0,0.0
11610.774720000001,4139.203300596586,0.0,0.0,0.0
11173.983040000003,4031.1423096130957,0.0,0.0,0.0
10411.443760000004,3871.0457167863274,0.0,0.0,0.0
9569.312800000002,3629.5635855378287,0.0,0.0,0.0
8981.324000000002,3390.031450075633,0.0,0.0,0.0
8896.701440000003,3235.758314052857,0.0,0.0,0.0
8267.830160000001,3047.280149902059,0.0,0.0,0.0
7444.108160000001,2866.0427864313247,0.0,0.0,0.0
6667.6380800000015,2791.3296825708894,0.0,0.0,0.0
6634.696720000001,2860.1244318732115,0.0,0.0,0.0
7385.474720000001,3008.415948168459,0.0,0.0,0.0
8041.496960000001,3141.9574963365462,0.0,0.0,0.0
8835.071280000002,3213.400199100645,0.0,0.0,0.0
9557.856080000001,3280.8796451227245,0.0,0.0,7562.1157826669405
10050.953760000002,3378.1008636112424,0.0,0.0,7562.11578266694
10541.457040000001,3520.8903509793604,0.0,0.0,0.0
10936.836080000003,3647.743138090821,0.0,0.0,0.0
11096.602240000002,3705.286891296977,0.0,0.0,0.0
11311.41104,3788.319364935396,0.0,0.0,0.0
11483.103920000001,3826.047854837414,0.0,0.0,0.0
11465.379280000001,3820.2662346777115,0.0,0.0,0.0
11290.682160000002,3754.4092341293217,0.0,0.0,0.0
11152.7616,3627.1982845264993,0.0,0.0,0.0
10800.325520000002,3520.247495225635,0.0,0.0,0.0
10444.550560000001,3449.2017303793127,0.0,0.0,7562.11578266694
10020.512800000002,3350.039699758116,0.0,0.0,0.0
9270.637200000001,3211.854284073827,0.0,0.0,0.0
8733.179040000003,3107.9606310240156,0.0,0.0,0.0
8338.93928,3018.4210285895465,0.0,0.0,0.0
7918.210320000002,2926.6242881753274,0.0,0.0,0.0
7337.038400000001,2833.2132655350847,0.0,0.0,0.0
7053.583280000001,2785.3776546161516,0.0,0.0,0.0
7370.810720000002,2855.9254613548255,0.0,0.0,0.0
7908.197440000003,2961.506865859658,0.0,0.0,0.0
8171.228240000003,3005.6996275074766,0.0,0.0,0.0
7821.397840000001,2935.6528400943253,0.0,0.0,0.0
7273.058240000001,2803.7072068450125,0.0,0.0,0.0
7079.260320000001,2697.9931495656024,0.0,0.0,0.0
7085.701200000001,2636.7963430287473,0.0,0.0,0.0
7126.508480000002,2606.344368015336,0.0,0.0,0.0
7144.876080000002,2569.3219990364596,0.0,0.0,0.0
7231.348560000002,2564.2291528986066,0.0,0.0,0.0
7415.190000000002,2562.7975233391185,0.0,0.0,0.0
7613.229200000002,2535.813908177953,0.0,0.0,0.0
7792.0999200000015,2532.095548865924,0.0,0.0,0.0
7764.93392,2473.562001880221,0.0,0.0,0.0
7732.834800000002,2479.360968941214,0.0,0.0,0.0
7712.545840000002,2468.3630335227053,0.0,0.0,0.0
7622.268240000002,2442.1875798805095,0.0,0.0,0.0
7246.2231200000015,2365.679581939432,0.0,0.0,0.0
6772.218720000002,2288.953217123279,0.0,0.0,0.0
6854.8936,2277.1746711466744,0.0,0.0,0.0
7271.095520000001,2297.6746268488305,0.0,0.0,0.0
7386.1064000000015,2305.8848131892755,0.0,0.0,0.0
7147.884080000002,2261.850214464993,0.0,0.0,0.0
6616.6412,2188.3758834379278,0.0,0.0,0.0
6150.164320000001,2110.468908928027,0.0,0.0,0.0
6274.646640000001,2097.779140430664,0.0,0.0,0.0
6392.767040000001,2072.7036844115114,0.0,0.0,0.0
6180.030000000001,1975.0671606979674,0.0,0.0,0.0
5684.1085600000015,1836.9031735388016,0.0,0.0,0.0
5015.155680000001,1675.7871951596965,0.0,0.0,0.0
4479.006,1490.647799304441,0.0,0.0,117.54046930704264
4160.323440000002,1355.2725816292975,0.0,0.0,205.73706140127393
3864.9152799999997,1236.3871242402085,0.0,0.0,292.9196956468399
3556.328320000001,1146.0526255642267,0.0,0.0,309.4403928639594
3254.8364800000004,1072.5762537252447,0.0,0.0,641.2182331369054
3111.48648,1035.6151091038664,0.0,0.0,680.6879278745006
3138.2877600000006,1027.1447192440555,0.0,0.0,572.065131653233
3055.6993600000005,998.9978412904333,0.0,0.0,626.3353270931003
2911.349200000001,970.5356578956977,0.0,0.0,735.3951912584453
2796.372160000001,962.4122060617074,0.0,0.0,1508.7591081772837
2663.685520000001,947.3979527913477,0.0,0.0,2397.8354427397776
2559.75912,942.9357175357217,0.0,0.0,3021.623589624546
2415.0367200000005,929.5061547185948,0.0,0.0,3244.646111778575
2429.3660800000002,922.9908626748784,0.0,0.0,3088.5773306474443
2460.9839200000006,937.1255260091873,0.0,0.0,2862.076919371147
2479.78392,967.8652555028382,0.0,0.0,2602.937939297232
2551.5886400000004,1005.7468062985994,0.0,0.0,2438.3148721809257
2570.4262400000007,1029.9620600949095,0.0,0.0,2375.474092435499
2460.1755200000002,1048.513040416721,0.0,0.0,2466.4810347892444
2280.7295200000003,1034.678376434151,0.0,0.0,2833.5860593901407
2322.88664,1044.6722323896968,0.0,0.0,3437.198889212985
2439.42032,1093.6935550321696,0.0,0.0,3467.5270665933526
2607.3344000000006,1157.984232434576,0.0,0.0,3126.1779796378246
2767.3449600000004,1218.2555307672562,0.0,0.0,2694.8730333604008
2900.29104,1269.117665758494,0.0,0.0,2167.077197143263
3000.641680000001,1326.5032560411146,0.0,0.0,1571.9774244351042
3026.3412800000006,1361.1613444146203,0.0,0.0,1162.466323288131
3025.9352000000003,1371.0603026160447,0.0,0.0,796.7447684168574
2987.3801600000006,1348.3899434405944,0.0,0.0,741.4937247686926
2912.04104,1305.7053417991365,0.0,0.0,752.298441120399
2811.1151200000013,1251.6972952384735,0.0,0.0,873.6292375669609
2720.213360000001,1184.0770331941492,0.0,0.0,1097.103139865558
2658.0568000000007,1114.6904484360155,0.0,0.0,1491.1973848063526
2649.74344,1070.2058506841245,0.0,0.0,2593.165472967077
2643.3928000000005,1017.2324957651733,0.0,0.0,3607.6105293228725
2550.72008,954.8387530392382,0.0,0.0,4283.760354974201
2188.5756800000004,868.9246529745927,0.0,0.0,4775.766324311615
1967.6944800000003,766.277936005818,0.0,0.0,4892.106757935076
1828.0744000000004,674.3434407872292,0.0,0.0,4860.035671166994
1617.6723200000001,599.6211532731683,0.0,0.0,4908.011995215585
1407.9094400000004,534.5100694802926,0.0,0.0,5088.420204152159
1221.0600000000002,479.7856979369064,0.0,0.0,5211.225816513606
1142.61136,453.2735103284734,0.0,0.0,5183.002318823429
1272.3313600000001,467.28980657162,0.0,0.0,5097.585787340134
1482.4401600000003,496.61015137728214,0.0,0.0,5427.919769316055
1648.5569600000001,539.8876088805097,0.0,0.0,5362.188905433123
1801.4423200000003,604.0721640632532,0.0,0.0,4988.297692069329
1945.4616000000005,677.5485359022352,0.0,0.0,4521.783765755884
2042.9847200000004,754.045309377772,0.0,0.0,3957.69163433203
2090.81944,826.7512747182409,0.0,0.0,3361.112571456502
2109.7360000000003,890.1429744713888,0.0,0.0,2887.003085631061
2104.7615200000005,927.3898327610901,0.0,0.0,2462.4905077340536
2080.5997600000005,932.9632901053,0.0,0.0,2462.0374507639044
2072.9782400000004,938.8020529986668,0.0,0.0,2355.9453679216267
2106.4648000000007,943.4112267122873,0.0,0.0,2287.78328926704
2141.1884000000005,943.9571438999754,0.0,0.0,2317.3967299984956
2200.0812800000003,980.7009420522369,0.0,0.0,2490.6502666955844
2291.6260000000007,1032.7569520146806,0.0,0.0,3406.982277434529
2491.73696,1104.6506742123463,0.0,0.0,4078.6229044375923
2616.170400000001,1191.6719147417427,0.0,0.0,4381.358222558476
2683.1698400000005,1268.2125656734859,0.0,0.0,4280.933737641655
2812.0325600000006,1346.2379072745493,0.0,0.0,3840.860603211764
2921.6516,1363.9164405020183,0.0,0.0,3451.08776799378
2938.0489600000005,1304.4808546491818,0.0,0.0,3251.901453497649
2798.665760000001,1221.0483818751109,0.0,0.0,3357.031103494168
2580.67976,1151.7322051280994,0.0,0.0,3508.7286679441636
2327.8912,1121.2383934703976,0.0,0.0,3640.2095291045216
2179.7923200000005,1122.9843080650412,0.0,0.0,3797.105961349662
2289.7572800000007,1160.363819129321,0.0,0.0,4175.155385073736
2538.6617600000004,1241.132011946282,0.0,0.0,4032.5476641104324
2645.7540800000006,1297.3635230900709,0.0,0.0,3706.2680987759722
2628.3678400000003,1297.3380129411134,0.0,0.0,3468.8096801980387
2463.6572800000004,1253.3728018219947,0.0,0.0,3276.246674388975
2258.85008,1171.8178760111875,0.0,0.0,3061.579875258198
2110.8339200000005,1083.0099046488158,0.0,0.0,2892.9754958324634
2052.82088,1024.4814596929043,0.0,0.0,2595.740088631484
2060.9387200000006,988.6662309626915,0.0,0.0,2502.5362055234023
2200.3482400000003,986.1397058099519,0.0,0.0,2262.0527590861543
2385.5658400000007,1016.5141299705334,0.0,0.0,2009.7290597838632
2572.3551200000006,1060.9028095623446,0.0,0.0,1854.2758038807597
2691.09592,1100.7833356304066,0.0,0.0,1961.2850262739216
2721.0744000000004,1123.608796511518,0.0,0.0,2960.6018264764652
2751.5416800000007,1145.5097695944137,0.0,0.0,3847.1604887379267
2703.0452000000005,1139.3036605560605,0.0,0.0,4423.380036253687
2639.775680000001,1089.1466260820052,0.0,0.0,4526.759261712572
2380.6364800000006,1003.2947707808154,0.0,0.0,4634.749223387625
2147.6706400000007,943.1489823810055,0.0,0.0,4646.500610488124
2083.17536,942.3632697931178,0.0,0.0,4433.441836705239
2196.7800000000007,996.2539696685767,0.0,0.0,4120.62133672453
2512.6613600000005,1122.9404306088345,0.0,0.0,3531.9026116387486
2897.8545600000007,1287.900278232839,0.0,0.0,2839.28240688424
3462.1328000000017,1517.9008016385967,0.0,0.0,2044.090124915578
4298.345520000001,1796.5991789980474,0.0,0.0,1447.909494316392
4745.48848,1980.0018439122841,0.0,0.0,1028.1592954462067
4918.553760000001,2065.180231280998,0.0,0.0,627.2849959885149
5046.93896,2119.3158285864483,0.0,0.0,199.94016236548651
5126.323840000001,2171.383063014433,0.0,0.0,0.0
5288.455040000002,2221.861525365352,0.0,0.0,0.0
5517.029200000002,2286.0675090732193,0.0,0.0,0.0
5747.073520000001,2353.5847101157556,0.0,0.0,0.0
6137.50064,2471.536496053004,0.0,0.0,0.0
6788.2137600000015,2653.4687559813374,0.0,0.0,0.0
7798.694960000001,2897.942717499558,0.0,0.0,0.0
8525.044240000001,3105.8136968877616,0.0,0.0,0.0
9058.964240000003,3276.073533059153,0.0,0.0,7562.1157826669405
9336.662800000002,3374.0774029176832,0.0,0.0,7562.11578266694
9537.856640000002,3393.9294008363213,0.0,0.0,7562.11578266694
9813.427040000002,3436.8629815316035,0.0,0.0,0.0
9964.22184,3456.2578375809258,0.0,0.0,0.0
10638.408640000001,3497.6312175659737,0.0,0.0,0.0
10902.992320000001,3462.099661692167,0.0,0.0,0.0
10753.224,3387.457986248812,0.0,0.0,0.0
10483.507920000004,3325.061182305002,0.0,0.0,0.0
10099.096800000003,3315.8254879764695,0.0,0.0,0.0
9902.53528,3357.7907034173295,0.0,0.0,0.0
10246.98512,3469.691482021886,0.0,0.0,0.0
10704.347760000002,3580.9616497442153,0.0,0.0,7562.1157826669405
11012.855760000002,3646.1013049039234,0.0,0.0,7562.11578266694
11175.114800000001,3683.4869384039525,0.0,0.0,0.0
11040.826400000002,3656.2747523081293,0.0,0.0,7562.11578266694
10835.289760000001,3614.2942307778953,0.0,0.0,7562.1157826669405
10376.08848,3482.6200255134895,0.0,0.0,7562.11578266694
9844.014640000003,3319.2193581937604,0.0,0.0,7562.115782666939
9070.428480000002,3125.31875678058,0.0,0.0,0.0
8416.102,2984.912937731039,0.0,0.0,0.0
8063.617040000001,2927.6671430647057,0.0,0.0,0.0
7995.715200000001,2929.845709785666,0.0,0.0,0.0
8135.01568,2997.905766798016,0.0,0.0,0.0
8609.617920000002,3132.0881299079124,0.0,0.0,0.0
8966.156160000002,3241.35422032815,0.0,0.0,0.0
9152.964240000003,3319.0479299927665,0.0,0.0,7562.11578266694
9284.308560000001,3360.4253916016482,0.0,0.0,0.0
9333.793920000004,3335.866260997393,0.0,0.0,0.0
9210.518560000002,3273.061294670265,0.0,0.0,0.0
9076.185040000002,3199.524718879743,0.0,0.0,0.0
8825.043360000001,3114.2136787364498,0.0,0.0,0.0
8562.554000000002,3033.4944654054866,0.0,0.0,0.0
8281.313520000002,2956.023204239778,0.0,0.0,0.0
7785.034880000002,2868.0825779419583,0.0,0.0,0.0
7196.399360000001,2811.9520869880403,0.0,0.0,0.0
7238.270720000002,2829.315314774396,0.0,0.0,0.0
7471.935920000002,2859.8285141453057,0.0,0.0,0.0
7403.1128800000015,2873.376444053595,0.0,0.0,0.0
7406.50816,2871.6570600138666,0.0,0.0,0.0
7196.824240000001,2785.972551289838,0.0,0.0,0.0
6676.579360000002,2690.357451779677,0.0,0.0,0.0
6420.835440000002,2594.623985178354,0.0,0.0,0.0
5934.460640000001,2427.7253662335884,0.0,0.0,0.0
5536.4007200000015,2295.30422380771,0.0,0.0,0.0
5190.285200000001,2183.268751616659,0.0,0.0,0.0
4725.34616,2049.020062119473,0.0,0.0,0.0
4301.943840000001,1892.8010119342277,0.0,0.0,0.0
4033.709200000001,1729.3809569012913,0.0,0.0,0.0
3852.492240000001,1639.651558958579,0.0,0.0,270.8621572449581
3693.444240000001,1598.928177568965,0.0,0.0,1262.7079787012462
3482.192400000001,1498.3794152504456,0.0,0.0,2137.830911185105
3408.985200000001,1429.5907883838731,0.0,0.0,2275.9205215502802
3210.0699200000004,1361.204201464869,0.0,0.0,2368.498149764763
2902.0996,1279.519684097358,0.0,0.0,2547.22713932159
2618.682080000001,1300.928821508355,0.0,0.0,2537.078420455196
2635.6020800000006,1403.1510495984792,0.0,0.0,2269.796399362467
2746.2476,1484.2549559757197,0.0,0.0,1954.452700348955
2722.1422400000006,1537.784432141942,0.0,0.0,1811.1782048108248
3436.433200000001,1694.38511415559,0.0,0.0,947.5641393610242
4541.10616,1881.888790616216,0.0,0.0,212.87800224046234
5631.68288,2064.2200292742427,0.0,0.0,0.0
6310.4230400000015,2214.7962345101137,0.0,0.0,0.0
6451.11096,2343.378609720885,0.0,0.0,0.0
6718.07096,2481.970146976576,0.0,0.0,0.0
6809.469040000002,2551.2628543865467,0.0,0.0,0.0
6799.3621600000015,2605.492329040159,0.0,0.0,0.0
6871.512800000001,2626.8586094009074,0.0,0.0,0.0
6942.997920000001,2642.352453471666,0.0,0.0,0.0
7155.904160000002,2712.6553627803496,0.0,0.0,0.0
7490.047840000002,2813.9153480518003,0.0,0.0,0.0
7579.103440000001,2859.9101466219695,0.0,0.0,0.0
7601.889040000001,2907.0375958058453,0.0,0.0,0.0
7729.018400000001,2980.618049052574,0.0,0.0,0.0
7914.6157600000015,3050.171980387868,0.0,0.0,0.0
8175.033360000002,3139.2564817649372,0.0,0.0,0.0
8678.617680000003,3238.814429897952,0.0,0.0,0.0
9968.369120000001,3368.285578698398,0.0,0.0,0.0
11274.405120000001,3512.2097574921413,0.0,0.0,7562.115782666938
12081.410160000005,3630.581950684208,0.0,0.0,7562.115782666939
12228.753280000003,3667.143096169934,0.0,0.0,0.0
12176.444160000003,3703.217508013554,0.0,0.0,0.0
12093.897120000001,3710.896062849727,0.0,0.0,0.0
12070.23168,3720.084818504178,0.0,0.0,0.0
11890.47736,3700.6715951476062,0.0,0.0,7562.1157826669405
11909.318720000005,3676.261443813263,0.0,0.0,0.0
11843.586400000004,3652.86761681338,0.0,0.0,7562.115782666939
11660.203680000002,3684.5073443622487,0.0,0.0,7562.115782666939
11568.734160000002,3712.4409574705874,0.0,0.0,0.0
11798.853680000002,3709.914432317847,0.0,0.0,7562.115782666938
11696.664400000003,3706.6879086777167,0.0,0.0,0.0
11470.492880000003,3724.302156329814,0.0,0.0,0.0
11367.352320000004,3723.7174637157095,0.0,0.0,0.0
11048.4968,3692.9981423412255,0.0,0.0,7562.11578266694
10549.954640000002,3638.640096536867,0.0,0.0,7562.11578266694
9876.215280000002,3500.5230480517835,0.0,0.0,7562.11578266694
9395.724880000002,3345.874402636355,0.0,0.0,7562.11578266694
9393.134240000001,3295.1459408256537,0.0,0.0,7562.115782666938
9827.763920000003,3373.212098665049,0.0,0.0,0.0
10606.151600000003,3527.802580940854,0.0,0.0,0.0
11270.442080000004,3605.321801186603,0.0,0.0,0.0
11566.914320000002,3630.2227677868877,0.0,0.0,0.0
11613.222480000002,3603.7667025061605,0.0,0.0,0.0
11640.407280000005,3600.360587417371,0.0,0.0,0.0
11614.636240000002,3625.1686970754504,0.0,0.0,0.0
11563.173120000003,3640.3900927553436,0.0,0.0,0.0
11402.26016,3642.3951904633946,0.0,0.0,0.0
11450.463360000002,3659.1196441198576,0.0,0.0,0.0
11432.7876,3644.8645728824695,0.0,0.0,0.0
11307.876640000002,3581.10246576646,0.0,0.0,0.0
11260.692400000004,3527.313806486831,0.0,0.0,0.0
11242.418800000003,3469.7333186661754,0.0,0.0,0.0
11360.185760000004,3434.784414594555,0.0,0.0,0.0
11396.383280000002,3412.1283411025215,0.0,0.0,0.0
11073.124800000001,3329.471376856755,0.0,0.0,0.0
10883.139520000002,3240.4276917180173,0.0,0.0,0.0
10560.091600000003,3193.6869763923346,0.0,0.0,0.0
9905.020640000002,3099.159629633717,0.0,0.0,0.0
9246.877760000001,2929.7773425864602,0.0,0.0,0.0
8691.198640000004,2712.997198776379,0.0,0.0,7562.115782666938
8179.951440000002,2547.684290690804,0.0,0.0,7562.1157826669405
7832.2116000000005,2435.3753497029293,0.0,0.0,7562.11578266694
7555.156000000002,2392.943808739129,0.0,0.0,7562.115782666939
7464.5588000000025,2358.7928621268957,0.0,0.0,0.0
7571.666160000002,2328.079663188161,0.0,0.0,0.0
7503.095040000001,2292.1277000595364,0.0,0.0,0.0
7301.777120000001,2297.603198431749,0.0,0.0,0.0
7295.197120000001,2344.7265659917925,0.0,0.0,0.0
7330.244080000001,2424.453944731293,0.0,0.0,0.0
7075.616880000002,2426.852919139246,0.0,0.0,0.0
6856.709680000002,2420.1141581906627,0.0,0.0,0.0
7338.222800000001,2459.6150932422383,0.0,0.0,0.0
7161.333600000001,2393.7529906640575,0.0,0.0,0.0
6217.7540800000015,2166.375930977077,0.0,0.0,0.0
5272.1291200000005,1891.564279912774,0.0,0.0,0.0
4682.73408,1698.8371453516331,0.0,0.0,514.2811250994744
4483.469120000001,1511.027347103518,0.0,0.0,512.2954085974937
4011.438720000001,1369.8990806355046,0.0,0.0,661.5480525580201
3298.3246400000003,1251.491173234898,0.0,0.0,1080.0476845103651
2617.0916000000007,1097.0813028137106,0.0,0.0,1510.224214849914
2172.2760800000005,945.6173443941223,0.0,0.0,2018.7582550122586
1935.06896,874.264437354353,0.0,0.0,2210.7897992567805
1787.0678400000006,844.1451146833456,0.0,0.0,2355.762855516228
1699.4485600000005,819.9135343917029,0.0,0.0,2548.545943467486
1655.7498400000004,816.0023183535565,0.0,0.0,2877.4730563561047
1633.2763200000004,835.6839084771593,0.0,0.0,3937.1225204010557
1597.1164000000003,852.3614234595408,0.0,0.0,4870.395250988843
1532.7038400000001,826.9400498205257,0.0,0.0,5455.970764818099
1485.8617600000002,817.5655802816649,0.0,0.0,5550.503308916417
1467.6144800000004,805.8258097314757,0.0,0.0,5406.736400832245
1533.3618400000007,810.0604944584019,0.0,0.0,5074.03453544617
1627.5423200000002,859.5226324748581,0.0,0.0,4710.8580262090945
1892.6975200000006,988.6315371601095,0.0,0.0,4239.222048203855
2308.3918400000007,1148.0373151531119,0.0,0.0,3529.6439619542466
2881.220320000001,1337.8328233960694,0.0,0.0,2637.523768297219
3562.6564000000008,1545.9384961546816,0.0,0.0,1751.615083278366
4328.376640000002,1739.9941992735226,0.0,0.0,1241.9451577338884
4836.818880000001,1857.9051689724392,0.0,0.0,818.7858123541197
5288.112880000001,1966.5508525700332,0.0,0.0,152.45643199659236
5503.320240000001,2030.4680613917033,0.0,0.0,0.0
5788.805760000001,2088.9567105152414,0.0,0.0,0.0
6143.103040000001,2168.735109552657,0.0,0.0,0.0
6311.442000000001,2241.351279168795,0.0,0.0,0.0
6328.926000000001,2265.931838298175,0.0,0.0,0.0
6251.800880000001,2264.720616425678,0.0,0.0,0.0
6056.927600000002,2265.3583701496127,0.0,0.0,0.0
5829.150560000001,2300.034825830368,0.0,0.0,0.0
5713.0192,2297.695034967996,0.0,0.0,0.0
5774.784720000001,2250.4584023465823,0.0,0.0,0.0
5805.2332000000015,2147.9984196681753,0.0,0.0,0.0
5828.909920000001,1994.1824255147162,0.0,0.0,0.0
5887.633600000002,1914.4428019037168,0.0,0.0,72.24281464246242
5759.515360000001,1864.0439312175452,0.0,0.0,85.46357619931445
6072.302240000001,1826.8287055125504,0.0,0.0,0.0
6337.088960000001,1803.9563059573575,0.0,0.0,0.0
6109.105120000001,1765.2716956724178,0.0,0.0,0.0
5561.066320000002,1750.3451973144718,0.0,0.0,0.0
5056.918000000001,1749.648260044956,0.0,0.0,0.0
4535.218000000001,1784.707367960072,0.0,0.0,94.05871866336456
4554.901600000001,2023.4782805773793,0.0,0.0,0.0
5345.464160000001,2354.195933284775,0.0,0.0,0.0
6280.70024,2663.5840402459203,0.0,0.0,7562.115782666939
7226.389120000001,2968.6486871617676,0.0,0.0,0.0
8232.636560000003,3221.246100513979,0.0,0.0,0.0
9213.661920000002,3460.1976249859044,0.0,0.0,0.0
10035.319680000002,3640.8166224459114,0.0,0.0,0.0
10820.125680000003,3758.5092252697527,0.0,0.0,0.0
11553.979920000002,3853.2059594174475,0.0,0.0,0.0
12196.891040000004,3928.8506939178073,0.0,0.0,0.0
12648.331680000003,3983.072005323754,0.0,0.0,0.0
13284.200320000002,4085.715661074654,0.0,0.0,0.0
13867.639520000002,4127.960467748087,0.0,0.0,0.0
14203.674480000003,4117.777836690256,0.0,0.0,0.0
14392.697200000002,4133.563516865086,0.0,0.0,0.0
14434.177520000003,4114.209477054096,0.0,0.0,0.0
13641.689840000003,3983.5924123624845,0.0,0.0,0.0
12282.314480000001,3813.7540038518696,0.0,0.0,0.0
11265.294640000006,3669.2604385333975,0.0,0.0,0.0
10246.66552,3544.471932675569,0.0,0.0,0.0
9552.16344,3370.7763896425968,0.0,0.0,0.0
8948.360080000004,3193.598201073963,0.0,0.0,0.0
8178.146640000003,2977.312954153655,0.0,0.0,0.0
7504.031280000002,2792.6409042272994,0.0,0.0,0.0
7194.508080000001,2671.197289100763,0.0,0.0,0.0
7008.185040000001,2621.9269874044658,0.0,0.0,7562.11578266694
7005.538000000001,2655.8932405382475,0.0,0.0,7562.1157826669405
7012.189440000002,2654.5330393958398,0.0,0.0,7562.11578266694
6748.02688,2604.8637589698487,0.0,0.0,7562.115782666938
6485.898480000001,2575.5015775198976,0.0,0.0,7562.115782666941
6339.393840000002,2556.996515466208,0.0,0.0,7562.115782666939
6320.093760000002,2546.6210276822603,0.0,0.0,7562.11578266694
6217.8067200000005,2540.6547140441066,0.0,0.0,7562.1157826669405
6264.408160000001,2550.195509754169,0.0,0.0,7562.115782666942
6516.820720000002,2639.0534810084973,0.0,0.0,7562.115782666939
6842.474320000001,2773.685843146002,0.0,0.0,7562.115782666939
7102.700160000002,2828.166337665356,0.0,0.0,7562.1157826669405
7558.957360000001,2903.5273993093097,0.0,0.0,0.0
8191.7540800000015,3035.8475215453163,0.0,0.0,0.0
8766.59792,3154.6574688934916,0.0,0.0,0.0
9401.244560000003,3223.3940550561906,0.0,0.0,0.0
10057.097600000001,3230.465468347179,0.0,0.0,0.0
10330.80304,3192.128816494018,0.0,0.0,0.0
10451.262160000002,3192.563509432251,0.0,0.0,0.0
10567.596560000002,3220.1971231888515,0.0,0.0,0.0
10275.940880000004,3212.472650084554,0.0,0.0,0.0
9998.900320000002,3204.928788834876,0.0,0.0,0.0
9798.774320000004,3260.6572398412245,0.0,0.0,0.0
9935.26984,3322.7499628094624,0.0,0.0,0.0
9862.37096,3345.9335861819363,0.0,0.0,0.0
9859.208800000002,3432.2242160451924,0.0,0.0,0.0
9893.01496,3448.2200998474323,0.0,0.0,0.0
9693.411600000001,3392.1212414782217,0.0,0.0,0.0
9616.955760000003,3326.579546370946,0.0,0.0,0.0
9343.020960000002,3216.9440689938056,0.0,0.0,0.0
8953.80456,3084.1617028586907,0.0,0.0,0.0
8675.545760000003,2949.647707812348,0.0,0.0,0.0
8332.171280000002,2798.9929313176876,0.0,0.0,0.0
7809.177840000002,2632.612678599736,0.0,0.0,7562.11578266694
7432.583760000001,2486.5976879974455,0.0,0.0,7562.1157826669405
6957.737120000001,2319.4500899988557,0.0,0.0,0.0
6512.0981600000005,2145.853526343839,0.0,0.0,0.0
6125.118960000001,1981.4518407790217,0.0,0.0,0.0
5442.45336,1834.5797091717632,0.0,0.0,0.0
4944.2872000000025,1702.0432608725976,0.0,0.0,0.0
4479.1752000000015,1560.3772404645622,0.0,0.0,417.3209565197459
4318.299840000001,1446.1601403346751,0.0,0.0,543.2339980481448
3929.944480000001,1294.4951619413023,0.0,0.0,868.2949846282675
3452.1612800000007,1170.8015516767252,0.0,0.0,1265.5974100264948
3080.3724800000005,1045.21508835951,0.0,0.0,1639.9149275684556
2656.643040000001,891.241951688473,0.0,0.0,2154.3103155191116
2175.07352,730.5718907131428,0.0,0.0,2788.261579587843
1915.1522400000006,619.5129470241802,0.0,0.0,3270.327839011945
2043.1952800000006,579.6946657195743,0.0,0.0,3726.0922397483355
2232.3796800000005,574.0038616901605,0.0,0.0,3993.4004837676966
2279.5488800000003,564.3549029485185,0.0,0.0,3956.502765230682
2233.71072,575.6620213723905,0.0,0.0,3814.4938960658324
2128.4156800000005,629.7200678250098,0.0,0.0,3562.1950149108525
2000.9479200000005,697.2821667297113,0.0,0.0,3216.4587082077014
1931.5909600000002,772.6891466417884,0.0,0.0,2906.1051947417373
2010.8292000000004,882.8205413146604,0.0,0.0,2396.273196755228
2209.5226400000006,1042.1293807416243,0.0,0.0,1861.8064113158584
2499.3509600000007,1200.1361821658036,0.0,0.0,1315.3650857222895
2708.1362400000003,1359.6593068440095,0.0,0.0,913.0747222855964
2934.2438400000005,1510.7416334351954,0.0,0.0,607.0634133541932
3284.570560000001,1678.1065779029022,0.0,0.0,371.45785859951224
3819.4230400000015,1903.7744576097373,0.0,0.0,685.9388911624766
4595.795360000001,2152.5075935978834,0.0,0.0,572.1860777806036
5213.499440000002,2348.316354153076,0.0,0.0,195.55461179537605
6176.292560000002,2536.2118665016883,0.0,0.0,0.0
7423.977120000001,2744.9614154199844,0.0,0.0,7562.115782666939
8568.468480000001,2977.9231569167155,0.0,0.0,0.0
9339.426400000002,3137.1136292525175,0.0,0.0,0.0
9814.942320000002,3230.8011819074577,0.0,0.0,0.0
9885.931120000001,3260.6919336438064,0.0,0.0,7562.11578266694
9526.13296,3250.9429751182515,0.0,0.0,0.0
9748.183520000002,3329.7285191582455,0.0,0.0,0.0
10452.160800000001,3475.2965719508024,0.0,0.0,0.0
10881.387360000002,3448.78438434237,0.0,0.0,0.0
10619.153680000003,3236.350149508668,0.0,0.0,0.0
10335.939200000003,3020.117963698192,0.0,0.0,0.0
9893.278160000002,2724.317582477709,0.0,0.0,0.0
9255.089600000003,2421.793746398017,0.0,0.0,7562.115782666939
8341.46224,2152.911674357368,0.0,0.0,0.0
7242.000640000001,1978.7569486431635,0.0,0.0,0.0
6012.465600000002,1820.9674936881015,0.0,0.0,0.0
5004.586320000001,1692.1738944439635,0.0,0.0,0.0
4150.378240000001,1612.3383526728842,0.0,0.0,0.0
3348.802640000001,1531.5456701129237,0.0,0.0,39.062247381891176
2783.27608,1433.5009840160612,0.0,0.0,1021.1856767152492
2368.1495200000004,1280.9237626959725,0.0,0.0,2678.7688396874023
2071.0681600000007,1108.965971009978,0.0,0.0,4039.592721287298
1800.8144000000002,957.0009932648665,0.0,0.0,4887.472453476236
1558.79448,849.2848994952798,0.0,0.0,5191.792902883476
1499.6045600000002,830.2788181160685,0.0,0.0,5029.1088489979265
1498.3487200000004,827.821680568493,0.0,0.0,4710.170559820962
1559.9788800000003,813.5655889251468,0.0,0.0,4430.035564959484
1614.9989600000006,772.0075154616471,0.0,0.0,4297.382925177009
1623.0416000000002,716.7219206411985,0.0,0.0,4195.378619138606
1593.0104800000001,667.1363135037883,0.0,0.0,4141.209968240432
1465.0840000000003,601.7170671115072,0.0,0.0,4374.249803579718
1369.3468800000003,564.0477607550716,0.0,0.0,4938.564705249488
1333.6381600000002,578.3660971618738,0.0,0.0,5247.012498631085
1361.1350400000003,605.6986911607761,0.0,0.0,5158.4464493137475
1356.7320800000002,615.2558133661714,0.0,0.0,4972.166950504354
1295.4516,624.0027332406803,0.0,0.0,4654.545424497247
1333.4464,665.2832562835237,0.0,0.0,4111.00024239778
1538.8552000000004,768.0442587196274,0.0,0.0,3426.1783873832305
1850.0591200000001,914.873533276638,0.0,0.0,2611.464912656537
2105.8030400000007,1049.648752248304,0.0,0.0,2160.897926762332
2246.1826400000004,1168.7209439277608,0.0,0.0,1772.1285884731353
2383.9603200000006,1333.559363242728,0.0,0.0,1421.420280658463
2748.1238400000007,1469.4019268467712,0.0,0.0,982.2273476214227
3096.593120000001,1532.684443162381,0.0,0.0,872.2513182861429
3337.2331200000003,1615.7454881676326,0.0,0.0,1635.2570509557806
3718.485840000001,1756.6737550678201,0.0,0.0,2009.427194663269
4058.3823200000006,1890.673465511182,0.0,0.0,1961.2003263918264
4547.283840000001,2041.1823239538057,0.0,0.0,1143.312554172661
5603.828800000001,2235.012517355864,0.0,0.0,0.0
6697.447360000001,2450.3947050030806,0.0,0.0,0.0
7585.3751200000015,2623.241270278751,0.0,0.0,7562.11578266694
8225.409840000002,2748.5369178978517,0.0,0.0,7562.1157826669405
8571.777280000002,2859.809126432098,0.0,0.0,7562.11578266694
8594.698240000002,2940.754869885803,0.0,0.0,0.0
8667.78512,2997.178217349751,0.0,0.0,0.0
9053.151280000002,3101.7157465592472,0.0,0.0,0.0
9567.391440000003,3211.186938577102,0.0,0.0,0.0
10067.90384,3304.869389202251,0.0,0.0,0.0
10523.961760000002,3401.9253019255257,0.0,0.0,0.0
10952.466400000003,3503.957734507406,0.0,0.0,0.0
11327.691840000001,3604.5309865689246,0.0,0.0,0.0
11634.229600000002,3691.287941955122,0.0,0.0,0.0
11761.283760000004,3739.2755933618414,0.0,0.0,0.0
11950.72384,3785.22243285197,0.0,0.0,0.0
12252.136720000002,3844.3008766194025,0.0,0.0,0.0
12320.628880000002,3914.4833780250074,0.0,0.0,0.0
12520.111920000003,4004.860733751237,0.0,0.0,0.0
13030.953040000002,4090.4523855330617,0.0,0.0,0.0
13543.234240000002,4148.346137982913,0.0,0.0,0.0
13684.69296,4132.64515150262,0.0,0.0,0.0
13311.486640000001,4077.1707815798877,0.0,0.0,0.0
12565.216880000004,4054.166749656074,0.0,0.0,0.0
11717.923440000004,4034.2423029143974,0.0,0.0,0.0
11670.333120000003,3975.0699817988007,0.0,0.0,0.0
11691.377840000001,3898.277290595359,0.0,0.0,7562.11578266694
11545.29432,3808.5938109207696,0.0,0.0,0.0
11450.091120000003,3693.6114063221607,0.0,0.0,0.0
11058.543520000001,3585.3463341470106,0.0,0.0,0.0
10650.139840000002,3535.6954210282697,0.0,0.0,0.0
10217.807520000002,3495.0740802344853,0.0,0.0,0.0
9922.3392,3424.980354147253,0.0,0.0,0.0
9742.919520000003,3348.28970353964,0.0,0.0,0.0
9428.737680000002,3278.326589415069,0.0,0.0,0.0
9138.755200000001,3143.6758599703153,0.0,0.0,0.0
8272.293280000002,2921.4926666110596,0.0,0.0,0.0
7421.029280000002,2739.5359169397275,0.0,0.0,7562.115782666939
6849.3513600000015,2551.8077511682764,0.0,0.0,7562.11578266694
6167.832560000002,2246.6196351314748,0.0,0.0,0.0
5224.222960000002,1888.7377554082952,0.0,0.0,0.0
4498.52416,1671.364755736444,0.0,0.0,0.0
4277.274480000001,1561.5007074246455,0.0,0.0,0.0
3981.1782400000006,1563.3180504363695,0.0,0.0,0.0
4131.33384,1799.8206006083863,0.0,0.0,375.85104987592547
4234.89176,1881.575525987019,0.0,0.0,1093.4616862177613
4443.022800000001,1933.5131688583006,0.0,0.0,1434.1122298740652
4919.74192,2060.531261735004,0.0,0.0,852.5183668309055
5457.504640000001,2128.129074848246,0.0,0.0,0.0
6196.058880000001,2217.9094930888737,0.0,0.0,0.0
7070.646160000001,2365.659173820266,0.0,0.0,0.0
7806.606000000001,2544.9516435344885,0.0,0.0,0.0
8027.927120000001,2685.2737892954488,0.0,0.0,0.0
8148.4276,2790.6633574801217,0.0,0.0,0.0
8335.983920000002,2820.763292437922,0.0,0.0,0.0
8556.304880000002,2791.3296825708885,0.0,0.0,0.0
8639.363280000001,2750.395077147908,0.0,0.0,0.0
8672.579120000002,2757.546082103642,0.0,0.0,0.0
8810.063520000002,2764.4981078975097,0.0,0.0,0.0
8621.54088,2735.2838853115104,0.0,0.0,7562.115782666939
8353.200960000002,2768.589935790274,0.0,0.0,0.0
8130.21416,2878.727452898896,0.0,0.0,0.0
7852.079440000001,3061.5168538321964,0.0,0.0,0.0
7686.541680000002,3159.611539821016,0.0,0.0,0.0
7811.223280000002,3163.7819389725687,0.0,0.0,0.0
7759.76016,3131.9371098260845,0.0,0.0,0.0
8112.790320000002,3078.650490277936,0.0,0.0,0.0
8180.861360000002,2960.73339814327,0.0,0.0,0.0
8155.680640000001,2887.0958021628767,0.0,0.0,0.0
8180.7936800000025,2890.1488567900974,0.0,0.0,0.0
7702.540480000001,2828.9826624319917,0.0,0.0,0.0
7785.636480000002,2834.048978014929,0.0,0.0,7562.11578266694
9407.245520000002,3005.4271791166116,0.0,0.0,0.0
10159.26432,3126.004469584555,0.0,0.0,0.0
10044.997920000002,3085.1239456773633,0.0,0.0,0.0
9618.989920000004,2987.2915040198263,0.0,0.0,7562.11578266694
8935.467040000001,2813.817389079805,0.0,0.0,7562.11578266694
7682.180080000002,2572.5413798348823,0.0,0.0,0.0
6244.6568800000005,2280.2522155168936,0.0,0.0,0.0
5258.927760000001,2024.8099103529546,0.0,0.0,0.0
4765.0668000000005,1857.0174157887225,0.0,0.0,282.53595070402304
4436.56688,1755.8860016680162,0.0,0.0,768.2574987073605
4158.153920000002,1690.710632299768,0.0,0.0,966.5690017686877
3859.3091200000013,1601.1434789044247,0.0,0.0,1071.2728008125373
3794.896560000001,1559.7007113142124,0.0,0.0,825.7166661487736
3821.6865600000006,1548.0772670432682,0.0,0.0,483.64701243122346
3773.8969600000014,1522.4048735385127,0.0,0.0,178.83457176398687
3655.9796000000006,1471.1958005214542,0.0,0.0,261.97470596561243
3527.865120000001,1397.2571847833647,0.0,0.0,328.9882158551081
3418.144560000001,1347.278721352011,0.0,0.0,404.7294212227153
3499.6538400000004,1360.1286935848254,0.0,0.0,242.99203819052596
3791.61032,1387.1000638744915,0.0,0.0,0.0
3946.202720000001,1397.0204506010398,0.0,0.0,292.23058853199655
4003.9939200000003,1438.2989328319666,0.0,0.0,908.0815737638275
3774.8219200000003,1399.1357521525865,0.0,0.0,1716.7011613869663
3688.3268800000005,1363.6348084575286,0.0,0.0,1771.8365613073834
3785.2672000000002,1353.6450341258162,0.0,0.0,1455.624795342203
3866.107200000001,1338.943025078695,0.0,0.0,1132.514629804135
3586.679040000001,1315.0818521499136,0.0,0.0,1209.2510635321232
3144.3,1327.0430507930532,0.0,0.0,1544.1616780272982
2808.7764000000006,1368.0552070688648,0.0,0.0,1829.7912043394747
2618.7309600000003,1371.5245873270694,0.0,0.0,1990.9002895216665
2538.5151200000005,1341.7991413559641,0.0,0.0,2157.8937836183195
2614.632560000001,1357.5940051844195,0.0,0.0,2565.2683796870006
2994.4903200000003,1509.9957166796814,0.0,0.0,2520.009762928093
3582.603200000001,1589.2455454306994,0.0,0.0,1917.3006930523914
4150.791840000001,1611.3138650907554,0.0,0.0,1156.4195780716168
4557.883280000002,1650.8443919151218,0.0,0.0,394.93578225236644
4858.205760000001,1725.4728020810198,0.0,0.0,0.0
5032.56072,1731.7625844079528,0.0,0.0,0.0
5093.788560000001,1702.9718302946462,0.0,0.0,0.0
5055.624560000001,1642.5688995933458,0.0,0.0,0.0
5019.569920000001,1605.337347393019,0.0,0.0,0.0
4995.863120000001,1568.3139580081845,0.0,0.0,0.0
4825.772000000001,1497.848804152132,0.0,0.0,0.0
4512.02256,1411.777561569909,0.0,0.0,0.0
4165.688960000001,1325.1461161165817,0.0,0.0,1073.7479237202672
3942.6269600000005,1276.6217311757987,0.0,0.0,2236.0373487072407
3743.019840000001,1237.8146721758637,0.0,0.0,2947.9371323328146
3533.0689600000005,1189.4647766539495,0.0,0.0,2990.6187798066485
3519.0892800000006,1197.63006513223,0.0,0.0,2680.76248949989
3708.544400000001,1264.607471422828,0.0,0.0,2132.0957382146826
3863.791040000001,1321.2420429201431,0.0,0.0,1657.1354546272069
3880.7486400000007,1361.5337925893982,0.0,0.0,1477.0491709968562
3653.4228000000003,1410.1551160962192,0.0,0.0,1530.8884634114547
3249.636400000001,1456.7305256566578,0.0,0.0,1750.936757846029
2939.7184000000007,1473.2427348737951,0.0,0.0,2066.613710833581
3303.7616000000007,1531.0170998265266,0.0,0.0,2004.205763273466
3870.3560000000007,1592.6945175697379,0.0,0.0,1723.7371507314188
4241.701120000001,1712.3116060309246,0.0,0.0,1229.5183021222008
4617.223600000001,1825.2511579010259,0.0,0.0,492.30501572729634
4875.452880000002,1902.8213984446893,0.0,0.0,0.0
5083.873440000001,1983.8783661478487,0.0,0.0,0.0
5100.383600000001,2115.08828670123,0.0,0.0,0.0
5284.183680000002,2260.5696049873322,0.0,0.0,0.0
5557.099520000001,2319.606212110475,0.0,0.0,0.0
5956.106960000001,2378.6326151740345,0.0,0.0,0.0
6180.680480000001,2506.2874413687146,0.0,0.0,0.0
6254.425360000002,2432.258009500337,0.0,0.0,0.0
6549.104080000001,2373.7254829205917,0.0,0.0,0.0
6675.582960000002,2201.804425849096,0.0,0.0,0.0
6514.730160000001,2062.45574737235,0.0,0.0,0.0
6009.4012,1986.448768756795,0.0,0.0,0.0
5987.063040000001,1989.159987387986,0.0,0.0,0.0
6185.628640000002,2058.7088166934886,0.0,0.0,0.0
6320.6953600000015,2140.635170273116,0.0,0.0,0.0
6462.210480000002,2204.6768686216974,0.0,0.0,0.0
6551.536800000001,2261.2104199291416,0.0,0.0,0.0
6088.868800000001,2225.9074349899934,0.0,0.0,0.0
5468.686880000001,2245.052291579533,0.0,0.0,0.0
5087.227360000001,2251.204319102096,0.0,0.0,0.0
5108.614240000002,2162.745326577462,0.0,0.0,0.0
5081.008320000002,2053.9149495014167,0.0,0.0,0.0
4886.552400000001,2062.280237547523,0.0,0.0,0.0
4807.836800000001,2097.074039913482,0.0,0.0,0.0
4922.648400000001,2147.5402573929005,0.0,0.0,0.0
5258.134400000001,2267.8991809857685,0.0,0.0,0.0
5591.277920000001,2405.9182704988557,0.0,0.0,0.0
6134.443760000001,2558.0648805045444,0.0,0.0,7562.11578266694
6753.975200000001,2692.458467647807,0.0,0.0,0.0
7685.962640000001,2856.3030115593947,0.0,0.0,0.0
8485.669520000001,2999.705762908449,0.0,0.0,0.0
9159.352480000001,3157.791135591416,0.0,0.0,0.0
9782.26416,3267.9919178694527,0.0,0.0,0.0
10376.246400000002,3371.9396524350545,0.0,0.0,0.0
10817.192880000002,3444.3241898986603,0.0,0.0,0.0
11113.386880000004,3533.7750170147574,0.0,0.0,0.0
11500.952640000001,3622.238091163226,0.0,0.0,0.0
12154.842960000002,3663.4492266009042,0.0,0.0,0.0
12348.27992,3688.0399897898674,0.0,0.0,7562.115782666939
12475.570960000001,3737.4266177654104,0.0,0.0,7562.115782666941
12430.150160000001,3761.950034161125,0.0,0.0,7562.115782666941
12132.959760000002,3736.1398858519997,0.0,0.0,0.0
11921.136400000001,3716.731764525219,0.0,0.0,0.0
11821.233200000002,3722.1501201637684,0.0,0.0,0.0
11870.782480000002,3740.9337530440716,0.0,0.0,0.0
11745.905360000004,3757.5357579855386,0.0,0.0,0.0
11720.461440000003,3815.2642046701467,0.0,0.0,0.0
11657.567920000003,3799.633626200977,0.0,0.0,0.0
11651.642160000001,3779.775505846589,0.0,0.0,0.0
11686.832000000002,3772.0255225933347,0.0,0.0,0.0
11014.882400000002,3731.2541821236805,0.0,0.0,0.0
10633.306320000003,3669.3859484662676,0.0,0.0,0.0
10062.342800000002,3511.932207071485,0.0,0.0,0.0
9751.161440000002,3452.5517231403965,0.0,0.0,0.0
9547.959760000002,3411.0681393118525,0.0,0.0,0.0
9496.109360000002,3371.7641426102273,0.0,0.0,0.0
9524.177759999999,3339.474416465926,0.0,0.0,0.0
9516.544960000001,3325.9152620920954,0.0,0.0,0.0
9305.078800000003,3273.308232912172,0.0,0.0,0.0
8977.379760000002,3222.5114039022646,0.0,0.0,0.0
9486.803360000002,3182.962509770649,0.0,0.0,0.0
10331.667840000002,3283.0857628045596,0.0,0.0,0.0
10695.030480000001,3355.411116722584,0.0,0.0,0.0
10555.887920000001,3296.324509707485,0.0,0.0,0.0
10159.098880000001,3226.3379262458734,0.0,0.0,0.0
9520.086880000003,3119.084076375395,0.0,0.0,0.0
8579.650720000001,2973.4935746517544,0.0,0.0,7562.11578266694
7682.17256,2766.7532050653417,0.0,0.0,0.0
7265.583360000002,2673.3483048608496,0.0,0.0,0.0
6829.547440000002,2574.503620492684,0.0,0.0,7562.11578266694
6321.985040000001,2479.963008456609,0.0,0.0,7562.115782666941
5958.472000000002,2336.9102563512497,0.0,0.0,7562.115782666939
5611.796240000001,2232.0104830265586,0.0,0.0,0.0
5385.775120000001,2156.4535034386117,0.0,0.0,0.0
5161.656560000001,2069.212875628182,0.0,0.0,0.0
5059.501120000001,1979.7834770372087,0.0,0.0,0.0
4958.721840000002,1938.6111170259446,0.0,0.0,0.0
5185.337040000001,1907.5734289924712,0.0,0.0,0.0
5208.686640000002,1840.874593528488,0.0,0.0,0.0
4787.3899200000005,1665.0055858043468,0.0,0.0,0.0
3909.3096000000005,1386.752105442713,0.0,0.0,0.0
3158.0277600000004,1162.3525903420389,0.0,0.0,1735.9035783380582
2578.9652000000006,972.9356527096087,0.0,0.0,3377.318631459363
2101.5241600000004,826.3247450276734,0.0,0.0,4415.276669042552
1714.1990400000004,700.7546082057908,0.0,0.0,4767.492999142748
1404.9014400000003,595.8895286836818,0.0,0.0,4863.709815860382
1088.2417600000003,532.2764008375838,0.0,0.0,4888.920784081744
808.1368000000001,547.9559587927521,0.0,0.0,4816.911075455529
782.5988800000001,634.9037300931508,0.0,0.0,4519.82672510125
1105.8874400000002,767.0932403664962,0.0,0.0,3894.680718220899
1593.2473600000003,933.2734935166217,0.0,0.0,3111.736730650415
1838.3580000000006,1065.3028000545148,0.0,0.0,2769.6765558410516
2119.70376,1266.7115485088334,0.0,0.0,2688.981486301787
3127.9853600000006,1633.2985114622318,0.0,0.0,1698.216030821281
4365.153200000001,2050.9527110044846,0.0,0.0,225.07413086747727
5416.791360000002,2418.1559991566933,0.0,0.0,0.0
6248.4356800000005,2707.568639078247,0.0,0.0,7562.115782666939
7148.470640000001,2937.445693363051,0.0,0.0,0.0
8032.525600000001,3092.876990148492,0.0,0.0,0.0
9029.301600000003,3156.799300999954,0.0,0.0,0.0
9313.369600000002,3204.9736866970416,0.0,0.0,0.0
8995.048,3216.147131940376,0.0,0.0,0.0
8503.867920000002,3190.426779355581,0.0,0.0,0.0
8330.844000000003,3206.449193712736,0.0,0.0,0.0
8135.203680000001,3185.4920961412636,0.0,0.0,0.0
8280.866080000002,3190.500248584578,0.0,0.0,0.0
8223.631360000001,3191.771674408614,0.0,0.0,0.0
8352.00904,3155.251345161219,0.0,0.0,7562.115782666939
8873.066080000002,3136.959547952814,0.0,0.0,0.0
9771.420320000003,3188.1920903069135,0.0,0.0,0.0
10121.713200000002,3228.8277167841147,0.0,0.0,0.0
10280.080640000002,3256.6909218813303,0.0,0.0,0.0
10357.029040000001,3256.1031680493525,0.0,0.0,0.0
10296.760000000004,3252.3592985883656,0.0,0.0,0.0
9938.488400000002,3241.534832182768,0.0,0.0,0.0
9400.10152,3226.0777227265075,0.0,0.0,0.0
9182.976560000003,3249.37563156631,0.0,0.0,0.0
9274.269360000002,3272.9582336684766,0.0,0.0,0.0
9260.789760000001,3228.6920027916613,0.0,0.0,0.0
9256.495840000001,3220.52671431338,0.0,0.0,0.0
9431.681760000003,3214.0889731224943,0.0,0.0,0.0
9633.435840000002,3211.4206115415523,0.0,0.0,0.0
9750.428240000003,3147.9462589057816,0.0,0.0,0.0
9567.93288,3035.4965018956627,0.0,0.0,0.0
9411.223600000003,2942.8915999624737,0.0,0.0,0.0
9178.408160000003,2866.228500315735,0.0,0.0,0.0
8828.668000000001,2764.298108329683,0.0,0.0,0.0
8386.484480000001,2645.771833837914,0.0,0.0,0.0
7892.003120000001,2492.450736574229,0.0,0.0,7562.1157826669405
7059.4864800000005,2251.935950174194,0.0,0.0,7562.115782666939
6187.779360000001,1934.4968402020975,0.0,0.0,0.0
4908.676240000001,1597.7812412718408,0.0,0.0,0.0
4593.847680000001,1350.824632057087,0.0,0.0,31.985041479131354
4318.329920000001,1150.839349914591,0.0,0.0,273.0691046920056
3689.812080000001,992.021325753567,0.0,0.0,836.1389237253
3172.2781600000008,887.0011445257971,0.0,0.0,1231.5857515906646
2752.2222400000005,812.5706931158088,0.0,0.0,1615.8412852726744
2331.8241600000006,747.3055280232303,0.0,0.0,2042.338708611432
1896.7545600000003,676.7995579288463,0.0,0.0,2527.1096625764335
1570.7588000000003,620.3527411278574,0.0,0.0,3009.53023322247
1558.8320800000001,667.2444765353677,0.0,0.0,3451.1012591619156
1612.6752800000006,751.6677634949434,0.0,0.0,3755.6083278252363
1531.0870400000001,834.411462247165,0.0,0.0,4001.263142982394
1453.2813600000004,889.3215476749609,0.0,0.0,3954.5532970163376
1482.7635200000004,901.5653987685483,0.0,0.0,3648.069855061276
1575.9325600000004,946.7387705422888,0.0,0.0,3182.126841818895
1717.0641600000004,981.3815528264201,0.0,0.0,2751.4560589811213
1882.0830400000002,1051.8579311480134,0.0,0.0,2219.8737349855414
1879.1276800000005,1018.08453474035,0.0,0.0,2367.9834995600304
1704.4794400000003,921.1592339797378,0.0,0.0,2524.0220685475942
1424.1864800000003,746.8800187386212,0.0,0.0,3045.807797973657
1100.35272,560.1069529441345,0.0,0.0,3708.264082202671
824.8838400000002,407.0705489428127,0.0,0.0,4488.196358440382
608.5860800000002,298.90547655157604,0.0,0.0,5877.144123810868
482.8930400000001,263.9106542118328,0.0,0.0,6940.099414865446
362.32864000000006,276.78919781148005,0.0,0.0,7357.685565260443
300.12320000000005,312.3462638342441,0.0,0.0,7061.266580359062
372.7551200000001,368.4543058570789,0.0,0.0,6474.511124058502
590.8877600000002,457.381664716571,0.0,0.0,5772.900244105044
834.6598400000001,561.2569504591335,0.0,0.0,5138.940203395225
1042.61416,655.8791949718725,0.0,0.0,4696.7163814498745
1237.1528000000003,758.9524416312148,0.0,0.0,4239.570438092292
1469.3252800000005,891.027666437231,0.0,0.0,3716.717352246831
1640.0405600000006,982.499917756712,0.0,0.0,3481.121782920388
1987.6112000000003,1065.3242285796389,0.0,0.0,3434.0423528069155
2696.3900000000003,1226.0749016256743,0.0,0.0,2978.787532139843
3230.47168,1350.8725911371275,0.0,0.0,2603.6198303256824
3445.4609600000003,1393.3265810320104,0.0,0.0,2217.892189200623
3424.3147200000008,1382.5429308647435,0.0,0.0,1932.3512871080782
3372.77264,1428.4734438595397,0.0,0.0,1484.3016331831036
3222.4290400000004,1521.567120246752,0.0,0.0,1254.729844103831
2948.1859200000004,1549.65073303096,0.0,0.0,1158.2428606788346
2707.7339200000006,1529.8211840434042,0.0,0.0,1382.6361618383328
2612.3464800000006,1543.8885005844656,0.0,0.0,1366.6320790466937
2662.0236000000004,1535.6028042031066,0.0,0.0,1312.7778779137839
2755.019680000001,1510.1518387913006,0.0,0.0,1345.3953406907012
2827.008640000001,1471.3600858807401,0.0,0.0,1609.9418882816922
3002.0441600000004,1473.535591383826,0.0,0.0,2461.884415773566
3228.3999200000007,1519.222227354589,0.0,0.0,3028.483812205626
3558.001520000001,1591.8220704753953,0.0,0.0,2987.580166095232
3943.2060000000006,1627.764849950395,0.0,0.0,2384.4677314874575
4204.48088,1632.5291253696766,0.0,0.0,1778.441561597054
4449.866,1642.2403288747746,0.0,0.0,7562.115782666939
4698.326800000001,1655.9433604887242,0.0,0.0,7562.11578266694
4931.164800000001,1692.7453217806092,0.0,0.0,176.0064518263188
5071.958000000002,1759.1053824664386,0.0,0.0,0.0
5135.6975200000015,1830.4031875844598,0.0,0.0,0.0
4915.617200000002,1832.3807343316364,0.0,0.0,0.0
4872.091440000001,1854.6837473621003,0.0,0.0,56.205518732575946
5152.79424,1893.5550919374082,0.0,0.0,78.90615651488739
5088.22752,1840.3827578565897,0.0,0.0,433.29034992198353
4708.930000000001,1688.2616579998587,0.0,0.0,791.7223616481155
4509.104800000001,1579.909851318254,0.0,0.0,735.7483423627283
4637.478720000001,1556.4292898119168,0.0,0.0,143.85972404034956
4730.407120000001,1537.1476988239656,0.0,0.0,0.0
4712.6373600000015,1517.3967210951987,0.0,0.0,0.0
4666.442000000001,1514.6314209482177,0.0,0.0,0.0
4676.014960000001,1543.9925819922119,0.0,0.0,0.0
4780.005280000001,1631.0679040373977,0.0,0.0,0.0
4958.533840000001,1746.821735540478,0.0,0.0,0.0
5271.091360000001,1910.6489325507741,0.0,0.0,0.0
5673.832480000001,2106.771978141122,0.0,0.0,0.0
5924.530480000002,2258.7645068471074,0.0,0.0,0.0
6096.264720000002,2326.6449724107974,0.0,0.0,0.0
6237.23088,2349.4673720740334,0.0,0.0,7562.115782666939
6384.047600000001,2370.652020174206,0.0,0.0,7562.11578266694
6528.57824,2393.0152371562094,0.0,0.0,7562.115782666939
6596.826000000002,2395.1672733222545,0.0,0.0,7562.11578266694
6580.142880000001,2380.571386494796,0.0,0.0,7562.1157826669405
6558.135600000002,2366.5101923894845,0.0,0.0,7562.1157826669405
6389.905680000001,2345.669421097258,0.0,0.0,7562.115782666939
5762.891840000001,2286.40832466329,0.0,0.0,0.0
5655.4122400000015,2262.0900098651923,0.0,0.0,0.0
5807.331280000001,2259.372668798251,0.0,0.0,7562.115782666939
5745.776320000002,2211.1237934662086,0.0,0.0,7562.1157826669405
5679.8748000000005,2154.143304349031,0.0,0.0,7562.115782666939
5606.182560000001,2086.472022006792,0.0,0.0,7562.115782666939
5535.964560000001,2021.881345252647,0.0,0.0,0.0
5423.563120000001,1953.299860795608,0.0,0.0,0.0
5568.7216800000015,1956.4294458697,0.0,0.0,0.0
5648.557760000001,1966.1763635833386,0.0,0.0,0.0
5579.67456,1987.7232557987058,0.0,0.0,0.0
5558.268880000001,2034.0864209198191,0.0,0.0,0.0
5563.318560000001,2121.3994975532873,0.0,0.0,7562.11578266694
5550.538320000001,2190.3320016599796,0.0,0.0,7562.11578266694
5385.726240000001,2264.8195958036326,0.0,0.0,0.0
5233.07024,2297.802177593617,0.0,0.0,0.0
5208.021120000001,2288.0154640476053,0.0,0.0,226.23600211674915
5836.651760000001,2355.0785844387005,0.0,0.0,7562.115782666939
6277.4403200000015,2374.029563896164,0.0,0.0,0.0
6471.836080000002,2349.823493753479,0.0,0.0,0.0
6674.582800000001,2333.1357747115144,0.0,0.0,0.0
6918.952720000001,2350.6102267473248,0.0,0.0,7562.11578266694
7307.078720000001,2423.8937418601886,0.0,0.0,7562.115782666939
7517.819200000002,2506.777236228697,0.0,0.0,7562.1157826669405
7198.034960000002,2604.938248604805,0.0,0.0,0.0
7270.599200000001,2713.0461782623765,0.0,0.0,0.0
7577.700960000002,2754.4226194653,0.0,0.0,0.0
7630.920000000002,2789.538870114081,0.0,0.0,0.0
7518.890800000001,2752.4328278466232,0.0,0.0,0.0
7407.369200000001,2661.1156782328035,0.0,0.0,0.0
7151.726800000001,2600.60662531184,0.0,0.0,0.0
7103.741680000001,2550.605712949404,0.0,0.0,0.0
7211.518320000001,2495.9435861694737,0.0,0.0,0.0
7362.926000000002,2490.72523009875,0.0,0.0,0.0
7540.792800000003,2591.9852153702027,0.0,0.0,0.0
7745.603760000002,2670.2676992727556,0.0,0.0,0.0
7617.887840000002,2691.8849994992456,0.0,0.0,0.0
7713.455760000003,2693.9023420787953,0.0,0.0,0.0
7683.281760000002,2690.4850025244637,0.0,0.0,0.0
7646.0916000000025,2776.5144084623967,0.0,0.0,0.0
7562.976800000001,2774.6368614991334,0.0,0.0,0.0
8536.997280000003,2893.0315036222823,0.0,0.0,0.0
9455.114080000001,3003.7588153747984,0.0,0.0,0.0
10095.596240000003,3126.7340598447363,0.0,0.0,0.0
10436.150720000001,3210.4706135943793,0.0,0.0,0.0
10557.31672,3284.185760427602,0.0,0.0,0.0
10690.210160000002,3316.0060998310882,0.0,0.0,0.0
10565.769200000002,3340.0427825846964,0.0,0.0,0.0
9980.920000000002,3314.689776144887,0.0,0.0,7562.1157826669405
9807.068880000003,3323.5417978330997,0.0,0.0,0.0
9820.149920000003,3347.736643510244,0.0,0.0,0.0
9423.77072,3303.034699289236,0.0,0.0,0.0
8960.215360000002,3189.22372073075,0.0,0.0,0.0
8761.416640000001,3121.3065205525622,0.0,0.0,0.0
8604.229840000002,3066.773985329335,0.0,0.0,0.0
8186.448720000001,2968.4466467820257,0.0,0.0,0.0
7580.423200000002,2832.820409241141,0.0,0.0,0.0
7337.944560000001,2719.863510469749,0.0,0.0,0.0
7260.537440000002,2710.0972050429027,0.0,0.0,0.0
7139.958000000001,2670.059536457263,0.0,0.0,0.0
6824.347360000001,2594.636230049854,0.0,0.0,0.0
6590.719760000003,2570.4168946297114,0.0,0.0,0.0
6401.93016,2546.941435153165,0.0,0.0,0.0
6404.750160000001,2553.6618287944993,0.0,0.0,0.0
6312.991120000001,2496.4354218413723,0.0,0.0,0.0
6243.840960000001,2432.979436512852,0.0,0.0,0.0
6405.246480000001,2394.698906987397,0.0,0.0,7562.11578266694
6474.471840000001,2363.216321956107,0.0,0.0,0.0
6507.91704,2325.0306901847734,0.0,0.0,0.0
6422.275520000001,2262.3665398798908,0.0,0.0,7562.11578266694
6247.337760000001,2202.282996243536,0.0,0.0,7562.115782666938
5721.381440000002,2142.9729203235706,0.0,0.0,7562.11578266694
5256.5740000000005,2141.444352198044,0.0,0.0,7562.115782666939
5542.454320000003,2243.1278059421875,0.0,0.0,0.0
5905.433440000002,2337.705152592762,0.0,0.0,7562.11578266694
5938.05896,2339.701066647188,0.0,0.0,7562.11578266694
5754.570960000001,2254.742066559507,0.0,0.0,7562.115782666939
5528.31296,2128.0647892728734,0.0,0.0,7562.1157826669405
5549.752480000001,2030.961937875518,0.0,0.0,7562.11578266694
5498.575120000001,1937.9866285794678,0.0,0.0,7562.115782666938
5327.2620000000015,1831.539919822001,0.0,0.0,7562.115782666939
5061.757120000002,1709.4728366549468,0.0,0.0,7562.115782666938
4782.656080000001,1599.7822573560584,0.0,0.0,7562.11578266694
4511.65408,1508.2834754816618,0.0,0.0,7562.11578266694
4287.971680000001,1422.1520289478992,0.0,0.0,7562.11578266694
4172.126080000001,1356.8725781719047,0.0,0.0,7562.1157826669405
4097.742000000001,1328.1614157233448,0.0,0.0,0.0
3752.299520000001,1283.3860022733395,0.0,0.0,383.4072193469445
3331.87512,1228.8820384169453,0.0,0.0,1299.9890052226822
3358.969680000001,1263.561555315575,0.0,0.0,1216.321671582051
3466.5508000000004,1324.4053013908592,0.0,0.0,865.1274504127321
3581.4977600000016,1390.670464322567,0.0,0.0,436.55795208467634
3755.9166400000004,1438.5121976772505,0.0,0.0,10.114846199669499
3812.008320000001,1447.8142183930722,0.0,0.0,0.0
3653.561920000001,1423.3163121463144,0.0,0.0,0.0
3217.8794400000006,1361.7470574346821,0.0,0.0,445.54614665357656
2938.23696,1321.5971441936304,0.0,0.0,895.6650463347794
3278.9907200000007,1385.7745565346656,0.0,0.0,915.4605841083677
3831.064000000001,1510.9589799043124,0.0,0.0,598.5273172431813
3854.8535200000006,1559.651731828214,0.0,0.0,791.9369544578221
3451.3980000000006,1484.3151599272592,0.0,0.0,1148.2327083835658
3016.6367200000004,1340.1552673571498,0.0,0.0,1426.9946708041143
2658.8351200000006,1173.2433831349265,0.0,0.0,1580.4987259361446
2343.3748800000003,1025.191662239878,0.0,0.0,1763.9974556661655
2054.90392,878.7348358576454,0.0,0.0,1906.533549325854
1754.8784800000003,751.8912323998101,0.0,0.0,2369.06199525089
1452.5444000000002,635.0567909868951,0.0,0.0,2736.619658787742
1168.6644000000003,539.9253639009667,0.0,0.0,3182.2312126203065
965.7898400000004,455.8541169970027,0.0,0.0,3621.07830254569
824.6319200000002,398.19301710564207,0.0,0.0,4206.905511316579
700.49928,351.1655677056787,0.0,0.0,5481.692688221711
555.0812800000001,299.9779232137446,0.0,0.0,6521.628645076906
398.22536000000014,243.7168202971655,0.0,0.0,6979.485233521998
298.32592,216.91381699061827,0.0,0.0,6791.436755294559
215.51192000000006,191.802646762925,0.0,0.0,6450.587582870325
149.42616,191.21081130711366,0.0,0.0,6107.044898967063
115.06728000000003,212.39035737749447,0.0,0.0,5835.549994491622
131.37816000000004,242.20355826101328,0.0,0.0,5645.070378063693
195.32824000000002,275.86573041922264,0.0,0.0,5383.28680493527
260.7936000000001,330.8156116793921,0.0,0.0,5136.10771786895
355.51928000000004,410.6011535585151,0.0,0.0,5001.472976694172
571.9336000000001,479.2183522240941,0.0,0.0,5062.230849606733
834.4192000000002,556.9406332555435,0.0,0.0,5017.773043456206
944.3390400000002,579.1569117795526,0.0,0.0,5237.791351477695
1016.3167200000003,562.6691923054144,0.0,0.0,5109.813524883597
1126.3080000000002,550.2926884372486,0.0,0.0,4689.458482455769
1287.2172000000003,547.5988167073485,0.0,0.0,4068.4066284077153
1447.4082400000002,557.8773659252589,0.0,0.0,3590.422831556262
1559.7119200000002,569.2304026172543,0.0,0.0,3090.9278015275045
1626.6549600000003,581.0967035062723,0.0,0.0,2944.0421148116607
1649.6436,608.3343997510533,0.0,0.0,2792.7750292178507
1718.7787200000005,649.7792081531823,0.0,0.0,2652.766530370671
1822.6073600000002,692.5138096865967,0.0,0.0,2599.337258273871
1973.4924000000005,741.8504377701828,0.0,0.0,2720.2884357838984
2187.50408,796.571748095694,0.0,0.0,3463.5878613793216
2308.760320000001,799.0809263471426,0.0,0.0,4105.576124652812
2308.3805600000005,761.7024356888211,0.0,0.0,4490.576570754598
2414.5592,790.3687002752159,0.0,0.0,4247.330347246132
2447.5456800000006,857.7022282452592,0.0,0.0,3854.8084272906285
2504.3216800000005,947.6571359047548,0.0,0.0,3524.607340079126
2676.4281600000004,1073.8170673705322,0.0,0.0,2979.4336907344677
2904.8218400000005,1168.6444134808887,0.0,0.0,2480.464000251422
3101.25928,1237.2207959081359,0.0,0.0,2097.048249903865
3162.9082400000007,1266.7197117564995,0.0,0.0,1919.4697355522096
3026.3450400000006,1278.736012321387,0.0,0.0,2090.405790954534
3124.0975200000007,1329.563453510043,0.0,0.0,2194.757005277474
3714.1656,1448.457074146798,0.0,0.0,1747.7971244990345
4106.668240000001,1523.496707913889,0.0,0.0,1297.0029495048138
4204.221440000001,1590.7179912285196,0.0,0.0,912.7257976023024
4057.724320000001,1590.9863579955513,0.0,0.0,654.2958827939437
3707.645760000001,1466.8162181484502,0.0,0.0,625.7624575121805
3228.5503200000007,1265.3850207630492,0.0,0.0,927.1138272491308
2707.993360000001,1037.3151054303862,0.0,0.0,1307.9946772272585
2293.8932800000007,879.136875805214,0.0,0.0,1861.8873598508803
2004.8658400000006,866.7195556987162,0.0,0.0,2062.407289859213
2009.4530400000006,1024.7130918454372,0.0,0.0,1882.9308057526503
2512.75912,1360.148081298033,0.0,0.0,1156.3279232968196
3373.6750400000005,1665.3474218003755,0.0,0.0,350.271139446094
4265.994480000001,1879.0836946368618,0.0,0.0,295.9455906560121
5211.747280000001,2035.9231516447505,0.0,0.0,17.805914836405268
6266.743120000001,2220.8247929117238,0.0,0.0,0.0
7504.802080000002,2482.771165653837,0.0,0.0,0.0
8652.827840000002,2742.4828493472846,0.0,0.0,7562.11578266694
9716.712320000002,2954.8140231791986,0.0,0.0,0.0
11005.75688,3220.7552852480385,0.0,0.0,0.0
11934.882960000003,3486.5169558682196,0.0,0.0,0.0
12299.351040000003,3635.3258179843233,0.0,0.0,0.0
12227.813280000002,3662.90739103705,0.0,0.0,0.0
11566.794000000002,3564.921888485769,0.0,0.0,0.0
10251.23768,3365.2978300525087,0.0,0.0,0.0
8912.741600000001,3115.6810225044796,0.0,0.0,0.0
8037.488800000002,2845.6918099990808,0.0,0.0,0.0
7297.321520000001,2549.191430291206,0.0,0.0,0.0
6454.901040000002,2236.518636550308,0.0,0.0,7562.11578266694
5808.545760000001,1973.5477762260653,0.0,0.0,0.0
5012.967360000001,1713.8524190279509,0.0,0.0,0.0
4191.9788800000015,1472.7835521925624,0.0,0.0,38.33568289217799
3529.895520000001,1277.8951978117518,0.0,0.0,1042.0516170230812
3106.1736000000005,1131.524085530016,0.0,0.0,1585.733776517023
2786.3668000000002,1012.4610775041835,0.0,0.0,2089.7755518293916
2582.063440000001,930.0081944500763,0.0,0.0,2541.4590840883025
2456.3365600000006,877.7991235938886,0.0,0.0,3135.454093621043
2300.4394400000006,848.4736767584349,0.0,0.0,4423.355563960835
2106.8934400000003,851.6767310615244,0.0,0.0,5402.710391949593
2332.2264800000007,908.830689191612,0.0,0.0,5387.729193253759
2785.1034400000003,1003.376403257479,0.0,0.0,4610.1729460919205
3116.0248000000006,1159.2658623181949,0.0,0.0,3724.5879555282863
3263.7364000000007,1289.3002752076202,0.0,0.0,3065.155866071463
3307.250880000001,1351.3848349281916,0.0,0.0,2669.8684418040725
3236.42752,1366.1603132043101,0.0,0.0,2553.9089969871284
3100.7404000000006,1350.0756540836985,0.0,0.0,2520.594048409147
3016.7908800000005,1326.9675407521395,0.0,0.0,2497.132546744017
2742.6906400000003,1296.0982197017845,0.0,0.0,2852.2782852336227
2531.1568000000007,1296.4084231131064,0.0,0.0,3329.318206379481
2845.1280800000004,1353.9797272801368,0.0,0.0,3211.185616472567
3224.421840000001,1445.051979463966,0.0,0.0,2898.318793179386
3585.8556000000003,1582.2741319236247,0.0,0.0,2218.56511814967
3940.5251200000007,1752.3370297450645,0.0,0.0,1281.7622159759117
4584.364960000001,1977.5487879885418,0.0,0.0,0.0
5249.821040000001,2209.4595113482283,0.0,0.0,0.0
5889.430880000001,2413.454988906826,0.0,0.0,7562.1157826669405
6361.547760000001,2566.2628219734893,0.0,0.0,0.0
6593.32544,2681.9840004859043,0.0,0.0,0.0
6756.11088,2754.0236407356065,0.0,0.0,0.0
6763.89032,2723.2481970334147,0.0,0.0,0.0
6357.810320000001,2639.7106224456397,0.0,0.0,0.0
6208.256320000002,2576.674023965979,0.0,0.0,0.0
5939.2584000000015,2534.585339404165,0.0,0.0,0.0
6103.82608,2564.674049896423,0.0,0.0,0.0
7106.189440000001,2642.7708199145677,0.0,0.0,0.0
8020.595120000002,2710.5135306738875,0.0,0.0,7562.115782666938
8470.482880000001,2751.6960947447346,0.0,0.0,0.0
8825.795360000002,2768.6491193358556,0.0,0.0,0.0
9015.419680000003,2685.092157034872,0.0,0.0,0.0
8877.156960000002,2537.529210593848,0.0,0.0,0.0
8172.796160000001,2340.5622892759893,0.0,0.0,0.0
7361.207680000002,2173.0514267562457,0.0,0.0,0.0
6740.439200000001,2081.9465215817518,0.0,0.0,0.0
6281.121360000002,2010.740552999977,0.0,0.0,0.0
5600.5012000000015,1880.3183858463995,0.0,0.0,0.0
4690.506,1673.066792874881,0.0,0.0,156.5358305355448
3892.352000000001,1459.0988878858616,0.0,0.0,788.5932025899552
3449.555600000001,1292.1482282372226,0.0,0.0,961.0960107512335
3011.252400000001,1128.5771531224584,0.0,0.0,1218.8691097945941
2651.6535200000003,985.5172581753917,0.0,0.0,1347.3714792341138
2316.3705600000008,854.9226424148623,0.0,0.0,1612.0226867460776
2059.8295200000002,750.0289915259209,0.0,0.0,1844.6761721120024
1783.2965600000005,653.3975676812979,0.0,0.0,2149.8185877106243
1558.5500800000002,577.9518123428056,0.0,0.0,2429.236875102087
1414.9556800000005,516.0611297543104,0.0,0.0,2671.4860931891258
1241.9994400000003,451.3571879387945,0.0,0.0,3525.1726862025857
1020.4828000000002,382.6012140628873,0.0,0.0,4440.049098644867
810.2085600000001,325.2033789087669,0.0,0.0,5212.819728204655
647.3704800000002,270.42492584959115,0.0,0.0,5457.514656913836
526.5128000000001,228.86787279204975,0.0,0.0,5400.959351826936
455.2156800000001,198.01998026681932,0.0,0.0,5217.189350783805
391.52128000000005,171.43330302343082,0.0,0.0,5053.579632014943
330.03776000000005,143.00989505511038,0.0,0.0,4992.508244165732
283.20320000000004,120.39565820736617,0.0,0.0,4960.296149575936
251.25824000000003,104.73140634157238,0.0,0.0,4973.398599219849
224.11104000000006,89.84266300408314,0.0,0.0,5107.4049732923995
208.21752000000006,84.34165448291226,0.0,0.0,5422.579148145421
209.54480000000004,89.97939740249473,0.0,0.0,5684.247328472332
198.25728,96.4355059006302,0.0,0.0,5897.2553159745785
177.50208000000003,98.52835852109422,0.0,0.0,5833.672876564051
153.7652,94.6283669484889,0.0,0.0,5579.143931418734
144.86904000000004,83.00594308350348,0.0,0.0,5266.421029731834
143.86136000000005,70.16515450431326,0.0,0.0,4971.913683094156
150.06536000000003,67.23046696825548,0.0,0.0,4639.669667119184
179.97992000000002,78.64676882966523,0.0,0.0,4569.202349135904
258.03000000000003,110.96608674675772,0.0,0.0,4346.971625738343
409.08424000000014,156.27313170103497,0.0,0.0,4095.780246086675
546.4408000000001,206.67098198124833,0.0,0.0,3875.070110613764
646.1372000000001,250.72496841873874,0.0,0.0,3715.7278214849302
748.73256,302.2554693126601,0.0,0.0,4130.711154577597
849.0456000000001,374.59612932005933,0.0,0.0,4533.881628180306
950.0166400000003,475.6918292322249,0.0,0.0,4769.1817898407535
1399.2990400000003,671.5505896793744,0.0,0.0,4137.210705928748
2128.3404800000003,941.0765378797072,0.0,0.0,2966.8792944065654
2966.6851200000006,1242.6452739824344,0.0,0.0,1594.184771559498
3854.7106400000007,1575.08741275935,0.0,0.0,199.12764298764813
4959.188080000002,1901.3111976264122,0.0,0.0,0.0
6073.509200000002,2187.9432313116104,0.0,0.0,0.0
6876.697840000001,2400.329507065272,0.0,0.0,0.0
7539.984400000001,2576.7311666996425,0.0,0.0,0.0
8014.274560000001,2758.1817950156606,0.0,0.0,0.0
8813.992720000002,2938.147732662358,0.0,0.0,0.0
9502.963840000002,3027.4067234582963,0.0,0.0,0.0
10040.737840000003,3062.3556275299156,0.0,0.0,0.0
10035.650560000002,3053.2617696295865,0.0,0.0,0.0
9580.043840000002,3001.5026978010073,0.0,0.0,0.0
9318.317760000002,2957.3721809166445,0.0,0.0,0.0
9068.285280000002,2850.441799734946,0.0,0.0,0.0
8266.130640000001,2590.736238477248,0.0,0.0,0.0
7353.815520000003,2279.154258705768,0.0,0.0,7562.11578266694
5973.944400000001,2006.102807919524,0.0,0.0,0.0
5179.031520000001,1824.4338127284313,0.0,0.0,0.0
4487.75928,1622.7199628925825,0.0,0.0,0.0
3926.192000000001,1463.776428798688,0.0,0.0,542.7048156589476
3465.885280000001,1275.296223835973,0.0,0.0,1961.3859903960665
3233.0096800000006,1123.1016547502452,0.0,0.0,2877.728994222513
3145.958160000001,1050.8548720910092,0.0,0.0,3057.9594375812376
3124.8344800000004,1040.8375467984224,0.0,0.0,2837.4633595936452
3087.591680000001,1005.6641534159774,0.0,0.0,2636.804928072634
2921.9260800000006,913.0582310768302,0.0,0.0,2664.7371499457035
2562.5640800000006,786.8585037786794,0.0,0.0,3019.0363915773287
2116.38368,667.3516191609887,0.0,0.0,3431.8695428005385
1639.9503200000004,573.6599848822149,0.0,0.0,3903.734826424537
1213.0023200000003,528.8855918381679,0.0,0.0,4397.525072299421
947.2944000000002,537.8947560439586,0.0,0.0,4886.762755212034
945.1925600000003,596.5058538824921,0.0,0.0,5007.201547504504
1037.5193600000002,665.9567242159986,0.0,0.0,5070.922040434524
1120.6454400000002,720.8290546233376,0.0,0.0,4768.286408683854
1161.94152,742.8902314416857,0.0,0.0,4331.008436223392
1171.4505600000005,740.3341145161556,0.0,0.0,3876.198480559616
1171.8829600000004,736.8514689804933,0.0,0.0,3541.0537876272747
1191.79968,710.4800973943051,0.0,0.0,3208.303501622165
1191.4650400000005,651.4496127069118,0.0,0.0,3203.9482069652668
1139.2837600000003,564.656943112174,0.0,0.0,3254.4708429269285
1088.4636,484.1071171702877,0.0,0.0,3372.89992886588
1020.31736,417.6501179184202,0.0,0.0,3589.8340937025287
938.6163200000002,372.16756313931614,0.0,0.0,4036.8061738446236
850.2788800000002,341.7359962450702,0.0,0.0,5102.827659894182
661.0230400000003,298.9758845626984,0.0,0.0,6037.494335284482
445.93976000000004,245.61477537959505,0.0,0.0,6685.658725970884
372.7776800000001,218.20667133977864,0.0,0.0,6712.090674415994
335.69656000000003,233.17704715393154,0.0,0.0,6416.499602074492
366.79176000000007,267.29534077549897,0.0,0.0,6072.973590695221
490.7589600000001,326.84929371949755,0.0,0.0,5691.714652731729
708.5419200000001,418.36746330710184,0.0,0.0,5258.628795734495
1048.9309600000001,545.9008611927449,0.0,0.0,4638.346976575027
1527.8196000000005,663.654688374084,0.0,0.0,3888.188224019771
1895.2430400000005,708.2852041780116,0.0,0.0,3495.5217277250586
1866.5279200000002,683.629135007718,0.0,0.0,3777.4836364198813
1927.9212000000005,676.5658849643966,0.0,0.0,3881.5771740831874
2254.5975200000003,710.2954039158536,0.0,0.0,3734.4060057880365
2520.3919200000005,791.1901270716437,0.0,0.0,3285.3217978133193
2797.9288,918.0378121533123,0.0,0.0,2550.2983229960196
3156.426000000001,1017.1090266442195,0.0,0.0,1661.3460361192892
3369.324720000001,1090.4853986992887,0.0,0.0,1023.5026777822437
3402.5819200000005,1134.6873440007319,0.0,0.0,598.4676119575804
3330.5102400000005,1103.592513233594,0.0,0.0,523.7810124191914
3111.9376800000005,1026.8375770506084,0.0,0.0,716.2465702662702
2648.7884000000004,939.2653173037328,0.0,0.0,1240.5512259737438
2181.9919200000004,831.6665702193501,0.0,0.0,1904.9206021595105
1927.7971200000004,722.7780300036819,0.0,0.0,2589.6409147642444
1783.7853600000003,645.0190143577339,0.0,0.0,3773.366626693114
1658.2652800000003,626.1884428033492,0.0,0.0,4617.051804782872
1693.6243200000006,746.4330809288875,0.0,0.0,4799.361966129018
2221.60728,1031.6640972333462,0.0,0.0,3897.9771244383114
3098.465600000001,1374.628662252204,0.0,0.0,2369.07542094584
3804.067200000001,1711.3738529552513,0.0,0.0,1035.712357902791
4487.262960000001,2021.875222816897,0.0,0.0,0.0
5266.62448,2232.87170565536,0.0,0.0,0.0
5816.8328,2397.3346155776744,0.0,0.0,0.0
6093.346960000002,2533.692484190656,0.0,0.0,0.0
6483.988400000001,2682.545223762967,0.0,0.0,0.0
7289.553360000002,2872.3805278382983,0.0,0.0,0.0
8690.811360000003,3108.331038386877,0.0,0.0,7562.1157826669405
10069.678560000002,3283.7184144987027,0.0,0.0,7562.11578266694
11142.075680000004,3370.126391047163,0.0,0.0,7562.115782666939
11636.760080000002,3443.61194653977,0.0,0.0,7562.115782666939
11656.10152,3521.1117790723106,0.0,0.0,7562.11578266694
11387.24272,3531.538287154174,0.0,0.0,7562.1157826669405
10701.539040000001,3327.84587016519,0.0,0.0,7562.11578266694
9486.777040000003,3029.73324904321,0.0,0.0,7562.115782666941
8430.277200000002,2875.1039913409886,0.0,0.0,7562.115782666941
8304.129200000001,2755.5073109989676,0.0,0.0,7562.1157826669405
8116.813520000001,2536.560845339425,0.0,0.0,7562.11578266694
7362.760560000001,2406.9335744273594,0.0,0.0,7562.11578266694
6913.169840000001,2321.1031476512944,0.0,0.0,0.0
6193.848000000001,2173.0697940634955,0.0,0.0,0.0
5938.660560000001,2057.3669828583297,0.0,0.0,0.0
6217.231440000001,1979.1773558979812,0.0,0.0,0.0
6261.065520000002,1971.8671676127524,0.0,0.0,0.0
5784.305040000002,1881.6347095326005,0.0,0.0,0.0
5059.580080000001,1700.6412230858996,0.0,0.0,0.0
4569.178320000001,1569.5772205845544,0.0,0.0,0.0
4236.4484,1427.5295683481165,0.0,0.0,0.0
4023.294000000001,1329.5797800053756,0.0,0.0,0.0
3775.2355200000006,1235.318759201873,0.0,0.0,426.9945322039602
3308.25104,1166.5658465438407,0.0,0.0,1168.332711599636
2977.27328,1113.6802465373032,0.0,0.0,1716.0368777412014
2599.9384800000003,1024.7375815884366,0.0,0.0,2409.221954543583
2158.47312,917.0337326903494,0.0,0.0,2886.6832362959253
1818.9564000000005,866.8420044137117,0.0,0.0,2953.8593991033304
1806.4468800000004,941.2581701402839,0.0,0.0,2480.647275853016
2538.7369600000006,1283.604369148415,0.0,0.0,1100.398960111363
3716.692320000001,1703.8871344392373,0.0,0.0,0.0
4331.644080000001,1970.7539047122523,0.0,0.0,0.0
4841.30832,2155.507587115272,0.0,0.0,0.0
5445.630560000001,2261.8257247219935,0.0,0.0,0.0
6355.264800000002,2310.0143961024974,0.0,0.0,7562.11578266694
7531.757520000002,2468.900787462727,0.0,0.0,7562.115782666939
8146.983760000002,2750.77058654056,0.0,0.0,0.0
8971.630720000001,3049.246472183694,0.0,0.0,0.0
10401.051120000004,3318.9948688829354,0.0,0.0,7562.115782666939
11809.509520000001,3593.973866524399,0.0,0.0,0.0
12866.04696,3822.358066892217,0.0,0.0,0.0
13707.816960000004,4031.9443486963155,0.0,0.0,7562.115782666941
14378.198640000002,4206.236829214889,0.0,0.0,7562.1157826669405
14841.829200000004,4323.672289737241,0.0,0.0,7562.115782666939
15199.183360000003,4415.3016835743,0.0,0.0,0.0
15518.253200000003,4476.7352242934785,0.0,0.0,0.0
15601.39808,4474.41788236219,0.0,0.0,7562.115782666939
15259.162880000002,4399.416003615555,0.0,0.0,0.0
14711.985120000001,4265.775476069513,0.0,0.0,0.0
14006.368480000003,4073.1973207782844,0.0,0.0,0.0
12605.196960000003,3693.3777333577113,0.0,0.0,0.0
10800.479680000002,3343.97338633605,0.0,0.0,0.0
9823.70312,3160.1135795524974,0.0,0.0,0.0
9030.376960000001,3097.884122185848,0.0,0.0,7562.1157826669405
8357.904720000002,2961.7303347645247,0.0,0.0,7562.11578266694
7743.720000000001,2809.2051541483092,0.0,0.0,7562.115782666941
7546.421520000001,2816.9918720160613,0.0,0.0,7562.1157826669405
6953.0559200000025,2833.881631437768,0.0,0.0,7562.11578266694
6809.055440000003,2782.343987702139,0.0,0.0,7562.11578266694
7507.381440000002,2613.8790456113898,0.0,0.0,7562.11578266694
8207.850640000002,2712.9900559346706,0.0,0.0,0.0
8505.093680000002,2916.853901124648,0.0,0.0,0.0
8533.662160000002,2986.1425269107854,0.0,0.0,0.0
8279.8208,2935.2967184148806,0.0,0.0,0.0
7839.701520000002,2863.097894835684,0.0,0.0,0.0
7198.677920000001,2657.369767959901,0.0,0.0,0.0
6409.5930400000025,2433.65086363341,0.0,0.0,0.0
5533.783760000001,2281.3236417731036,0.0,0.0,0.0
5249.990240000002,2048.973123445392,0.0,0.0,0.0
5125.0642400000015,1926.1274705321578,0.0,0.0,0.0
5114.141440000001,1964.4212653350703,0.0,0.0,0.0
5273.118,2126.3800990357277,0.0,0.0,0.0
5771.652640000001,2411.6437683308513,0.0,0.0,7562.115782666939
6316.50672,2648.2177469199487,0.0,0.0,7562.115782666939
6511.3837600000015,2785.5031645490217,0.0,0.0,7562.11578266694
6669.006720000001,2884.2356042617744,0.0,0.0,7562.115782666941
6953.503360000001,2968.152769866037,0.0,0.0,0.0
7220.083600000001,3032.372018851362,0.0,0.0,0.0
7679.773680000001,3083.5963979577946,0.0,0.0,0.0
8167.682560000001,3146.4085071266304,0.0,0.0,0.0
8534.936800000001,3225.0216025596724,0.0,0.0,0.0
8578.654320000001,3337.9458483403987,0.0,0.0,0.0
8313.942800000003,3435.1946177897908,0.0,0.0,0.0
8318.808240000002,3531.0219617392763,0.0,0.0,0.0
9168.207280000002,3636.195203860791,0.0,0.0,0.0
10450.149200000003,3792.268335994,0.0,0.0,0.0
12457.556800000002,3957.427162779872,0.0,0.0,7562.1157826669405
13810.393520000005,4064.8779510003014,0.0,0.0,0.0
14597.312640000002,4175.041998663839,0.0,0.0,0.0
15014.420720000004,4264.781600666133,0.0,0.0,0.0
15294.495600000002,4286.298901108711,0.0,0.0,0.0
15427.114560000002,4249.514286718118,0.0,0.0,0.0
15466.068159999999,4176.145057504757,0.0,0.0,0.0
15319.364240000003,4042.6892234371667,0.0,0.0,0.0
14670.903360000002,3849.122294772349,0.0,0.0,0.0
13306.519680000003,3652.134965335324,0.0,0.0,0.0
11796.127680000001,3471.638416590313,0.0,0.0,0.0
10425.494880000002,3289.3755451314923,0.0,0.0,0.0
9169.936880000003,3119.3973410045915,0.0,0.0,0.0
8101.773520000002,2954.823206832823,0.0,0.0,0.0
7319.430320000001,2818.2765631175557,0.0,0.0,7562.115782666939
6771.353920000001,2712.7288320093467,0.0,0.0,7562.115782666939
6301.880320000001,2619.082095592738,0.0,0.0,7562.11578266694
5973.613520000002,2522.9078136174317,0.0,0.0,7562.115782666941
5736.425200000001,2437.2967741223997,0.0,0.0,7562.115782666939
5566.85296,2393.857072071803,0.0,0.0,7562.115782666939
5455.342640000002,2376.015273891007,0.0,0.0,7562.11578266694
5606.8744,2417.647836989462,0.0,0.0,7562.115782666939
5705.401440000001,2483.688510610345,0.0,0.0,0.0
5779.81936,2540.743489362478,0.0,0.0,0.0
7159.837120000002,2643.819797239695,0.0,0.0,7562.11578266694
7856.956160000002,2684.7370557613854,0.0,0.0,0.0
8092.422400000001,2659.4330288075744,0.0,0.0,0.0
8185.343280000001,2607.304570022092,0.0,0.0,0.0
8212.896560000001,2560.5342629236193,0.0,0.0,0.0
8215.840640000002,2572.137299075396,0.0,0.0,0.0
8128.665040000001,2626.907588886906,0.0,0.0,7562.11578266694
7911.671680000002,2661.2371065418406,0.0,0.0,7562.115782666939
7180.9532800000015,2615.84230667515,0.0,0.0,7562.1157826669405
6245.352480000002,2567.9169000318866,0.0,0.0,707.0970754570142
5959.769200000001,2576.5934118952728,0.0,0.0,0.0
6112.703440000002,2590.6086877324615,0.0,0.0,7562.1157826669405
6234.418400000001,2572.090360401315,0.0,0.0,7562.11578266694
6230.978000000002,2507.337439099801,0.0,0.0,7562.11578266694
6081.2172,2435.916164860826,0.0,0.0,7562.1157826669405
5787.463440000001,2346.954112198752,0.0,0.0,7562.11578266694
5568.4133600000005,2246.738002222637,0.0,0.0,7562.11578266694
5372.393280000002,2154.5188137416835,0.0,0.0,0.0
5135.118480000001,2066.3628817866625,0.0,0.0,0.0
4976.051680000001,2017.910945668919,0.0,0.0,0.0
4935.898640000001,1979.051845965111,0.0,0.0,0.0
4803.054080000001,1897.8458989920407,0.0,0.0,0.0
4535.8985600000005,1789.0828687092428,0.0,0.0,4.352600915183282
4092.6396800000007,1699.1453079510381,0.0,0.0,1045.471528793836
4069.154720000001,1592.2026818978397,0.0,0.0,1278.693970789523
3912.5883200000003,1473.1549799613815,0.0,0.0,1370.6306549417482
3573.8010400000003,1366.1592927983518,0.0,0.0,1461.1785589709266
3117.205440000001,1260.2350318915321,0.0,0.0,1685.0042326978173
2782.941440000001,1173.2393015110931,0.0,0.0,1920.0309079177673
2635.13208,1136.66387034195,0.0,0.0,1971.9673577154451
2638.275440000001,1148.477110121137,0.0,0.0,1789.7685868832948
2720.954080000001,1182.9954028783561,0.0,0.0,1645.4681885569787
2773.3271200000004,1194.004562762406,0.0,0.0,1786.5830199434963
2628.17232,1178.408678095818,0.0,0.0,2004.5208593163295
2743.38248,1210.4933026425026,0.0,0.0,1856.3517642450863
2954.559120000001,1244.7789428412304,0.0,0.0,1862.9916804453333
2893.256080000001,1200.190263681593,0.0,0.0,1978.234832926945
2637.89944,1087.0303041245002,0.0,0.0,1990.1035507435613
2341.0474400000007,968.261173014657,0.0,0.0,1957.76632454153
2121.61384,902.0429487570307,0.0,0.0,1949.0674793077585
1977.3727200000005,872.6817877130366,0.0,0.0,1833.0121285922928
1897.73592,866.62159672672,0.0,0.0,1878.34671490189
1859.6696800000002,886.4460436844844,0.0,0.0,1860.2572230944365
1871.2392000000007,902.9807018327042,0.0,0.0,1868.5739905277048
1831.1801600000003,866.880779840127,0.0,0.0,2175.9451803189586
1733.9616000000005,803.5656105338512,0.0,0.0,2811.212774755778
1613.9687200000005,749.8310327700116,0.0,0.0,4124.592512610485
1346.4898400000002,671.2495699216772,0.0,0.0,4927.715086308382
1250.6023200000004,641.5924911497777,0.0,0.0,5125.51409703337
1519.7656800000004,665.546521020764,0.0,0.0,4610.202368055026
1755.0213600000006,698.0035937422264,0.0,0.0,3963.037213790727
1960.6369600000007,731.8371941014292,0.0,0.0,3347.176390039704
2230.7328000000007,768.5411964213174,0.0,0.0,2898.760852318667
2435.5099200000004,771.1554764864703,0.0,0.0,2559.577938418403
2598.2577600000004,765.8412022556676,0.0,0.0,2252.7946187091843
2808.851600000001,777.7881152153909,0.0,0.0,2007.219548671634
2832.528320000001,762.8697801051112,0.0,0.0,2201.9319399914502
2536.0936800000004,733.7361695898172,0.0,0.0,2552.1970120901224
2525.7574400000003,759.2065227148305,0.0,0.0,2536.8405604503714
2747.8155200000006,807.0268275443894,0.0,0.0,2490.2796094276378
2782.16312,815.2870137767914,0.0,0.0,2477.2516742572607
2712.0128000000004,786.7095245087684,0.0,0.0,2209.9001647015903
2784.7612800000006,756.8524461690428,0.0,0.0,1714.2158707670328
2837.3260800000003,713.229071045953,0.0,0.0,1413.2247698864408
2763.51728,667.7332509893911,0.0,0.0,1274.2861587892146
2589.523280000001,631.7945531382246,0.0,0.0,1433.901609400465
2404.1176800000003,610.3803136974358,0.0,0.0,1608.9961590566888
2160.2779200000004,587.1181190661739,0.0,0.0,1920.7214110248472
1922.5218400000003,564.7855142629192,0.0,0.0,2381.198381954613
1793.7794400000002,568.9304032655153,0.0,0.0,2974.5911856988487
1664.2512000000002,572.0885597064399,0.0,0.0,4227.685314184539
1499.0104800000004,561.1753179824699,0.0,0.0,4843.444295350658
1399.4720000000002,581.9456812635742,0.0,0.0,4981.428564532668
1895.3295200000005,673.06181090361,0.0,0.0,4184.1589688436525
2441.5184000000004,788.4360513902042,0.0,0.0,3149.337360877034
2845.1468800000007,888.589916602863,0.0,0.0,2298.5153019565364
3153.4894400000003,984.0784857741951,0.0,0.0,1759.629368390473
3311.6124800000002,1042.6722367114378,0.0,0.0,1416.1594236142366
3308.6571200000003,1042.6324408790642,0.0,0.0,1284.4798560762695
3124.8382400000005,979.8152296804366,0.0,0.0,1500.9584579737157
2833.8029600000004,890.7348099272003,0.0,0.0,2091.3665331276834
2391.3600000000006,787.4758493834483,0.0,0.0,2660.649975479122
2086.55184,722.5514998809405,0.0,0.0,3012.555271149727
1963.3291200000006,696.8464533855193,0.0,0.0,3352.7696757901413
1744.91072,667.2505989711173,0.0,0.0,3573.568599982039
1478.2628000000002,633.2976111147938,0.0,0.0,3472.0190022503307
1359.9957600000002,612.4680642881083,0.0,0.0,3133.2399249105247
1372.0277600000002,602.1354335544085,0.0,0.0,2812.847450054372
1436.8050400000004,605.4242019579947,0.0,0.0,2486.4154659106175
1540.7427200000002,630.5516986810206,0.0,0.0,2284.048621893517
1651.486,668.624065390983,0.0,0.0,2116.4017198669935
1753.00224,710.6596888429651,0.0,0.0,2040.5809421517001
1713.0936000000004,714.4709050971985,0.0,0.0,2307.137640218787
1566.8596800000005,674.2965021131475,0.0,0.0,2989.1094311944007
1379.69816,629.2394566186528,0.0,0.0,4320.469819064233
1121.7772,580.1558892127239,0.0,0.0,5092.683563224801
1043.5128000000002,550.2028927129186,0.0,0.0,5314.121354061114
1027.37112,519.9631621388323,0.0,0.0,5142.142719050501
871.3236000000002,455.54187277376417,0.0,0.0,4959.475404648776
672.7392000000001,387.0910002793874,0.0,0.0,4804.735001534999
512.63088,336.63294604763456,0.0,0.0,4731.886763272498
396.6085600000001,309.82994274108734,0.0,0.0,4630.962319318214
368.8033600000001,318.859515066044,0.0,0.0,4453.313755409782
470.58656,346.35129239444063,0.0,0.0,4310.95974462612
724.4805600000001,402.281783780532,0.0,0.0,4214.384875481591
1031.87184,450.6775975705697,0.0,0.0,3889.1095947485096
1371.4524800000004,523.4437668625782,0.0,0.0,3481.4399432040095
1841.5464800000004,633.9129159076459,0.0,0.0,3105.3707053413837
2403.13256,783.3411644404349,0.0,0.0,2435.6956992924734
2992.7945600000007,949.5459073335596,0.0,0.0,1371.7035579450128
3438.621520000001,1076.4568575846424,0.0,0.0,402.72357474983784
3942.3186400000004,1244.5656779959468,0.0,0.0,0.0
4445.3352,1451.8295158389647,0.0,0.0,0.0
4867.808800000001,1685.067787350394,0.0,0.0,0.0
5181.97936,1885.9622512017318,0.0,0.0,0.0
5324.389360000002,2004.3487300772138,0.0,0.0,7562.115782666939
5580.467920000001,2091.3883379138597,0.0,0.0,7562.11578266694
6140.941040000001,2165.9269523554276,0.0,0.0,7562.11578266694
6188.3208,2171.345307993976,0.0,0.0,0.0
6138.17744,2115.9505297359897,0.0,0.0,0.0
6248.822960000001,2140.965781803603,0.0,0.0,0.0
6712.085040000002,2260.3236871513827,0.0,0.0,6459.434161266985
6953.943280000002,2341.6663685228646,0.0,0.0,7562.115782666941
7208.484000000001,2418.7223244635475,0.0,0.0,7562.11578266694
7572.0872800000025,2466.324262418031,0.0,0.0,7562.11578266694
7944.52656,2517.1904790331023,0.0,0.0,7562.115782666939
8210.884960000003,2509.270087984813,0.0,0.0,7562.11578266694
8271.217920000001,2510.4466160547277,0.0,0.0,7562.11578266694
7857.956320000001,2479.7426007696167,0.0,0.0,7562.11578266694
6984.470720000002,2390.0009579554053,0.0,0.0,0.0
6487.88,2349.741861276815,0.0,0.0,0.0
6483.003280000003,2324.1113044163494,0.0,0.0,7562.11578266694
6198.491600000002,2252.604316076878,0.0,0.0,7562.11578266694
5921.721760000001,2187.9269048162773,0.0,0.0,7562.115782666939
5795.370720000001,2179.721820505624,0.0,0.0,7562.1157826669405
5748.250400000002,2169.490209961795,0.0,0.0,7562.115782666939
5422.374960000001,2109.1944218861154,0.0,0.0,7562.115782666939
5247.568800000001,2046.4251697675277,0.0,0.0,7562.11578266694
5243.436560000001,2048.3302676916655,0.0,0.0,7562.115782666938
5490.795680000001,2097.2342436489344,0.0,0.0,7562.1157826669405
5867.0852,2135.249467625232,0.0,0.0,7562.1157826669405
6045.200160000001,2133.2474311350566,0.0,0.0,7562.1157826669405
5960.05496,2070.5383829680077,0.0,0.0,0.0
5972.316320000001,2027.8272507716345,0.0,0.0,0.0
5602.715840000001,1932.707048151247,0.0,0.0,0.0
4803.072880000001,1766.0216940517653,0.0,0.0,0.0
3896.762480000001,1566.1802891493885,0.0,0.0,7562.115782666941
3098.4881600000003,1345.7185206417769,0.0,0.0,219.02894662478474
2360.9566400000003,1108.3067887609188,0.0,0.0,1003.3706667972461
1740.8687200000004,893.1878658509426,0.0,0.0,1692.0841899477143
1211.0696800000003,700.316854049682,0.0,0.0,2357.056665720668
808.8775200000002,532.4978289305338,0.0,0.0,3029.6425720743578
564.67304,408.96646321332577,0.0,0.0,3698.54312346504
409.4828000000001,322.6595068547364,0.0,0.0,4092.5791890020087
321.3032800000001,269.98717169348237,0.0,0.0,4305.766270686963
248.17128000000002,222.69441674436217,0.0,0.0,4658.583967550424
196.12160000000006,189.60265151684,0.0,0.0,4839.055994956143
215.87664,187.42000317204597,0.0,0.0,4483.0132570453125
318.91192,216.86789872249497,0.0,0.0,3982.5310926825023
538.9283200000001,276.87491191197677,0.0,0.0,3492.0555618672242
857.2875200000002,367.0849210610464,0.0,0.0,2827.8314187411015
1231.3097600000003,470.4653099138356,0.0,0.0,2329.726833831039
1620.5073600000003,584.5201654963537,0.0,0.0,1791.5879642068
1944.1230400000004,679.833224842859,0.0,0.0,1411.1725128085004
2133.5969600000003,743.567780997994,0.0,0.0,1370.2239316572538
2230.6425600000002,786.1472808257475,0.0,0.0,1722.9680621841806
2164.4966400000003,800.2696992885568,0.0,0.0,2861.038766553964
1995.66136,777.5758707760656,0.0,0.0,3581.4149173029177
2050.4596,778.0626044181726,0.0,0.0,3705.713626836224
2127.8028000000004,810.3849835531398,0.0,0.0,3430.4409434365944
2079.6447200000002,861.659362551529,0.0,0.0,3080.0705055778812
2095.357760000001,930.7847233843393,0.0,0.0,2662.3051811269006
2155.1079200000004,993.3937717674745,0.0,0.0,2396.1652030544033
2254.548640000001,1017.1855570910917,0.0,0.0,2128.7448164785756
2382.136720000001,1008.2988416002964,0.0,0.0,1862.3338728707456
2497.5160800000003,988.4550069293244,0.0,0.0,1753.6272625904026
2480.0659200000005,947.3795854840984,0.0,0.0,2041.4379840904526
2297.438960000001,893.8327624165853,0.0,0.0,2297.177900300125
2161.266800000001,867.0715957543282,0.0,0.0,2419.5679762268005
2254.4358400000006,864.2746630226403,0.0,0.0,2507.044029167216
2297.5216800000003,852.64917793978,0.0,0.0,2491.104094344393
2217.3584800000003,831.0767755754555,0.0,0.0,2207.8162542999157
2035.0849600000004,798.5146010402887,0.0,0.0,1952.4978961230217
1785.4924000000003,750.9238875513462,0.0,0.0,1968.8356132346682
1531.06824,676.4138444766107,0.0,0.0,2039.846171304534
1277.4449600000003,587.0579151146345,0.0,0.0,2345.853255765302
1048.1714400000003,512.7499124196416,0.0,0.0,2610.9538535947795
895.3688000000002,478.168354493008,0.0,0.0,2829.0862438958748
869.3232800000002,464.782669132088,0.0,0.0,3082.3745800508186
862.1717600000001,441.77557599040006,0.0,0.0,3606.5118853088948
826.3126400000002,411.45931496944155,0.0,0.0,4765.274553197996
793.7924,389.5858928474198,0.0,0.0,5302.531102488038
746.1569600000001,395.8399609658128,0.0,0.0,5493.98652479667
744.9951200000002,431.5378430108216,0.0,0.0,5332.817455684952
833.52808,499.60810408275415,0.0,0.0,4817.1130580655745
967.4216800000002,567.9548951693849,0.0,0.0,4240.495024911375
1060.3425600000003,601.2333946872752,0.0,0.0,3928.744515611273
1094.9533600000002,592.650760172052,0.0,0.0,3723.9388753554063
1076.3902400000004,552.4324797317942,0.0,0.0,3592.6051898722903
968.98584,486.65200963027655,0.0,0.0,3732.3693627456546
795.5934400000002,423.76949245031807,0.0,0.0,4170.536429130811
596.0540000000001,394.61853503373305,0.0,0.0,4404.079543259625
557.9802400000001,432.73477919990216,0.0,0.0,4375.375395700823
769.0816800000001,539.5876095287707,0.0,0.0,4235.486452075287
1220.6952800000004,693.5321748329754,0.0,0.0,3698.407795856587
1801.6453600000004,841.7543035230592,0.0,0.0,2580.8203145792145
2428.5088000000005,980.1733921717982,0.0,0.0,1344.8887211101196
2909.8527200000008,1079.7099117796886,0.0,0.0,456.3070785757885
3197.109200000001,1133.0383679721265,0.0,0.0,0.0
3236.97272,1144.5822205783231,0.0,0.0,0.0
3079.8460800000003,1127.677155067242,0.0,0.0,0.0
2867.0601600000005,1137.1689712913064,0.0,0.0,0.0
2724.5336000000007,1165.0178907051065,0.0,0.0,256.5525339749492
2577.201760000001,1194.8310915886254,0.0,0.0,854.0146473777353
2326.2104800000006,1183.3341776565103,0.0,0.0,2134.057298635616
2109.5028800000005,1186.2311101721111,0.0,0.0,2800.8785955371864
2056.4267200000004,1195.3994577073959,0.0,0.0,2955.9167655461156
2127.5132800000006,1223.614702860224,0.0,0.0,2693.1194484580606
2497.0310400000008,1307.8798268962641,0.0,0.0,1911.7909160196914
3192.8152800000007,1439.6611747862914,0.0,0.0,774.0518410060412
3956.6442400000014,1557.5619404256247,0.0,0.0,0.0
4664.625920000001,1686.6055391295454,0.0,0.0,0.0
5425.5408800000005,1919.935647177221,0.0,0.0,0.0
6420.594800000002,2263.802251063212,0.0,0.0,7562.1157826669405
7708.721920000002,2549.5148989799864,0.0,0.0,7562.11578266694
9073.425200000001,2868.104006467082,0.0,0.0,0.0
10210.716160000002,3449.294587321517,0.0,0.0,0.0
11225.137840000001,3845.3233233896144,0.0,0.0,7562.1157826669405
12108.410720000003,4009.8474576694266,0.0,0.0,7562.11578266694
13342.153200000002,4034.666791793048,0.0,0.0,7562.115782666939
13725.037760000003,4027.061706185871,0.0,0.0,7562.11578266694
13457.449840000001,4033.470876009926,0.0,0.0,7562.1157826669405
13593.407680000004,4081.6575065785128,0.0,0.0,7562.115782666938
13323.488560000003,4113.765600462238,0.0,0.0,7562.115782666939
12885.298160000002,4056.418785606032,0.0,0.0,7562.1157826669405
12899.29288,3969.054688674649,0.0,0.0,7562.11578266694
11633.56408,3716.202173832864,0.0,0.0,7562.115782666939
9277.706000000004,3260.922545390382,0.0,0.0,0.0
8374.30584,3079.7566103367285,0.0,0.0,0.0
8220.476720000002,3039.458738231724,0.0,0.0,7562.115782666939
9768.961280000003,3183.2380193793892,0.0,0.0,7562.1157826669405
10969.49168,3343.9427741573018,0.0,0.0,7562.11578266694
11488.85296,3411.871198801031,0.0,0.0,7562.115782666941
11749.988720000001,3474.746573139281,0.0,0.0,7562.115782666941
11920.000880000003,3505.678138953092,0.0,0.0,7562.11578266694
11826.234000000002,3475.387388081091,0.0,0.0,7562.11578266694
11173.437840000002,3300.2142972205074,0.0,0.0,7562.11578266694
9830.034960000003,3034.040382593175,0.0,0.0,0.0
8365.582640000002,2750.900178097264,0.0,0.0,0.0
7280.792560000001,2483.681367768637,0.0,0.0,0.0
6146.757760000001,2141.5014949317087,0.0,0.0,0.0
4704.346560000001,1830.9001252861497,0.0,0.0,0.0
3951.4441600000005,1797.074688174613,0.0,0.0,0.0
3961.1111200000005,1859.3367985319278,0.0,0.0,0.0
4628.120080000001,2169.099394479768,0.0,0.0,7562.11578266694
6306.869840000001,2621.2606623137,0.0,0.0,7562.1157826669405
7952.832400000001,3023.293467040407,0.0,0.0,7562.11578266694
9898.316560000001,3445.652758456361,0.0,0.0,7562.11578266694
11638.380640000001,3801.258112486583,0.0,0.0,7562.1157826669405
12226.681520000004,4046.4830927901094,0.0,0.0,7562.11578266694
12497.499280000002,4176.973627142893,0.0,0.0,7562.11578266694
12640.567280000003,4217.981701794872,0.0,0.0,0.0
12679.009520000003,4200.776636932051,0.0,0.0,0.0
13132.213600000005,4162.014475794281,0.0,0.0,7562.115782666941
13997.524960000002,4129.070669430711,0.0,0.0,7562.1157826669405
14213.251200000002,4044.4157503186025,0.0,0.0,0.0
14099.552560000002,3956.3608385534526,0.0,0.0,0.0
13784.351760000001,3870.300820436771,0.0,0.0,0.0
13474.734560000003,3774.701027015985,0.0,0.0,0.0
13203.63856,3649.3696651883442,0.0,0.0,7562.1157826669405
12855.755840000002,3501.5332499504957,0.0,0.0,7562.11578266694
12394.558000000003,3368.523333286681,0.0,0.0,7562.1157826669405
11842.736640000003,3244.5317644822817,0.0,0.0,7562.11578266694
10910.557440000002,3064.769908027243,0.0,0.0,7562.11578266694
9506.59224,2861.250960051169,0.0,0.0,0.0
8265.49896,2636.2963441091824,0.0,0.0,7562.1157826669405
7397.878960000002,2393.943806578259,0.0,0.0,7562.1157826669405
6559.267360000002,2178.697332923495,0.0,0.0,7562.115782666939
5829.872480000001,2022.6946088014083,0.0,0.0,7562.1157826669405
5381.672960000002,1957.8039326955245,0.0,0.0,7562.115782666941
4972.47216,1952.5406787626364,0.0,0.0,7562.115782666939
4697.097280000001,1982.7946950201388,0.0,0.0,7562.115782666939
4497.305920000001,2018.61706659206,0.0,0.0,0.0
4463.435840000001,2103.00157812522,0.0,0.0,0.0
4596.0924,2203.908502935101,0.0,0.0,0.0
5081.99344,2320.066415197666,0.0,0.0,0.0
5682.585760000002,2410.9876472996675,0.0,0.0,0.0
6145.449280000001,2479.2497446917596,0.0,0.0,0.0
6855.732080000002,2619.2963808439804,0.0,0.0,0.0
7654.040240000002,2799.278644986011,0.0,0.0,0.0
8569.186640000002,2955.472185022298,0.0,0.0,0.0
9348.33384,3135.6901629406957,0.0,0.0,7562.115782666941
9891.168800000001,3202.0532848443995,0.0,0.0,7562.1157826669405
9865.363920000003,3182.5727146945806,0.0,0.0,7562.1157826669405
9929.682480000003,3097.539224971944,0.0,0.0,7562.11578266694
9834.122080000005,3054.3882978075444,0.0,0.0,0.0
9454.760640000002,3052.5780976375295,0.0,0.0,0.0
8992.686720000003,3014.293486488241,0.0,0.0,0.0
8631.264240000002,2991.1006794621435,0.0,0.0,0.0
8242.46896,2894.2172153458214,0.0,0.0,0.0
7864.073840000001,2851.1917981142924,0.0,0.0,0.0
7645.162880000001,2784.2307183190273,0.0,0.0,0.0
7335.143360000003,2635.6830801282467,0.0,0.0,0.0
6952.021920000001,2529.666982685181,0.0,0.0,0.0
6426.129520000002,2400.808077459712,0.0,0.0,7562.115782666939
5922.120320000002,2310.9021492862144,0.0,0.0,7562.11578266694
5619.022960000001,2272.6797829003826,0.0,0.0,7562.115782666939
5378.446880000001,2235.3176187373942,0.0,0.0,7562.115782666938
5230.408160000001,2176.236113752086,0.0,0.0,7562.115782666939
5317.989840000001,2145.7320980348013,0.0,0.0,7562.115782666939
5394.98336,2230.8921180962666,0.0,0.0,0.0
5793.96072,2354.289810632938,0.0,0.0,0.0
6812.225120000001,2489.7293138834543,0.0,0.0,7562.11578266694
8572.743600000002,2719.9635102536618,0.0,0.0,0.0
10043.403680000003,2995.0118955002895,0.0,0.0,0.0
11328.143040000003,3222.6777300734675,0.0,0.0,0.0
12072.81104,3423.540561340098,0.0,0.0,0.0
12460.470800000003,3522.750551041334,0.0,0.0,0.0
12610.825680000004,3608.1136318884996,0.0,0.0,0.0
12548.563840000003,3700.438942589116,0.0,0.0,0.0
12623.410400000002,3749.5990404419167,0.0,0.0,7562.115782666939
12509.779440000002,3777.2132664853084,0.0,0.0,0.0
12082.22984,3780.4918308293113,0.0,0.0,0.0
11757.192880000002,3693.9797728731055,0.0,0.0,0.0
11354.177280000004,3597.3095736020678,0.0,0.0,0.0
10902.35312,3535.7464413261846,0.0,0.0,0.0
10412.959040000002,3461.452724314608,0.0,0.0,0.0
10031.322800000004,3425.2140271117023,0.0,0.0,0.0
9843.322800000002,3397.0814348414965,0.0,0.0,0.0
9797.003360000002,3368.977413938122,0.0,0.0,0.0
9562.620000000003,3316.4805886016948,0.0,0.0,0.0
9462.468640000003,3230.593019091965,0.0,0.0,0.0
9367.810640000002,3155.8033847846573,0.0,0.0,0.0
9260.827360000001,3088.9739373580114,0.0,0.0,0.0
8921.22416,3010.7373717235814,0.0,0.0,0.0
9374.371840000003,2992.6312883995865,0.0,0.0,0.0
10013.060480000002,2994.8965896270024,0.0,0.0,0.0
10287.352480000001,2982.7313097922033,0.0,0.0,0.0
10514.900160000005,3029.518963791968,0.0,0.0,0.0
10824.209040000002,3107.4402239852852,0.0,0.0,0.0
11217.625360000004,3196.623704740309,0.0,0.0,0.0
11580.281120000003,3267.4215109387656,0.0,0.0,0.0
11699.296400000001,3302.7244958779143,0.0,0.0,0.0
11567.944560000002,3277.789855881005,0.0,0.0,0.0
11091.669120000002,3166.4829535441772,0.0,0.0,0.0
10141.987120000003,2982.9425338255705,0.0,0.0,7562.115782666939
8774.042720000001,2786.1235713716655,0.0,0.0,0.0
7833.689280000001,2621.3147438294886,0.0,0.0,0.0
7050.774560000002,2495.7925660876463,0.0,0.0,0.0
6660.625680000001,2399.155019807273,0.0,0.0,7562.115782666939
6392.988880000002,2369.261206853049,0.0,0.0,7562.11578266694
6074.174720000001,2323.96742717623,0.0,0.0,7562.11578266694
5792.798880000001,2242.3584198496333,0.0,0.0,7562.115782666939
5459.36584,2115.366857527845,0.0,0.0,7562.11578266694
5163.164320000001,1994.7732405645693,0.0,0.0,0.0
4906.88648,1903.4111930885842,0.0,0.0,0.0
4647.882640000002,1793.6981648586134,0.0,0.0,0.0
4467.267280000001,1711.4085467578332,0.0,0.0,0.0
4144.038880000001,1619.2107868020041,0.0,0.0,7562.115782666941
3876.4472000000005,1517.8844751432637,0.0,0.0,7562.115782666939
4029.231040000001,1459.210112135316,0.0,0.0,7562.1157826669405
4269.340880000002,1427.2040588474197,0.0,0.0,7562.11578266694
4617.595840000001,1443.5234113384397,0.0,0.0,7562.1157826669405
5182.881760000001,1519.0956970157606,0.0,0.0,7562.115782666939
5870.634640000001,1628.4475015364949,0.0,0.0,7562.115782666939
6450.088240000001,1728.7483052071486,0.0,0.0,7562.115782666941
6790.063680000001,1794.788978828031,0.0,0.0,7562.1157826669405
6794.147040000002,1820.5430048094506,0.0,0.0,7562.11578266694
6309.5996000000005,1798.7267254210935,0.0,0.0,7562.115782666939
4954.9392800000005,1646.9546044020997,0.0,0.0,7562.115782666941
3928.5307200000007,1512.480405188131,0.0,0.0,0.0
3595.330800000001,1433.871391378923,0.0,0.0,484.5481051103368
3245.0604800000006,1314.2971599679845,0.0,0.0,1043.9738330081022
2889.654,1181.6841812219463,0.0,0.0,1145.698596921552
2526.7200000000007,1072.6231923993264,0.0,0.0,1163.934081576867
2147.9789600000004,943.3091861164578,0.0,0.0,1403.4413643411813
1768.9935200000004,814.9461981867206,0.0,0.0,1646.752333350791
1498.1644800000004,716.3106970400054,0.0,0.0,1967.0212701278967
1340.7671200000002,654.5077693639234,0.0,0.0,2172.4417123563867
1264.4090400000002,624.101712618635,0.0,0.0,2338.2574125784986
1173.5524000000003,606.6558319496573,0.0,0.0,2653.4682652042834
1064.82824,583.443637210352,0.0,0.0,3312.042382590707
906.0246400000002,540.4978116435703,0.0,0.0,4472.514269404258
779.28632,503.80401338326516,0.0,0.0,5080.441616503556
961.9621600000002,560.084504013052,0.0,0.0,4933.515027607726
1163.7764000000002,667.1750889302035,0.0,0.0,4461.482072184848
1266.5108800000003,748.861647109631,0.0,0.0,3962.06298419306
1530.8238400000002,854.6369287465395,0.0,0.0,3262.457536215706
2081.4382400000004,1003.89068786046,0.0,0.0,2446.426838930265
2635.1132800000005,1161.5852450614004,0.0,0.0,7562.1157826669405
3019.374000000001,1338.2093531946805,0.0,0.0,7562.11578266694
3244.5716800000005,1438.6815850663272,0.0,0.0,499.3505177572983
3340.5494400000007,1586.6914693170856,0.0,0.0,479.274875806315
3342.1888000000004,1708.8238584654705,0.0,0.0,322.69676716830406
3228.779680000001,1806.0297708646142,0.0,0.0,290.66450864339583
3204.5013600000007,1901.6081357602764,0.0,0.0,389.85642823275873
3154.3805600000005,1909.9428116276335,0.0,0.0,523.0760012094744
2920.36944,1897.5581445118012,0.0,0.0,366.35776300015607
2868.079120000001,1884.1765407747146,0.0,0.0,0.0
3031.2593600000005,1793.1859210675489,0.0,0.0,0.0
3045.67144,1607.1761189298675,0.0,0.0,0.0
2898.4636800000007,1479.2294566311148,0.0,0.0,0.0
2932.472880000001,1420.0806048525592,0.0,0.0,0.0
2977.1755200000007,1358.1164530350668,0.0,0.0,0.0
2952.0812800000003,1377.9735529834966,0.0,0.0,0.0
2884.4200800000003,1394.6296394407539,0.0,0.0,463.8438765018
2618.6520000000005,1358.0603307073604,0.0,0.0,1702.415945166718
2415.0856000000003,1253.3615773564536,0.0,0.0,2498.482730251646
2225.9312800000007,1117.9435026310616,0.0,0.0,2971.9834243656405
1869.3291200000003,969.2764769431608,0.0,0.0,3360.0111573961667
1621.5864800000004,859.97059069055,0.0,0.0,3402.53717988244
1386.4736800000005,755.5095919279258,0.0,0.0,3419.4741594903458
1105.3798400000003,626.101708296894,0.0,0.0,3697.4538408225226
879.6783200000001,491.3254689192699,0.0,0.0,3918.5082656074073
768.6756,408.77462689316616,0.0,0.0,3948.1978549573873
893.1842400000003,411.7736000045965,0.0,0.0,3788.959050374633
1244.5374400000003,525.9702920153177,0.0,0.0,3498.999139088642
1685.6719200000002,687.2791271205408,0.0,0.0,2867.834330662533
2175.2577600000004,912.2572123995682,0.0,0.0,2098.0227650864886
2887.8868000000007,1181.4280593264143,0.0,0.0,1240.3741277116678
3471.4576,1375.6592722700827,0.0,0.0,604.6114648359293
3841.7875200000003,1417.9887726380537,0.0,0.0,0.0
4180.465760000001,1410.1357283830116,0.0,0.0,7562.11578266694
4411.310960000002,1415.914287324839,0.0,0.0,7562.11578266694
4511.477360000002,1403.2020698963943,0.0,0.0,7562.11578266694
4539.290080000002,1379.929671205549,0.0,0.0,7562.115782666939
4580.8117600000005,1372.829686547729,0.0,0.0,7562.1157826669405
4589.2454400000015,1344.5511762254869,0.0,0.0,0.0
4406.246240000001,1283.166614992306,0.0,0.0,0.0
4036.29232,1216.9432887048886,0.0,0.0,0.0
3320.5988800000005,1115.0414680856693,0.0,0.0,1002.9427048688299
2372.5374400000005,963.1907758078868,0.0,0.0,2564.0101297035876
1966.3484000000005,859.7848768061402,0.0,0.0,3203.6722048800016
1718.6696800000002,760.4391731124515,0.0,0.0,3431.239656485619
1596.9396800000002,709.9831596926152,0.0,0.0,3285.9360873589376
1543.8447200000003,686.9474951840948,0.0,0.0,3006.0873760860313
1472.1302400000002,688.1301456897593,0.0,0.0,2860.362282701574
1399.2088,702.0872583873247,0.0,0.0,2680.3453079334645
1465.27952,739.0535050384949,0.0,0.0,2398.841225618441
1717.75224,813.7278334725157,0.0,0.0,2078.420541091239
1986.8366400000002,911.0970108249863,0.0,0.0,1909.3729220725193
2261.8129600000007,1013.1549535558246,0.0,0.0,1500.2280866209464
2928.7467200000006,1167.738292989922,0.0,0.0,632.6038662967005
3880.0304800000004,1359.8552247880023,0.0,0.0,0.0
4630.060240000002,1519.839572959358,0.0,0.0,7562.11578266694
5143.304000000002,1643.0199190269125,0.0,0.0,7562.11578266694
5730.2851200000005,1776.463508223003,0.0,0.0,7562.1157826669405
6205.0415200000025,1892.672440783483,0.0,0.0,7562.1157826669405
6441.60192,1987.008971627899,0.0,0.0,7562.11578266694
6608.617360000001,2082.3301942220705,0.0,0.0,7562.115782666939
6661.054320000001,2138.608644039941,0.0,0.0,7562.115782666939
6582.729760000002,2168.9575580515643,0.0,0.0,7562.1157826669405
6345.225600000002,2170.040208773316,0.0,0.0,7562.115782666941
5954.636800000001,2127.7474430198436,0.0,0.0,0.0
5276.4493600000005,2017.4109467493543,0.0,0.0,7562.11578266694
5063.531840000001,1965.4375896695326,0.0,0.0,7562.1157826669405
4949.712880000001,1972.7824717573437,0.0,0.0,7562.11578266694
4820.820080000001,1980.075313141281,0.0,0.0,0.0
4763.141680000001,1976.9916463353125,0.0,0.0,0.0
4670.980320000001,1947.888647998767,0.0,0.0,0.0
4638.475120000001,1915.7999418282495,0.0,0.0,0.0
4709.527840000002,1881.8245050408434,0.0,0.0,0.0
5055.63584,1910.8295444053922,0.0,0.0,7562.115782666939
5710.981280000001,1957.161076941798,0.0,0.0,7562.115782666939
6389.916960000001,2049.177204637051,0.0,0.0,7562.1157826669405
6966.317440000002,2152.209635058061,0.0,0.0,7562.115782666939
7254.1604800000005,2300.045029889951,0.0,0.0,7562.115782666939
7725.465200000002,2484.0395302599986,0.0,0.0,0.0
8027.938400000002,2614.1280246652136,0.0,0.0,0.0
7985.401520000004,2658.5054797914836,0.0,0.0,0.0
7749.461520000003,2671.5748393053323,0.0,0.0,0.0
7276.885920000001,2615.6576131966985,0.0,0.0,0.0
6230.812560000001,2456.347753363776,0.0,0.0,7562.11578266694
5189.127120000001,2214.2207255496355,0.0,0.0,7562.11578266694
4202.770080000001,1933.8172498338724,0.0,0.0,7562.115782666939
3413.809280000001,1689.1157377869522,0.0,0.0,7562.115782666941
2633.9100800000006,1428.5193621276628,0.0,0.0,7562.1157826669405
2099.7456800000004,1258.66768833959,0.0,0.0,487.3102036423217
1540.0772000000002,1104.8435309384643,0.0,0.0,1652.4053335446692
993.9710400000001,933.9592063205963,0.0,0.0,2660.5989917978827
699.6984000000001,798.6666415280745,0.0,0.0,3360.325277499152
557.7696800000001,710.7964232413766,0.0,0.0,3586.326279713736
464.46904000000006,662.1404059319736,0.0,0.0,3479.2224419561303
361.8624000000001,620.3700880291485,0.0,0.0,3370.326141265338
346.1080000000001,611.2976586539434,0.0,0.0,3264.2386205494913
438.4047200000001,664.7138697587949,0.0,0.0,2979.0009908361653
672.3068000000002,772.3697595768421,0.0,0.0,2574.4779940290878
1082.6393600000004,921.6480084337614,0.0,0.0,2103.9033837710576
1635.4458400000003,1089.7598900629405,0.0,0.0,1683.8072095786938
2203.5216800000003,1253.7636173040219,0.0,0.0,1008.0172764550445
2648.22064,1387.8010827678404,0.0,0.0,461.86914533884504
3417.6219200000005,1577.4231219978878,0.0,0.0,0.0
4408.344320000002,1818.997089782633,0.0,0.0,0.0
5162.378480000001,1992.9752852660524,0.0,0.0,0.0
5661.119920000001,2092.7220085013514,0.0,0.0,0.0
5972.135840000001,2161.609614745879,0.0,0.0,7562.115782666939
5921.06376,2190.6238377640525,0.0,0.0,7562.115782666939
5979.430240000001,2218.917654175669,0.0,0.0,7562.1157826669405
6047.350880000002,2267.0144890199263,0.0,0.0,7562.1157826669405
6034.709760000001,2287.0113845846427,0.0,0.0,7562.1157826669405
5787.399520000002,2229.4543661010284,0.0,0.0,7562.115782666939
5607.878320000001,2168.2942941786728,0.0,0.0,0.0
5671.89608,2183.6636487225187,0.0,0.0,0.0
6155.255360000001,2215.899293351031,0.0,0.0,0.0
6522.5509600000005,2272.7022318314653,0.0,0.0,0.0
7008.350480000001,2365.1234606921607,0.0,0.0,7562.115782666939
7372.156800000002,2409.4733648575575,0.0,0.0,7562.115782666939
7619.373040000001,2457.089588495457,0.0,0.0,0.0
7930.952960000001,2530.6863682375183,0.0,0.0,0.0
8174.315200000002,2580.521974834711,0.0,0.0,0.0
8431.330000000002,2631.3157426267426,0.0,0.0,0.0
8530.936160000001,2662.576899565083,0.0,0.0,0.0
8368.996720000001,2617.665772122624,0.0,0.0,0.0
7989.206640000002,2521.9108769961767,0.0,0.0,0.0
7231.3297600000005,2407.6886748364986,0.0,0.0,0.0
6603.876000000001,2346.364317554857,0.0,0.0,7562.1157826669405
6253.007840000002,2246.6502473102237,0.0,0.0,7562.11578266694
6030.539920000001,2132.8984522973196,0.0,0.0,0.0
5839.494320000001,2058.738408466279,0.0,0.0,0.0
5500.804800000002,1966.6967706220692,0.0,0.0,0.0
5220.395280000001,1870.336774762353,0.0,0.0,7562.1157826669405
5149.444080000001,1788.4063395588933,0.0,0.0,2622.252576325426
4896.023840000002,1688.2126785138607,0.0,0.0,0.0
4462.337920000002,1588.8261585818398,0.0,0.0,0.0
3925.236960000001,1440.503009701885,0.0,0.0,0.0
3434.7600000000007,1270.1513369942472,0.0,0.0,0.0
3016.448720000001,1122.4598194024773,0.0,0.0,1393.3801663519164
2687.67056,1010.4314900531338,0.0,0.0,2402.293616950214
2474.835760000001,942.522453122612,0.0,0.0,2915.4604960776715
2404.01616,914.2480244242029,0.0,0.0,2955.365787405675
2478.6145600000004,938.1081769470259,0.0,0.0,2561.885451759811
2653.5711200000005,1006.7488449496458,0.0,0.0,1991.7193648218063
2944.8244800000007,1116.5343220026555,0.0,0.0,1463.769265930054
3252.2345600000003,1217.7034911438184,0.0,0.0,914.3802120199915
3460.2039200000004,1272.532964500909,0.0,0.0,483.10738622548763
3400.468800000001,1241.3636440988155,0.0,0.0,538.4846929224545
3135.5316800000005,1163.9791174395616,0.0,0.0,1078.2529477081334
2764.5625600000003,1071.6670720164034,0.0,0.0,1442.6195362932742
2362.50952,995.1682577289503,0.0,0.0,1806.4833686650866
2439.6233600000005,996.0335619815849,0.0,0.0,1805.7663121210528
2871.925600000001,1037.0038816131062,0.0,0.0,1435.5356995832447
3099.266480000001,1077.972160432711,0.0,0.0,824.4968097830549
3180.2794400000007,1112.28126996848,0.0,0.0,272.24579302714267
3084.7340800000006,1127.9434810223572,0.0,0.0,64.09420201420699
3140.1000800000006,1196.3168026639037,0.0,0.0,0.0
3173.906240000001,1279.7370305664751,0.0,0.0,0.0
3220.5452800000007,1370.1256107582465,0.0,0.0,0.0
3269.978000000001,1488.3049472241944,0.0,0.0,0.0
3382.454640000001,1529.195675190969,0.0,0.0,0.0
3570.5072800000007,1556.9915334949376,0.0,0.0,0.0
3753.532800000001,1658.0974374666866,0.0,0.0,93.01265113019807
4170.073120000001,1796.3104041118497,0.0,0.0,49.636569913422505
4646.980240000001,1944.1917172118626,0.0,0.0,0.0
5208.352000000001,2061.7312591419595,0.0,0.0,0.0
5689.944080000001,2167.6881730394452,0.0,0.0,0.0
6244.7584000000015,2255.840023370633,0.0,0.0,7562.115782666939
6783.258080000001,2219.3666327973197,0.0,0.0,7562.115782666938
7221.414640000002,2176.2473382176277,0.0,0.0,0.0
7239.846160000002,2161.750430768124,0.0,0.0,0.0
6985.0347200000015,2092.8873142665952,0.0,0.0,0.0
6312.67904,1895.3775369789237,0.0,0.0,0.0
5563.25464,1809.0409888475442,0.0,0.0,0.0
5211.3600000000015,1772.1594358909124,0.0,0.0,0.0
4859.183360000001,1671.7596528423044,0.0,0.0,0.0
4553.551760000001,1590.7445217834354,0.0,0.0,0.0
4203.0596000000005,1516.4773353267742,0.0,0.0,0.0
3863.896320000001,1508.5844952393586,0.0,0.0,0.0
3549.1768,1516.8508039075105,0.0,0.0,0.0
3353.096560000001,1476.2651773222665,0.0,0.0,0.0
3175.353840000001,1449.4315618369703,0.0,0.0,0.0
3016.0351200000005,1455.750935936694,0.0,0.0,0.0
2842.6652800000006,1402.8643155241982,0.0,0.0,0.0
2660.2075200000004,1325.4185645074465,0.0,0.0,107.32329999943698
2416.8152000000005,1208.8861632581873,0.0,0.0,1005.8113998383415
1902.0824800000005,1027.5814529942058,0.0,0.0,2675.198217133089
1662.2433600000004,860.3205899342454,0.0,0.0,3681.344038744444
1372.3849600000003,708.6801012838717,0.0,0.0,4382.224789960833
1167.6642400000003,604.0252253891716,0.0,0.0,4658.380846530004
1108.6134400000003,561.3436849655885,0.0,0.0,4478.919386240475
1146.3488000000004,563.0783750946907,0.0,0.0,4168.857745879447
1269.0752000000005,576.7007946379355,0.0,0.0,3916.6188721406606
1469.6411200000002,573.1620267745668,0.0,0.0,3585.5620693399323
1727.7801600000003,568.0018338434666,0.0,0.0,3166.1200266872747
1888.8510400000002,564.1793931236916,0.0,0.0,3012.053430052892
1829.8754400000003,536.0284335462362,0.0,0.0,3285.9691227763183
1620.1050400000001,502.40809803231696,0.0,0.0,3452.2141384028496
1389.9028000000003,460.4214540663332,0.0,0.0,3614.0129577806642
1253.4599200000005,422.05623084634,0.0,0.0,3835.375048755598
1156.3955200000003,401.43892845898,0.0,0.0,4008.049121278572
1068.9266400000001,400.019543770991,0.0,0.0,3778.9628801197664
1067.7535200000002,419.2062370048208,0.0,0.0,3313.6042208417493
1104.5902400000002,428.92254253971026,0.0,0.0,3017.8935909062284
1130.6959200000001,430.0970297977083,0.0,0.0,2740.1074942413006
1187.9156000000003,442.5153703101642,0.0,0.0,2570.6939775419983
1222.9362400000002,464.45409841351693,0.0,0.0,2440.5559802381404
1260.8295200000002,484.153035438411,0.0,0.0,2359.8188968469804
1284.4047200000002,519.2223474131098,0.0,0.0,2378.680938203793
1302.7347200000004,593.621166238391,0.0,0.0,2521.4980372451864
1296.8954400000005,679.2750627836713,0.0,0.0,2994.5093641767035
1441.8396800000003,755.2004089225624,0.0,0.0,3147.2242408507345
1766.9781600000006,860.2705900422889,0.0,0.0,2969.3218823216603
2137.4020800000003,979.1101291632544,0.0,0.0,2428.2139887585677
2633.8800000000006,1097.3425267390342,0.0,0.0,1477.220598881141
3270.2600000000007,1222.41980748306,0.0,0.0,382.8471821682482
3878.018880000001,1383.3327250764646,0.0,0.0,7562.11578266694
4356.275840000001,1572.6363976475238,0.0,0.0,7562.11578266694
4590.5952800000005,1693.4310345845834,0.0,0.0,7562.115782666939
4658.587360000001,1709.8544684833491,0.0,0.0,0.0
4585.786240000001,1664.689259957275,0.0,0.0,0.0
4390.270000000001,1584.1884135013868,0.0,0.0,0.0
4038.597200000001,1509.0344942669672,0.0,0.0,0.0
3825.356320000001,1475.2855876023027,0.0,0.0,0.0
3899.0448000000006,1457.4927689075046,0.0,0.0,0.0
3903.1168800000005,1407.9602228799258,0.0,0.0,0.0
3879.9289600000006,1375.0072328627318,0.0,0.0,0.0
3729.2319200000006,1329.63692273904,0.0,0.0,0.0
3562.114960000001,1250.4891345838519,0.0,0.0,0.0
3403.2286400000003,1121.612882457092,0.0,0.0,0.0
3157.7608000000005,992.30091698614,0.0,0.0,0.0
2820.4662400000007,880.525648314454,0.0,0.0,370.95236710397387
2454.17832,778.2809712932478,0.0,0.0,894.2881168617682
2077.4037600000006,685.128111360454,0.0,0.0,1538.4883509137376
1604.9748000000004,604.4660407631553,0.0,0.0,2555.292286631221
1325.2533600000004,583.1048624321978,0.0,0.0,3150.766085167525
1242.9432000000002,646.6016639990501,0.0,0.0,3474.227496521028
1326.5054400000004,776.1105678199532,0.0,0.0,3294.420151648102
1515.4191200000002,922.5980063809345,0.0,0.0,2687.0969799752456
1758.7024000000004,1059.9334239019638,0.0,0.0,2023.1252095875961
2070.54928,1164.556667211957,0.0,0.0,1452.08377704057
2390.14928,1204.720866136425,0.0,0.0,933.021095985564
2647.5100000000007,1191.6596698702429,0.0,0.0,599.8193377719413
2885.0028800000005,1187.9096779735073,0.0,0.0,442.9121424522573
3131.58744,1242.0707854279142,0.0,0.0,408.95454398308493
3286.495680000001,1336.732825773027,0.0,0.0,166.42226834091926
3322.524000000001,1454.0723681352981,0.0,0.0,0.0
3741.861760000001,1631.1372916425614,0.0,0.0,0.0
4218.57336,1827.4256429981533,0.0,0.0,0.0
4672.382800000001,1976.8294017879437,0.0,0.0,0.0
4824.29808,2023.996646804193,0.0,0.0,0.0
4934.530000000002,2029.6905120514823,0.0,0.0,0.0
5174.97824,2070.0904247523163,0.0,0.0,0.0
5343.554080000001,2099.041382601076,0.0,0.0,7562.11578266694
5454.436480000001,2117.087261973531,0.0,0.0,7562.11578266694
5301.8481600000005,2100.674032134348,0.0,0.0,0.0
5020.64904,1981.863064380215,0.0,0.0,0.0
4599.34104,1794.2267351450105,0.0,0.0,0.0
4104.923600000001,1604.4853084178424,0.0,0.0,0.0
4382.0920000000015,1529.675265991368,0.0,0.0,0.0
4954.33016,1552.7262365892627,0.0,0.0,0.0
5281.79984,1622.3822085203867,0.0,0.0,0.0
5593.109040000002,1740.769707801827,0.0,0.0,0.0
5818.329280000002,1829.3960469036222,0.0,0.0,0.0
5821.70952,1820.7215758521525,0.0,0.0,0.0
5579.558000000002,1844.9664214212528,0.0,0.0,0.0
5354.522000000002,1923.885638641783,0.0,0.0,0.0
5096.59352,1949.478440481792,0.0,0.0,0.0
4503.765600000001,1793.7655116518606,0.0,0.0,0.0
3617.601280000001,1647.7015415635722,0.0,0.0,0.0
3312.8232000000007,1656.4341757546647,0.0,0.0,0.0
4021.4628800000005,1811.1930250135888,0.0,0.0,0.0
5128.154960000002,1977.5263390574592,0.0,0.0,0.0
5728.57808,2063.355745427566,0.0,0.0,7562.115782666938
5888.833040000001,2074.4373541346554,0.0,0.0,7562.11578266694
5918.676160000001,2044.43027611906,0.0,0.0,0.0
5719.967680000001,1959.8437242061568,0.0,0.0,0.0
5243.278640000001,1869.683714949044,0.0,0.0,0.0
4605.680400000001,1746.091124874338,0.0,0.0,0.0
3852.4809600000012,1563.6639680562319,0.0,0.0,0.0
3319.143760000001,1456.7570562115734,0.0,0.0,0.0
3034.0906400000003,1415.7530631834281,0.0,0.0,105.62076203438558
2695.3748000000005,1375.965394057571,0.0,0.0,1522.91225567336
2601.2469600000004,1354.6480931828205,0.0,0.0,2212.6886286532563
2683.9857600000005,1367.025617456945,0.0,0.0,2348.9958658499363
2777.4255200000007,1378.4551845958122,0.0,0.0,2139.507707103354
2774.1430400000004,1369.2572452877369,0.0,0.0,1855.5745397778214
2610.733440000001,1333.859362594467,0.0,0.0,1761.091826901259
2490.9097600000005,1309.3941093383744,0.0,0.0,1812.6015123754541
2261.96336,1199.2647554774192,0.0,0.0,2018.6339024995764
1916.46072,1015.3008672861199,0.0,0.0,2365.673099689717
1516.7539200000003,832.483915391945,0.0,0.0,2891.6458514483916
1093.3628800000004,659.7638804551035,0.0,0.0,3720.779012818136
758.9447200000002,514.4019496661219,0.0,0.0,4162.23263672452
619.9488,428.72764500167585,0.0,0.0,4301.485179103219
792.9802400000001,420.8052131414698,0.0,0.0,4201.9129411935155
1139.40784,474.9550961303356,0.0,0.0,3861.8400202035978
1416.4484000000004,529.4682436403547,0.0,0.0,3210.292804758329
1489.8699200000003,532.4172168598285,0.0,0.0,2667.4476957495385
1380.4990400000002,472.43265260142925,0.0,0.0,2565.1001392827334
1127.8383200000003,374.8410267500502,0.0,0.0,2662.466964127601
802.9442400000001,301.4156752089829,0.0,0.0,2832.3047993361497
525.3998400000002,265.0402436076659,0.0,0.0,3103.2722310861704
343.7843200000001,249.25354302687674,0.0,0.0,3309.706858632049
260.67704,246.96171124454506,0.0,0.0,3507.4891506096683
263.0082400000001,238.76070855772437,0.0,0.0,4067.199690472721
294.78776000000005,229.18521904507966,0.0,0.0,4958.955071373939
300.20592000000005,230.79950127110308,0.0,0.0,5522.972801936753
291.20824000000005,238.50866828602537,0.0,0.0,5690.027392536651
259.8536000000001,242.44641487908763,0.0,0.0,5615.863498759827
256.83808000000005,260.6759673240362,0.0,0.0,5276.631555669022
280.29296000000005,286.42387086970587,0.0,0.0,4941.877197134361
333.92936000000003,311.6493265647282,0.0,0.0,4733.006272721127
431.2344000000001,339.33396061924265,0.0,0.0,4515.308713424651
556.7056000000001,380.21652533835083,0.0,0.0,4210.946766992809
725.5108000000001,452.79085831019967,0.0,0.0,3939.0345806580162
893.9550400000002,542.2641343573798,0.0,0.0,3861.169908275848
1080.7706400000002,651.743489622901,0.0,0.0,3540.1323788314144
1259.2954400000003,769.1677256797109,0.0,0.0,3173.6380504402364
1560.4300800000003,902.0164182021149,0.0,0.0,2779.733821403065
1834.5566400000002,1003.8774225830022,0.0,0.0,2501.115579371527
1987.3893600000004,1067.9374882388336,0.0,0.0,2006.2257176306437
2141.50424,1111.929229912868,0.0,0.0,1368.5307876725208
2337.1032000000005,1158.4005580655603,0.0,0.0,812.8351450714985
2597.6411200000007,1222.464705345225,0.0,0.0,207.57231317464107
2908.9127200000003,1313.528794281388,0.0,0.0,0.0
3195.1352000000006,1401.5847264524957,0.0,0.0,0.0
3450.6384800000005,1478.1059896710315,0.0,0.0,0.0
3591.07448,1526.3079263289928,0.0,0.0,0.0
3557.3397600000008,1518.1018216123807,0.0,0.0,0.0
3246.15088,1459.1182755990692,0.0,0.0,739.8996516000648
3263.273920000001,1418.0857112040917,0.0,0.0,1262.870264275179
3184.140960000001,1370.7031605306413,0.0,0.0,1594.162194613031
3038.6515200000003,1315.4267493638174,0.0,0.0,1688.1783121341784
2891.0640000000008,1246.7146529441168,0.0,0.0,1595.4842938281063
2801.9068800000005,1188.9994715369667,0.0,0.0,1450.5979491713656
2769.38664,1169.1984939162428,0.0,0.0,1371.0104060434896
2783.3625600000005,1167.2495185358987,0.0,0.0,1238.079782619797
2843.1089600000005,1141.556716911977,0.0,0.0,1070.8679527963802
2848.5346400000008,1118.148604228679,0.0,0.0,1051.2612685661982
2684.3204000000005,1061.239543528582,0.0,0.0,1465.507247564454
2375.6281600000007,954.3612030507561,0.0,0.0,1856.9407145364362
2001.6096800000003,828.6502502066288,0.0,0.0,2299.55479919606
1826.6343200000003,718.671916427501,0.0,0.0,2618.3216749708154
1686.7698400000002,615.5211189153283,0.0,0.0,3002.874489545074
1422.1485600000005,507.9927798420681,0.0,0.0,3136.4160805477163
1143.7882400000003,407.6766700820403,0.0,0.0,3084.0355535252656
881.6974400000003,320.1380837317883,0.0,0.0,3154.2046344578785
611.4587200000002,237.5739764282267,0.0,0.0,3245.7520834933543
375.16528000000005,159.64863461107637,0.0,0.0,3495.9751785718977
196.73448000000002,97.92529859974158,0.0,0.0,3710.3337687710714
92.21024000000001,59.04987240060068,0.0,0.0,3896.927811493433
80.47904000000003,61.99986602603289,0.0,0.0,4037.215756566727
170.26408000000004,109.35384533265088,0.0,0.0,4408.118912264688
343.34816000000006,196.357738960756,0.0,0.0,4993.700704948902
602.8483200000001,324.27276867480145,0.0,0.0,5049.7727629080755
1066.7007200000003,505.74176429806835,0.0,0.0,4559.466123446462
1622.0564800000002,725.4249630595004,0.0,0.0,3646.199300218958
2293.6188,960.4928224541536,0.0,0.0,2419.3540346531413
3134.0615200000007,1198.787205488937,0.0,0.0,1036.5596953421805
4039.6236800000006,1432.4520066909338,0.0,0.0,0.0
5041.186160000001,1671.046389077456,0.0,0.0,0.0
6060.58232,1925.6519613555922,0.0,0.0,0.0
7068.089360000001,2234.6492528347103,0.0,0.0,7562.115782666941
8143.362880000002,2639.7004183860563,0.0,0.0,7562.115782666938
9092.353040000004,3001.2292290041837,0.0,0.0,0.0
9426.726080000002,3259.357242650356,0.0,0.0,0.0
10130.071680000003,3501.8720247286496,0.0,0.0,0.0
11190.248800000003,3710.602185933738,0.0,0.0,7562.11578266694
11550.366560000002,3770.748994739507,0.0,0.0,7562.1157826669405
11615.260400000001,3738.8613085427733,0.0,0.0,7562.11578266694
11468.08648,3614.627903526258,0.0,0.0,7562.115782666941
10986.137200000003,3483.7149211067403,0.0,0.0,7562.11578266694
9731.35752,3258.3796937423094,0.0,0.0,7562.1157826669405
8402.923200000003,2896.167211132124,0.0,0.0,7562.115782666941
7425.0938400000005,2577.6832054587326,0.0,0.0,7562.115782666939
6078.897280000001,2249.613506213114,0.0,0.0,0.0
5414.05032,2020.7476742329807,0.0,0.0,0.0
5011.046,1830.7276766791977,0.0,0.0,0.0
4995.517200000002,1820.927697855728,0.0,0.0,0.0
5461.621840000001,1870.8765695142908,0.0,0.0,0.0
5981.96824,1875.2296213323798,0.0,0.0,0.0
6689.400960000002,1968.6232970713313,0.0,0.0,0.0
7318.580560000002,2137.668850152351,0.0,0.0,7562.11578266694
7565.191440000001,2241.3522995747535,0.0,0.0,7562.115782666939
7268.275520000002,2157.829010670395,0.0,0.0,0.0
6698.985200000001,2004.656892676619,0.0,0.0,0.0
6020.763920000001,1815.2297509846057,0.0,0.0,0.0
5126.478000000001,1583.9649445965204,0.0,0.0,0.0
3952.162320000001,1297.0849522634564,0.0,0.0,0.0
2710.6291200000005,1007.4161904463709,0.0,0.0,979.9507334264882
1922.8715200000006,760.2636632876246,0.0,0.0,1988.9896386456855
1567.2732800000006,582.0364973938625,0.0,0.0,2581.692849573637
1274.21512,459.9306388003931,0.0,0.0,2768.500766314972
1027.12672,410.2062564526547,0.0,0.0,2695.914268404879
1086.4106400000003,445.5082209858449,0.0,0.0,2341.9465867318313
1535.5200800000007,589.6762768036207,0.0,0.0,1471.3396228638162
2372.0561600000005,844.157359554845,0.0,0.0,241.10189923144722
3529.425520000001,1188.9270227139277,0.0,0.0,0.0
4936.797280000001,1589.0955457548298,0.0,0.0,0.0
6260.121760000001,1972.5018601188126,0.0,0.0,0.0
7513.608000000002,2467.3375255346186,0.0,0.0,0.0
9032.745760000002,3099.064731879596,0.0,0.0,0.0
10914.084320000002,3592.592236856867,0.0,0.0,0.0
12010.353680000002,3870.6426564328003,0.0,0.0,0.0
12672.843120000005,4134.977799523284,0.0,0.0,0.0
12978.775520000003,4199.931740798582,0.0,0.0,7562.11578266694
12086.692960000004,3996.98115894128,0.0,0.0,7562.115782666939
10991.074080000002,3793.5040476094955,0.0,0.0,7562.1157826669405
9251.615360000002,3461.871090757509,0.0,0.0,7562.1157826669405
7872.146560000002,3223.0318109409964,0.0,0.0,0.0
7300.295680000001,3165.7523428780382,0.0,0.0,0.0
8151.781520000001,3152.119719275211,0.0,0.0,0.0
9240.760240000001,3290.0296253507604,0.0,0.0,0.0
10276.903440000002,3520.165862748971,0.0,0.0,0.0
10973.138880000002,3702.1511837871353,0.0,0.0,0.0
10535.102640000003,3600.701403007441,0.0,0.0,7562.115782666942
10144.179200000002,3502.7914104970737,0.0,0.0,7562.115782666939
10031.544640000004,3394.842664168996,0.0,0.0,7562.11578266694
9568.93304,3318.056095401303,0.0,0.0,7562.1157826669405
8891.937520000001,3241.906259951587,0.0,0.0,7562.115782666939
8482.4284,3080.340282544874,0.0,0.0,7562.115782666939
7793.4084,2899.400877613962,0.0,0.0,7562.115782666939
6976.465680000002,2802.730678342924,0.0,0.0,7562.115782666939
6356.208560000002,2620.718826749843,0.0,0.0,0.0
5823.0819200000005,2467.993646565802,0.0,0.0,0.0
5414.956480000002,2351.2377764116764,0.0,0.0,0.0
5985.859840000002,2367.1724358564184,0.0,0.0,7562.115782666941
7368.129840000001,2456.121223241035,0.0,0.0,7562.115782666939
7873.970160000002,2451.5661310432038,0.0,0.0,7562.115782666939
7999.851200000001,2430.234544485037,0.0,0.0,7562.11578266694
7911.370880000002,2381.372405172058,0.0,0.0,7562.115782666939
7928.381120000002,2350.4877780323295,0.0,0.0,7562.115782666938
8133.150720000001,2443.3559447027583,0.0,0.0,7562.1157826669405
7976.554240000002,2391.743811332173,0.0,0.0,7562.115782666939
7552.001360000002,2257.26655090033,0.0,0.0,7562.1157826669405
6718.142400000002,2085.541411772826,0.0,0.0,0.0
5302.299360000001,1900.9826269078408,0.0,0.0,0.0
4401.944800000001,1876.8102301617798,0.0,0.0,0.0
4463.7667200000005,2012.2313661050466,0.0,0.0,0.0
5032.948000000001,2203.84931938952,0.0,0.0,0.0
5850.58632,2469.929356668689,0.0,0.0,7562.11578266694
6813.823120000001,2713.117606679458,0.0,0.0,7562.11578266694
7964.856880000001,2878.5805144409014,0.0,0.0,7562.1157826669405
8773.177920000002,2910.6008534122134,0.0,0.0,7562.11578266694
9537.894240000001,2925.433474421997,0.0,0.0,7562.115782666939
9737.159200000002,2959.8711551085107,0.0,0.0,7562.115782666941
9710.50832,3065.281131412349,0.0,0.0,7562.115782666938
9930.810480000002,3195.9522776197505,0.0,0.0,7562.115782666939
9800.973920000002,3263.3694788783737,0.0,0.0,0.0
9927.23096,3341.314208408732,0.0,0.0,0.0
10272.906560000001,3353.2152031003325,0.0,0.0,0.0
10432.699040000003,3273.343947120712,0.0,0.0,7562.11578266694
10433.966160000002,3131.515682165308,0.0,0.0,7562.115782666941
10279.448960000002,3035.050584491887,0.0,0.0,7562.11578266694
9988.011360000004,2979.193562334793,0.0,0.0,7562.115782666939
9820.240160000003,2971.3527629512514,0.0,0.0,7562.1157826669405
9755.857680000001,2956.594631576424,0.0,0.0,7562.115782666939
9585.446960000001,2901.3120979738496,0.0,0.0,7562.11578266694
9254.145840000003,2825.6316492649494,0.0,0.0,7562.11578266694
8943.348000000002,2747.2542676082744,0.0,0.0,7562.115782666939
8484.43248,2671.0156568401862,0.0,0.0,7562.115782666939
7257.683600000001,2513.543548138154,0.0,0.0,0.0
5945.932400000001,2330.1939443337487,0.0,0.0,0.0
5340.504720000002,2169.6422504495813,0.0,0.0,0.0
5164.070480000001,2028.4527596240698,0.0,0.0,0.0
5099.9587200000005,1957.5335251165761,0.0,0.0,0.0
5065.517120000001,1905.6948616232494,0.0,0.0,0.0
5037.520160000001,1854.3021155336978,0.0,0.0,0.0
4845.880480000001,1767.0635285351848,0.0,0.0,0.0
4543.854720000001,1649.5015376740052,0.0,0.0,0.0
4079.4684000000007,1486.3712779332247,0.0,0.0,0.0
3572.3421600000006,1317.1155212247963,0.0,0.0,0.0
3000.8672800000004,1148.0852742331515,0.0,0.0,217.07727755579714
2359.0089600000006,988.4835782961567,0.0,0.0,1990.100522387348
2177.7957600000004,866.3746584848122,0.0,0.0,2804.3134165111055
1991.58552,767.9585446191306,0.0,0.0,3314.351385040959
1907.8841600000007,709.9260169589506,0.0,0.0,3406.615626396174
1862.0572800000002,671.7985483272402,0.0,0.0,3199.0931581526615
1824.2993600000004,633.0241423179707,0.0,0.0,3002.5664529960513
1778.8221600000006,589.3048490348011,0.0,0.0,2984.6368636970146
1723.9675200000001,550.7192181278161,0.0,0.0,2934.4695409504952
1639.5592800000004,515.2009275314674,0.0,0.0,2891.0786466459786
1522.4540800000007,486.75813184993933,0.0,0.0,3015.895697458929
1346.1176000000003,459.8969654037693,0.0,0.0,3365.178910737953
1102.338,430.27866205828497,0.0,0.0,3593.66989294987
890.3680000000002,409.184830088401,0.0,0.0,3764.8484998957256
846.6542400000002,417.4256286075952,0.0,0.0,3806.50415827522
923.6740800000001,452.9704497588596,0.0,0.0,3734.3850214026284
993.4784800000002,502.5754446094774,0.0,0.0,3417.282602315779
1113.59168,561.6885821794924,0.0,0.0,2844.3829468935164
1327.0656800000004,621.611922080394,0.0,0.0,2312.223670113156
1597.2480000000005,702.4709310276438,0.0,0.0,1690.3120468051206
1945.6834400000005,831.8788146586758,0.0,0.0,1128.0590861433077
2502.9079200000006,1019.8559594839509,0.0,0.0,322.7250970097383
3190.2434400000006,1246.0024095852266,0.0,0.0,0.0
3864.9002400000013,1483.4661821699576,0.0,0.0,0.0
4454.33664,1778.108402627775,0.0,0.0,0.0
5093.71712,2107.800547347084,0.0,0.0,0.0
5936.062400000002,2440.983500849721,0.0,0.0,0.0
7252.570000000002,2722.944116057843,0.0,0.0,0.0
8477.30728,2841.323452091617,0.0,0.0,7562.1157826669405
9251.664240000002,2882.8560154061597,0.0,0.0,7562.115782666941
9375.281760000003,2853.859139289277,0.0,0.0,7562.11578266694
8636.144720000002,2692.2747945753144,0.0,0.0,0.0
7968.898880000001,2510.021106770118,0.0,0.0,0.0
7365.896400000001,2331.348023472581,0.0,0.0,0.0
7189.123760000002,2287.9124030458174,0.0,0.0,0.0
7485.532080000002,2324.787833566699,0.0,0.0,0.0
7650.7051200000005,2258.3502220280393,0.0,0.0,0.0
7074.624240000001,2152.7188176312507,0.0,0.0,0.0
6452.190080000001,1974.0467547396718,0.0,0.0,0.0
5984.209200000001,1774.1910641538789,0.0,0.0,0.0
5554.554,1620.7138447785733,0.0,0.0,0.0
5313.74104,1712.6146666005388,0.0,0.0,0.0
5175.67384,1931.2448064130097,0.0,0.0,0.0
4895.899760000001,2108.882177662877,0.0,0.0,0.0
4816.262960000002,2327.188848786569,0.0,0.0,0.0
5400.465440000001,2565.668945705762,0.0,0.0,0.0
6474.59216,2729.050225312283,0.0,0.0,7562.11578266694
7483.392640000001,2785.836837297384,0.0,0.0,7562.1157826669405
8059.477280000002,2808.167401288723,0.0,0.0,0.0
8304.422480000003,2832.1132679120424,0.0,0.0,0.0
9160.066880000002,2861.2366743677535,0.0,0.0,7562.11578266694
9890.574720000004,2851.884653759975,0.0,0.0,7562.1157826669405
10075.2396,2775.196043964279,0.0,0.0,7562.11578266694
9776.86104,2653.385082692757,0.0,0.0,7562.1157826669405
9473.827600000002,2575.0168846897063,0.0,0.0,7562.11578266694
9392.848480000002,2529.588411426392,0.0,0.0,7562.1157826669405
9365.189920000003,2459.6232564899046,0.0,0.0,7562.1157826669405
8889.361920000001,2344.2857506178093,0.0,0.0,7562.115782666939
7938.728640000001,2182.0830398931193,0.0,0.0,7562.11578266694
6916.873440000001,2010.8007569515164,0.0,0.0,0.0
5818.949680000001,1826.4889103284386,0.0,0.0,0.0
4488.353360000001,1652.8107141967575,0.0,0.0,0.0
3567.2548800000004,1582.3465807466634,0.0,0.0,0.0
3231.7350400000005,1572.3210922064109,0.0,0.0,0.0
2994.6557600000006,1577.2547550147694,0.0,0.0,0.0
2885.55184,1615.1567139296963,0.0,0.0,0.0
2862.442880000001,1651.0352078293236,0.0,0.0,0.0
3033.3649600000012,1678.2718836681458,0.0,0.0,0.0
3368.241840000001,1709.3463063161178,0.0,0.0,0.0
3766.2641600000006,1780.3410508645254,0.0,0.0,0.0
4227.962080000001,1871.069426240409,0.0,0.0,0.0
4667.13384,1939.4427478819557,0.0,0.0,0.0
5068.322080000001,2012.6823855386133,0.0,0.0,0.0
5243.579440000002,2054.9384166775867,0.0,0.0,0.0
5428.5376000000015,2105.2607569168863,0.0,0.0,0.0
6368.169120000001,2328.1276222682004,0.0,0.0,0.0
7285.763280000002,2432.492702870745,0.0,0.0,7562.115782666939
7648.061840000001,2471.7415976506218,0.0,0.0,7562.11578266694
7821.401600000003,2494.62318085944,0.0,0.0,7562.115782666938
8235.667120000002,2573.9536216811625,0.0,0.0,7562.11578266694
8521.209040000002,2675.438096263439,0.0,0.0,7562.11578266694
8827.885920000002,2749.0756922438313,0.0,0.0,7562.11578266694
9052.662480000003,2800.937825074199,0.0,0.0,7562.11578266694
8817.767760000002,2778.871546226059,0.0,0.0,7562.115782666938
8022.166800000001,2601.9300918397494,0.0,0.0,0.0
7601.964240000002,2537.0781911602808,0.0,0.0,0.0
7496.782000000002,2553.6342778336248,0.0,0.0,0.0
7197.910880000001,2525.3567879173406,0.0,0.0,7562.11578266694
6424.832320000001,2414.599884392034,0.0,0.0,7562.115782666938
5638.435840000001,2277.562425410827,0.0,0.0,0.0
4845.034480000001,2127.1045872661175,0.0,0.0,0.0
4100.137120000001,1897.9601844593699,0.0,0.0,0.0
3691.605600000001,1777.348200188845,0.0,0.0,0.0
3608.731440000001,1701.2361197595856,0.0,0.0,0.0
3555.636480000001,1629.8209679563604,0.0,0.0,0.0
3574.9967200000015,1608.2710145231183,0.0,0.0,0.0
3628.682000000001,1623.2913902292278,0.0,0.0,0.0
3755.5594400000004,1613.502635871299,0.0,0.0,0.0
3679.7052000000003,1673.2137313328753,0.0,0.0,0.0
3615.2512800000004,1755.7492672696048,0.0,0.0,0.0
4014.2136000000005,1858.3521067821728,0.0,0.0,0.0
4715.840880000002,1878.0081867568185,0.0,0.0,0.0
4522.580640000001,1772.9114750821764,0.0,0.0,0.0
4791.992160000002,1801.283862752582,0.0,0.0,0.0
5550.034480000001,1962.4682083308928,0.0,0.0,0.0
6492.286720000001,2258.3083853837493,0.0,0.0,0.0
7518.300480000001,2679.5850260779516,0.0,0.0,0.0
8618.198240000002,3027.771008385408,0.0,0.0,0.0
9435.603440000003,3175.6186480887964,0.0,0.0,0.0
9977.460800000003,3196.92268368609,0.0,0.0,0.0
9884.412080000002,3254.2194986503387,0.0,0.0,0.0
9390.017200000002,3201.886958673197,0.0,0.0,0.0
9102.907360000001,3131.324866251107,0.0,0.0,0.0
9045.58616,3138.6289321005856,0.0,0.0,0.0
8774.727040000002,3120.203461711644,0.0,0.0,0.0
8763.714000000002,3062.3168521035004,0.0,0.0,0.0
8828.017520000001,3062.2229747553374,0.0,0.0,0.0
8816.444240000003,3141.780966105761,0.0,0.0,0.0
8862.579440000001,3213.5746885195135,0.0,0.0,0.0
9380.56832,3388.6865550225994,0.0,0.0,7562.1157826669405
9206.093040000002,3470.510868006397,0.0,0.0,0.0
10093.44928,3573.2249317684186,0.0,0.0,0.0
11342.517520000003,3698.3011921064863,0.0,0.0,0.0
11880.750240000003,3787.0387554577355,0.0,0.0,0.0
12197.966400000001,3792.0285405938007,0.0,0.0,0.0
12373.547120000003,3764.209212952791,0.0,0.0,0.0
12578.218960000002,3760.735751070753,0.0,0.0,0.0
12726.2088,3743.0970136756578,0.0,0.0,0.0
12680.066080000002,3686.7338701632493,0.0,0.0,7562.1157826669405
12430.811920000004,3604.5901701145053,0.0,0.0,7562.11578266694
11914.526320000004,3494.695509623958,0.0,0.0,7562.115782666939
11148.102960000002,3351.4407171388566,0.0,0.0,7562.1157826669405
10111.978560000001,3186.9502562556677,0.0,0.0,0.0
8575.582400000003,2965.1221641698985,0.0,0.0,0.0
7233.138320000002,2810.6337224899225,0.0,0.0,0.0
6540.441040000001,2656.5779329362636,0.0,0.0,0.0
5923.5228000000025,2522.5578143737366,0.0,0.0,0.0
5533.167120000002,2390.1285087001916,0.0,0.0,0.0
4990.523920000001,2219.734999348264,0.0,0.0,0.0
4449.80208,2019.232371384912,0.0,0.0,0.0
3976.508320000001,1874.131664521254,0.0,0.0,0.0
3606.336320000001,1738.8207324214827,0.0,0.0,0.0
3160.272480000001,1604.7802057397894,0.0,0.0,0.0
2842.2629600000005,1533.1507686853222,0.0,0.0,0.0
2492.50776,1463.559082329571,0.0,0.0,129.04233043015157
2184.9848800000004,1378.056205866119,0.0,0.0,1528.5162824331737
1970.9468800000004,1275.8288757462035,0.0,0.0,2393.6471443754754
1784.2553600000003,1158.564843424846,0.0,0.0,2917.7359936283683
1597.1201600000002,1058.4844474411843,0.0,0.0,3161.7685714906497
1432.02608,964.2234266376818,0.0,0.0,3154.248050004129
1325.5240800000004,885.8552286346311,0.0,0.0,3075.0012930851008
1318.7673600000003,847.7634742114611,0.0,0.0,2996.772053247472
1368.9596000000001,840.6818568608907,0.0,0.0,2824.126486941095
1444.9191200000002,852.0318323350112,0.0,0.0,2607.4180997910125
1500.1648000000005,859.7889584299734,0.0,0.0,2525.8191522455445
1513.0390400000003,850.4940805558599,0.0,0.0,2720.8889790994017
1497.7396000000006,826.2727043238002,0.0,0.0,2765.442167005519
1477.86424,798.7931718669031,0.0,0.0,2715.191146196313
1520.1379200000003,793.0370618561585,0.0,0.0,2655.771644047643
1628.7944000000005,795.3615466291556,0.0,0.0,2558.2226231142276
1682.1638400000002,795.9819534517992,0.0,0.0,2302.995086857146
1701.0465600000002,800.7166370982904,0.0,0.0,1850.1954439204337
1681.6825600000004,809.4268223583002,0.0,0.0,1566.6676392885568
1637.7056000000002,796.212565198374,0.0,0.0,1356.0516513969528
1535.9825600000001,763.88814525149,0.0,0.0,1434.615647093409
1386.3721600000001,716.3045746042557,0.0,0.0,1589.077838897599
1276.4335200000005,659.9516351514297,0.0,0.0,1764.9041558166682
1134.2792000000002,582.3783333898914,0.0,0.0,2065.1585889502094
931.1828000000003,500.1672865479002,0.0,0.0,2835.436224066905
660.4064000000001,405.645041819074,0.0,0.0,4164.627291873492
456.6482400000001,326.52174340688464,0.0,0.0,4941.249965425286
294.5095200000001,259.89637717189845,0.0,0.0,5357.317258916945
143.93656000000004,202.9424186096367,0.0,0.0,5465.0261471972135
94.41736000000002,188.91183668307394,0.0,0.0,5250.570262456159
198.71600000000004,231.93827432056082,0.0,0.0,4852.953813797899
403.21864000000005,296.069768393473,0.0,0.0,4489.494428288967
663.7001600000001,369.0583861843898,0.0,0.0,4044.6482187077927
960.1310400000003,445.07965048336075,0.0,0.0,3536.57992440891
1286.34112,511.1060384208276,0.0,0.0,3111.5053740176495
1565.0135200000002,559.8436882068943,0.0,0.0,2967.258142102974
1758.7625600000003,596.3834051674968,0.0,0.0,2714.8073677091465
1882.5680800000007,657.5873545460591,0.0,0.0,2440.236747715715
2083.77696,753.575922636956,0.0,0.0,2142.054932098188
2526.1936000000005,876.5093304626031,0.0,0.0,1592.5221297050261
3009.7559200000005,1013.260055369529,0.0,0.0,790.8699529444573
3228.031440000001,1132.2414309186977,0.0,0.0,38.931740864196776
3268.669520000001,1203.1382164951087,0.0,0.0,0.0
3327.750400000001,1252.3564774875326,0.0,0.0,0.0
3339.3124000000007,1267.947260124329,0.0,0.0,0.0
3277.889040000001,1285.0023253112797,0.0,0.0,0.0
3223.1321600000006,1326.9522346627648,0.0,0.0,0.0
3178.3618400000005,1408.9694043726797,0.0,0.0,0.0
3146.2326400000006,1510.8548984965666,0.0,0.0,0.0
3250.3132000000005,1597.2414465199026,0.0,0.0,541.529709441758
3645.6997600000004,1669.0657811124045,0.0,0.0,645.6991935804333
4098.166880000001,1695.476948530966,0.0,0.0,412.54990256475986
4683.072480000001,1745.3707182677813,0.0,0.0,0.0
5467.42352,1840.7082673572856,0.0,0.0,0.0
6182.32736,1968.5477870304173,0.0,0.0,0.0
6519.659520000001,2134.463755037344,0.0,0.0,0.0
6745.643040000001,2416.7437573104125,0.0,0.0,0.0
7661.977600000002,2669.794230908107,0.0,0.0,0.0
8827.182800000002,2844.468343255084,0.0,0.0,0.0
9649.205280000002,2921.357973024564,0.0,0.0,0.0
10024.742800000002,2993.797612409918,0.0,0.0,0.0
10395.81344,3169.8574360482608,0.0,0.0,0.0
10882.109280000002,3281.022501956886,0.0,0.0,0.0
10856.285600000001,3298.9816468228864,0.0,0.0,7562.115782666941
10293.83848,3310.4622342596685,0.0,0.0,7562.1157826669405
9843.721360000001,3325.75709916856,0.0,0.0,7562.1157826669405
9360.956160000003,3373.9518929848127,0.0,0.0,7562.11578266694
9114.999520000003,3424.3293351458606,0.0,0.0,7562.1157826669405
9030.820640000002,3412.221198044726,0.0,0.0,7562.115782666938
9160.070640000004,3407.626310014522,0.0,0.0,7562.11578266694
9281.8044,3403.5426453694236,0.0,0.0,7562.1157826669405
9213.898800000003,3376.7488257165014,0.0,0.0,0.0
9061.731600000001,3363.617221439196,0.0,0.0,0.0
9296.7692,3372.8835279464774,0.0,0.0,7562.115782666939
10100.488000000003,3390.736550592815,0.0,0.0,7562.1157826669405
10433.924800000003,3360.954982294003,0.0,0.0,7562.1157826669405
10688.371520000002,3309.0040741452644,0.0,0.0,7562.1157826669405
11062.269680000003,3325.4356712916965,0.0,0.0,7562.1157826669405
11546.253120000003,3412.723237776207,0.0,0.0,7562.1157826669405
11940.05296,3521.4597375040894,0.0,0.0,7562.1157826669405
12245.714640000004,3586.6973516357943,0.0,0.0,7562.115782666939
12256.723920000004,3586.0861284667753,0.0,0.0,7562.11578266694
11909.371360000001,3533.6311397746376,0.0,0.0,7562.11578266694
11368.525440000001,3428.0946331319706,0.0,0.0,7562.11578266694
10692.721840000002,3304.381635154186,0.0,0.0,0.0
9647.983280000002,3174.583956447085,0.0,0.0,0.0
8700.40688,3032.5781408549374,0.0,0.0,0.0
7918.6878400000005,2871.635631488743,0.0,0.0,7562.1157826669405
7301.540240000001,2681.3329814845124,0.0,0.0,7562.115782666938
7093.085840000001,2526.3639285981785,0.0,0.0,0.0
7000.706400000001,2384.9917851061323,0.0,0.0,0.0
6696.1802400000015,2224.5778460263346,0.0,0.0,0.0
6166.200720000001,2030.6854078608199,0.0,0.0,0.0
5388.61768,1806.5981369833848,0.0,0.0,0.0
4539.590880000001,1594.886349568157,0.0,0.0,0.0
3615.9318400000006,1369.0970415522845,0.0,0.0,0.0
2743.3824800000007,1147.337316665721,0.0,0.0,420.3631870524992
2049.4857600000005,973.1458563370173,0.0,0.0,2244.2977716218957
1623.5416800000003,886.6919615204336,0.0,0.0,3248.8748692032873
1517.1186400000004,934.3336953072909,0.0,0.0,3528.6026518621834
1750.8628000000003,1077.6956304180133,0.0,0.0,3110.7509263522675
2239.3883200000005,1267.014609078447,0.0,0.0,2146.659676184664
2837.0478400000006,1473.6406931975305,0.0,0.0,1038.3336357545074
3442.0619200000006,1619.3332355169996,0.0,0.0,113.07829840726873
3973.58304,1719.4503661151598,0.0,0.0,0.0
4336.103440000001,1789.3165416736927,0.0,0.0,0.0
4422.872960000001,1801.0297816689663,0.0,0.0,0.0
4465.052640000002,1778.4063611675974,0.0,0.0,0.0
4992.866400000001,1826.6542160936824,0.0,0.0,0.0
6109.06,2026.263988843526,0.0,0.0,0.0
7595.572240000002,2325.837831297785,0.0,0.0,0.0
8949.104560000002,2665.3840363563536,0.0,0.0,7562.1157826669405
9556.058800000003,2882.512138598214,0.0,0.0,7562.1157826669405
9846.42856,2997.337400679245,0.0,0.0,7562.11578266694
9680.183920000001,3038.3791487278468,0.0,0.0,7562.115782666939
9151.482800000002,2972.9680655832326,0.0,0.0,7562.1157826669405
8484.639280000001,2896.436598305114,0.0,0.0,7562.115782666941
7450.958880000001,2801.7265988799613,0.0,0.0,7562.115782666939
6791.924880000001,2659.4513961148236,0.0,0.0,0.0
6033.3787200000015,2353.1112417511063,0.0,0.0,0.0
5098.270480000001,1999.485475279978,0.0,0.0,0.0
4465.466240000001,1754.3186581160746,0.0,0.0,0.0
4764.235840000001,1651.1372484251528,0.0,0.0,0.0
5000.367600000001,1614.6465109505486,0.0,0.0,0.0
5299.610960000002,1666.3698685705876,0.0,0.0,0.0
5676.9457600000005,1772.8696384378861,0.0,0.0,0.0
6158.255840000001,1889.7877531393813,0.0,0.0,0.0
6530.717680000002,1980.3691900572703,0.0,0.0,0.0
6683.4075200000025,2013.593608059371,0.0,0.0,0.0
6726.230160000001,2011.183409185877,0.0,0.0,0.0
6758.039760000001,1973.5477762260655,0.0,0.0,0.0
6749.568480000001,1928.0519561695035,0.0,0.0,0.0
6462.90984,1832.4491015308422,0.0,0.0,0.0
5681.50288,1682.8606492626009,0.0,0.0,0.0
4856.235520000001,1553.4303167004864,0.0,0.0,0.0
4338.29928,1464.674386041988,0.0,0.0,0.0
4064.6088800000007,1392.3857667384618,0.0,0.0,0.0
3793.212080000001,1315.4369534234004,0.0,0.0,0.0
3557.012640000001,1247.0309787911885,0.0,0.0,0.0
3326.848000000001,1188.3943708036975,0.0,0.0,0.0
3052.2364000000007,1112.5700448546777,0.0,0.0,0.0
2717.0925600000005,1053.0385408417612,0.0,0.0,0.0
2476.930080000001,1001.5662030874629,0.0,0.0,0.0
2396.0863200000003,985.4019523021044,0.0,0.0,0.0
2314.87784,954.6009984509554,0.0,0.0,0.0
2145.6740800000002,913.451087370774,0.0,0.0,83.63556323691877
2306.1471200000005,899.3582606807553,0.0,0.0,111.41701190515026
2572.2197600000004,896.2990836177854,0.0,0.0,221.29680019917916
2692.581120000001,894.20112896753,0.0,0.0,213.91804034172023
2667.8854400000005,909.5051775300453,0.0,0.0,73.71930965936106
2649.2358400000007,922.8541282764667,0.0,0.0,0.0
2630.9772800000005,909.7000750680799,0.0,0.0,0.0
2565.196080000001,870.0787321134248,0.0,0.0,0.0
2477.8061600000005,824.0584233942992,0.0,0.0,33.715519081395335
2361.5093600000005,768.9309914973861,0.0,0.0,371.06594920851876
2162.1466400000004,689.2730003630502,0.0,0.0,949.9041112532334
1869.8329600000006,594.0048388787101,0.0,0.0,1409.1405494301946
1549.9998400000004,508.51726850463194,0.0,0.0,1816.7010389782697
1405.50304,462.7908367014952,0.0,0.0,2120.7347940132136
1481.7896800000003,448.1061745556652,0.0,0.0,2186.524944932999
1582.4448800000002,449.152090662918,0.0,0.0,2079.9540390000225
1672.6021600000006,466.05511536208246,0.0,0.0,1708.8563728329536
1702.7160000000006,481.7938568628318,0.0,0.0,1517.095576398397
1628.1138400000002,472.05306158494324,0.0,0.0,1386.749302450821
1441.2982400000003,432.8613095387308,0.0,0.0,1643.2669238663568
1226.9406400000003,380.0369338896908,0.0,0.0,1843.2683135940492
1090.5128000000002,333.21662689926137,0.0,0.0,1973.092183195033
1027.9652,310.4513699696893,0.0,0.0,2036.9009928028256
940.6467200000002,299.90139276687245,0.0,0.0,2457.9628786079197
858.4080000000001,296.8044606834457,0.0,0.0,3158.5991696507986
880.0656000000002,318.7452295987149,0.0,0.0,3503.1457633436235
946.9710400000004,358.81351036310326,0.0,0.0,3633.989886845094
1015.0345600000002,405.05932879901235,0.0,0.0,3546.682652835174
1155.0381600000003,466.35511471382137,0.0,0.0,3139.952620041686
1395.6029600000002,554.1630882370633,0.0,0.0,2611.5953346609094
1711.5407200000004,663.2210158418085,0.0,0.0,2065.822046777459
2140.7071200000005,779.0717859109267,0.0,0.0,1436.7599337861236
2603.7473600000008,865.2348650293961,0.0,0.0,825.2297801075908
2945.9938400000005,909.7674218613273,0.0,0.0,488.5338046326319
3019.1183200000005,882.4970726258808,0.0,0.0,687.5790940942652
2888.7854400000006,829.2849427126886,0.0,0.0,814.7508657042281
2657.5416800000007,792.7707359010434,0.0,0.0,967.6679872231241
2406.0315200000005,804.9074443690097,0.0,0.0,1264.2515611762278
2487.555840000001,880.6317705341169,0.0,0.0,1162.4739902362983
2840.2814400000007,988.0437833281314,0.0,0.0,607.3737407755657
3137.0281600000003,1078.931342033509,0.0,0.0,0.0
3365.70008,1178.0627604759559,0.0,0.0,0.0
3495.8449600000004,1237.46365252621,0.0,0.0,0.0
3527.511680000001,1267.1003231789439,0.0,0.0,0.0
3365.3052800000005,1254.4523913258713,0.0,0.0,0.0
3200.5195200000007,1199.999447767392,0.0,0.0,0.0
2996.2236800000005,1169.2689019273655,0.0,0.0,0.0
2797.3723200000004,1177.717863262052,0.0,0.0,248.09489140059694
2842.5825600000003,1243.1799667045816,0.0,0.0,1073.3971822236285
3116.3632000000007,1342.8654655823823,0.0,0.0,1197.4373383141146
3515.145040000001,1429.5285436204172,0.0,0.0,953.1717548085034
4066.729520000001,1545.4946195628227,0.0,0.0,238.0944901246382
4724.612960000001,1694.1565432209318,0.0,0.0,0.0
5413.993920000001,1881.4796078269394,0.0,0.0,7562.11578266694
6124.288000000001,2031.36193701117,0.0,0.0,7562.1157826669405
6777.854960000001,2112.840332375105,0.0,0.0,7562.115782666939
7286.598000000001,2166.2473598263323,0.0,0.0,7562.1157826669405
7645.756960000002,2126.757649240297,0.0,0.0,0.0
7656.969280000001,2054.393519895857,0.0,0.0,0.0
7285.379760000001,2004.667096736202,0.0,0.0,0.0
6474.874160000001,1957.998830233559,0.0,0.0,0.0
5777.559600000001,1907.2622051751912,0.0,0.0,0.0
5482.809440000001,1898.1326330663217,0.0,0.0,0.0
5371.821760000002,1929.5233815613653,0.0,0.0,0.0
5222.515920000002,1943.1151889258608,0.0,0.0,0.0
5089.975920000002,1994.4007923897914,0.0,0.0,0.0
4846.102320000002,2029.08132969438,0.0,0.0,0.0
4756.181920000001,2059.275142000343,0.0,0.0,0.0
4767.194960000002,2059.2486114454273,0.0,0.0,0.0
4861.849200000001,2020.7058375886904,0.0,0.0,0.0
4743.345280000001,1977.8845015488207,0.0,0.0,0.0
4468.944240000002,1956.8233225696024,0.0,0.0,0.0
4595.5848000000005,1927.4131820396103,0.0,0.0,0.0
5059.753040000001,1855.714357379979,0.0,0.0,0.0
4960.2484,1767.7543433689511,0.0,0.0,0.0
4765.909040000001,1667.9627222714869,0.0,0.0,7562.115782666941
4476.998160000001,1552.5588900121022,0.0,0.0,7562.11578266694
4207.831040000001,1458.4601137559687,0.0,0.0,7562.1157826669405
4092.1546400000007,1431.858130423206,0.0,0.0,7562.115782666939
4130.390080000001,1448.5907473273348,0.0,0.0,0.0
4219.381760000001,1471.4202898322792,0.0,0.0,0.0
4285.166720000001,1482.1396544241732,0.0,0.0,0.0
4417.394640000001,1518.721208029066,0.0,0.0,0.0
4515.384000000001,1539.9609580509864,0.0,0.0,0.0
4459.281040000001,1522.7711992775407,0.0,0.0,0.0
4232.680880000001,1485.9508706784068,0.0,0.0,0.0
4147.355200000001,1447.9387079199842,0.0,0.0,0.0
4215.821040000001,1388.9184272921739,0.0,0.0,0.0
4287.035440000001,1330.2910029583077,0.0,0.0,0.0
4266.829200000001,1268.989094607749,0.0,0.0,0.0
4113.07152,1203.2371958730632,0.0,0.0,0.0
3901.5828000000006,1139.6577414235892,0.0,0.0,0.0
3716.5156000000006,1086.9211206869625,0.0,0.0,0.0
3523.4170400000007,1060.8140342439726,0.0,0.0,0.0
3210.7993600000004,1027.2630863352178,0.0,0.0,0.0
2796.161600000001,995.7162157285547,0.0,0.0,559.1347209444225
2614.861920000001,1009.1957784376382,0.0,0.0,1655.1679148350013
2493.36504,1078.2874658738247,0.0,0.0,2219.6307607603685
2432.573360000001,1182.1331598435966,0.0,0.0,2399.0815032085834
2530.5777600000006,1298.2237253129142,0.0,0.0,2120.0677443817362
2759.0353600000008,1441.442803589475,0.0,0.0,1450.6407087891473
3091.0396000000005,1526.5956808092324,0.0,0.0,738.2249954578961
3440.8587200000006,1636.9036057128894,0.0,0.0,156.36909493883138
3779.615920000001,1704.4024394481767,0.0,0.0,0.0
4118.730320000001,1715.8789452611256,0.0,0.0,0.0
4431.930800000002,1706.794271014421,0.0,0.0,0.0
4630.8724,1607.458771380315,0.0,0.0,0.0
4619.795440000001,1490.3273918335362,0.0,0.0,0.0
4200.702080000001,1337.4093549233767,0.0,0.0,0.0
3697.5200800000007,1177.2984764131925,0.0,0.0,120.60692175549742
3334.574800000001,1064.6946381033706,0.0,0.0,588.6160797186196
3135.193280000001,997.8764151422664,0.0,0.0,651.8789606024021
2944.91472,965.981586103825,0.0,0.0,443.4849022873239
2683.02696,946.7316277005808,0.0,0.0,425.8780879030659
2467.4812000000006,931.2673754026129,0.0,0.0,376.4977442547797
2357.1214400000003,917.9735265779395,0.0,0.0,420.03021339339597
2307.5872000000004,891.7868484702028,0.0,0.0,424.93204147087
2299.1234400000008,852.4226478170383,0.0,0.0,443.8075954638248
2302.8082400000008,817.5676210935816,0.0,0.0,558.1275143969069
2112.4544800000003,784.1421831176968,0.0,0.0,1309.7182169805228
1917.3744000000006,731.5831130178137,0.0,0.0,2542.84543099515
1736.0108000000002,668.1363113429178,0.0,0.0,3314.8065509495536
1558.1740800000002,623.7537541868562,0.0,0.0,3790.578724915778
1446.9044000000004,594.8711635373029,0.0,0.0,3887.375108660511
1429.8528000000003,567.2722435832852,0.0,0.0,3653.1964254514287
1507.9630400000003,554.928392705785,0.0,0.0,3269.386184531291
1668.4473600000003,589.8334193211982,0.0,0.0,2901.466248593289
1880.5828000000006,661.4822440888731,0.0,0.0,2398.790820173787
2117.9779200000007,759.5687668300254,0.0,0.0,1878.4193286088487
2344.5780800000007,855.4991717812992,0.0,0.0,1569.8379149890827
2409.45688,906.5306941616142,0.0,0.0,1670.412472551263
2347.3416800000005,918.9622999515278,0.0,0.0,1656.0693899901214
2174.4268,908.4766083240835,0.0,0.0,1727.258001468168
1993.6347200000002,884.0154366918244,0.0,0.0,1848.2516867880001
1966.97632,880.2062612495074,0.0,0.0,1880.428980248008
2123.2494400000005,909.3817084090917,0.0,0.0,1569.211909113518
2488.646240000001,993.8754033797899,0.0,0.0,755.8318898442411
2872.5084000000006,1097.3394655211591,0.0,0.0,22.188399463564398
3130.5083200000004,1201.1545473121823,0.0,0.0,0.0
3327.900800000001,1299.6492324366525,0.0,0.0,0.0
3458.6773600000006,1364.6337858906998,0.0,0.0,0.0
3466.00936,1411.2826646801357,0.0,0.0,0.0
3262.390320000001,1406.2653285831968,0.0,0.0,0.0
3055.5113600000004,1363.719502152067,0.0,0.0,0.0
3247.3390400000003,1375.8939656404903,0.0,0.0,0.0
3656.3368000000005,1443.3427994838214,0.0,0.0,0.0
4177.799920000001,1537.103821367759,0.0,0.0,0.0
4712.389200000001,1637.165850044171,0.0,0.0,0.0
5212.758720000001,1771.4900495822708,0.0,0.0,0.0
5649.336080000001,1914.1009659076876,0.0,0.0,7562.11578266694
6071.399840000001,2057.029228486135,0.0,0.0,7562.11578266694
6552.856560000001,2195.6626023861154,0.0,0.0,7562.11578266694
7121.026400000002,2329.5194559953156,0.0,0.0,7562.11578266694
7697.0170400000015,2455.4467349026017,0.0,0.0,0.0
8122.694160000002,2531.8282025048507,0.0,0.0,0.0
8242.6908,2550.6648964949854,0.0,0.0,0.0
7992.267280000001,2519.0047608269515,0.0,0.0,0.0
7560.420000000001,2494.4997117384855,0.0,0.0,0.0
7285.567760000001,2502.5180617587716,0.0,0.0,0.0
7241.29752,2520.943532147713,0.0,0.0,0.0
7305.586000000002,2577.545450654363,0.0,0.0,0.0
7203.821600000001,2627.1810576837293,0.0,0.0,7562.1157826669405
7152.166720000001,2670.2646380548813,0.0,0.0,7562.11578266694
6978.217840000001,2682.14828584519,0.0,0.0,7562.1157826669405
7106.760960000001,2704.92680805222,0.0,0.0,7562.1157826669405
7286.789760000001,2707.514557562457,0.0,0.0,7562.115782666939
7352.537120000003,2643.4055124206275,0.0,0.0,0.0
7089.71312,2533.6302394272,0.0,0.0,0.0
7292.926080000001,2436.8865709271654,0.0,0.0,0.0
7426.755760000001,2313.683775928528,0.0,0.0,0.0
7204.107360000002,2211.1574668628323,0.0,0.0,0.0
7037.723600000001,2161.98614454449,0.0,0.0,7562.1157826669405
6931.003520000001,2115.0719602058975,0.0,0.0,7562.1157826669405
6949.536560000001,2086.950592401233,0.0,0.0,7562.1157826669405
7116.563280000001,2077.4138783150033,0.0,0.0,7562.115782666939
7175.59152,2046.6527202962275,0.0,0.0,7562.1157826669405
6959.598320000001,1995.0130359647687,0.0,0.0,0.0
6460.157520000001,1859.5102675448381,0.0,0.0,0.0
5783.180800000001,1682.0708550508805,0.0,0.0,0.0
4887.492400000001,1473.2192655367544,0.0,0.0,0.0
3845.7129600000007,1275.2747953108487,0.0,0.0,0.0
2941.387840000001,1126.0098117313871,0.0,0.0,462.6059316196125
2507.491360000001,1045.57427125683,0.0,0.0,964.1813334159301
2326.8346400000005,1064.8436173732816,0.0,0.0,1034.6942333076254
2324.7140000000004,1107.3241378230805,0.0,0.0,656.7111565605414
2517.1658400000006,1168.5627810042247,0.0,0.0,189.38787386911153
2740.74672,1271.5258238200713,0.0,0.0,0.0
3150.7596800000006,1415.1836766586996,0.0,0.0,0.0
3677.900400000001,1601.3363356305424,0.0,0.0,0.0
4368.424400000001,1884.9040902229792,0.0,0.0,0.0
5117.5668000000005,2172.2973467530655,0.0,0.0,0.0
5803.21032,2372.426506135682,0.0,0.0,0.0
6803.735040000001,2449.236544240415,0.0,0.0,0.0
7994.632320000001,2553.9883587011536,0.0,0.0,0.0
8758.67184,2606.7586528344045,0.0,0.0,0.0
9161.67616,2678.3615593339555,0.0,0.0,0.0
9541.282000000001,2759.867505658765,0.0,0.0,7562.115782666939
9955.017360000002,2851.5040423375312,0.0,0.0,7562.115782666938
10158.17768,2899.2049596699694,0.0,0.0,7562.11578266694
10086.786560000002,2918.4222650825486,0.0,0.0,0.0
9929.626080000004,2947.7181201452117,0.0,0.0,0.0
9853.922240000004,3012.936346563708,0.0,0.0,7562.11578266694
9705.353360000001,3080.403547714288,0.0,0.0,7562.115782666939
9333.158480000002,3043.4985254206154,0.0,0.0,0.0
8587.91896,2879.060105241301,0.0,0.0,0.0
7658.345440000002,2636.187160671645,0.0,0.0,0.0
6871.054080000001,2465.687529100055,0.0,0.0,0.0
6235.986320000002,2376.0867023080878,0.0,0.0,0.0
6036.6010400000005,2352.8816504104902,0.0,0.0,0.0
6068.835520000001,2379.052002022894,0.0,0.0,0.0
6048.257040000001,2347.261254392199,0.0,0.0,0.0
6029.50968,2343.5530991397536,0.0,0.0,0.0
5904.914560000001,2339.760250192769,0.0,0.0,0.0
5815.971760000001,2292.910351429549,0.0,0.0,0.0
5586.532800000001,2187.652415613496,0.0,0.0,0.0
5111.4004,2049.163939359593,0.0,0.0,0.0
4910.0862400000005,1969.3161527170141,0.0,0.0,0.0
5467.468640000002,1942.023354550485,0.0,0.0,0.0
5715.466960000002,1861.3908757259765,0.0,0.0,0.0
5571.030320000002,1762.6410891119324,0.0,0.0,0.0
5433.737680000001,1672.1657744137058,0.0,0.0,0.0
5169.5826400000005,1538.3732063798786,0.0,0.0,0.0
4778.986320000001,1419.8959113741078,0.0,0.0,0.0
4204.022160000001,1311.254309400347,0.0,0.0,0.0
3732.364000000001,1204.7596415628402,0.0,0.0,169.71478038588762
3348.817680000001,1107.9608711410567,0.0,0.0,632.496389949809
2890.8835200000008,1015.674335866856,0.0,0.0,1409.441989176654
2732.0348,947.0255046165698,0.0,0.0,1566.72121172876
3133.0012000000006,947.5081566348438,0.0,0.0,1058.432621772989
3756.5972000000006,1038.9824487662413,0.0,0.0,334.15236518026086
4336.539600000001,1223.4830704916037,0.0,0.0,0.0
4577.187120000001,1371.6286687348156,0.0,0.0,0.0
4750.496800000002,1517.387537441574,0.0,0.0,0.0
5018.63744,1651.3219419036043,0.0,0.0,0.0
5060.975040000001,1723.1360724365231,0.0,0.0,0.0
4799.185040000001,1886.181638482765,0.0,0.0,0.0
4693.446320000001,2189.4932279622612,0.0,0.0,0.0
5205.028160000001,2474.8793459723806,0.0,0.0,0.0
6060.202560000002,2595.8892885666405,0.0,0.0,0.0
6613.204560000002,2592.9658254961237,0.0,0.0,0.0
7206.468640000002,2526.295561398973,0.0,0.0,0.0
8187.644400000001,2485.3823845011157,0.0,0.0,0.0
9320.197760000001,2529.9649412250033,0.0,0.0,7562.115782666939
10344.248800000001,2679.5840056719935,0.0,0.0,7562.1157826669405
10869.881760000002,2861.8897341810625,0.0,0.0,0.0
10981.076240000004,3010.215944278892,0.0,0.0,0.0
10813.654720000002,3099.1433031383845,0.0,0.0,0.0
10471.927120000002,3137.445261188963,0.0,0.0,0.0
10096.066240000002,3175.5655869789657,0.0,0.0,0.0
9796.834160000002,3188.428824489238,0.0,0.0,0.0
9689.798240000004,3183.633936891208,0.0,0.0,0.0
9569.406800000002,3182.246184787926,0.0,0.0,7562.1157826669405
9205.190640000003,3165.2003032546004,0.0,0.0,0.0
8663.464880000001,3143.28402408233,0.0,0.0,0.0
8334.619040000001,3138.194239162352,0.0,0.0,0.0
8456.371600000002,3128.717729027662,0.0,0.0,0.0
8841.28656,3131.3677233013555,0.0,0.0,0.0
8973.59344,3088.6861828777724,0.0,0.0,0.0
9141.022480000001,3078.3780418870715,0.0,0.0,0.0
9248.092240000002,3053.26585125342,0.0,0.0,0.0
8952.266720000001,2923.511029596568,0.0,0.0,0.0
8518.98312,2747.67569526905,0.0,0.0,7562.11578266694
8038.526560000001,2586.9393079064307,0.0,0.0,0.0
7430.8391200000015,2454.5855122738,0.0,0.0,0.0
7371.912400000003,2396.108087615803,0.0,0.0,0.0
7843.205840000001,2368.4775350770788,0.0,0.0,7562.115782666939
7773.7022400000005,2282.847107868839,0.0,0.0,7562.11578266694
7449.5112800000015,2175.8626451713503,0.0,0.0,0.0
6991.825280000003,2054.282295646403,0.0,0.0,0.0
6591.520640000002,1987.591623430086,0.0,0.0,0.0
6407.814560000001,1967.5835033998283,0.0,0.0,0.0
6340.164640000002,1995.3263005939652,0.0,0.0,0.0
6239.422960000002,2032.9078520379876,0.0,0.0,0.0
5930.411120000001,2138.57905226715,0.0,0.0,0.0
5831.48928,2300.7858446156733,0.0,0.0,0.0
6199.600800000001,2394.532580816195,0.0,0.0,0.0
7417.592640000001,2611.76578487176,0.0,0.0,0.0
8970.077840000002,2883.734584936252,0.0,0.0,0.0
9892.992400000001,3173.6033463211634,0.0,0.0,0.0
10263.495280000001,3452.463968227983,0.0,0.0,0.0
10256.01664,3624.5850248673046,0.0,0.0,0.0
10053.4316,3681.973676367801,0.0,0.0,7562.11578266694
9828.478320000002,3691.324676569621,0.0,0.0,0.0
10099.416400000002,3672.5757374919,0.0,0.0,0.0
10134.722800000003,3671.0328836829563,0.0,0.0,7562.11578266694
10009.488480000004,3648.582932194498,0.0,0.0,0.0
9481.343840000001,3601.3432383552095,0.0,0.0,0.0
9007.835760000004,3447.2496937810934,0.0,0.0,0.0
8975.078640000002,3304.6602059808,0.0,0.0,7562.115782666937
9432.828560000002,3206.564499586024,0.0,0.0,0.0
9028.861680000002,3079.157632039209,0.0,0.0,0.0
8594.630560000001,2905.1804569617475,0.0,0.0,0.0
8193.31072,2744.0695806124345,0.0,0.0,0.0
8001.531920000002,2638.061646417034,0.0,0.0,0.0
8042.873120000001,2586.0933913670037,0.0,0.0,0.0
7934.212880000001,2508.137437371105,0.0,0.0,7562.115782666939
7495.450960000003,2379.2377159073044,0.0,0.0,7562.1157826669405
6874.780240000001,2185.338134900082,0.0,0.0,0.0
6032.8072,1939.1856055804649,0.0,0.0,0.0
5098.597600000001,1697.0381696471582,0.0,0.0,0.0
4057.746880000001,1473.1886533580055,0.0,0.0,0.0
3117.0174400000005,1287.245177607613,0.0,0.0,285.52752276772577
2781.208080000001,1248.130976414231,0.0,0.0,582.1733837670506
2869.5004000000004,1327.0471324168861,0.0,0.0,306.07099490774704
3169.262640000001,1475.5376278740018,0.0,0.0,0.0
3785.552960000001,1749.7094844024537,0.0,0.0,0.0
4550.652800000001,2093.903638601058,0.0,0.0,0.0
5566.281440000001,2497.5823581384966,0.0,0.0,0.0
6980.752080000001,2818.654113322125,0.0,0.0,7562.115782666939
8439.763680000002,3110.4483807503398,0.0,0.0,0.0
9512.314960000003,3359.2764144926073,0.0,0.0,0.0
10387.372240000002,3543.0607112352463,0.0,0.0,0.0
11099.745600000004,3607.411592589192,0.0,0.0,0.0
11768.736080000002,3621.296256463719,0.0,0.0,7562.1157826669405
12631.904240000005,3693.5889573910777,0.0,0.0,0.0
13301.864800000003,3792.10098941684,0.0,0.0,0.0
13710.189520000004,3871.163063471531,0.0,0.0,7562.115782666939
13810.393520000005,3893.3160768261255,0.0,0.0,0.0
13753.734080000002,3911.107875114966,0.0,0.0,0.0
13633.985600000002,3971.908764140001,0.0,0.0,7562.11578266694
13552.961360000003,4009.6056214573105,0.0,0.0,7562.115782666939
13284.692880000004,3979.0342589467787,0.0,0.0,7562.115782666939
12886.843520000004,3927.682329095559,0.0,0.0,0.0
12818.494240000002,3855.578403270484,0.0,0.0,0.0
13230.319520000003,3855.4477913078226,0.0,0.0,0.0
13690.302880000005,3931.2108928993443,0.0,0.0,0.0
13621.547520000002,4004.73318300645,0.0,0.0,0.0
13604.146240000005,4067.783046763569,0.0,0.0,0.0
13563.918000000003,4095.899312538442,0.0,0.0,0.0
13684.113920000003,4152.0257218685265,0.0,0.0,0.0
13689.9156,4183.421572393362,0.0,0.0,0.0
13303.406400000003,4144.644105166217,0.0,0.0,0.0
12712.590080000002,4060.5738786682114,0.0,0.0,0.0
12220.782080000003,3962.670008593594,0.0,0.0,0.0
11626.972800000003,3815.381551355351,0.0,0.0,0.0
11221.280080000002,3683.9440802732697,0.0,0.0,0.0
11274.427680000003,3675.5400168007477,0.0,0.0,7562.115782666941
12310.544560000004,3754.6959682036027,0.0,0.0,0.0
13034.013680000002,3789.0989550875343,0.0,0.0,0.0
13206.044960000003,3838.4447668247444,0.0,0.0,0.0
13547.501840000003,3930.5884452647842,0.0,0.0,0.0
13892.639760000004,4019.2464169512864,0.0,0.0,0.0
13990.080160000001,4044.3769748921877,0.0,0.0,0.0
13875.998000000005,4046.0371753863346,0.0,0.0,0.0
13753.564880000004,4054.49838159252,0.0,0.0,0.0
13483.732240000001,4016.4974432996382,0.0,0.0,0.0
12954.023440000003,3871.4151037432302,0.0,0.0,0.0
12134.433680000004,3673.997162991805,0.0,0.0,7562.115782666938
11148.618080000002,3467.634343609962,0.0,0.0,0.0
9989.26344,3223.6950748138875,0.0,0.0,0.0
8872.727680000002,2996.6771980242283,0.0,0.0,0.0
8167.2088,2860.8366752321017,0.0,0.0,7562.1157826669405
7854.463280000002,2805.2143464454152,0.0,0.0,7562.11578266694
7577.501680000002,2789.462339667208,0.0,0.0,7562.1157826669405
7404.225840000002,2770.401156366249,0.0,0.0,7562.11578266694
7131.268640000002,2645.5565281807144,0.0,0.0,7562.1157826669405
6926.942720000001,2476.531383218861,0.0,0.0,7562.1157826669405
6494.77584,2272.3154979732712,0.0,0.0,7562.11578266694
5581.490640000002,1943.9406973461223,0.0,0.0,0.0
4402.591520000001,1597.3118545310251,0.0,0.0,0.0
4005.843840000001,1358.1817590163978,0.0,0.0,0.0
3757.1048000000005,1201.985157762235,0.0,0.0,605.6181708151837
3548.2480800000008,1113.435349107312,0.0,0.0,1096.867476253842
3427.2136800000007,1074.3864538952612,0.0,0.0,1195.211172272581
3348.155920000001,1052.2303793227914,0.0,0.0,1039.4587802750968
3295.388080000001,1023.620237064103,0.0,0.0,873.4916398390254
3201.673840000001,998.8794741992709,0.0,0.0,883.1605868317736
3065.7235200000005,961.8071053284382,0.0,0.0,937.2846943174779
2911.2777600000004,909.8949726061143,0.0,0.0,1023.908031517606
2689.050480000001,839.3736964223558,0.0,0.0,1279.3310703563413
2345.2736800000007,755.0412255930682,0.0,0.0,1898.816531125504
1890.4076800000003,646.0047265134474,0.0,0.0,2429.432714999178
1345.8732,536.3610858886406,0.0,0.0,3006.3907372939775
944.0156800000003,421.4256199641134,0.0,0.0,3508.259451787753
766.3594400000002,339.85946968776483,0.0,0.0,3686.3155144162224
609.2478400000001,288.7422332069532,0.0,0.0,3730.8527367644483
498.41808000000015,260.2637233168848,0.0,0.0,3475.479945166233
454.42232000000007,261.87698513695,0.0,0.0,3299.198642679847
473.5795200000001,297.24629646338764,0.0,0.0,2986.1528147202002
581.6983200000001,357.55739062844145,0.0,0.0,2670.7236359077842
786.5769600000003,437.2653816547341,0.0,0.0,2324.9890596223736
1076.2097600000002,531.1141584510852,0.0,0.0,1879.0357660120892
1412.4402400000004,625.0006902678932,0.0,0.0,1544.673545541709
1560.6632000000004,679.1781242176332,0.0,0.0,1864.4781553291252
1505.83488,717.8147754225328,0.0,0.0,2834.555873032935
2187.98912,870.5246495172,0.0,0.0,2464.5315710966956
2910.7664000000004,1127.1138909782626,0.0,0.0,1606.002069969212
3296.4408800000006,1300.1635170396335,0.0,0.0,7562.1157826669405
3629.2121600000005,1410.674502728992,0.0,0.0,7562.11578266694
3892.9912000000004,1475.0396697663534,0.0,0.0,7562.1157826669405
4119.92224,1543.8211537912182,0.0,0.0,7562.115782666939
4292.367120000002,1583.4720885186634,0.0,0.0,7562.11578266694
4309.140480000001,1571.7363995923074,0.0,0.0,7562.115782666939
4068.3764000000015,1586.699632564752,0.0,0.0,0.0
4268.367040000001,1811.6420036352392,0.0,0.0,0.0
5400.867760000001,2077.5128576929574,0.0,0.0,7562.115782666938
6134.951360000002,2371.211202639352,0.0,0.0,0.0
6372.000560000001,2656.082015640532,0.0,0.0,0.0
6553.495760000002,2748.3961018756067,0.0,0.0,0.0
6263.791520000001,2608.811709622494,0.0,0.0,7562.11578266694
5794.543520000001,2464.3089606503977,0.0,0.0,7562.115782666939
5616.105200000002,2288.617503563,0.0,0.0,7562.115782666939
5565.379040000002,2204.2554409609215,0.0,0.0,7562.1157826669405
5503.425520000001,2146.0249545448323,0.0,0.0,7562.115782666939
5319.89616,2037.0292717035431,0.0,0.0,7562.115782666939
5146.037520000001,2068.5475709433736,0.0,0.0,7562.115782666938
4903.1114400000015,2048.762919817983,0.0,0.0,0.0
4352.587280000001,2001.1671042992484,0.0,0.0,0.0
3974.0154400000006,1916.1927981221932,0.0,0.0,0.0
4255.443920000001,1839.369494740002,0.0,0.0,0.0
5071.4090400000005,1904.0958854866005,0.0,0.0,7562.115782666939
6047.535120000001,2084.745495125356,0.0,0.0,7562.115782666938
7292.84712,2316.007240295567,0.0,0.0,7562.115782666939
8734.86352,2634.1902262112612,0.0,0.0,0.0
9796.826640000003,2881.530508066334,0.0,0.0,0.0
10486.1136,3058.125024426823,0.0,0.0,0.0
10835.605600000003,3238.4501449708405,0.0,0.0,0.0
11029.572720000002,3455.649675629781,0.0,0.0,0.0
10802.476240000002,3425.3834145007795,0.0,0.0,0.0
10052.72096,3246.3338014046317,0.0,0.0,7562.1157826669405
9261.049200000001,3112.2820502573977,0.0,0.0,0.0
8125.529200000001,2999.758824018281,0.0,0.0,0.0
7246.730720000002,2892.118240289608,0.0,0.0,0.0
6881.221120000001,2840.083658852289,0.0,0.0,7562.11578266694
6992.776560000002,2843.1448767271745,0.0,0.0,7562.1157826669405
7136.047600000002,2827.3694006119263,0.0,0.0,7562.115782666941
7224.840000000001,2790.3541744747586,0.0,0.0,7562.11578266694
7286.180640000001,2772.9429876083623,0.0,0.0,7562.1157826669405
7625.242400000002,2816.4020773721672,0.0,0.0,7562.1157826669405
7824.477280000002,2899.0335314689755,0.0,0.0,7562.11578266694
7634.469440000002,2876.1386829827006,0.0,0.0,0.0
7303.988000000002,2761.6062774117004,0.0,0.0,7562.11578266694
8205.504400000002,2742.077748181841,0.0,0.0,7562.1157826669405
8753.155920000003,2725.4124780709594,0.0,0.0,7562.1157826669405
8934.0044,2703.982932540797,0.0,0.0,7562.11578266694
9121.301280000001,2706.665579805155,0.0,0.0,0.0
9152.584480000001,2701.9084472275817,0.0,0.0,0.0
9027.417840000002,2678.151355706547,0.0,0.0,0.0
8813.78592,2624.817797484317,0.0,0.0,0.0
8502.040560000003,2554.5281534530914,0.0,0.0,0.0
8189.3664800000015,2485.9436077781784,0.0,0.0,7562.115782666941
7879.038640000002,2437.183509061029,0.0,0.0,7562.11578266694
7609.920400000001,2411.1672387483277,0.0,0.0,7562.115782666939
7338.670240000001,2380.992814155572,0.0,0.0,7562.11578266694
6921.077120000001,2330.562310884693,0.0,0.0,2083.0588641983377
6319.830560000001,2281.722620502798,0.0,0.0,0.0
5966.7026399999995,2256.0849208006234,0.0,0.0,0.0
5861.719680000001,2227.9533489363757,0.0,0.0,7562.1157826669405
5709.702880000001,2187.3922120941306,0.0,0.0,7562.1157826669405
5581.806480000001,2137.8035437388457,0.0,0.0,7562.1157826669405
5439.749920000001,2102.5995381776515,0.0,0.0,7562.1157826669405
5229.238800000002,2043.0476260455696,0.0,0.0,7562.115782666939
4952.126800000001,1983.1610207591668,0.0,0.0,7562.1157826669405
4799.076000000001,1938.114179324255,0.0,0.0,7562.115782666939
4461.70624,1871.1122832906574,0.0,0.0,0.0
3922.296640000001,1764.5737379969441,0.0,0.0,0.0
3807.797120000001,1641.7056361526277,0.0,0.0,0.0
3729.7169600000007,1513.6732597533785,0.0,0.0,378.02076917075306
3427.860400000001,1404.0153334451552,0.0,0.0,985.1056868592347
3083.99712,1326.3716236724947,0.0,0.0,7562.11578266694
2781.52392,1293.606388351627,0.0,0.0,7562.115782666939
2569.95248,1281.867638207396,0.0,0.0,7562.115782666939
2438.3412000000008,1301.7022892247433,0.0,0.0,1326.0598709985375
2396.8044800000007,1348.6776979208337,0.0,0.0,1089.5343132809771
2425.37296,1406.3092060394035,0.0,0.0,848.8026715115784
2472.203760000001,1451.131558163491,0.0,0.0,755.9526104932986
2543.076000000001,1485.9253605294496,0.0,0.0,839.5574088772405
2507.8147200000003,1485.2069947348095,0.0,0.0,803.0515467753653
2308.3805600000005,1447.7131982032008,0.0,0.0,928.4972731427468
2040.7813600000006,1384.0082338208558,0.0,0.0,1214.7070698077698
1922.9956000000002,1322.2206122341488,0.0,0.0,1310.0019259610353
1861.4068000000002,1239.7799740515409,0.0,0.0,1353.980184277549
1742.2260800000001,1158.6883125457998,0.0,0.0,1300.9440409840706
1577.44408,1079.4844020629052,0.0,0.0,1307.6895488549158
1390.2374400000003,995.9294805738388,0.0,0.0,1294.8388833649744
1224.3048800000004,912.9990475312491,0.0,0.0,1382.258649187737
1070.0772000000002,827.9686190264873,0.0,0.0,1523.7724183736548
917.1843200000002,765.524876408596,0.0,0.0,1640.0276349899625
756.3352800000001,707.0474517505991,0.0,0.0,1874.800386300914
570.2566400000002,625.9068107588597,0.0,0.0,2295.798353131128
423.8836000000001,549.1753439129151,0.0,0.0,3030.946513409494
391.20544000000007,502.2591187624059,0.0,0.0,3426.962417436687
420.86432,473.45509937164127,0.0,0.0,3710.73001017234
487.20952000000005,462.1143075511453,0.0,0.0,3709.3768987283015
538.6876800000001,466.3275637529474,0.0,0.0,3431.1778095426234
544.22992,471.51938926875465,0.0,0.0,3224.403754819889
526.31352,480.92038936253095,0.0,0.0,3136.7812336657116
511.4314400000001,498.94484020986215,0.0,0.0,2995.2685128637054
491.42448,516.3764351954237,0.0,0.0,2928.263023424983
472.26352,547.3508580594828,0.0,0.0,3002.003209415558
488.07056000000006,596.0619772906338,0.0,0.0,3164.3156743119703
582.6872000000001,658.411842560362,0.0,0.0,3001.0617760166033
770.9090400000002,719.7453834956278,0.0,0.0,2716.4199331625045
967.1133600000003,775.0473048114092,0.0,0.0,2488.3872029372733
1258.8856,815.1380345068801,0.0,0.0,2139.6512874364657
1497.43504,809.7890664734953,0.0,0.0,1835.7021078559442
1500.4092,744.2871671985921,0.0,0.0,1717.6879094588394
1324.6592800000005,651.674102017737,0.0,0.0,1761.770257893237
1209.3100000000002,582.4844556095541,0.0,0.0,1692.5665265525222
1154.4741600000002,545.289638023726,0.0,0.0,1695.8283065293645
1219.6312000000003,545.5947394052563,0.0,0.0,1543.4036192779079
1369.8620000000003,569.8038707658162,0.0,0.0,1255.5518137912584
1566.0136800000002,605.5701200100309,0.0,0.0,1030.3763148724822
1568.6005600000003,652.7230793428647,0.0,0.0,1118.115260766095
1752.4119200000005,715.0862098900508,0.0,0.0,1348.8714108900383
2067.5412800000004,770.1636418950071,0.0,0.0,1270.157968218709
2320.2621600000007,821.5921021930991,0.0,0.0,1262.5893757760282
2590.324160000001,885.0899241659096,0.0,0.0,975.5892438762968
2827.794480000001,934.8132861076897,0.0,0.0,514.1905963305961
3017.569200000001,975.3876882273926,0.0,0.0,111.63912497750519
3236.747120000001,1026.990637944353,0.0,0.0,0.0
3481.1132800000005,1089.5313191282826,0.0,0.0,0.0
3774.2165600000008,1160.1485134721204,0.0,0.0,0.0
4108.8904,1233.4483550803175,0.0,0.0,0.0
4468.722400000001,1311.7879817165356,0.0,0.0,0.0
4794.81216,1400.1704437942979,0.0,0.0,0.0
4918.3808,1460.1672529241969,0.0,0.0,0.0
4759.78776,1502.9834869342749,0.0,0.0,0.0
4741.649520000001,1560.0517309638658,0.0,0.0,0.0
4768.9057600000015,1615.0924283543234,0.0,0.0,0.0
4752.6813600000005,1637.4974819806173,0.0,0.0,0.0
4684.031280000001,1617.666912587103,0.0,0.0,0.0
4496.16288,1548.9476733256947,0.0,0.0,0.0
4266.441920000001,1464.6794880717796,0.0,0.0,0.0
3998.0644000000007,1351.3491207196514,0.0,0.0,0.0
3787.8916800000006,1241.3840522179814,0.0,0.0,0.0
3427.1234400000008,1130.5353121564276,0.0,0.0,0.0
2945.7569600000006,1016.7610682124408,0.0,0.0,8.56475736954002
2676.999680000001,929.758194990294,0.0,0.0,1316.5466205678638
2460.2808,870.3613845638728,0.0,0.0,2139.8354862123124
2331.19248,824.1155661279637,0.0,0.0,2568.928254812186
2247.6603200000004,778.6575010918586,0.0,0.0,2688.345204139265
2160.01848,739.112688584076,0.0,0.0,2580.3264227789487
2025.7150400000005,694.2372753501577,0.0,0.0,2498.09797168694
1869.6299200000005,649.0690056062087,0.0,0.0,2589.9046890882887
1724.8436000000002,617.8272363810762,0.0,0.0,2628.402262279378
1602.0156800000004,601.2497211826079,0.0,0.0,2605.1482620030724
1533.1362400000005,597.9109528870652,0.0,0.0,2631.2947541690783
1531.7074400000004,601.7293119830067,0.0,0.0,2764.56244648377
1545.0742400000004,599.8476833959099,0.0,0.0,2706.5971785678926
1520.1680000000003,586.1426109700435,0.0,0.0,2688.0486506918655
1474.4501600000003,566.1212256623279,0.0,0.0,2767.6196780175114
1553.8200000000004,555.6498197182998,0.0,0.0,2622.4389619435537
1703.93424,544.0386203188556,0.0,0.0,2295.2294592118237
1717.9928800000005,516.9652094333601,0.0,0.0,1985.0001799390748
1594.0482400000003,464.810220092962,0.0,0.0,1866.3425522736725
1407.9470400000005,405.0603492049706,0.0,0.0,1845.487812529698
1197.7404800000004,347.2084333994089,0.0,0.0,1941.306431943113
961.7027200000002,293.6003859743979,0.0,0.0,2163.82843753504
753.5002400000001,248.64946269956576,0.0,0.0,2357.074197338962
591.3464800000002,217.7566723121703,0.0,0.0,2681.244588878301
458.0281600000001,201.8148700257202,0.0,0.0,3330.038945560586
317.56960000000004,176.18839478908768,0.0,0.0,4436.177601934732
269.16712,151.4057952799656,0.0,0.0,4978.186431548031
219.41104000000004,128.27523301732379,0.0,0.0,5218.66397882479
181.01768,106.60079005716969,0.0,0.0,5229.507464284942
156.44984000000005,94.63653019615526,0.0,0.0,5037.39018513968
154.40440000000004,91.68347535284818,0.0,0.0,4817.063748706563
165.83856000000003,93.00592147479911,0.0,0.0,4706.303291344924
167.59072000000003,94.34775530995766,0.0,0.0,4581.6207388476205
160.76256000000004,101.37835236261344,0.0,0.0,4440.957188578653
154.31416000000004,108.91200955270892,0.0,0.0,4421.34018517786
184.22872000000004,128.09155994483064,0.0,0.0,4533.731183008528
243.58784000000006,164.9843373670034,0.0,0.0,4412.11628232179
339.53176,220.08115708516743,0.0,0.0,4184.505164853894
446.9850400000001,272.6014517586354,0.0,0.0,4021.5024811071567
616.28656,324.8901142795703,0.0,0.0,3716.613781378456
749.6086400000002,361.27574994047023,0.0,0.0,3355.467450677939
830.1215200000001,374.8440879679251,0.0,0.0,2928.112321144923
863.5629600000001,369.1032840465548,0.0,0.0,2605.665680212335
836.1112000000002,352.0971983456024,0.0,0.0,2375.44788478142
770.90904,334.27376747205545,0.0,0.0,2374.4587301206934
722.4276000000002,329.0533705894158,0.0,0.0,2353.4158255478546
692.8740000000003,333.5727485787064,0.0,0.0,2307.039479336021
660.3575200000001,339.18600175528985,0.0,0.0,2456.264743940885
584.1724000000002,321.9391002481797,0.0,0.0,3060.5830566460463
446.3646400000001,280.41878180513703,0.0,0.0,4200.936444206514
394.60072000000014,252.47394423125718,0.0,0.0,4755.727727327615
434.83648000000017,262.77902400408317,0.0,0.0,4850.712268514468
502.05776,307.90545710374215,0.0,0.0,4715.940308531546
610.4999200000001,355.44719110668655,0.0,0.0,4374.687209490733
746.4276800000001,385.5705954015271,0.0,0.0,4019.364454533088
863.8111200000003,411.8409467978441,0.0,0.0,3805.7932711537055
967.4517600000001,426.5807108654221,0.0,0.0,3560.692870630165
1130.4026400000005,455.4337097421849,0.0,0.0,3265.3303195430285
1353.036,494.57138027260777,0.0,0.0,2987.7896267473793
1663.5255200000006,574.1487593362385,0.0,0.0,2787.2401579337047
2169.8170400000004,701.1811378963583,0.0,0.0,2139.807621607938
2727.7258400000005,871.5246473563296,0.0,0.0,1319.178741861168
3170.0259200000005,1099.4353793594983,0.0,0.0,626.0457490054376
3367.0950400000006,1284.0890619786053,0.0,0.0,131.71995375733337
3544.10456,1460.6213335756383,0.0,0.0,0.0
3765.455760000001,1646.613788812029,0.0,0.0,0.0
3989.08928,1766.5992438241608,0.0,0.0,0.0
4259.41448,1838.0266404988854,0.0,0.0,0.0
4418.812160000001,1922.5958455104976,0.0,0.0,7562.1157826669405
4496.7156,2018.877270111425,0.0,0.0,7562.11578266694
4623.468960000001,2078.209794962473,0.0,0.0,7562.11578266694
4860.867840000001,2155.3330976964035,0.0,0.0,0.0
5389.6892800000005,2214.879907798694,0.0,0.0,0.0
6376.516320000002,2251.9481950456934,0.0,0.0,7562.11578266694
6967.938000000001,2327.8010923615457,0.0,0.0,7562.11578266694
7293.087760000001,2426.909041466952,0.0,0.0,0.0
7504.181680000001,2476.0752617555027,0.0,0.0,0.0
7537.814880000002,2487.3109517622943,0.0,0.0,0.0
7596.260320000001,2478.97423508302,0.0,0.0,0.0
7745.408240000002,2488.051766488017,0.0,0.0,0.0
7916.439360000001,2498.866028834032,0.0,0.0,0.0
8091.726800000001,2542.0434865533466,0.0,0.0,0.0
8299.493120000001,2615.0372063740547,0.0,0.0,0.0
8610.918880000001,2704.9247672403026,0.0,0.0,0.0
8980.496800000003,2796.1868149323755,0.0,0.0,7562.11578266694
9165.086480000002,2866.1356433735295,0.0,0.0,7562.11578266694
9097.820080000001,2890.79987579149,0.0,0.0,0.0
8757.393440000002,2874.7162370768365,0.0,0.0,0.0
8514.324480000001,2857.2438258529437,0.0,0.0,0.0
8441.944480000002,2868.593801327064,0.0,0.0,0.0
8315.14976,2879.373369870497,0.0,0.0,0.0
8084.567760000002,2853.9162820229417,0.0,0.0,0.0
7840.600160000001,2798.4959936159976,0.0,0.0,0.0
7423.458240000002,2705.5502760927384,0.0,0.0,0.0
6939.692880000002,2584.0352325491217,0.0,0.0,0.0
6308.30616,2415.047842607725,0.0,0.0,7562.11578266694
5706.341440000001,2224.594172521667,0.0,0.0,7562.115782666941
5617.40616,2054.0690308011185,0.0,0.0,7562.1157826669405
5439.757440000001,1927.7774669667217,0.0,0.0,7562.11578266694
5327.886160000001,1862.4929141609355,0.0,0.0,7562.115782666939
5299.697440000001,1841.6225510959187,0.0,0.0,0.0
5276.953200000002,1827.3409493036152,0.0,0.0,0.0
5212.307520000001,1796.211424733895,0.0,0.0,0.0
5173.241120000001,1780.777784614676,0.0,0.0,0.0
5236.45424,1803.4277356709608,0.0,0.0,0.0
5440.028160000002,1854.1684423531613,0.0,0.0,7562.1157826669405
5807.368880000001,1925.8019610314616,0.0,0.0,7562.1157826669405
6166.930160000001,2007.5528047862617,0.0,0.0,7562.11578266694
6343.277920000001,2077.8761222141106,0.0,0.0,7562.11578266694
6297.913520000001,2100.9240315941306,0.0,0.0,0.0
6032.562800000001,2117.3597103643956,0.0,0.0,0.0
5783.225920000003,2117.128078211863,0.0,0.0,0.0
5544.868240000001,2095.9771035083145,0.0,0.0,7562.115782666939
5388.064960000001,2042.6098718894607,0.0,0.0,7562.115782666941
5237.537120000002,1954.4253685676078,0.0,0.0,7562.115782666939
5065.077200000001,1856.4653761652844,0.0,0.0,7562.11578266694
4888.2180800000015,1766.808427045611,0.0,0.0,7562.115782666937
4866.880080000001,1695.0065413841917,0.0,0.0,7562.11578266694
4855.611360000002,1653.471937257733,0.0,0.0,7562.11578266694
4729.89576,1625.7138339742212,0.0,0.0,0.0
4487.755520000001,1614.8750818852068,0.0,0.0,0.0
4701.022720000001,1600.1424606593368,0.0,0.0,0.0
4732.339760000001,1533.084442298033,0.0,0.0,0.0
4481.288320000001,1450.7438038993382,0.0,0.0,0.0
4223.224480000001,1383.8857851058606,0.0,0.0,7562.115782666939
3990.247360000001,1324.9277492415065,0.0,0.0,7562.11578266694
3743.17776,1274.2258179857213,0.0,0.0,7562.1157826669405
3634.4536000000007,1271.1819470121256,0.0,0.0,7562.115782666941
3598.793760000001,1231.7942770219204,0.0,0.0,7562.115782666939
3259.6116800000004,1145.3056884027546,0.0,0.0,7562.115782666939
2754.106,1065.9211660652418,0.0,0.0,300.1408342166475
2529.5024,1045.180394556928,0.0,0.0,734.5010025795151
2668.9683200000004,1050.1722205049093,0.0,0.0,594.3069386674756
2745.6159200000006,1051.8579311480134,0.0,0.0,465.069923863578
2724.4433600000007,1036.8446982836124,0.0,0.0,521.9187123718467
2958.3868000000007,1050.4058934693592,0.0,0.0,287.52763506149853
3276.2008000000005,1101.1210900026022,0.0,0.0,0.0
3548.014960000001,1160.2821866526572,0.0,0.0,0.0
3670.820320000001,1193.5015026249664,0.0,0.0,0.0
3612.7884800000006,1181.374998216583,0.0,0.0,0.0
3478.669280000001,1170.568899118234,0.0,0.0,0.0
3391.790720000001,1198.6290425654008,0.0,0.0,0.0
3489.0130400000007,1273.927859445899,0.0,0.0,0.0
3452.691440000001,1341.5491418961815,0.0,0.0,0.0
3237.4126400000005,1442.5438216184757,0.0,0.0,0.0
3212.5477600000004,1600.5873576571535,0.0,0.0,0.0
3580.7081600000006,1775.1339192593437,0.0,0.0,0.0
4367.033200000002,1922.6284985011628,0.0,0.0,7562.1157826669405
5389.166640000001,2076.207758472298,0.0,0.0,7562.11578266694
6363.153280000002,2170.7871459347884,0.0,0.0,7562.11578266694
7323.021120000001,2315.3470376405494,0.0,0.0,7562.115782666939
8129.323040000001,2472.093637706234,0.0,0.0,7562.115782666939
8627.026720000002,2552.678157450702,0.0,0.0,7562.11578266694
8730.031920000001,2569.1515912414247,0.0,0.0,0.0
8488.809120000004,2462.5579440259626,0.0,0.0,0.0
8280.11784,2341.7877968319017,0.0,0.0,0.0
7872.342080000001,2205.7931927400728,0.0,0.0,0.0
7313.534640000001,2102.7648439428954,0.0,0.0,0.0
6988.926320000002,2018.2058429908668,0.0,0.0,0.0
6717.7137600000015,2000.7069012120576,0.0,0.0,0.0
6392.89112,2062.956766697873,0.0,0.0,7562.11578266694
6260.076640000002,2135.02905993824,0.0,0.0,7562.1157826669405
6143.809920000001,2179.203454278809,0.0,0.0,7562.115782666941
5862.140800000001,2188.9728209235304,0.0,0.0,7562.115782666941
5551.493360000001,2225.1104979365646,0.0,0.0,7562.1157826669405
5329.412720000001,2243.9716816696982,0.0,0.0,7562.115782666939
5052.1691200000005,2255.7849214488847,0.0,0.0,7562.1157826669405
4754.354560000001,2187.601395315581,0.0,0.0,0.0
4524.392960000001,2109.0821772307027,0.0,0.0,0.0
4799.910720000001,2120.7015398778135,0.0,0.0,0.0
5426.853120000001,2162.819816212417,0.0,0.0,7562.1157826669405
5991.142640000001,2237.7645522253865,0.0,0.0,7562.115782666939
6581.91384,2330.236801383997,0.0,0.0,0.0
7369.1939200000015,2468.103850409298,0.0,0.0,0.0
8295.244320000002,2636.3494052190144,0.0,0.0,0.0
9054.80192,2786.62357029123,0.0,0.0,0.0
9570.218960000002,2877.8488833688034,0.0,0.0,0.0
9847.38736,2954.5130034215,0.0,0.0,0.0
9899.166320000002,2991.426188962839,0.0,0.0,0.0
9870.188000000004,3014.18022142687,0.0,0.0,0.0
9706.485120000003,3027.002642698811,0.0,0.0,0.0
9251.028800000004,3016.520012289242,0.0,0.0,7562.115782666939
8697.951600000002,3013.2945090550697,0.0,0.0,0.0
8412.06376,3007.192481424462,0.0,0.0,0.0
8337.28112,2986.858851893509,0.0,0.0,0.0
8181.647200000001,2939.442627823435,0.0,0.0,0.0
7843.066720000002,2880.9498970760637,0.0,0.0,0.0
7556.441920000002,2805.9541407651795,0.0,0.0,0.0
7278.765920000001,2744.335906567549,0.0,0.0,0.0
6986.16272,2650.7789658752704,0.0,0.0,0.0
6564.41104,2540.8567544238495,0.0,0.0,0.0
6225.330480000001,2422.7161933843163,0.0,0.0,0.0
5982.994720000001,2323.263347065006,0.0,0.0,0.0
6113.711120000001,2249.186976522546,0.0,0.0,0.0
6065.538000000001,2158.959620472185,0.0,0.0,7562.1157826669405
5841.88568,2084.6138627567357,0.0,0.0,7562.1157826669405
5607.893360000001,2036.617027696392,0.0,0.0,7562.115782666941
5404.236720000002,2008.5762719624322,0.0,0.0,7562.11578266694
5236.127120000002,2003.254854889921,0.0,0.0,7562.11578266694
5128.88816,2023.9527693479868,0.0,0.0,7562.115782666939
5073.868080000002,2057.51086009845,0.0,0.0,7562.1157826669405
5004.07872,2085.5465138026184,0.0,0.0,7562.11578266694
4814.473200000001,2071.371034229977,0.0,0.0,7562.115782666939
4510.356880000001,2008.4854558321435,0.0,0.0,7562.11578266694
4144.629200000001,1923.5274761504215,0.0,0.0,7562.1157826669405
3772.580960000001,1849.0398820067683,0.0,0.0,0.0
3492.765520000001,1792.4420451239516,0.0,0.0,0.0
3516.4084000000003,1788.1971563374425,0.0,0.0,0.0
3663.8417600000007,1777.8543215441596,0.0,0.0,0.0
3738.6544800000006,1747.6084685343237,0.0,0.0,7562.1157826669405
3733.8868000000016,1691.4453245897407,0.0,0.0,0.0
3703.4796800000004,1633.659735171468,0.0,0.0,0.0
3707.529200000001,1599.3791970025313,0.0,0.0,0.0
3742.7792000000013,1566.838450992489,0.0,0.0,0.0
3720.9035200000008,1506.7906215646756,0.0,0.0,0.0
3370.4151200000006,1391.988828820685,0.0,0.0,0.0
2811.8934400000007,1241.1146650449912,0.0,0.0,7562.1157826669405
2498.1026400000005,1121.9190042445807,0.0,0.0,1398.355717252042
2396.64656,1069.7078925764765,0.0,0.0,2059.3042121644307
2346.7889600000008,1051.7252783734352,0.0,0.0,2279.2446134764837
2392.7286400000007,1049.26201839011,0.0,0.0,2171.0127347320868
2473.4295200000006,1039.2212237604822,0.0,0.0,1870.2233544682126
2551.2502400000008,1044.6722323896968,0.0,0.0,1543.6811363849743
2644.3478400000004,1052.688541598066,0.0,0.0,7562.1157826669405
2682.647200000001,1050.9160964485068,0.0,0.0,7562.11578266694
2631.8947200000007,1039.793671503086,0.0,0.0,7562.11578266694
2593.8811200000005,1029.7212442887514,0.0,0.0,1143.4625499007836
2789.9463200000005,1047.8936540000354,0.0,0.0,1106.6846941494089
3143.1231200000007,1076.7752242436306,0.0,0.0,7562.1157826669405
3447.055200000001,1120.1945181750614,0.0,0.0,7562.11578266694
3677.03184,1192.2474237022213,0.0,0.0,7562.11578266694
3818.4567200000006,1262.410537394618,0.0,0.0,0.0
3955.7380800000005,1290.2614976203345,0.0,0.0,7562.115782666939
3833.13576,1228.1514277508059,0.0,0.0,7562.115782666939
3656.8256000000006,1139.239374980688,0.0,0.0,7562.115782666939
3487.102960000001,1051.483442161319,0.0,0.0,7562.11578266694
3268.8612800000005,952.6152884561125,0.0,0.0,7562.11578266694
2994.828720000001,858.0838600736616,0.0,0.0,7562.11578266694
2661.1625600000007,764.7922249305398,0.0,0.0,7562.1157826669405
2286.1025600000003,668.9740646346785,0.0,0.0,613.3391119323492
1878.71408,564.6202084976753,0.0,0.0,1629.7086452460082
1515.90416,477.1020302665893,0.0,0.0,3054.947702993553
1259.49096,414.89808304889726,0.0,0.0,3876.7631850297557
1077.7513600000002,384.6022301471047,0.0,0.0,4295.421761974757
939.6616000000002,377.0277567186775,0.0,0.0,4422.057300143523
847.4175200000002,384.08386392029064,0.0,0.0,4278.962660631855
808.2533600000002,403.98790254280215,0.0,0.0,4042.7953777423886
796.7966400000001,427.5409128721782,0.0,0.0,3948.867902446531
777.3988000000002,452.29596142042635,0.0,0.0,3811.9829768351506
745.7584000000002,473.7948945557537,0.0,0.0,3681.1222079732293
718.8255200000001,487.440783436039,0.0,0.0,3660.60757642299
727.2817600000001,508.7795128359139,0.0,0.0,3773.707397976885
740.70496,539.1804675514109,0.0,0.0,3647.3164377605453
743.6640800000001,554.5304343820497,0.0,0.0,3525.856428111249
773.2364800000001,544.019232605648,0.0,0.0,3482.608169174461
971.7983200000001,508.31828934276433,0.0,0.0,3247.786322948204
1383.4055200000003,522.6927480772728,0.0,0.0,2646.549051698434
1754.5852000000002,608.685419400707,0.0,0.0,1854.7231538089625
2085.7848000000004,771.1738437937197,0.0,0.0,1062.9160425845378
2455.170960000001,906.7664079379804,0.0,0.0,7562.115782666939
2723.0408800000005,949.2050917434891,0.0,0.0,7562.115782666939
2782.9940800000004,939.2234806594427,0.0,0.0,7562.115782666941
2837.1756800000007,923.017393229794,0.0,0.0,7562.1157826669405
2877.599440000001,910.1592577493126,0.0,0.0,0.0
2733.8584000000005,871.9756667898962,0.0,0.0,7562.11578266694
2462.1119200000007,808.9217214089441,0.0,0.0,1692.6561181362622
2145.3808000000004,735.2392275663865,0.0,0.0,2644.505643215002
1906.1658400000001,665.166930004278,0.0,0.0,3181.0428258744564
1765.7486400000003,612.8272471854283,0.0,0.0,3344.8394076215077
1680.00936,578.8303818728981,0.0,0.0,3201.3761178212876
1605.1139200000005,560.637564042448,0.0,0.0,2995.2854988487984
1506.1732800000002,535.3723125150523,0.0,0.0,2934.091585770941
1381.4879200000003,502.32646555565333,0.0,0.0,2891.0118589971603
1203.4707200000003,447.96433812746204,0.0,0.0,2951.738915578745
990.5870400000001,378.5726513395368,0.0,0.0,3240.0841351777026
776.5415200000002,319.05135138620363,0.0,0.0,3661.541768960889
596.6894400000001,278.38001070046266,0.0,0.0,3824.3698208721426
462.9161600000001,265.910649890092,0.0,0.0,3844.6465630222915
396.5070400000001,295.189158051464,0.0,0.0,3842.4938456302148
396.30024000000014,344.69007149433565,0.0,0.0,3717.4347734492103
384.14040000000006,378.9685688513554,0.0,0.0,3603.605325439872
337.53144000000003,404.28994270645757,0.0,0.0,3362.7119484057703
288.70408000000003,421.40827306282245,0.0,0.0,3130.392548399074
258.1728800000001,402.31953880098894,0.0,0.0,2886.537944292033
251.68688000000003,367.3808387889521,0.0,0.0,2785.839877429676
253.58944000000005,334.55641992250327,0.0,0.0,2720.3698476196178
252.66072000000003,306.36872573054916,0.0,0.0,2638.5077555613516
235.24064000000007,282.28510430285945,0.0,0.0,2685.8425327030695
201.53976000000006,260.3208660505494,0.0,0.0,2901.055173786075
168.93304,248.6668096008568,0.0,0.0,3494.0897578060417
175.62960000000004,249.06170670671713,0.0,0.0,3818.45298902607
246.07320000000004,280.75959739520766,0.0,0.0,4025.42818093303
378.9704000000001,346.6768018951369,0.0,0.0,3860.922806961346
562.36064,443.60516387362384,0.0,0.0,3390.259653726076
799.5527200000001,564.7559224901286,0.0,0.0,2819.040419368302
1082.7183200000002,714.6219251790263,0.0,0.0,2290.9132460162346
1397.8213600000004,891.2103191037658,0.0,0.0,1664.3006444109094
1719.0231200000003,1084.2313305808957,0.0,0.0,7562.11578266694
2056.8516000000004,1286.0217108636166,0.0,0.0,7562.1157826669405
2356.01224,1459.2958262358127,0.0,0.0,7562.1157826669405
2658.586960000001,1637.614828665821,0.0,0.0,7562.11578266694
3000.1942400000007,1832.7266519514985,0.0,0.0,7562.11578266694
3504.650880000001,2007.6844371548816,0.0,0.0,7562.1157826669405
4164.797840000001,2165.3289944638664,0.0,0.0,0.0
4793.8834400000005,2295.8787123622305,0.0,0.0,7562.11578266694
5362.1096800000005,2405.213169981673,0.0,0.0,7562.1157826669405
5959.114960000001,2508.7874359665393,0.0,0.0,7562.1157826669405
6488.861360000002,2616.4188360415874,0.0,0.0,0.0
6729.046400000002,2683.4595075015995,0.0,0.0,0.0
7068.74736,2783.956229116246,0.0,0.0,0.0
7404.402560000001,2861.4172862223713,0.0,0.0,0.0
7429.496800000001,2845.6530345726646,0.0,0.0,0.0
7829.639760000002,2834.671425649489,0.0,0.0,7562.11578266694
8666.187120000002,2836.615299000042,0.0,0.0,7562.11578266694
9325.157200000003,2847.8244584519175,0.0,0.0,0.0
9668.569280000002,2896.993739958343,0.0,0.0,0.0
9933.532720000003,2987.1813001763303,0.0,0.0,0.0
10233.035520000003,3089.165773678171,0.0,0.0,0.0
10533.726480000003,3156.999300567779,0.0,0.0,0.0
10777.06616,3197.3981928626554,0.0,0.0,0.0
10917.502160000004,3216.6583553254823,0.0,0.0,0.0
10934.377040000003,3195.6145232475546,0.0,0.0,0.0
10746.655280000003,3134.318737332746,0.0,0.0,0.0
10209.655840000003,3019.3363327341376,0.0,0.0,0.0
9518.323440000002,2894.362112991899,0.0,0.0,7562.115782666941
8752.06928,2779.2837902332103,0.0,0.0,0.0
7944.158080000001,2635.4157337671736,0.0,0.0,0.0
7165.371840000002,2487.769114037569,0.0,0.0,0.0
6629.643280000003,2398.9274692785734,0.0,0.0,0.0
6536.109520000002,2373.399973419896,0.0,0.0,0.0
6773.8430400000025,2372.965280481662,0.0,0.0,0.0
6889.722480000001,2329.5572110157723,0.0,0.0,0.0
6853.957360000001,2280.749153218583,0.0,0.0,0.0
6616.7389600000015,2193.752402432186,0.0,0.0,0.0
6518.06904,2106.281162875182,0.0,0.0,0.0
6036.901840000001,1940.1029505369725,0.0,0.0,0.0
5390.821040000001,1742.6594996365905,0.0,0.0,7562.11578266694
5367.610560000001,1599.8618490208055,0.0,0.0,7562.11578266694
5305.43896,1526.9711902018848,0.0,0.0,7562.115782666941
5355.070960000002,1497.1702341898656,0.0,0.0,7562.11578266694
5343.347280000001,1468.5274389405117,0.0,0.0,7562.115782666941
5064.291360000001,1434.2142477809098,0.0,0.0,7562.1157826669405
4827.697120000001,1374.252132453593,0.0,0.0,7562.1157826669405
4605.176560000001,1346.6083146374103,0.0,0.0,7562.1157826669405
4534.4735200000005,1352.6919749607682,0.0,0.0,7562.1157826669405
4585.4064800000015,1362.7950143538517,0.0,0.0,7562.11578266694
4731.56144,1356.9991085107333,0.0,0.0,7562.11578266694
4735.050720000001,1354.2052369969203,0.0,0.0,7562.115782666939
4538.256080000001,1315.0696072784142,0.0,0.0,7562.1157826669405
4145.723360000001,1253.7381071550647,0.0,0.0,7562.11578266694
3751.9836800000007,1201.3790366230073,0.0,0.0,0.0
3556.7156000000004,1142.0863076043324,0.0,0.0,71.14899173263673
3466.855360000001,1075.1895133844396,0.0,0.0,53.9086015557955
3577.523440000001,1056.3405745228058,0.0,0.0,7562.1157826669405
3611.8936000000003,1042.9028484580124,0.0,0.0,0.0
3445.889600000001,1003.1437506989876,0.0,0.0,0.0
3255.859200000001,956.5479330193833,0.0,0.0,0.0
3083.2752000000005,910.9898681993652,0.0,0.0,0.0
2870.9104000000007,859.3338573725737,0.0,0.0,0.0
2457.5510400000003,760.6503971458186,0.0,0.0,330.2391723390905
1968.6984000000004,665.0271343879915,0.0,0.0,1385.4543042916239
1729.3180000000004,582.3538436468924,0.0,0.0,2666.156982102007
1568.4313600000003,537.5835322266785,0.0,0.0,3370.904563109816
1483.7185600000003,516.8376586885732,0.0,0.0,3647.2252040268554
1513.0728800000004,521.847851943804,0.0,0.0,3572.1964126861794
1543.9387200000006,537.9876129861634,0.0,0.0,3317.880488440577
1561.9679200000003,549.4804452944454,0.0,0.0,3070.1075496658177
1575.9363200000003,551.3549310398341,0.0,0.0,2962.694542937258
1526.83824,523.650909272112,0.0,0.0,2928.9144316023053
1362.8834399999998,479.9826362868573,0.0,0.0,2992.4490976463294
1124.4016800000002,436.02354760348845,0.0,0.0,3247.3642482639734
933.1643200000002,421.7735783958922,0.0,0.0,3638.414366960653
813.2128000000002,412.9256383315122,0.0,0.0,3695.665822002921
673.9048000000001,373.57572336176383,0.0,0.0,3755.220919010116
506.35920000000016,353.96658206119974,0.0,0.0,3923.9282265552624
388.20120000000014,351.00128234639317,0.0,0.0,3954.039258636975
336.1740800000002,368.71144815856934,0.0,0.0,3772.0584516015024
353.57160000000005,397.5817939366231,0.0,0.0,3404.9204159731253
408.6781600000001,429.43070470694147,0.0,0.0,3018.1640930048793
486.06272000000007,458.70717205639676,0.0,0.0,2636.7787641071563
591.9556,481.06018497881746,0.0,0.0,2380.346695641617
701.1685600000002,488.9652699377324,0.0,0.0,2184.505388057961
811.2801600000003,480.0101872477313,0.0,0.0,2011.711411593653
884.9874400000003,443.30108289805173,0.0,0.0,2089.265060533973
811.5320800000002,368.0185925128867,0.0,0.0,2646.5544714339862
605.9916800000001,281.20041276919136,0.0,0.0,3990.009761578522
553.8743200000001,249.8361948290634,0.0,0.0,4643.766383050159
565.7258400000002,251.52598709600073,0.0,0.0,4822.848660303665
594.0236000000001,269.54329510162387,0.0,0.0,4740.1286538171125
603.2168000000001,299.6973115752134,0.0,0.0,4472.460050677235
608.2439200000001,333.52989152845805,0.0,0.0,4214.937043016234
726.0635200000002,387.11549002238644,0.0,0.0,3967.809027808733
979.2092800000001,460.6439025652416,0.0,0.0,3499.1672616965025
1316.4474400000004,574.3099834776491,0.0,0.0,2908.436542753934
1703.1972800000003,713.5974375968976,0.0,0.0,2344.300891226132
2078.0542400000004,866.9450654154995,0.0,0.0,2009.3135687320826
2345.2323200000005,1000.9968165627341,0.0,0.0,1538.027196155564
2494.3614400000006,1069.4599339286106,0.0,0.0,1190.1789433228478
2452.1892800000005,1091.7333551862841,0.0,0.0,1158.5134101920867
2431.0280000000007,1105.7486310234724,0.0,0.0,1106.8351826062226
2773.7106400000007,1160.8148385628874,0.0,0.0,522.3148054393434
3212.186800000001,1256.712590523496,0.0,0.0,7562.1157826669405
3473.46168,1324.9787695394214,0.0,0.0,7562.1157826669405
3546.383120000001,1349.2879006838941,0.0,0.0,7562.115782666941
3470.7620000000006,1326.1808077582934,0.0,0.0,7562.115782666941
3388.835360000001,1301.621677154038,0.0,0.0,7562.115782666938
3264.5560800000007,1249.7799524428367,0.0,0.0,7562.115782666939
3004.326480000001,1157.7617839356674,0.0,0.0,0.0
2616.963760000001,1030.7569563364214,0.0,0.0,248.97837956030787
2437.028960000001,889.8266486243173,0.0,0.0,1516.7863274893214
2161.8872000000006,743.5198219179541,0.0,0.0,2512.2179526525892
1921.9916800000005,642.6200399497812,0.0,0.0,3051.6719095769317
1780.8939200000004,629.4741499890606,0.0,0.0,3175.641848070568
1941.4008000000003,658.5893931971053,0.0,0.0,2763.306548260692
2226.1230400000004,713.6056008445642,0.0,0.0,2176.0888197713034
2465.0635200000006,843.2032799838389,0.0,0.0,1730.2999768403076
2743.1343200000006,986.7999084649691,0.0,0.0,7562.115782666939
2865.8193600000004,1055.4242499722561,0.0,0.0,7562.115782666938
2748.3607200000006,1081.676234061324,0.0,0.0,882.239784729737
2639.3583200000003,1065.158922814395,0.0,0.0,1187.6829531338906
2467.8609600000004,924.9082054705154,0.0,0.0,1450.071453485447
2214.038400000001,862.6440543012842,0.0,0.0,1687.3571397797893
2357.5801600000004,924.8775932917667,0.0,0.0,1469.1869427858655
2492.6506400000007,1032.9171557501331,0.0,0.0,1179.1558296819503
2661.2640800000004,1133.983263889508,0.0,0.0,631.2643965000151
2838.721040000001,1193.6015024088792,0.0,0.0,88.5247017197232
2970.298480000001,1242.3718051856115,0.0,0.0,7562.115782666939
3033.8688000000006,1249.692197530423,0.0,0.0,7562.11578266694
3135.272240000001,1240.2238506433994,0.0,0.0,7562.115782666938
3400.8410400000007,1212.3657475759749,0.0,0.0,7562.11578266694
3472.8112000000006,1173.2760361255916,0.0,0.0,7562.11578266694
3146.4695200000006,1101.6129256745007,0.0,0.0,0.0
2573.0657600000004,965.2754651806845,0.0,0.0,265.3727810107922
2188.71104,834.8777877701061,0.0,0.0,1707.9734457687487
2073.6099200000003,744.0300248971018,0.0,0.0,2422.1235071140295
2044.8760000000002,698.4903273843331,0.0,0.0,2713.0894981883484
2118.3652000000006,686.1679050319572,0.0,0.0,2618.1855153975025
2369.3677600000005,704.9831704969673,0.0,0.0,2124.3492416171935
2656.8761600000007,760.6299890266525,0.0,0.0,1488.81059395137
2960.2931200000007,809.9247804659485,0.0,0.0,7562.11578266694
3100.8757600000004,858.5185530118955,0.0,0.0,7562.115782666939
3211.1490400000002,933.1245142467106,0.0,0.0,7562.1157826669405
3378.705920000001,982.6060399763746,0.0,0.0,45.68408006965834
3490.8516800000007,1033.2232775376217,0.0,0.0,44.42116249554552
3421.5774400000005,1049.9875270264579,0.0,0.0,40.04162081055888
3235.995120000001,1012.3998531466858,0.0,0.0,180.8912172943205
2964.2298400000004,970.0081080152587,0.0,0.0,452.6718359067653
3084.0760800000003,1019.3416748809699,0.0,0.0,186.06547180859977
3377.608,1082.8752110623211,0.0,0.0,7562.11578266694
3553.7000800000005,1134.3067325782877,0.0,0.0,7562.11578266694
3505.9104800000005,1142.1944706359118,0.0,0.0,7562.11578266694
3441.971680000001,1125.597567724236,0.0,0.0,7562.11578266694
3432.4551200000005,1090.7894796748606,0.0,0.0,7562.1157826669405
3406.5712800000006,1050.7569131190126,0.0,0.0,0.0
3306.348480000001,1001.7835495565797,0.0,0.0,0.0
2985.89496,920.1276035559011,0.0,0.0,0.0
2352.9628800000005,788.442173825954,0.0,0.0,43.12766725890707
2171.2533600000006,710.5056075432624,0.0,0.0,822.1798262250092
2107.7883200000006,659.6220440269003,0.0,0.0,1298.145831035614
2099.2794400000007,635.4404636272143,0.0,0.0,1607.2546525475839
2156.7510400000006,640.9761659509672,0.0,0.0,1590.378351394067
2265.43384,669.0230441206766,0.0,0.0,7562.115782666939
2345.7286400000003,695.357681092366,0.0,0.0,7562.1157826669405
2354.929360000001,717.7464082233272,0.0,0.0,7562.115782666938
2290.095680000001,730.2341363409471,0.0,0.0,7562.1157826669405
2169.2229600000005,728.6320989864232,0.0,0.0,860.7351829361405
2001.9255200000002,709.3341815031391,0.0,0.0,1131.303149083906
1840.4072000000006,682.5679128110907,0.0,0.0,1494.0727614218417
1667.2404000000004,657.707762449138,0.0,0.0,1708.3540106047476
1410.8384800000001,606.0078741661397,0.0,0.0,2007.2624353604592
1166.7092000000002,555.394718228726,0.0,0.0,2345.419231195941
1101.2626400000001,520.8917315608812,0.0,0.0,2422.468820093211
1082.8762400000003,500.1407559929845,0.0,0.0,2390.540771539284
1004.1869600000002,464.90715865900006,0.0,0.0,2291.514234696979
894.5641600000002,412.9889035009265,0.0,0.0,2222.228880979936
801.7560800000001,374.3104156517365,0.0,0.0,2092.6873396153956
720.9536800000001,346.7359854407181,0.0,0.0,1972.5424707243003
643.64808,324.84215519953045,0.0,0.0,1963.7369767153548
575.8628000000001,307.36974397563705,0.0,0.0,1937.1206127365795
524.3169600000001,296.2820128327984,0.0,0.0,2028.8423712958024
437.72416000000004,279.4851103532966,0.0,0.0,2191.7795820654687
320.3670400000001,264.76269318700963,0.0,0.0,2814.526046515304
349.11600000000004,282.90959274933624,0.0,0.0,3101.4030429704453
415.7883200000001,323.15440374450964,0.0,0.0,3304.727080572824
486.5176800000001,371.63287041716933,0.0,0.0,3250.1956751208377
559.3714400000002,426.32152775201513,0.0,0.0,2979.665964024752
680.5299200000001,497.58157784957945,0.0,0.0,2634.6521315571763
912.8039200000001,589.5058690085853,0.0,0.0,2217.163309624547
1240.4616000000003,689.4423877521273,0.0,0.0,1691.6679590695653
1608.4039200000004,785.2778949492798,0.0,0.0,1191.4963970432007
1955.0496000000005,882.3511545738445,0.0,0.0,847.1103280094754
2218.8888,957.4499718865166,0.0,0.0,743.3946814673145
2360.2159200000006,1022.3090154076932,0.0,0.0,639.350139821792
2408.7124000000003,1112.5373918640119,0.0,0.0,545.80789819549
2743.2320800000007,1266.7584871829147,0.0,0.0,130.4842014839444
3633.994880000001,1511.5712234792895,0.0,0.0,0.0
4497.2908800000005,1738.3503252747087,0.0,0.0,7562.115782666939
4945.14072,1904.2264974492625,0.0,0.0,7562.1157826669405
5157.919120000001,2022.9282817658582,0.0,0.0,7562.1157826669405
5232.502480000002,2077.935305759692,0.0,0.0,7562.1157826669405
5242.646960000001,2093.417925364909,0.0,0.0,7562.11578266694
5256.716880000001,2094.7189429617356,0.0,0.0,7562.115782666938
5305.68336,2090.0781366634083,0.0,0.0,7562.1157826669405
5174.9256000000005,2067.6577769477403,0.0,0.0,7562.115782666939
4584.24088,1992.6293676461903,0.0,0.0,7562.115782666939
4188.602400000001,1957.7651572691093,0.0,0.0,7562.115782666939
5073.93576,2099.833217624713,0.0,0.0,7562.115782666938
6080.217040000001,2282.7695570160085,0.0,0.0,0.0
6855.273360000001,2469.953846411688,0.0,0.0,0.0
7573.395760000001,2625.1728987578035,0.0,0.0,0.0
8285.024640000001,2744.6389671371626,0.0,0.0,0.0
8856.243840000001,2843.421406741873,0.0,0.0,0.0
9230.51048,2894.030481055453,0.0,0.0,0.0
9424.703200000002,2920.221240787023,0.0,0.0,0.0
9468.826800000003,2957.021161266991,0.0,0.0,0.0
9182.495280000001,2965.12726619969,0.0,0.0,0.0
8611.584400000002,2917.290634874798,0.0,0.0,0.0
8104.800320000001,2841.9663078453436,0.0,0.0,7562.11578266694
7797.488000000001,2806.6867922432357,0.0,0.0,0.0
7603.325360000002,2791.7602938852897,0.0,0.0,0.0
7257.988160000003,2699.7931456760352,0.0,0.0,0.0
6923.848240000001,2558.1607986646236,0.0,0.0,0.0
6511.913920000001,2385.5428043236116,0.0,0.0,7562.11578266694
6086.481200000001,2187.5493546117077,0.0,0.0,7562.1157826669405
5619.733600000001,1960.185560202186,0.0,0.0,7562.11578266694
5138.498720000001,1735.150332189494,0.0,0.0,7562.1157826669405
4606.233120000002,1515.5977453907235,0.0,0.0,7562.1157826669405
3700.678480000001,1258.560545713969,0.0,0.0,7562.11578266694
2477.9904,964.3734263135511,0.0,0.0,7562.11578266694
1589.47232,762.9054943136514,0.0,0.0,2046.4266427291268
1310.2810400000003,671.3801818843391,0.0,0.0,2867.745222401903
1182.9975200000001,647.1618668701544,0.0,0.0,3269.66841915803
1004.6569600000001,600.2436009077286,0.0,0.0,3525.8745168487317
820.8343200000002,535.6692506489162,0.0,0.0,3625.500226766891
728.1954400000001,490.74077630516655,0.0,0.0,3571.43878726787
700.9354400000001,460.54288237537037,0.0,0.0,3557.1013792319245
676.2660800000002,426.0500997671086,0.0,0.0,3521.211604950419
623.7501600000002,381.93590937807863,0.0,0.0,3492.545619709429
553.7765600000001,334.90335794832373,0.0,0.0,3570.0890358952774
495.0040000000001,297.748336194869,0.0,0.0,3773.764077261267
496.6659200000001,285.619790974569,0.0,0.0,3738.098705395567
549.33976,307.64015155458526,0.0,0.0,3610.2132294236367
651.9088,349.40026539782747,0.0,0.0,3449.619625968581
840.9052000000003,393.7664960585564,0.0,0.0,3177.581470977273
979.2092800000001,414.033799202221,0.0,0.0,2887.3927528582913
1027.9163200000003,419.4174610381879,0.0,0.0,2530.724407416075
966.7599200000001,407.96442456227953,0.0,0.0,2275.7024843540516
869.34208,395.49710456382553,0.0,0.0,2083.1573884970517
739.87776,373.76449846404853,0.0,0.0,2150.4273803095016
602.45728,343.7951754689105,0.0,0.0,2212.2864411769806
475.49336000000005,303.4962829579474,0.0,0.0,2290.1459822214606
370.16448,258.9882158690155,0.0,0.0,2567.5105467783155
264.32800000000003,218.36381385735618,0.0,0.0,3061.277836729452
169.83544000000003,194.99549700643152,0.0,0.0,4029.8479098897333
174.33240000000004,193.249582411788,0.0,0.0,4526.750260488033
267.33224000000007,228.87093400992464,0.0,0.0,4611.001274448691
445.8382400000001,293.4309985853208,0.0,0.0,4379.003015622222
663.2602400000002,316.1156434441875,0.0,0.0,3979.9100917888595
719.0962400000002,308.6942309095046,0.0,0.0,3751.4337147982105
631.6160800000002,304.71668848406875,0.0,0.0,3775.199269450406
584.5784800000001,338.7615128766389,0.0,0.0,3682.494836313947
621.4340000000002,432.7378404177771,0.0,0.0,3436.8552043494433
713.8585600000001,538.7263868999695,0.0,0.0,3196.111894028412
881.81776,629.2231301233201,0.0,0.0,3049.1288774253444
1058.5528000000004,696.8658410987267,0.0,0.0,2797.068800023988
1160.4826400000002,742.1963553900448,0.0,0.0,2570.829331472674
1322.6138400000002,778.0524003585896,0.0,0.0,2341.082365270353
1510.6439200000002,793.1686942247786,0.0,0.0,2131.8007668916207
1537.7948800000001,758.4667283950662,0.0,0.0,2010.3873458745227
1388.9176800000002,655.7455217913358,0.0,0.0,1960.9536117769462
1233.9267200000002,576.782427114599,0.0,0.0,1867.2730832563705
1060.9780000000003,524.2498875696315,0.0,0.0,1822.133113937446
920.0306400000001,497.70402656457486,0.0,0.0,1888.2677842322853
875.4182400000002,505.3958466782061,0.0,0.0,1824.6691925241157
885.6792800000002,539.180467551411,0.0,0.0,1673.1739230785563
913.2175200000003,560.999808157643,0.0,0.0,1716.8722932242756
815.5440000000001,515.4948044474564,0.0,0.0,2218.2909312921456
677.0293600000001,431.25314974845713,0.0,0.0,3282.4708408138285
585.5824000000001,371.52776860346484,0.0,0.0,3920.533248040613
514.8981600000001,333.4217284968787,0.0,0.0,4258.568317937243
520.5193600000001,303.4677115911151,0.0,0.0,4327.0915336129565
511.8375200000001,265.0953455294139,0.0,0.0,4204.625724314509
492.40584000000007,246.7015077251797,0.0,0.0,4057.955295787177
534.86752,270.9341084227806,0.0,0.0,3916.321748356493
556.57024,297.012623498938,0.0,0.0,3758.5353450955713
461.52120000000014,277.6473592224066,0.0,0.0,3763.428704225076
261.01168000000007,194.53427351328202,0.0,0.0,4012.1564172744015
185.83800000000002,174.365949747572,0.0,0.0,4204.66943278395
563.7631200000001,368.62879527594737,0.0,0.0,3616.5302914237536
963.7857600000001,447.8031139860514,0.0,0.0,3064.2313610695182
1260.8558400000002,562.6998044841633,0.0,0.0,2607.9472614995943
1670.6507200000003,666.2006012400312,0.0,0.0,2102.338581583314
2150.9230400000006,842.4124653661597,0.0,0.0,1269.7013671224406
2519.2752,878.7032032729384,0.0,0.0,609.5494755670011
2798.1769600000007,937.0336894729404,0.0,0.0,0.0
3727.1037600000004,1251.0626027324138,0.0,0.0,0.0
5303.7018400000015,1522.6007914825057,0.0,0.0,0.0
7450.026400000002,1986.5436665109164,0.0,0.0,7562.115782666939
9295.118560000003,2463.0446776680697,0.0,0.0,7562.1157826669405
9718.220080000003,2765.2715756138973,0.0,0.0,0.0
9797.262800000002,2978.3364213298246,0.0,0.0,0.0
10616.642000000002,3228.877716676071,0.0,0.0,7562.11578266694
11170.960000000003,3438.7731814855324,0.0,0.0,7562.11578266694
11418.838000000003,3496.5169342595154,0.0,0.0,7562.115782666939
11564.76736,3524.3546292077735,0.0,0.0,7562.115782666939
11612.474240000001,3521.5842270310022,0.0,0.0,7562.1157826669405
11780.219120000002,3517.076073507252,0.0,0.0,7562.1157826669405
11955.367440000002,3541.7403059252115,0.0,0.0,7562.11578266694
12014.034720000001,3560.883121702835,0.0,0.0,7562.1157826669405
11829.181840000003,3535.3107279819924,0.0,0.0,7562.1157826669405
11496.842960000004,3421.1395461202283,0.0,0.0,7562.1157826669405
10804.803680000005,3233.485869983733,0.0,0.0,7562.115782666941
9864.769840000003,3004.6700378955566,0.0,0.0,7562.11578266694
8950.40176,2813.721470919724,0.0,0.0,0.0
8059.969840000001,2654.612631060586,0.0,0.0,0.0
7547.154720000002,2507.85886654449,0.0,0.0,0.0
7200.29848,2385.9928033512197,0.0,0.0,7562.1157826669405
6851.419360000002,2277.3644666549176,0.0,0.0,7562.11578266694
6576.570880000001,2174.6697906061027,0.0,0.0,7562.1157826669405
6295.416880000001,2111.380131448785,0.0,0.0,7562.1157826669405
5955.697120000002,2017.0997229320742,0.0,0.0,7562.11578266694
5718.523840000002,1935.2947976614846,0.0,0.0,7562.1157826669405
5490.810720000001,1829.4389039538703,0.0,0.0,7562.115782666938
4909.729040000001,1663.5239563529017,0.0,0.0,0.0
4212.38816,1503.7089955706228,0.0,0.0,0.0
4131.28496,1445.2876932403326,0.0,0.0,0.0
4051.7233600000013,1432.7234346758403,0.0,0.0,0.0
4041.4134400000007,1472.5672261294035,0.0,0.0,0.0
4109.01072,1484.5865879121661,0.0,0.0,7562.1157826669405
4160.6468,1475.2161999971386,0.0,0.0,7562.11578266694
4175.96128,1452.5550244753126,0.0,0.0,7562.115782666942
4108.416640000001,1417.0459175325884,0.0,0.0,7562.11578266694
4061.311360000001,1363.6297064277373,0.0,0.0,0.0
4030.6335200000003,1288.1298695734554,0.0,0.0,0.0
3485.489920000001,1202.2525041233082,0.0,0.0,0.0
2499.2720000000004,1118.1455430108037,0.0,0.0,334.45667576504104
1815.6062400000003,981.1784920407193,0.0,0.0,1261.5775261076062
1669.8836800000001,955.2867112549301,0.0,0.0,1412.7283163496709
1679.0881600000005,967.9723981284594,0.0,0.0,1368.121152101989
2258.8162400000006,1059.694648907723,0.0,0.0,628.7250686370595
2925.5093600000005,1228.4371414191285,0.0,0.0,0.0
3122.390480000001,1352.888913310719,0.0,0.0,0.0
2998.972240000001,1300.2073944958406,0.0,0.0,0.0
2950.2351200000003,1293.9880201800297,0.0,0.0,0.0
3345.2983200000003,1484.7784242323255,0.0,0.0,0.0
4049.8245600000014,1736.8993080020123,0.0,0.0,0.0
4869.094720000001,1904.0469060006021,0.0,0.0,7562.115782666941
5558.1072,2075.890412219268,0.0,0.0,0.0
6205.819840000002,2268.1644865349253,0.0,0.0,0.0
7493.240080000001,2538.523085997227,0.0,0.0,7562.115782666942
9201.002000000002,2760.3205659042474,0.0,0.0,7562.115782666939
10410.605280000002,2954.660962285453,0.0,0.0,7562.115782666939
11184.150080000003,3028.488353774089,0.0,0.0,7562.11578266694
11499.542640000001,2990.6649661179504,0.0,0.0,7562.1157826669405
11726.80456,2965.5527754842997,0.0,0.0,7562.115782666939
11892.650640000003,2979.442541388618,0.0,0.0,7562.1157826669405
11843.857120000002,3064.293378444719,0.0,0.0,7562.11578266694
11704.902560000002,3206.0196028042938,0.0,0.0,7562.11578266694
11578.980160000005,3358.846823584165,0.0,0.0,7562.115782666939
11503.904240000003,3484.6485925585807,0.0,0.0,7562.11578266694
11559.43192,3598.529979128188,0.0,0.0,7562.115782666939
11630.518480000002,3678.4073575435586,0.0,0.0,0.0
11740.396960000002,3760.4571802441387,0.0,0.0,0.0
12025.84488,3863.876344523343,0.0,0.0,0.0
12271.162320000005,3977.369976828798,0.0,0.0,7562.11578266694
12364.594560000003,4073.829972472428,0.0,0.0,7562.1157826669405
12241.770400000001,4111.562543998278,0.0,0.0,7562.1157826669405
12055.206720000002,4116.211513544272,0.0,0.0,7562.1157826669405
12150.819760000002,4134.773718331626,0.0,0.0,7562.1157826669405
12208.757600000003,4135.01555454374,0.0,0.0,7562.1157826669405
12248.952000000003,4134.232903173729,0.0,0.0,7562.115782666939
12339.03784,4130.488013306784,0.0,0.0,0.0
12622.876480000004,4141.61349947008,0.0,0.0,0.0
13016.033360000003,4178.368522087883,0.0,0.0,7562.115782666939
13333.490160000003,4215.320483055636,0.0,0.0,7562.115782666938
13712.859120000003,4259.046919180515,0.0,0.0,7562.115782666939
14106.948480000003,4293.398885766531,0.0,0.0,7562.115782666939
14292.120960000004,4321.434539470699,0.0,0.0,7562.1157826669405
14348.908240000002,4363.540570933803,0.0,0.0,7562.11578266694
14466.62256,4408.023127873778,0.0,0.0,7562.11578266694
14679.431040000003,4432.884298641689,0.0,0.0,7562.11578266694
14890.073760000005,4438.102654712412,0.0,0.0,7562.1157826669405
15133.514960000002,4441.176117458798,0.0,0.0,7562.115782666939
15198.9164,4417.709841635877,0.0,0.0,7562.1157826669405
15233.734000000002,4410.076184661868,0.0,0.0,7562.115782666939
15243.874720000003,4424.176154193595,0.0,0.0,7562.115782666939
15157.214240000003,4447.314879703904,0.0,0.0,0.0
14898.751840000004,4451.862829060025,0.0,0.0,0.0
14700.430640000002,4455.819963366296,0.0,0.0,7562.11578266694
14798.310960000003,4470.870951251154,0.0,0.0,7562.11578266694
14866.972320000003,4460.5556674187455,0.0,0.0,7562.11578266694
14741.083760000001,4413.369034689288,0.0,0.0,7562.11578266694
14513.964720000002,4370.092597592019,0.0,0.0,7562.1157826669405
14397.555119999999,4331.546762517408,0.0,0.0,7562.11578266694
14326.024880000003,4298.568262351256,0.0,0.0,7562.11578266694
14078.304800000002,4252.0510159304395,0.0,0.0,0.0
13785.622640000001,4198.923579711786,0.0,0.0,7562.115782666939
13816.157600000004,4122.828846183818,0.0,0.0,7562.11578266694
13543.771920000003,3999.0525830366196,0.0,0.0,7562.11578266694
13051.008880000003,3834.6304893526362,0.0,0.0,7562.11578266694
12388.511920000003,3643.1196786937844,0.0,0.0,7562.1157826669405
11804.723040000003,3461.8741519753844,0.0,0.0,7562.1157826669405
11301.368080000002,3302.4336801798,0.0,0.0,7562.11578266694
11035.096160000001,3216.214478733624,0.0,0.0,7562.11578266694
11024.91032,3178.82578401572,0.0,0.0,7562.1157826669405
10997.710480000002,3127.6279354642024,0.0,0.0,7562.11578266694
10689.747680000004,3019.5873525998777,0.0,0.0,7562.115782666937
10121.0364,2836.862237241949,0.0,0.0,7562.11578266694
9235.665440000002,2585.5668618925233,0.0,0.0,0.0
7956.731519999999,2294.409327782285,0.0,0.0,0.0
6428.378000000001,1997.887519549287,0.0,0.0,0.0
5214.999680000002,1732.6217662248378,0.0,0.0,0.0
4482.781040000001,1538.9130011318166,0.0,0.0,0.0
4166.162720000001,1395.3816786320172,0.0,0.0,0.0
4001.6326400000007,1295.0839361792387,0.0,0.0,0.0
3828.42448,1202.848421202953,0.0,0.0,0.0
3663.7928800000004,1121.4720664348472,0.0,0.0,0.0
3423.0513600000004,1014.282502139741,0.0,0.0,0.0
3018.986720000001,900.092952970728,0.0,0.0,0.0
2348.2516,756.3289779124372,0.0,0.0,219.6019343651827
1594.9318400000004,597.1793218149671,0.0,0.0,1524.6497930633282
1068.9792800000002,482.56324295538667,0.0,0.0,2982.890117449552
814.3032000000002,429.86641805113356,0.0,0.0,3760.7508718912018
750.1200000000002,429.91845875500655,0.0,0.0,4026.2815979457687
786.2348000000001,462.5285923702133,0.0,0.0,3921.057910518593
809.87016,502.8948316744239,0.0,0.0,3654.7089432754215
781.0272000000002,525.6702926635788,0.0,0.0,3505.6303238518426
721.44248,526.565188689004,0.0,0.0,3486.357287285865
689.9825600000001,524.5866215358691,0.0,0.0,3444.2599754490357
671.4984000000003,517.9968398571968,0.0,0.0,3347.0107614790354
660.8538400000001,519.9815294460816,0.0,0.0,3329.5634773459847
650.7883200000002,523.8386639684385,0.0,0.0,3499.67010290857
668.8325600000002,554.6406382255457,0.0,0.0,3383.858428845265
709.6736800000001,604.1997148080401,0.0,0.0,3170.456076066044
775.3533600000001,651.0434911355104,0.0,0.0,3027.318567717465
932.97256,670.5689591474943,0.0,0.0,2805.2081535255443
1113.1028800000004,665.9985608602889,0.0,0.0,2499.4298095364525
1198.3759200000002,624.2241613336304,0.0,0.0,2147.0725789333583
1198.7444000000003,568.4334655638255,0.0,0.0,1906.3286669196937
1167.5138400000003,498.83361596040794,0.0,0.0,1730.5817525833136
1121.1417600000002,421.46337498457035,0.0,0.0,1731.9864239772178
1084.9743200000003,363.7808465680857,0.0,0.0,1743.1861052719532
1086.7640800000001,356.79004534780336,0.0,0.0,1682.2918799646193
1109.8016000000005,396.29404161725415,0.0,0.0,1658.3838620369434
1060.5794400000002,439.07354101283363,0.0,0.0,2042.7309666891717
900.8584000000002,459.9898223459742,0.0,0.0,3004.9912952650925
914.9696800000003,463.35205997855786,0.0,0.0,3533.909853382469
970.0160800000001,442.5143499042059,0.0,0.0,3752.7867989759457
1061.3502400000002,452.806164399574,0.0,0.0,3691.0908378398885
1163.39288,504.28156337174744,0.0,0.0,3355.2072147982126
1253.9900800000003,548.9977932761717,0.0,0.0,3005.89611845159
1559.8284800000004,615.7088736116548,0.0,0.0,2550.769059176536
2023.9403200000006,711.4198912818952,0.0,0.0,1896.826775527412
2425.4707200000007,788.0431950962604,0.0,0.0,1288.200453350462
2655.90232,837.6145165502545,0.0,0.0,972.1977865268764
2817.4996000000006,870.282813305084,0.0,0.0,935.0394891976227
2868.176880000001,896.1837777444981,0.0,0.0,784.703123455714
2668.3554400000003,889.4970574997877,0.0,0.0,892.5178004570181
2405.5276800000006,893.7348034445889,0.0,0.0,1094.383821084125
2428.87728,941.6683733355186,0.0,0.0,1006.5680203889556
2763.5924800000003,1028.0110439026485,0.0,0.0,436.80100338605524
2948.7461600000006,1036.0946999042649,0.0,0.0,0.0
2829.1292800000006,993.6805058417557,0.0,0.0,0.0
2697.897760000001,946.9336680803234,0.0,0.0,0.0
2596.6296800000005,889.919505566522,0.0,0.0,0.0
2512.4094400000004,850.4328561983623,0.0,0.0,0.0
2383.14816,811.9615107587064,0.0,0.0,0.0
2136.0560000000005,743.9157394297727,0.0,0.0,253.215780274411
1768.0309600000003,650.0394116725477,0.0,0.0,1054.774332388093
1524.0821600000004,600.424212762347,0.0,0.0,2197.095942514379
1538.9341600000005,589.9803577791927,0.0,0.0,2717.1717838447175
1717.6469600000005,606.8854232902737,0.0,0.0,2818.950882994388
1919.5890400000003,645.2547281341001,0.0,0.0,2554.6697600288117
2072.0570400000006,703.9066422109656,0.0,0.0,2112.3289935957846
2305.7372800000003,766.3626297003566,0.0,0.0,1573.8744099083926
2503.4004800000002,832.7737106841007,0.0,0.0,1141.300025204026
2865.270400000001,907.656201933614,0.0,0.0,506.7275386142663
3195.7405600000006,940.4602126808969,0.0,0.0,0.0
3326.91944,988.7866388657704,0.0,0.0,0.0
3182.9264800000005,943.285716779417,0.0,0.0,202.04651697908972
2729.744960000001,845.1053166901014,0.0,0.0,740.4522811500752
2178.6906400000007,780.629945809244,0.0,0.0,1252.0695366025136
1930.1696800000009,725.6321054690344,0.0,0.0,1474.189204625978
2062.0178400000004,745.2555324530147,0.0,0.0,1296.6513295763912
2289.0353600000008,755.3514290043901,0.0,0.0,995.1136631743335
2448.1773600000006,796.1095041965862,0.0,0.0,510.3356574975819
2467.6579200000006,805.143158145376,0.0,0.0,259.476237878727
2343.2808800000007,772.255474109513,0.0,0.0,125.23152455432654
2203.3224000000005,716.8719203170679,0.0,0.0,254.70648418423136
2097.29416,689.1413679944301,0.0,0.0,283.34725826922437
2094.15832,690.3454470252188,0.0,0.0,185.73350752906737
2091.917360000001,691.0321802351517,0.0,0.0,97.25746969927792
1961.4115200000003,696.200536413918,0.0,0.0,381.7129628868667
2004.4146400000006,715.5606986606583,0.0,0.0,814.4308144133018
2182.1160000000004,731.1810730702452,0.0,0.0,1005.2492221263574
2304.28216,755.0187766619858,0.0,0.0,1158.5678712975691
2411.1188,776.6003626799351,0.0,0.0,1069.3285821425145
2515.2632800000006,804.6921387118093,0.0,0.0,755.6451930299635
2697.9391200000005,854.1236645495169,0.0,0.0,330.8109315521419
2978.698320000001,928.028606890983,0.0,0.0,0.0
3291.4588800000006,1027.6518610053283,0.0,0.0,0.0
3587.378400000001,1139.4914152523868,0.0,0.0,0.0
3907.305520000001,1259.57176801864,0.0,0.0,0.0
4326.04168,1394.5153539734247,0.0,0.0,0.0
4732.0352,1525.4926219683146,0.0,0.0,0.0
4889.733360000001,1636.4648311508224,0.0,0.0,0.0
4868.369040000001,1727.1197372977088,0.0,0.0,0.0
5028.225440000001,1793.6777567394472,0.0,0.0,0.0
5281.303520000001,1847.1776411328792,0.0,0.0,0.0
5598.891920000001,1944.5886551296398,0.0,0.0,0.0
5978.144320000001,2042.2272196551,0.0,0.0,0.0
6233.907040000001,2092.0750711237924,0.0,0.0,0.0
6470.982560000001,2146.2902600939888,0.0,0.0,0.0
6785.217040000001,2191.061591920161,0.0,0.0,7562.115782666938
7173.166320000001,2253.3175798417265,0.0,0.0,7562.115782666938
7078.587280000001,2193.5126070319866,0.0,0.0,0.0
6701.666080000001,2077.179184944595,0.0,0.0,0.0
6916.486160000002,2002.6681214639016,0.0,0.0,0.0
6872.7648800000015,1913.950966231818,0.0,0.0,0.0
6868.790560000001,1872.2235053792415,0.0,0.0,0.0
6752.027520000001,1849.854165961488,0.0,0.0,7562.11578266694
6722.071600000001,1872.79289190397,0.0,0.0,7562.1157826669405
6802.452880000001,1889.420406994395,0.0,0.0,7562.11578266694
6811.578400000002,1883.344909918704,0.0,0.0,7562.11578266694
6673.823280000001,1841.2041846530176,0.0,0.0,7562.115782666941
6441.549280000001,1775.134939665302,0.0,0.0,7562.11578266694
6201.601120000001,1720.8238325350258,0.0,0.0,0.0
5982.55856,1674.4086267100395,0.0,0.0,0.0
5713.474160000002,1645.4729749506548,0.0,0.0,0.0
5229.802800000001,1598.9934835502959,0.0,0.0,0.0
4750.481760000001,1538.3527982607125,0.0,0.0,0.0
4543.117760000001,1500.3641048393306,0.0,0.0,0.0
4406.866640000001,1484.0151605755204,0.0,0.0,0.0
4494.760400000001,1487.6314792917196,0.0,0.0,0.0
4553.01408,1489.1049454954982,0.0,0.0,0.0
4403.520240000001,1471.5131467744843,0.0,0.0,0.0
4214.20424,1448.9009507386563,0.0,0.0,0.0
4104.521280000001,1419.5183611695384,0.0,0.0,0.0
4150.468480000001,1418.3295882281245,0.0,0.0,0.0
3993.9697600000013,1389.2521000405363,0.0,0.0,0.0
3501.8083200000005,1332.1216112474897,0.0,0.0,0.0
3464.8400000000006,1288.3166038638235,0.0,0.0,0.0
3569.7477600000007,1214.0943152693271,0.0,0.0,51.4515278705655
3433.6470400000003,1161.984223791094,0.0,0.0,528.0280073668827
3394.170800000001,1159.6597390180968,0.0,0.0,566.1392221380448
3560.825280000001,1214.3432943231512,0.0,0.0,126.66099538150583
3844.5097600000004,1299.1257641800473,0.0,0.0,0.0
4072.2341600000013,1362.9807282382615,0.0,0.0,7562.1157826669405
4180.574800000001,1386.4031266049753,0.0,0.0,0.0
4127.073760000001,1380.5623228996924,0.0,0.0,0.0
3947.1615200000006,1352.7348320110164,0.0,0.0,0.0
3793.264720000001,1308.924722597559,0.0,0.0,0.0
3643.2858400000005,1283.7584504481174,0.0,0.0,0.0
3415.6855200000005,1252.975863904218,0.0,0.0,0.0
3131.0572800000004,1215.5524753837315,0.0,0.0,110.26555145147582
3004.9393600000003,1166.9454375603266,0.0,0.0,208.50281143753398
2878.6635200000005,1068.0854471027865,0.0,0.0,311.6761873049775
2527.1824800000004,899.7684638759899,0.0,0.0,469.38406974601077
2084.85984,709.3229570375979,0.0,0.0,850.812712974509
1618.9131200000004,547.538612755809,0.0,0.0,1208.4251759268845
1247.3273600000005,449.75310977235404,0.0,0.0,1587.8745273653676
982.8038400000002,385.21651453399863,0.0,0.0,1848.8640124237177
853.1628000000002,345.8431302272095,0.0,0.0,1974.417459126395
825.5418400000002,359.74412059706873,0.0,0.0,1996.4325567796805
848.8688800000002,439.2419079959524,0.0,0.0,2354.1744989712306
968.8542400000003,582.9558831622868,0.0,0.0,2898.061644899982
1271.9929600000003,733.1392321042142,0.0,0.0,2908.3911718679256
1432.2140800000004,767.7391573380971,0.0,0.0,2917.3386273069173
1479.4923200000003,776.7575051975126,0.0,0.0,2841.3117276416497
1727.7651200000005,906.588857301237,0.0,0.0,2237.860861281268
2457.5811200000003,1087.517037766607,0.0,0.0,1110.653591248205
3365.0984800000006,1298.8298464521415,0.0,0.0,0.0
4159.13528,1545.399721808701,0.0,0.0,0.0
4781.15584,1747.1829592497143,0.0,0.0,0.0
5221.590960000001,1818.6236212018966,0.0,0.0,0.0
5267.350160000001,1864.5367872954012,0.0,0.0,0.0
5047.22472,1893.7938669316495,0.0,0.0,0.0
4907.341440000001,1920.0540142683833,0.0,0.0,0.0
5263.2216800000015,1986.4967278368347,0.0,0.0,0.0
5684.796640000001,2038.0568205035468,0.0,0.0,0.0
5868.431280000001,2114.8352260235733,0.0,0.0,0.0
5826.894560000002,2243.088010109814,0.0,0.0,7562.11578266694
5637.7101600000005,2261.6471536792924,0.0,0.0,7562.115782666939
5332.962160000001,2187.573844354707,0.0,0.0,0.0
5289.455200000001,2018.2282919219488,0.0,0.0,0.0
5187.589280000002,1920.8999308078105,0.0,0.0,0.0
4984.56432,1912.582601841744,0.0,0.0,0.0
4599.724560000001,1819.1328037750866,0.0,0.0,0.0
4001.3318400000007,1693.2432798882571,0.0,0.0,0.0
4279.797440000001,1745.9717373772178,0.0,0.0,0.0
5443.724240000001,1969.505948225257,0.0,0.0,0.0
6397.666320000001,2169.6361280138312,0.0,0.0,7562.115782666941
7108.8139200000005,2392.5172790485617,0.0,0.0,7562.115782666939
7934.246720000001,2629.098400479367,0.0,0.0,7562.11578266694
8811.214080000002,2805.126591533002,0.0,0.0,7562.115782666942
9616.666240000002,3053.8107480351496,0.0,0.0,7562.115782666939
10393.027280000002,3283.3857621562984,0.0,0.0,7562.115782666939
11064.901680000003,3446.6568379193236,0.0,0.0,7562.115782666939
11393.303840000002,3539.273984724012,0.0,0.0,7562.115782666942
11414.435040000002,3565.7586213715713,0.0,0.0,7562.11578266694
11107.897280000001,3521.7832061928693,0.0,0.0,7562.1157826669405
10443.452640000001,3442.795621773134,0.0,0.0,0.0
9490.006880000003,3292.215334913429,0.0,0.0,0.0
8491.147840000001,3069.271939115243,0.0,0.0,0.0
7498.240880000001,2815.3959570972875,0.0,0.0,7562.1157826669405
6671.059680000001,2580.8454435234903,0.0,0.0,7562.11578266694
6025.576720000001,2348.060232257544,0.0,0.0,7562.11578266694
5699.235040000001,2218.1503088950312,0.0,0.0,0.0
5447.251120000001,2104.9362678221482,0.0,0.0,0.0
5352.2321600000005,1972.4987989009376,0.0,0.0,0.0
5033.37664,1790.1175603509546,0.0,0.0,0.0
4576.202000000001,1585.7884100439944,0.0,0.0,0.0
3653.8025600000005,1340.2930221615197,0.0,0.0,0.0
3018.0504800000012,1146.8097667852821,0.0,0.0,209.71740020336625
2877.4152000000004,993.2417312796885,0.0,0.0,1007.6828792740898
2300.1499200000003,827.6022932874592,0.0,0.0,2010.1271672453213
1713.1876000000004,694.2250304786581,0.0,0.0,2759.705448178648
1639.3036000000004,682.2740358951015,0.0,0.0,2646.42357263676
1855.2968000000005,757.6371383509719,0.0,0.0,2159.0493998627435
2175.9420800000003,802.4380619499348,0.0,0.0,1746.3767024960953
2337.941680000001,788.0840113345923,0.0,0.0,1506.237025023139
2131.4688000000006,710.2107102213149,0.0,0.0,1748.7665602933794
1825.3371200000006,728.1004674821512,0.0,0.0,2068.645894225569
1672.3728000000006,756.8646910405423,0.0,0.0,2369.11356586342
1545.7924000000003,708.9311211496124,0.0,0.0,2489.73612160588
1444.52808,673.8260949663734,0.0,0.0,2544.9601700870307
1435.5153600000003,664.0883609063596,0.0,0.0,2518.235447883327
1588.9158400000001,663.9842794986135,0.0,0.0,2299.582245205649
1668.51128,682.5015864238015,0.0,0.0,1913.3271420303943
1756.9840800000006,744.1494123942224,0.0,0.0,1418.2340096284024
2157.0480800000005,858.4134511981911,0.0,0.0,639.1206872774065
2674.1947200000004,1043.974274714223,0.0,0.0,0.0
3122.4732000000004,1214.5228857718112,0.0,0.0,0.0
3283.0477600000004,1326.9073368005998,0.0,0.0,0.0
3404.413040000001,1298.65127540944,0.0,0.0,0.0
3477.8044800000007,1281.3492719805818,0.0,0.0,0.0
3332.3300800000006,1283.1370232195154,0.0,0.0,0.0
3314.3760800000005,1292.1900648815129,0.0,0.0,0.0
3455.4437600000006,1329.4940659048787,0.0,0.0,50.5800558894113
3549.5528000000013,1353.892992773682,0.0,0.0,193.8741486082449
3795.5169600000013,1408.883690272183,0.0,0.0,0.0
4021.8652,1457.066239216937,0.0,0.0,0.0
4144.433680000001,1454.8978765555594,0.0,0.0,7562.1157826669405
4187.46688,1416.5326533355658,0.0,0.0,0.0
4041.635280000001,1350.112388698197,0.0,0.0,0.0
3824.13808,1262.1931909255009,0.0,0.0,0.0
3507.895760000001,1152.625060341608,0.0,0.0,0.0
3090.7801600000007,1010.8845502986171,0.0,0.0,193.9988694730346
2598.6187200000004,856.7328425848784,0.0,0.0,810.5288068005409
2059.3896,710.6239746344246,0.0,0.0,1423.2973332034549
1573.0448800000006,598.0834014940172,0.0,0.0,1972.0992607427586
1213.21664,524.1274388546361,0.0,0.0,2359.2035778450822
1003.3447200000002,508.37747288834544,0.0,0.0,2501.26333347939
1057.9324000000001,564.6283717453417,0.0,0.0,2132.3693049854087
1428.6646400000002,724.2045575333791,0.0,0.0,1380.567578510332
2096.6136000000006,996.0386640113763,0.0,0.0,153.5592249371134
3025.826160000001,1309.3257421391686,0.0,0.0,0.0
4083.8525600000003,1573.4710897214097,0.0,0.0,0.0
5220.53816,1824.022589127238,0.0,0.0,0.0
6340.506800000001,2091.3260931504037,0.0,0.0,0.0
6680.835680000001,2185.808542046856,0.0,0.0,0.0
6630.098240000001,2213.436033367706,0.0,0.0,0.0
6818.338880000001,2252.4624796486746,0.0,0.0,0.0
7267.922080000002,2330.8704734840985,0.0,0.0,7562.115782666938
8228.921680000001,2440.665134190733,0.0,0.0,7562.11578266694
8935.16248,2558.4863081653193,0.0,0.0,7562.115782666939
9162.307840000003,2695.516624304819,0.0,0.0,7562.115782666939
9390.577440000005,2734.8991922652326,0.0,0.0,0.0
9550.907600000002,2696.9584579238904,0.0,0.0,7562.1157826669405
9567.090640000002,2640.1055195514996,0.0,0.0,7562.11578266694
9442.995600000002,2604.408657912449,0.0,0.0,7562.115782666941
9102.719360000003,2555.9332524576644,0.0,0.0,7562.115782666939
8483.55264,2476.1997512824146,0.0,0.0,0.0
7456.685360000002,2305.099100601388,0.0,0.0,0.0
5990.187600000001,2053.785357944713,0.0,0.0,0.0
4930.995600000001,1816.100157267032,0.0,0.0,0.0
4360.998400000001,1649.9341898003224,0.0,0.0,0.0
4151.0588,1576.4098588813006,0.0,0.0,0.0
4048.9409600000004,1532.6354636763829,0.0,0.0,0.0
3962.2616800000005,1467.3845842672206,0.0,0.0,0.0
3927.3613600000003,1410.3449116044626,0.0,0.0,0.0
3979.5689600000005,1371.2225471634138,0.0,0.0,0.0
4136.594080000001,1361.273589070033,0.0,0.0,0.0
3876.8946400000004,1234.5718220404008,0.0,0.0,0.0
3127.7221600000007,1019.7233067093727,0.0,0.0,0.0
2589.8466400000007,868.1848586548285,0.0,0.0,0.0
2559.92832,819.0063934947782,0.0,0.0,250.18958651465604
2687.151680000001,809.1451903138106,0.0,0.0,487.84808193682926
2758.4450400000005,805.5615245882772,0.0,0.0,491.9580524086774
2764.4685600000007,775.8697520137955,0.0,0.0,372.3156314676129
2819.0524800000003,738.2371802718584,0.0,0.0,188.22431048724792
2808.7538400000008,710.6229542284663,0.0,0.0,144.1264418668995
2780.9749600000005,711.318871092024,0.0,0.0,104.79581287634602
2795.18024,724.2504758015023,0.0,0.0,66.10594973636726
2910.488160000001,751.1596013277123,0.0,0.0,11.476792392535963
2962.034000000001,757.5769343994325,0.0,0.0,198.05029972547692
2876.4000000000005,780.0707633440979,0.0,0.0,336.7093645131559
2886.6084000000014,857.5522285693897,0.0,0.0,235.81298916032495
3091.9570400000007,985.8101146854225,0.0,0.0,0.0
3505.466800000001,1145.765891489946,0.0,0.0,0.0
3882.3692000000005,1301.161474066847,0.0,0.0,0.0
4288.998160000001,1462.7774513655168,0.0,0.0,0.0
4686.576800000001,1576.6006747955018,0.0,0.0,0.0
4912.16552,1601.7720489747346,0.0,0.0,0.0
5018.7314400000005,1606.411834867104,0.0,0.0,0.0
5193.428560000001,1633.5138171194317,0.0,0.0,0.0
5248.031280000001,1697.669800935343,0.0,0.0,0.0
5132.892560000001,1789.5267453011015,0.0,0.0,0.0
4993.674800000001,1811.1134333488421,0.0,0.0,0.0
5419.509840000001,1789.9930708240427,0.0,0.0,0.0
5714.380320000001,1741.2513394141429,0.0,0.0,0.0
5673.223360000002,1706.987127740539,0.0,0.0,7562.11578266694
5570.6956800000025,1703.8238692698228,0.0,0.0,7562.11578266694
5532.610640000002,1772.1349461479135,0.0,0.0,0.0
5716.798000000001,1870.0928977383205,0.0,0.0,0.0
6042.703520000001,1992.2518174416211,0.0,0.0,0.0
6322.879920000001,2073.079193804164,0.0,0.0,0.0
6391.206640000001,2093.923026314266,0.0,0.0,0.0
6269.157040000001,2066.7526768627317,0.0,0.0,7562.115782666939
6005.047120000001,2010.005860710004,0.0,0.0,7562.115782666939
5544.962240000002,1933.1611288026886,0.0,0.0,0.0
4946.1709599999995,1825.8470749806702,0.0,0.0,0.0
4327.50056,1709.336102256535,0.0,0.0,0.0
3946.071120000001,1615.960793824833,0.0,0.0,0.0
3757.0672000000004,1520.45487775221,0.0,0.0,0.0
3546.571120000001,1418.524485766159,0.0,0.0,0.0
3379.4804800000006,1323.7706088847995,0.0,0.0,0.0
3151.7109600000003,1247.7330180904955,0.0,0.0,0.0
3043.6448000000005,1218.0769597245544,0.0,0.0,0.0
3088.7836000000007,1231.9126441130827,0.0,0.0,0.0
3144.5406400000006,1230.2983618870594,0.0,0.0,0.0
2818.7855200000004,1122.8659409738789,0.0,0.0,0.0
2318.4761600000006,1005.7957857845976,0.0,0.0,163.9062139190447
1964.7729600000002,924.9755522637632,0.0,0.0,1435.5590774205066
2027.7943200000009,881.7327885631177,0.0,0.0,1919.3623042705847
1992.6909600000004,814.7013007567296,0.0,0.0,2274.2205574936343
1732.0628000000002,716.4402885967089,0.0,0.0,2661.72134780643
1467.6483200000005,617.0731563778958,0.0,0.0,2827.095008036546
1284.7130400000003,519.7856115020888,0.0,0.0,2916.2854196997646
1112.0764000000001,415.35114329438045,0.0,0.0,3074.572842070697
975.7087200000002,339.6737558033551,0.0,0.0,3193.2957171568564
843.69136,280.53510808438267,0.0,0.0,3269.4380545296112
630.9806400000002,222.78217165677555,0.0,0.0,3519.2585804730975
449.1132000000001,189.6934676471283,0.0,0.0,3875.7529972556185
364.5019200000001,179.36491853726147,0.0,0.0,3953.5185277496453
420.21760000000006,213.9168846911045,0.0,0.0,3775.5997044592614
638.6096800000001,316.6278872352519,0.0,0.0,3421.659595843633
1033.4811200000001,491.85403920566694,0.0,0.0,2815.947132371735
1559.8397600000003,663.9414224483651,0.0,0.0,1987.5022335287617
2163.66944,838.1941071345663,0.0,0.0,869.9118749796583
2737.91544,1047.1538596802714,0.0,0.0,0.0
3404.116000000001,1284.8094685851615,0.0,0.0,0.0
4232.729760000001,1572.4833367537797,0.0,0.0,0.0
5244.271280000002,1866.568415558368,0.0,0.0,7562.115782666939
6467.929440000001,2179.705494010291,0.0,0.0,7562.115782666939
7801.909760000001,2472.8875135417875,0.0,0.0,0.0
8466.38448,2702.809465688756,0.0,0.0,0.0
8563.948960000002,2783.712352092213,0.0,0.0,0.0
8490.35824,2747.2950838466063,0.0,0.0,0.0
8173.160880000001,2581.155646934812,0.0,0.0,0.0
7791.735200000001,2440.5783996842774,0.0,0.0,7562.1157826669405
7396.457680000001,2382.9683200908325,0.0,0.0,7562.1157826669405
7052.639520000001,2435.235554086643,0.0,0.0,7562.1157826669405
6294.815280000001,2428.867200500921,0.0,0.0,7562.115782666939
5632.333360000001,2343.1204470134358,0.0,0.0,7562.1157826669405
5296.877440000001,2302.1929844321626,0.0,0.0,7562.115782666938
5148.598080000002,2271.8481520443725,0.0,0.0,7562.11578266694
5156.738480000001,2251.7165628931607,0.0,0.0,7562.1157826669405
5261.5898400000015,2331.3225133236238,0.0,0.0,0.0
5662.278000000001,2531.8343249406007,0.0,0.0,0.0
6403.107040000001,2738.6665310632593,0.0,0.0,0.0
7191.605360000001,2876.8917425799227,0.0,0.0,0.0
8030.002640000002,2954.1109634739328,0.0,0.0,0.0
8330.8628,2945.820165062782,0.0,0.0,0.0
8688.987760000002,2913.9488053613804,0.0,0.0,0.0
9352.105120000002,2963.7650242453656,0.0,0.0,0.0
10351.092000000002,3261.24703448512,0.0,0.0,0.0
11077.117920000004,3507.2189519501185,0.0,0.0,0.0
11769.326400000004,3728.243984546709,0.0,0.0,0.0
12428.995840000001,3924.388458662181,0.0,0.0,0.0
12833.75232,4069.558553131003,0.0,0.0,0.0
13508.145920000003,4135.1675950315275,0.0,0.0,7562.11578266694
14167.225040000001,4203.085815615674,0.0,0.0,0.0
14396.761760000001,4199.103171160446,0.0,0.0,0.0
14201.144000000002,4110.511525861233,0.0,0.0,0.0
13834.946320000003,4002.305637231665,0.0,0.0,0.0
13694.844960000002,3940.381281246546,0.0,0.0,0.0
13740.686880000003,3894.674237156617,0.0,0.0,0.0
13384.129840000003,3749.8867949221562,0.0,0.0,0.0
12518.152960000001,3527.8964582890176,0.0,0.0,0.0
11664.298320000004,3312.7938618743733,0.0,0.0,0.0
10898.525440000003,3085.9208827307916,0.0,0.0,0.0
9954.212720000001,2820.72247619959,0.0,0.0,7562.11578266694
8549.442880000002,2488.211970223469,0.0,0.0,0.0
6819.906800000002,2097.312814907723,0.0,0.0,0.0
5283.593360000002,1719.6034270089046,0.0,0.0,0.0
4016.300400000001,1390.8776067321014,0.0,0.0,0.0
3131.3016800000005,1147.1107865429794,0.0,0.0,0.0
2378.2902400000003,964.1213860418522,0.0,0.0,305.08978415695685
1847.2203200000001,826.7614787778238,0.0,0.0,702.6460911378389
1585.7123200000003,749.4606254071502,0.0,0.0,963.9053583103496
1515.5319200000004,721.2025232040738,0.0,0.0,982.4763567765767
1606.8510400000002,737.755548659543,0.0,0.0,823.3616481168384
1953.1282400000005,827.8206601625346,0.0,0.0,410.5187821912012
2343.0176800000004,927.9398315726114,0.0,0.0,269.91176033450245
2565.9292800000003,1005.8366020229292,0.0,0.0,843.8955092600936
2841.740320000001,1093.743554924126,0.0,0.0,1010.6901037594513
3241.214000000001,1188.0147797872116,0.0,0.0,777.5166968402415
3609.94968,1264.1737988905525,0.0,0.0,322.32193276416075
3974.1808800000013,1338.1899654814729,0.0,0.0,0.0
4226.420480000001,1371.5021383959865,0.0,0.0,0.0
4210.072,1346.4858659224149,0.0,0.0,0.0
4026.411040000001,1297.7125019278083,0.0,0.0,0.0
3884.358240000001,1252.8115785449324,0.0,0.0,0.0
3810.9066400000006,1205.4657624859808,0.0,0.0,0.0
3735.717920000001,1177.2872519476514,0.0,0.0,0.0
3530.049680000001,1156.8199492361607,0.0,0.0,0.0
3181.945120000001,1145.9301768492317,0.0,0.0,0.0
3280.1036800000006,1219.2504265765942,0.0,0.0,0.0
3587.4272800000003,1342.672608856265,0.0,0.0,0.0
3650.29824,1394.4949458542583,0.0,0.0,0.0
3597.774800000001,1365.9041913087779,0.0,0.0,0.0
3503.214560000001,1287.0380351980793,0.0,0.0,0.0
3321.3396000000002,1198.8045523902279,0.0,0.0,0.0
3164.4874400000003,1124.8598142163883,0.0,0.0,0.0
3053.2816800000005,1103.0139430552404,0.0,0.0,0.0
3066.30632,1138.697539416833,0.0,0.0,0.0
3272.688960000001,1249.9881152583287,0.0,0.0,0.0
3483.9408000000003,1370.7123441842662,0.0,0.0,0.0
3701.9644000000008,1474.531507599122,0.0,0.0,0.0
3946.740400000001,1556.5303100017884,0.0,0.0,0.0
4225.931680000001,1637.5087064461584,0.0,0.0,0.0
4517.767840000001,1707.3759024106496,0.0,0.0,0.0
4700.101520000001,1727.3789204111158,0.0,0.0,7562.1157826669405
4804.9228,1710.4595692166183,0.0,0.0,7562.11578266694
4938.290000000002,1682.0749366747132,0.0,0.0,7562.115782666939
5120.552240000001,1640.2158434535165,0.0,0.0,0.0
5385.839040000002,1617.1505871722054,0.0,0.0,0.0
5652.332800000001,1601.8118448071082,0.0,0.0,0.0
5809.045840000001,1619.8842547344789,0.0,0.0,0.0
5762.895600000001,1596.1312448372769,0.0,0.0,0.0
5485.727200000001,1612.7444742442858,0.0,0.0,0.0
5311.462480000001,1657.447438871252,0.0,0.0,0.0
5260.0332,1693.9698089305637,0.0,0.0,0.0
5324.863120000001,1752.938048854501,0.0,0.0,0.0
5328.273440000001,1789.7369489285104,0.0,0.0,7562.115782666939
5303.656720000001,1789.3471538524416,0.0,0.0,0.0
5255.897200000001,1794.5899996661637,0.0,0.0,0.0
5172.816240000001,1817.9460716455885,0.0,0.0,7562.1157826669405
5130.268080000001,1821.0827995613893,0.0,0.0,7562.11578266694
5129.087440000001,1799.1206021209955,0.0,0.0,0.0
5213.243760000001,1781.509415686774,0.0,0.0,0.0
5240.99632,1764.2767998630804,0.0,0.0,0.0
5342.978800000002,1762.250273629905,0.0,0.0,0.0
5785.778960000001,1797.282850990105,0.0,0.0,0.0
6169.050800000002,1859.4408799396738,0.0,0.0,7562.115782666941
6636.614320000001,1933.4692914020939,0.0,0.0,7562.11578266694
7065.096400000001,1995.8814014352781,0.0,0.0,7562.115782666941
7409.711680000001,2060.638404360626,0.0,0.0,0.0
7641.575840000002,2106.840345340328,0.0,0.0,0.0
7645.858480000001,2105.862796432281,0.0,0.0,0.0
7353.7252800000015,2040.9996712872705,0.0,0.0,7562.1157826669405
6770.605680000001,1905.5571068188794,0.0,0.0,7562.1157826669405
5896.37936,1727.4003489362397,0.0,0.0,0.0
4969.12952,1582.0271936817169,0.0,0.0,0.0
4199.209360000001,1532.9058712553315,0.0,0.0,0.0
3789.418240000001,1616.6230372917669,0.0,0.0,0.0
3751.9987200000005,1791.4359248490723,0.0,0.0,0.0
3694.237600000001,1928.3795064821163,0.0,0.0,0.0
3545.4243200000005,1992.3293682944516,0.0,0.0,0.0
3350.5284800000004,1976.182464410384,0.0,0.0,0.0
3222.5380800000007,1961.170251951941,0.0,0.0,0.0
3117.4836800000007,1981.307963538902,0.0,0.0,0.0
2996.426720000001,2005.650768079999,0.0,0.0,0.0
2929.5325600000006,2013.5609550687054,0.0,0.0,0.0
2909.1383200000005,1974.1692034546668,0.0,0.0,0.0
3035.53072,1910.7356670572292,0.0,0.0,0.0
3155.7830400000007,1863.5990342197279,0.0,0.0,0.0
3327.8180800000005,1861.4510796775162,0.0,0.0,0.0
3508.305600000001,1897.7254910889617,0.0,0.0,0.0
3673.9674400000004,1979.7579668882513,0.0,0.0,0.0
3964.5402400000003,2129.657642973773,0.0,0.0,7562.115782666939
4288.953040000001,2289.174645216229,0.0,0.0,7562.1157826669405
4679.868960000001,2437.5794265728478,0.0,0.0,7562.1157826669405
5190.070880000001,2605.667838864986,0.0,0.0,7562.115782666939
5814.3812800000005,2806.9796487532662,0.0,0.0,7562.1157826669405
6499.212640000002,3008.6832945295323,0.0,0.0,0.0
7288.214800000002,3179.9839447783847,0.0,0.0,0.0
8040.88032,3290.527583458408,0.0,0.0,7562.11578266694
8554.90616,3343.987672019467,0.0,0.0,0.0
8981.260080000002,3392.271241154092,0.0,0.0,0.0
9322.239440000003,3444.445618207698,0.0,0.0,0.0
9639.320240000003,3471.934334318219,0.0,0.0,0.0
9901.444880000001,3494.638366890293,0.0,0.0,0.0
10007.28136,3482.9118616175615,0.0,0.0,0.0
9964.338399999999,3452.482335535233,0.0,0.0,0.0
9917.345920000003,3415.9477206044207,0.0,0.0,0.0
10073.912320000001,3378.512087212435,0.0,0.0,0.0
10091.967840000003,3340.2835983908535,0.0,0.0,0.0
10012.188160000002,3309.7367256233206,0.0,0.0,0.0
9907.009680000003,3333.23361362499,0.0,0.0,0.0
10210.971840000004,3383.5835048251643,0.0,0.0,0.0
10603.703840000004,3367.4314989113054,0.0,0.0,0.0
10644.60888,3282.1694382540104,0.0,0.0,0.0
10350.941600000002,3143.76259447677,0.0,0.0,0.0
9947.53496,2988.4292566633253,0.0,0.0,0.0
9603.32576,2854.3009750692186,0.0,0.0,0.0
9291.087840000002,2746.701207578878,0.0,0.0,0.0
9021.352960000002,2648.9524392099215,0.0,0.0,0.0
8664.258240000003,2539.9669604282153,0.0,0.0,0.0
8152.138720000001,2413.080499920132,0.0,0.0,7562.115782666938
7682.909520000002,2295.835855311982,0.0,0.0,7562.115782666939
7186.901600000002,2170.7402072607065,0.0,0.0,7562.11578266694
6438.214160000001,2003.641588748115,0.0,0.0,0.0
5612.46928,1837.9633753294709,0.0,0.0,0.0
5017.637280000001,1698.9075533627556,0.0,0.0,0.0
4793.800720000001,1567.8006938111616,0.0,0.0,0.0
4421.357680000001,1415.3469416120267,0.0,0.0,0.0
3854.01128,1257.3738135844717,0.0,0.0,0.0
3255.2914400000004,1100.8486416117375,0.0,0.0,0.0
2680.7371200000007,957.8142568136279,0.0,0.0,0.0
2286.4860800000006,852.7083614853611,0.0,0.0,211.879838602731
2143.1360800000007,799.8707205588632,0.0,0.0,380.616367876726
2064.19864,773.8973072964103,0.0,0.0,554.6008533506453
1878.9584800000005,746.2545098861859,0.0,0.0,1020.0788255137182
1563.8516800000002,730.4422991564393,0.0,0.0,2297.616119693088
1630.3510400000002,751.9402118858085,0.0,0.0,2727.054517684192
1664.51816,787.2493192607066,0.0,0.0,2929.7489789221163
1610.0921600000004,802.2778582144821,0.0,0.0,3002.355027647569
1509.3204000000005,800.3125563388052,0.0,0.0,2876.886277531857
1421.2912800000001,797.6513375995706,0.0,0.0,2775.482079092222
1315.7856800000002,782.4013705528448,0.0,0.0,2815.3583090113093
1202.1923200000003,744.1585960478471,0.0,0.0,2840.7260709976317
1138.2836000000002,690.0811618820202,0.0,0.0,2829.2584686622686
1122.7848800000002,667.3475375371553,0.0,0.0,2844.8427248897133
1062.9783200000004,663.7955043963289,0.0,0.0,3056.396674234514
976.2313600000001,682.0832199809003,0.0,0.0,3052.680456958311
968.1586400000002,731.1188283067894,0.0,0.0,2902.557602957087
1103.3043200000004,768.8799711994716,0.0,0.0,2706.022439534877
1318.7335200000002,805.6135652921502,0.0,0.0,2478.17268054966
1582.3508800000004,850.1655098372888,0.0,0.0,2002.2566466547441
1852.7663200000004,917.3388340718798,0.0,0.0,1249.5294761992222
2081.7691200000004,989.5856167311156,0.0,0.0,678.3380852786411
2136.90576,996.6345810910209,0.0,0.0,7562.11578266694
2105.79552,929.5724811058842,0.0,0.0,304.7587999120377
2043.1877600000005,854.642030776331,0.0,0.0,370.7204363454787
1779.6606400000005,773.3217983359315,0.0,0.0,685.8956394065913
1648.7938400000005,707.2596961899245,0.0,0.0,943.7685155956178
1509.7452800000003,646.228195418314,0.0,0.0,1428.9708439222334
1308.41984,566.6140817401846,0.0,0.0,2670.203365425436
1113.0314400000004,500.1917762908992,0.0,0.0,3471.714088717364
1055.2327200000002,478.33161944633537,0.0,0.0,3795.711900780788
1338.9247200000002,478.1673340870498,0.0,0.0,3532.996377715235
1629.1967200000004,478.75406751306963,0.0,0.0,3035.291570183501
1784.4396000000004,480.76528765687004,0.0,0.0,2655.3932218493023
1850.1869600000002,468.83572159843766,0.0,0.0,2535.7152030482703
1800.3180800000005,457.920439062551,0.0,0.0,2477.0229492426965
1682.4044800000004,433.1582476725947,0.0,0.0,2486.5220006511445
1507.8916000000004,392.75425334792726,0.0,0.0,2708.48589634706
1207.68944,337.4268218831885,0.0,0.0,3228.1962204333563
904.4567200000001,290.6677392502567,0.0,0.0,3494.7280865841904
718.2464800000001,250.75864181536247,0.0,0.0,3598.212385315868
629.9316,214.56892409845534,0.0,0.0,3690.842439009768
579.2881600000001,192.3526455744463,0.0,0.0,3775.6984992163348
532.1076800000002,193.98733591963565,0.0,0.0,3638.579597184948
478.0727200000001,201.87303316534297,0.0,0.0,3270.7194883771135
420.77784,215.15973914830838,0.0,0.0,3039.911174091787
392.39360000000005,236.5882642725133,0.0,0.0,2781.8800966605118
421.9584800000001,270.9034962440317,0.0,0.0,2541.303937020431
533.5628000000002,328.7758201687594,0.0,0.0,2297.058000558731
747.72864,411.87564060042604,0.0,0.0,1974.8247456853953
1042.60664,514.4141945376215,0.0,0.0,1636.7894720284833
1203.576,587.85077054423,0.0,0.0,1662.2192880765565
1031.1988000000001,623.9139579223086,0.0,0.0,2710.684884016154
1114.6369600000003,709.8117314916216,0.0,0.0,3053.7194710920553
1509.0684800000001,841.9594051206767,0.0,0.0,2818.683988177942
1822.3592,979.5152303286977,0.0,0.0,2394.811455456832
2179.0854400000007,1130.699597515713,0.0,0.0,1662.7241215499291
2677.7554400000004,1306.6267683794772,0.0,0.0,7562.1157826669405
3304.6038400000007,1508.3416386212846,0.0,0.0,7562.1157826669405
4012.856240000001,1717.5646559042298,0.0,0.0,7562.1157826669405
4684.2644,1903.104050895137,0.0,0.0,7562.11578266694
5200.08376,2051.0935270267296,0.0,0.0,7562.1157826669405
5617.902480000001,2189.6187378951313,0.0,0.0,7562.115782666938
6038.785600000001,2320.870495092803,0.0,0.0,7562.115782666942
6436.364240000001,2434.3314744075933,0.0,0.0,0.0
6717.9732,2516.287419760011,0.0,0.0,0.0
7013.832560000001,2502.9619383506297,0.0,0.0,0.0
6953.337920000001,2336.907195133375,0.0,0.0,7562.1157826669405
6820.61368,2171.990204559619,0.0,0.0,7562.11578266694
6818.165920000002,2063.805744455175,0.0,0.0,7562.11578266694
6527.939040000001,1954.8753675952162,0.0,0.0,7562.11578266694
6142.843600000001,1838.316435791041,0.0,0.0,7562.115782666939
5828.421120000002,1763.2635367464927,0.0,0.0,7562.11578266694
5534.095840000002,1701.3422419792482,0.0,0.0,7562.115782666939
4952.0704000000005,1642.8495112318772,0.0,0.0,0.0
4256.026720000001,1527.2936384847064,0.0,0.0,0.0
3653.855200000001,1394.3102523758073,0.0,0.0,0.0
3751.9498400000007,1333.9032400506737,0.0,0.0,0.0
4095.7379200000005,1379.0684485767479,0.0,0.0,0.0
4288.855280000001,1449.2080929321037,0.0,0.0,7562.1157826669405
4005.8588800000007,1390.200057175793,0.0,0.0,7562.11578266694
3700.9943200000007,1392.319440351173,0.0,0.0,7562.115782666939
3640.488400000001,1436.2877126881665,0.0,0.0,7562.115782666941
3676.4415200000003,1492.1539184988853,0.0,0.0,7562.1157826669405
3528.4817600000006,1552.3211354238192,0.0,0.0,0.0
2982.9471200000003,1410.5306254888724,0.0,0.0,0.0
2419.09376,1171.770937337106,0.0,0.0,600.4673660939231
2309.53864,1109.3812762350042,0.0,0.0,780.1394861859633
2616.862240000001,1189.2841647993314,0.0,0.0,334.7735987466625
3043.1823200000003,1342.0062837654978,0.0,0.0,0.0
3314.838560000001,1516.8528447194271,0.0,0.0,0.0
3609.329280000001,1551.242566325901,0.0,0.0,0.0
3646.327680000001,1389.0908758991259,0.0,0.0,0.0
3395.204800000001,1246.2381233615927,0.0,0.0,0.0
3095.4200000000005,1222.2412364403583,0.0,0.0,0.0
3079.729520000001,1245.044248390387,0.0,0.0,0.0
3301.9756,1266.9564459388241,0.0,0.0,0.0
3348.114560000001,1304.5930993045945,0.0,0.0,0.0
3021.4457600000005,1225.2575564530798,0.0,0.0,0.0
2653.0635200000006,1072.6782943210742,0.0,0.0,0.0
2380.2529600000003,965.7805661300407,0.0,0.0,26.398827701627084
2376.3087200000004,936.5714455738329,0.0,0.0,432.89782758386286
2601.7658400000005,931.2673754026129,0.0,0.0,579.659785777323
2879.596,957.4101760541428,0.0,0.0,406.1591726629223
3029.2552800000008,952.0387590896755,0.0,0.0,116.0384030893332
2784.170960000001,913.8796578732582,0.0,0.0,262.71392241649374
2439.4090400000005,867.0052693670389,0.0,0.0,602.5164622786644
2189.4179200000003,796.741135484771,0.0,0.0,828.6212543442248
1885.1812800000002,717.0555933895611,0.0,0.0,1165.19647696897
1570.8490400000003,637.1169906166938,0.0,0.0,1648.973208766716
1263.9052000000004,546.9947363800376,0.0,0.0,2294.333182781844
1021.8664800000004,456.38880971914944,0.0,0.0,2691.0673910854293
828.1550400000002,380.43489221342594,0.0,0.0,2907.924224720506
659.2408000000001,319.6380848122235,0.0,0.0,3139.9606761230516
526.9038400000002,284.3024468824096,0.0,0.0,3351.704411815006
405.05352000000005,281.2524534730644,0.0,0.0,3322.081568633338
349.9657600000001,312.1289173651271,0.0,0.0,2984.1330526541124
376.87232000000006,352.77270708999407,0.0,0.0,2689.467941714138
449.7824800000001,352.7696458721192,0.0,0.0,2390.123219949751
557.6192800000001,350.4869977434122,0.0,0.0,2150.948399104561
716.9342400000002,390.899155315746,0.0,0.0,1885.9660921928742
930.3029600000002,477.6744780091931,0.0,0.0,1568.03219351171
1135.08008,580.1303790637664,0.0,0.0,1341.9556620557148
1285.9839200000004,663.0516284527315,0.0,0.0,1438.6047843280187
1122.6269600000003,706.6341873374894,0.0,0.0,2431.8437742133765
1075.7623200000003,746.2473670444781,0.0,0.0,2985.5398373737175
1301.1893600000003,830.1288184401988,0.0,0.0,2989.1736371067013
1597.2856000000002,949.2908058439858,0.0,0.0,2625.5087502485694
1991.7772800000005,1104.6680211136372,0.0,0.0,1887.33973138649
2455.5432,1238.0850797548119,0.0,0.0,7562.1157826669405
2851.5614400000004,1306.4716666738163,0.0,0.0,7562.115782666939
3040.505200000001,1338.4501690008383,0.0,0.0,7562.1157826669405
2937.51128,1283.2594719345109,0.0,0.0,309.9079555105314
2648.6530400000006,1126.8159324384408,0.0,0.0,731.0778843559574
2540.9440800000007,998.0427413134685,0.0,0.0,1119.142493810825
2698.5670400000004,952.5234519198659,0.0,0.0,972.162228038516
3049.7848800000006,1010.9427134382399,0.0,0.0,469.09261778291227
3563.840800000001,1105.2690402230733,0.0,0.0,0.0
3948.342160000001,1173.0464447849752,0.0,0.0,0.0
3715.395120000001,1126.0526687816357,0.0,0.0,0.0
3222.4215200000003,1052.4865012183236,0.0,0.0,0.0
2777.7075200000004,972.4315721662105,0.0,0.0,0.0
2419.54496,908.3133433707563,0.0,0.0,48.97610926649254
2269.5096800000006,858.5654916859771,0.0,0.0,147.84320507724993
2168.3619200000003,810.202330886605,0.0,0.0,207.13363455189284
2067.6428000000005,766.8320164411726,0.0,0.0,326.35605274247206
2021.7444800000003,741.7432951445616,0.0,0.0,460.2833037363373
1894.2391200000004,690.960751818071,0.0,0.0,966.1418034507484
1518.7843200000004,595.6415700358159,0.0,0.0,2247.928619538096
1446.7389600000004,521.785607180348,0.0,0.0,2916.6220452224084
1669.9701600000003,516.2101090242215,0.0,0.0,2988.924693383651
1800.4872800000005,535.223333245141,0.0,0.0,2902.753452092762
1790.1284800000003,523.9794799906832,0.0,0.0,2740.9495164604696
1611.1863200000003,482.53569199451266,0.0,0.0,2782.3574554679885
1338.28176,445.49495570838707,0.0,0.0,3043.396217328087
1005.5405600000003,388.0246717312277,0.0,0.0,3330.3666928949106
742.9534400000001,326.33296830460006,0.0,0.0,3534.193126932021
605.39008,241.79029384790363,0.0,0.0,3724.2218435819877
529.5396000000002,215.85769682378248,0.0,0.0,3942.0922744984005
495.31232000000006,222.5862537127828,0.0,0.0,3892.102069657022
496.63208000000014,230.58929764369418,0.0,0.0,3786.4342444859026
524.7004800000001,237.25152814540533,0.0,0.0,3718.813485286837
518.5679200000001,229.45868784190284,0.0,0.0,3746.31711919941
466.87920000000014,223.9464548551907,0.0,0.0,3599.4701691394625
476.73792000000003,234.37398334301213,0.0,0.0,3157.35300059884
552.7237600000001,270.65757840808254,0.0,0.0,2759.2840802666547
659.2671200000001,322.56460910061486,0.0,0.0,2326.817798357519
831.6330400000003,386.67671546031943,0.0,0.0,2075.275008020891
1111.6628000000003,448.5286226223995,0.0,0.0,1656.3585248983218
1368.4933600000004,494.530564034276,0.0,0.0,1332.0573775996922
1514.1369600000005,535.1917006604339,0.0,0.0,1224.70843628038
1488.06888,567.3865290506144,0.0,0.0,1573.2234908924913
1355.6304000000005,588.3058716016299,0.0,0.0,2548.5114005592463
1414.8955200000003,619.6251916795928,0.0,0.0,2992.9178235849367
1623.9252000000006,661.2067344801333,0.0,0.0,3013.3399879630383
1874.7247200000002,711.7668293077155,0.0,0.0,2759.636324989221
2076.1479200000003,744.2330856828027,0.0,0.0,2307.8743551727343
2198.8179200000004,771.8769034989854,0.0,0.0,1949.4435813668763
2357.0500000000006,824.8431155762285,0.0,0.0,1663.977169265974
2557.1872800000006,894.118476084908,0.0,0.0,1267.8572992533818
2719.3109600000007,960.0999661602099,0.0,0.0,899.3690363868725
2820.3835200000003,1019.2631036221813,0.0,0.0,692.303068731698
3010.737280000001,1059.5987307476428,0.0,0.0,620.0120531976519
3189.39744,1050.857933308884,0.0,0.0,398.41723627718034
3025.18696,1027.401861545546,0.0,0.0,471.31505725392014
2919.4369600000005,1010.4967960344649,0.0,0.0,560.7524683223563
2894.7788800000003,973.4060598563829,0.0,0.0,652.5922988850564
2805.666880000001,929.9643169938695,0.0,0.0,575.5159008235269
2719.0101600000007,909.8184421592422,0.0,0.0,274.2129306920002
2651.4429600000003,927.9296275130284,0.0,0.0,54.91526721030876
2491.0676800000006,941.5020471643165,0.0,0.0,0.0
2189.1434400000007,912.0551720198257,0.0,0.0,195.80015960702093
1876.7551200000003,855.774681390039,0.0,0.0,494.88353179855085
1619.7816800000003,819.9941464624083,0.0,0.0,766.9330237353277
1453.30016,798.9217430176485,0.0,0.0,1037.9749675927487
1324.9638400000003,798.4176624742505,0.0,0.0,1508.0729272563162
1240.7812000000004,813.1319163928712,0.0,0.0,2398.202814382337
1198.4661600000004,809.408455051051,0.0,0.0,2951.0353756033123
1208.7535200000002,813.0043656480842,0.0,0.0,3212.6070191679655
1217.4616800000001,810.2809021453936,0.0,0.0,3249.8869519316413
1169.5254400000001,787.3707475697437,0.0,0.0,3110.896164220844
1066.7308000000003,756.1657129591099,0.0,0.0,3023.9125199185105
929.2614400000001,709.4974464564664,0.0,0.0,3132.872709088548
790.258,652.8853238902336,0.0,0.0,3205.8568162617084
673.5664000000003,616.3751987024217,0.0,0.0,3223.342146533707
567.7788,553.982476382445,0.0,0.0,3360.93253514186
462.5965600000001,497.1999460211769,0.0,0.0,3658.710518113152
363.54312000000004,433.8143687037787,0.0,0.0,3782.114206735913
291.4526400000001,371.9451146404076,0.0,0.0,3848.27710113836
278.8040000000001,343.34619684726044,0.0,0.0,3873.329378005427
303.52600000000007,337.09927157057564,0.0,0.0,3870.4307186913375
357.02704000000006,337.3206996635258,0.0,0.0,3616.8837058955
454.05008000000015,341.79313897873476,0.0,0.0,3110.26027063451
602.5437600000001,354.20637746139914,0.0,0.0,2680.7447980673037
775.1540800000001,377.9787750718088,0.0,0.0,2226.1204018857043
962.5976000000003,413.4899228264496,0.0,0.0,1848.741354864029
1170.9128800000003,442.7245535316148,0.0,0.0,1532.6701356319031
1316.7632800000001,450.4796388146605,0.0,0.0,1354.0639031131607
1310.08552,431.31131288808,0.0,0.0,1458.086679368737
1232.92656,417.22460863381093,0.0,0.0,1896.3067717706253
995.9638400000002,407.52462959425424,0.0,0.0,2939.5411881542154
764.3553600000002,399.5491366242168,0.0,0.0,3706.8383418795374
788.2877600000002,408.77972892295764,0.0,0.0,3960.7708185924666
835.0471200000002,435.424569305969,0.0,0.0,3925.6717358731858
880.0618400000002,460.7265554478635,0.0,0.0,3647.5485573108726
962.65024,486.88364178280966,0.0,0.0,3294.6680710023174
1080.8082400000003,515.5550083989959,0.0,0.0,3013.3818105923388
1191.77712,545.9988201647412,0.0,0.0,2675.9639732476076
1295.7674400000003,582.1497624552333,0.0,0.0,2388.6454595097966
1405.5970400000003,621.2823309558646,0.0,0.0,2252.0748288944787
1513.0503200000005,655.8812357837891,0.0,0.0,2285.3745135617523
1565.6000800000004,691.1985064063538,0.0,0.0,2166.1373533598935
1662.1606400000003,721.1637477776585,0.0,0.0,1933.7004843769105
1921.7548,770.2809885802112,0.0,0.0,1580.483554692407
2222.11488,839.640022377471,0.0,0.0,1225.0886904679237
2304.7070400000002,895.6021463482697,0.0,0.0,859.9063431007004
2327.3723200000004,933.7122680786889,0.0,0.0,472.1105700768157
2383.2459200000003,967.0509715481184,0.0,0.0,149.84986227940408
2436.2318400000004,992.7325487064991,0.0,0.0,7562.11578266694
2463.0519200000003,1001.1978365365183,0.0,0.0,7562.115782666939
2523.0916000000007,1002.8417105353321,0.0,0.0,7562.11578266694
2569.62912,985.0846060490744,0.0,0.0,7562.11578266694
2468.8235200000004,919.2214830649348,0.0,0.0,7562.1157826669405
2314.6033600000005,838.241045808648,0.0,0.0,0.0
2033.8968000000004,743.9779841932288,0.0,0.0,814.6115286886177
1904.14672,682.3689336492231,0.0,0.0,1389.8646680021702
1907.7488000000005,675.3434386263588,0.0,0.0,1764.7591708272655
1726.9003200000002,690.6025893267091,0.0,0.0,2049.4960083050883
1401.5324800000003,643.8506495354856,0.0,0.0,2234.458864168375
1070.7953600000003,563.0222527669846,0.0,0.0,2440.2634402390463
981.5480000000002,492.1183243488654,0.0,0.0,2506.5431562580948
1136.3622400000004,493.1795465454927,0.0,0.0,2211.3127061343284
1302.4452000000003,562.2161320599312,0.0,0.0,1933.0489706588364
1354.6640800000002,646.5792150679677,0.0,0.0,1874.3151048828524
1357.9540800000002,698.1607362598038,0.0,0.0,2031.6717032697013
1395.6556000000003,706.073984466385,0.0,0.0,1991.2791296910586
1382.6760800000002,686.6985161302707,0.0,0.0,1945.341881283242
1486.7152800000001,682.7873000921242,0.0,0.0,1835.774593438013
1562.9380000000003,678.7883291415642,0.0,0.0,1838.1565653818006
1577.2936800000004,652.1394071347197,0.0,0.0,1676.972447995467
1565.9535200000003,641.0455535561313,0.0,0.0,1389.2856940401355
1592.1118400000003,649.2220664999529,0.0,0.0,1144.8564134600172
1633.3816000000002,636.3527065539304,0.0,0.0,870.2579934082536
1726.0355200000001,606.0629760878876,0.0,0.0,774.1105751029835
1842.3548800000008,597.0527914761386,0.0,0.0,567.2350537315112
1922.2699200000002,613.7364288942697,0.0,0.0,412.8282322268151
1943.2168800000004,641.1557573996272,0.0,0.0,342.1443029750867
2037.6718400000004,681.7179146478306,0.0,0.0,300.5436795141419
1990.5289600000003,719.1219154551094,0.0,0.0,751.6451827471876
1927.2256000000004,722.0943580116242,0.0,0.0,1196.0514413475162
1958.3584000000003,727.5025095905901,0.0,0.0,1505.7272142779982
2060.07016,759.9473374405529,0.0,0.0,1462.4258616303805
2163.6506400000003,795.7135866847677,0.0,0.0,7562.1157826669405
2173.9116800000006,817.8666000393622,0.0,0.0,7562.11578266694
2153.30688,835.4135008982112,0.0,0.0,7562.115782666939
2220.4604800000006,832.6359558797308,0.0,0.0,7562.1157826669405
2374.5340000000006,818.9043528989487,0.0,0.0,7562.1157826669405
2478.5431200000003,800.9227591018658,0.0,0.0,7562.1157826669405
2444.6843200000003,788.4319697663709,0.0,0.0,842.8402923515055
2346.6724000000004,772.6350651259987,0.0,0.0,1012.4192214821409
2237.6662400000005,755.57897953309,0.0,0.0,1119.9386736650818
2308.1700000000005,774.7524074894619,0.0,0.0,1046.9454260932343
2471.880400000001,798.4758256138733,0.0,0.0,938.8885057936114
2579.3224000000005,816.8400716453169,0.0,0.0,633.9813616608265
2725.8308000000006,841.5706304505661,0.0,0.0,102.68934715083483
2752.8802400000004,826.3186225919237,0.0,0.0,7562.11578266694
2537.93608,768.5881350953989,0.0,0.0,0.0
2203.4126400000005,678.9862878974735,0.0,0.0,291.52949180080674
1845.5960000000005,582.998740212535,0.0,0.0,693.84079256966
1503.5676000000003,491.2826118690214,0.0,0.0,1130.1985181491589
1166.2880800000003,408.40115831243,0.0,0.0,1678.9029175738826
906.9571200000001,335.6002952178395,0.0,0.0,2467.0585013547907
661.3764800000001,270.4575788402566,0.0,0.0,3658.206750935928
499.0084000000001,225.45767607942628,0.0,0.0,4402.173128264848
371.58200000000005,196.97508456552475,0.0,0.0,4789.179443218375
284.66208000000006,185.99959807809867,0.0,0.0,4871.169681379966
264.36184000000003,188.31285838555448,0.0,0.0,4678.223762261368
325.7400800000001,214.89137238127665,0.0,0.0,4386.020369489901
484.4797600000001,284.0922432550007,0.0,0.0,4084.8123207712533
781.7228000000002,415.81032597561335,0.0,0.0,3560.116009998265
1249.6059200000004,578.1538527225482,0.0,0.0,2797.7556245645305
1829.0820800000004,738.9892194631223,0.0,0.0,2029.447000605218
2472.9144,902.5766210732193,0.0,0.0,1393.2488128040598
3042.550640000001,1059.6354653621413,0.0,0.0,640.0136939071214
3458.3540000000007,1201.0851597070182,0.0,0.0,0.0
4067.4138400000015,1364.6817449707398,0.0,0.0,0.0
4596.9083200000005,1516.6191717549773,0.0,0.0,7562.115782666939
4940.335440000001,1622.753636289206,0.0,0.0,7562.115782666939
5353.7436800000005,1766.2839383830471,0.0,0.0,7562.11578266694
5768.40776,1905.5183313924642,0.0,0.0,7562.1157826669405
6248.965840000002,2059.4679987264603,0.0,0.0,7562.1157826669405
6765.1612000000005,2229.366611188615,0.0,0.0,7562.115782666938
7276.461040000001,2385.0621931172545,0.0,0.0,7562.115782666941
7703.217280000003,2517.6751718632927,0.0,0.0,7562.115782666939
8109.0829600000025,2619.9188284785405,0.0,0.0,7562.11578266694
8120.441920000003,2746.1552903911897,0.0,0.0,0.0
8419.801840000002,2895.7488446892226,0.0,0.0,7562.1157826669405
9745.547760000001,3088.363734594951,0.0,0.0,7562.115782666938
10238.889840000003,3176.9441554286227,0.0,0.0,7562.115782666938
10533.023360000001,3230.387917494348,0.0,0.0,7562.115782666938
10972.056000000002,3303.1306174493157,0.0,0.0,7562.115782666939
11594.200640000001,3414.1732346429453,0.0,0.0,7562.11578266694
12243.124000000002,3501.8669226988586,0.0,0.0,7562.115782666939
12565.115360000002,3560.146388600946,0.0,0.0,7562.1157826669405
12499.307840000005,3585.6789864894154,0.0,0.0,7562.115782666939
12058.72608,3521.4168804538413,0.0,0.0,7562.11578266694
11481.483360000004,3490.5434777796536,0.0,0.0,7562.115782666941
10985.264880000002,3488.1281768763683,0.0,0.0,0.0
10432.597520000003,3427.0691251438834,0.0,0.0,0.0
10035.214400000003,3323.560165140349,0.0,0.0,0.0
9788.423040000003,3200.725736692657,0.0,0.0,7562.1157826669405
9271.659920000002,3062.7290961106523,0.0,0.0,7562.11578266694
8728.71592,2867.341763216235,0.0,0.0,7562.1157826669405
8210.19312,2654.5850800997123,0.0,0.0,7562.1157826669405
7648.332560000001,2513.5394665143212,0.0,0.0,7562.1157826669405
7044.032880000001,2359.991839127893,0.0,0.0,7562.1157826669405
6388.980720000001,2225.72988435325,0.0,0.0,0.0
5773.43112,2112.863801712146,0.0,0.0,0.0
5375.025280000002,2009.515045444064,0.0,0.0,7562.11578266694
4927.43112,1878.6234915496702,0.0,0.0,0.0
4398.117120000002,1776.6941199695775,0.0,0.0,0.0
4269.94624,1694.0830739919343,0.0,0.0,7562.1157826669405
4435.029040000001,1630.451578838587,0.0,0.0,7562.115782666939
4388.833680000001,1572.2598678489128,0.0,0.0,7562.11578266694
4220.13752,1521.0058969696897,0.0,0.0,7562.115782666941
4135.624000000001,1483.0896523713466,0.0,0.0,0.0
4197.76552,1479.2927218005289,0.0,0.0,0.0
4208.109280000001,1440.191785884605,0.0,0.0,0.0
4124.7350400000005,1359.4735929595997,0.0,0.0,0.0
3802.2398400000006,1266.5095081290908,0.0,0.0,0.0
3441.727280000001,1189.0760019838388,0.0,0.0,312.29295078917033
2980.9430400000006,1122.6720638418026,0.0,0.0,749.5244909898494
2704.3649600000003,1105.219040331117,0.0,0.0,900.113146207973
2610.08296,1087.2119363850766,0.0,0.0,1035.5763503808462
2576.8220000000006,1051.3201772079917,0.0,0.0,1136.222203702512
2467.6541600000005,1026.6743120972812,0.0,0.0,907.0881638677643
2361.6823200000003,1020.8549369171221,0.0,0.0,588.4177942500761
2282.9178400000005,993.326424974227,0.0,0.0,416.0549960474116
2224.7205600000007,964.3917936208004,0.0,0.0,242.0777619989571
2208.75936,960.2377209645797,0.0,0.0,174.80731817363335
2229.3228000000004,956.9744627099508,0.0,0.0,71.75317380589105
2274.9316000000003,950.0948857391226,0.0,0.0,5.504674088724539
2340.6752,951.4714133768633,0.0,0.0,60.64436286364292
2379.0121600000007,941.2857211011577,0.0,0.0,459.6120283950895
2242.8437600000007,916.7796516067338,0.0,0.0,1546.1994433149641
2097.15504,914.9480229115933,0.0,0.0,2233.7702767686333
2220.54696,938.2173603845632,0.0,0.0,2300.6604197617467
2340.0773600000007,957.4489514805582,0.0,0.0,2161.655122466019
2481.0961600000005,986.3672563386519,0.0,0.0,1784.137756486631
2719.8185600000006,1045.964066332899,0.0,0.0,1277.8608549173416
3053.95472,1146.066911247643,0.0,0.0,809.220693319552
3425.4878400000007,1280.5074370649882,0.0,0.0,198.91678504343574
3729.4312000000004,1415.3642885133177,0.0,0.0,0.0
4019.9476000000004,1546.839514615856,0.0,0.0,7562.1157826669405
4382.780080000001,1665.8566043735652,0.0,0.0,0.0
4600.63072,1705.6554979649636,0.0,0.0,0.0
4917.297920000002,1759.3278309653472,0.0,0.0,0.0
5495.672400000001,1847.881721244103,0.0,0.0,0.0
6114.496960000001,1944.148860161614,0.0,0.0,7562.11578266694
6401.621840000001,2018.184414465742,0.0,0.0,7562.115782666939
6508.428400000002,2106.1729998436026,0.0,0.0,0.0
6840.834960000001,2198.644228596255,0.0,0.0,0.0
7211.593520000002,2287.495057008875,0.0,0.0,0.0
7418.1792000000005,2315.775608143034,0.0,0.0,0.0
7534.915920000001,2310.7715373235524,0.0,0.0,0.0
7813.268720000001,2343.041875754647,0.0,0.0,0.0
7862.445760000001,2390.3907530314737,0.0,0.0,0.0
7699.457280000002,2434.41718850809,0.0,0.0,0.0
7350.608240000001,2510.87620696317,0.0,0.0,0.0
7586.051920000002,2598.9688737487763,0.0,0.0,0.0
8216.389600000002,2724.495133114452,0.0,0.0,7562.11578266694
8879.7664,2905.1824977736646,0.0,0.0,7562.1157826669405
9176.38152,3030.988348371913,0.0,0.0,7562.115782666939
9532.991200000002,3075.1535590588574,0.0,0.0,7562.1157826669405
10063.58736,3157.261544899061,0.0,0.0,7562.1157826669405
10624.793680000002,3291.878600947191,0.0,0.0,7562.1157826669405
11017.608400000005,3404.4171332756828,0.0,0.0,7562.11578266694
11093.195680000003,3436.592573952655,0.0,0.0,7562.1157826669405
11150.441680000004,3572.3575867038676,0.0,0.0,7562.1157826669405
11106.366960000001,3627.1237948915445,0.0,0.0,7562.11578266694
11276.115920000002,3642.383965997853,0.0,0.0,0.0
11241.046400000003,3693.2501826129237,0.0,0.0,0.0
11376.308640000001,3718.447066941114,0.0,0.0,7562.115782666939
11692.430640000002,3735.420499651401,0.0,0.0,7562.115782666939
11621.840400000003,3691.388962144993,0.0,0.0,7562.1157826669405
11188.665840000003,3662.4247390187757,0.0,0.0,7562.115782666939
10758.006720000001,3585.451435960715,0.0,0.0,7562.1157826669405
10266.619840000001,3510.361802301668,0.0,0.0,7562.115782666939
9996.005120000002,3504.2036523433553,0.0,0.0,7562.11578266694
9845.823200000003,3513.7811826679163,0.0,0.0,7562.115782666939
9765.588560000002,3511.90567651657,0.0,0.0,7562.115782666941
9788.14104,3553.661708735978,0.0,0.0,0.0
9872.064240000002,3594.382028907717,0.0,0.0,0.0
10732.517680000003,3658.928828205656,0.0,0.0,0.0
11222.065920000003,3691.6552881001085,0.0,0.0,7562.115782666939
11570.911200000004,3709.094025927378,0.0,0.0,7562.1157826669405
11911.574720000002,3713.456261399091,0.0,0.0,7562.1157826669405
12377.525200000002,3723.868483797538,0.0,0.0,7562.115782666939
12655.990800000001,3735.849070153885,0.0,0.0,7562.11578266694
12699.97528,3729.8827565157317,0.0,0.0,7562.115782666939
12409.624320000004,3658.147197241601,0.0,0.0,7562.11578266694
11939.913840000001,3540.300513118057,0.0,0.0,7562.115782666941
11249.070240000001,3418.1364913849648,0.0,0.0,7562.1157826669405
10482.203200000002,3294.545942122176,0.0,0.0,7562.1157826669405
9840.972800000003,3190.226779787755,0.0,0.0,0.0
9275.991440000002,3062.9005243116458,0.0,0.0,0.0
8601.752000000002,2862.895854455941,0.0,0.0,7562.1157826669405
8317.59,2672.1636135432686,0.0,0.0,7562.115782666941
7971.436880000002,2557.289371976239,0.0,0.0,7562.11578266694
7575.377280000001,2484.5732025761877,0.0,0.0,7562.115782666938
7174.565040000001,2316.559279919005,0.0,0.0,0.0
6427.310160000002,2198.093209378775,0.0,0.0,0.0
5714.1960800000015,2064.5802325775207,0.0,0.0,7562.1157826669405
5219.16576,1892.7428487946052,0.0,0.0,7562.115782666939
5142.179760000001,1780.1686022575736,0.0,0.0,1034.6863104425638
5086.317440000002,1718.5432252182352,0.0,0.0,0.0
4665.182400000001,1655.854585170353,0.0,0.0,0.0
4663.321200000001,1629.574029714453,0.0,0.0,0.0
4969.565680000001,1636.5046269831957,0.0,0.0,0.0
5326.416000000001,1670.3035335398167,0.0,0.0,0.0
5692.008320000001,1702.0432608725976,0.0,0.0,0.0
5998.222720000002,1712.3258917143407,0.0,0.0,7562.1157826669405
6170.118640000001,1703.435094599712,0.0,0.0,7562.1157826669405
6098.2612800000015,1655.8902993788931,0.0,0.0,0.0
5804.507520000001,1577.0863880316501,0.0,0.0,1427.2194248589303
5376.924080000001,1494.5192195102138,0.0,0.0,0.0
4888.767040000001,1459.3846015541844,0.0,0.0,0.0
4480.7468800000015,1447.347892870131,0.0,0.0,0.0
4182.560080000001,1439.245869561265,0.0,0.0,0.0
4242.547120000001,1433.558126749726,0.0,0.0,0.0
4267.731600000001,1384.8439463007,0.0,0.0,0.0
4083.908960000001,1297.4982166765662,0.0,0.0,0.0
4025.9260000000013,1280.4492739253653,0.0,0.0,0.0
3873.0444000000007,1180.2719393756654,0.0,0.0,0.0
3518.592960000001,1059.1997520179495,0.0,0.0,0.0
3101.9398400000005,930.9918657938731,0.0,0.0,0.0
2803.0612000000006,840.7777750209704,0.0,0.0,0.0
2578.8787200000006,773.3452676729725,0.0,0.0,0.0
2349.7706400000006,700.7209348091671,0.0,0.0,151.48076870721854
2103.8478400000004,634.0567931477657,0.0,0.0,927.554477776587
1674.5460800000003,569.0783621294682,0.0,0.0,2301.154967036392
1333.7359200000003,528.8141634210872,0.0,0.0,3230.0930439215645
1190.32952,523.0376452911765,0.0,0.0,3604.585614641821
1155.6360000000002,534.2274170298447,0.0,0.0,3647.5804634211127
1249.8428000000001,552.1967659554278,0.0,0.0,3345.951511617859
1421.68984,585.9538358677587,0.0,0.0,2948.9793612400963
1593.9542400000003,631.4098600919472,0.0,0.0,2664.886320529604
1695.6735200000005,680.0005714200192,0.0,0.0,2410.514732004222
1757.0254400000003,724.1831290082548,0.0,0.0,2163.0197598396485
1853.1047200000005,765.3187544050204,0.0,0.0,2000.8485555477223
1999.27472,809.0135579451907,0.0,0.0,2008.6761348088512
2179.484,874.2317843636874,0.0,0.0,1715.8498601455694
2516.6319200000007,978.5948241543152,0.0,0.0,1173.9965487438444
3111.0089600000006,1105.211897489409,0.0,0.0,438.8313638707485
3734.954640000001,1182.0841803575981,0.0,0.0,0.0
4260.32064,1208.4861641225352,0.0,0.0,0.0
4578.420400000001,1225.9932691490108,0.0,0.0,0.0
4627.315440000001,1250.8472970752134,0.0,0.0,0.0
4392.781680000001,1227.783061199861,0.0,0.0,0.0
3983.610960000001,1197.6106774190223,0.0,0.0,0.0
3546.507200000001,1135.5587706891163,0.0,0.0,0.0
3205.2308000000007,1070.6619721474826,0.0,0.0,0.0
2915.6431200000006,1001.007020622317,0.0,0.0,0.0
2715.5472000000004,970.6693310762344,0.0,0.0,95.47135236838112
2224.4197600000007,925.4612654999117,0.0,0.0,1499.7312748897596
1644.1878400000003,864.0011942258171,0.0,0.0,2657.4118752423665
1570.3715200000004,862.090994271888,0.0,0.0,2921.834141920727
1761.4697600000004,927.7724849954508,0.0,0.0,2659.8179860673436
2016.99936,1000.1600836769318,0.0,0.0,2136.3275889502765
2182.3152800000007,1044.5691713879091,0.0,0.0,1723.7226278928003
2164.15072,1025.9120688464345,0.0,0.0,1709.801292194883
2015.1344000000008,978.6468648581882,0.0,0.0,1814.6359202133222
1816.3770400000003,941.1755172576619,0.0,0.0,1918.0133675992333
1668.9775200000006,926.3939165457936,0.0,0.0,2053.8379067816495
1582.5276000000001,925.6306528889887,0.0,0.0,2296.604013884124
1580.5160000000003,944.9346928080223,0.0,0.0,2232.6682891480386
1893.2201600000008,1023.343707049405,0.0,0.0,1733.1676537468727
2554.3372000000004,1143.2771213576632,0.0,0.0,958.462249551406
3045.22024,1220.8810352979506,0.0,0.0,466.6297094345564
3234.4648000000007,1232.3881532896485,0.0,0.0,0.0
3214.07432,1196.4137412299417,0.0,0.0,0.0
3125.04128,1150.6862890208465,0.0,0.0,0.0
3024.743280000001,1125.3394050167872,0.0,0.0,0.0
2934.2513600000007,1099.6108891843253,0.0,0.0,0.0
2850.3620000000005,1069.265036390576,0.0,0.0,0.0
2784.7312000000006,1048.440591593682,0.0,0.0,0.0
2754.8166400000005,1044.5028450006198,0.0,0.0,0.0
2762.4757600000003,1058.5977125025552,0.0,0.0,0.0
2538.6128800000006,1050.491607569856,0.0,0.0,1094.5929390928513
2135.30024,1027.3590044952975,0.0,0.0,2023.1035315970942
2107.972560000001,1039.154897373193,0.0,0.0,2226.517490475332
2439.22856,1090.4649905801227,0.0,0.0,1839.883787904108
2824.7037600000003,1136.9965226843544,0.0,0.0,1212.256745112864
3039.4749600000005,1172.5219561224114,0.0,0.0,761.4835526144589
3048.4200000000005,1200.9300580013573,0.0,0.0,661.2234007367167
2866.9097600000005,1192.491300726254,0.0,0.0,750.0523180485899
2618.4188800000006,1161.1893275495818,0.0,0.0,894.1939539061163
2458.4045600000004,1136.7577476901133,0.0,0.0,1048.7663889524126
2407.4189600000004,1122.8608389440874,0.0,0.0,1265.1361577664306
2390.438800000001,1131.1353108599053,0.0,0.0,1221.6185758810066
2643.1333600000007,1201.129037163225,0.0,0.0,802.2188492942357
3117.80704,1311.8522672919084,0.0,0.0,233.08354898562087
3417.08424,1378.0582466780352,0.0,0.0,0.0
3484.5499200000004,1387.5092466637677,0.0,0.0,0.0
3611.5740000000005,1401.9816643702725,0.0,0.0,0.0
3755.83392,1417.54183482832,0.0,0.0,0.0
3910.3624000000004,1433.303025260152,0.0,0.0,0.0
4093.2074400000006,1460.3488851847733,0.0,0.0,0.0
4337.175040000001,1513.7895860326241,0.0,0.0,0.0
4630.188080000002,1595.7955312769977,0.0,0.0,0.0
4798.391680000001,1637.2291152135856,0.0,0.0,0.0
4882.563040000001,1664.4861991715743,0.0,0.0,0.0
4384.5660800000005,1649.932148988406,0.0,0.0,0.0
4153.581760000001,1669.645371696716,0.0,0.0,0.0
4886.27792,1814.0052638346513,0.0,0.0,0.0
5671.651680000001,1998.9364968744146,0.0,0.0,0.0
6413.76288,2178.8197816384904,0.0,0.0,7562.11578266694
7020.435120000002,2338.435763258901,0.0,0.0,7562.1157826669405
7348.077760000002,2429.088628593871,0.0,0.0,7562.11578266694
7520.639200000002,2480.6405580129162,0.0,0.0,7562.11578266694
7684.236800000002,2536.3853355145984,0.0,0.0,7562.115782666939
7795.634320000003,2593.9933742961275,0.0,0.0,7562.1157826669405
7618.95568,2673.3738150098075,0.0,0.0,0.0
7034.546400000002,2695.3176451429513,0.0,0.0,0.0
6641.76928,2703.537015137021,0.0,0.0,0.0
7040.126240000001,2790.2205012942213,0.0,0.0,0.0
7393.006,2847.2703780165634,0.0,0.0,7562.1157826669405
7586.476800000001,2863.2152415208884,0.0,0.0,7562.115782666939
7440.652720000002,2822.964308089965,0.0,0.0,7562.11578266694
7396.220800000001,2751.7552782903153,0.0,0.0,7562.115782666938
7392.562320000002,2695.480910096279,0.0,0.0,7562.115782666939
7273.193600000001,2681.302369305763,0.0,0.0,7562.115782666938
7272.787520000001,2636.554506816631,0.0,0.0,7562.1157826669405
7196.271520000001,2624.805552612818,0.0,0.0,7562.11578266694
6928.747520000002,2560.7495685808194,0.0,0.0,7562.1157826669405
6995.1792000000005,2547.3251077934838,0.0,0.0,0.0
6383.9460800000015,2471.3987412486345,0.0,0.0,0.0
6164.264320000002,2388.254022954803,0.0,0.0,0.0
6484.127520000002,2400.171344141736,0.0,0.0,0.0
7130.182000000002,2554.646520544254,0.0,0.0,7562.115782666939
7793.64904,2702.017630665119,0.0,0.0,7562.1157826669405
8447.430320000001,2808.4725026702536,0.0,0.0,7562.115782666939
8808.849040000003,2836.539788959128,0.0,0.0,7562.115782666939
8623.30808,2761.6195426891577,0.0,0.0,7562.11578266694
7935.85224,2621.8994364435916,0.0,0.0,7562.115782666941
7111.919680000002,2483.9272856045864,0.0,0.0,0.0
6249.35688,2333.2704682980097,0.0,0.0,0.0
5501.357520000001,2225.4798848934674,0.0,0.0,0.0
5411.786800000002,2278.8450757004034,0.0,0.0,0.0
5659.54824,2401.7254224162198,0.0,0.0,0.0
6048.539040000001,2526.465969194008,0.0,0.0,0.0
5953.384720000001,2472.7517995493345,0.0,0.0,0.0
5802.435760000002,2330.3398623857847,0.0,0.0,0.0
5744.8776800000005,2209.024818409995,0.0,0.0,0.0
5688.680720000001,2134.459673413511,0.0,0.0,0.0
5543.375520000001,2045.784354825718,0.0,0.0,0.0
5173.699840000001,1941.5580494335024,0.0,0.0,0.0
4549.002160000001,1865.4898464604494,0.0,0.0,0.0
4348.7032,1886.5510254396681,0.0,0.0,0.0
4488.500000000001,1891.747952985267,0.0,0.0,0.0
4402.396000000001,1884.4265402344968,0.0,0.0,0.0
4535.714320000001,1906.5111863898858,0.0,0.0,0.0
5251.80256,2012.4313656728723,0.0,0.0,0.0
6059.112160000001,2192.357507487197,0.0,0.0,0.0
6654.166000000001,2277.0807937985114,0.0,0.0,0.0
7241.493040000002,2394.975437002094,0.0,0.0,0.0
7974.730640000002,2480.058926616688,0.0,0.0,7562.11578266694
8901.882720000001,2614.6627173873608,0.0,0.0,7562.115782666939
9621.039120000003,2804.2908790531583,0.0,0.0,7562.115782666939
10054.593440000002,2974.2058180106455,0.0,0.0,7562.11578266694
10638.021360000002,3203.943076679163,0.0,0.0,7562.115782666938
11026.673760000001,3443.323171653572,0.0,0.0,0.0
10774.276240000003,3477.5669752080103,0.0,0.0,0.0
9953.765280000005,3400.453876533663,0.0,0.0,7562.115782666938
9055.418560000004,3247.7725738058284,0.0,0.0,7562.115782666939
8169.592640000001,3043.797504366396,0.0,0.0,7562.115782666939
7214.924880000001,2803.854145303008,0.0,0.0,7562.11578266694
6394.929040000003,2605.236207144627,0.0,0.0,7562.11578266694
5678.818240000001,2459.5048893987423,0.0,0.0,0.0
5209.464960000001,2309.121540888989,0.0,0.0,0.0
5214.807920000001,2196.255458247885,0.0,0.0,0.0
5520.360560000001,2120.6005196879423,0.0,0.0,0.0
5925.248640000002,2108.729116769133,0.0,0.0,0.0
6620.901280000001,2198.1564745481896,0.0,0.0,0.0
6823.783360000002,2270.589991497794,0.0,0.0,0.0
7075.041600000001,2398.0264508173987,0.0,0.0,0.0
7529.3473600000025,2524.8516869679843,0.0,0.0,0.0
7826.1128800000015,2634.1341038835553,0.0,0.0,0.0
7967.263280000001,2700.136002078022,0.0,0.0,0.0
7843.63072,2655.5973228103417,0.0,0.0,7562.115782666939
7494.5448000000015,2529.654737813681,0.0,0.0,0.0
7012.907600000001,2476.439546682614,0.0,0.0,0.0
6426.686000000002,2475.099753659372,0.0,0.0,0.0
6112.8200000000015,2409.204998090526,0.0,0.0,0.0
5877.44024,2300.108295059365,0.0,0.0,0.0
6001.854880000001,2315.0347934173114,0.0,0.0,0.0
6384.382240000001,2364.7540737352583,0.0,0.0,0.0
6648.119920000001,2351.0724706464325,0.0,0.0,0.0
6705.674240000002,2332.4408782539153,0.0,0.0,0.0
6289.7580800000005,2362.691833293543,0.0,0.0,0.0
6078.212960000002,2295.2644279753363,0.0,0.0,0.0
6248.424400000003,2291.5001503951844,0.0,0.0,0.0
6894.625520000002,2294.1725935999607,0.0,0.0,0.0
7924.647440000002,2295.562386515159,0.0,0.0,0.0
8996.488080000001,2379.657102756163,0.0,0.0,7562.115782666939
8493.159440000001,2416.7825327368278,0.0,0.0,7562.115782666938
7670.133040000001,2239.448222056574,0.0,0.0,0.0
6889.399120000001,2084.2169248389587,0.0,0.0,0.0
6458.897920000001,2051.2292410191826,0.0,0.0,0.0
5977.053920000001,1969.9253350741167,0.0,0.0,0.0
5968.432240000002,1956.3998540969094,0.0,0.0,0.0
6147.74664,2030.0466337309272,0.0,0.0,0.0
6844.19264,2163.9616504797496,0.0,0.0,0.0
7813.907920000002,2380.7060800812915,0.0,0.0,7562.115782666939
8652.053280000002,2582.7944189038344,0.0,0.0,7562.115782666939
8910.162240000003,2665.0595472616155,0.0,0.0,7562.115782666938
9060.663760000001,2642.421841076831,0.0,0.0,7562.1157826669405
8984.238000000001,2595.9903087565117,0.0,0.0,0.0
8269.86432,2400.2948132626893,0.0,0.0,0.0
6569.408080000001,2100.7270932441793,0.0,0.0,0.0
5351.735840000001,1937.9866285794678,0.0,0.0,0.0
4919.896080000001,1812.0440435828075,0.0,0.0,0.0
4621.216720000001,1726.5952486351446,0.0,0.0,0.0
4402.0876800000015,1667.2300707934307,0.0,0.0,0.0
4292.776960000001,1632.7883084830837,0.0,0.0,0.0
4262.106640000001,1645.6311378741905,0.0,0.0,0.0
4171.2688,1693.0891985885546,0.0,0.0,0.0
4212.685200000001,1777.5849343711693,0.0,0.0,0.0
4391.706320000001,1855.1388484195004,0.0,0.0,0.0
4462.055920000001,1888.4285724029319,0.0,0.0,0.0
4557.02976,1890.4938740625219,0.0,0.0,0.0
4698.371920000001,1879.3541022158101,0.0,0.0,0.0
4524.6373600000015,1843.8735666399186,0.0,0.0,0.0
4329.48584,1833.1837938208148,0.0,0.0,0.0
5204.227280000002,1876.0969663969306,0.0,0.0,0.0
5796.889760000001,1934.9723493786632,0.0,0.0,0.0
5979.069280000001,1983.9314272576796,0.0,0.0,7562.115782666939
5961.645440000002,1997.6742547040033,0.0,0.0,0.0
5886.919200000001,2001.7946539636005,0.0,0.0,7562.11578266694
5821.307200000002,2010.1079013058334,0.0,0.0,7562.115782666939
5752.848880000001,2010.8517772494313,0.0,0.0,0.0
5725.36704,2000.3038408585305,0.0,0.0,0.0
5617.646800000001,1956.4416907411999,0.0,0.0,0.0
5213.499440000002,1874.4030925061604,0.0,0.0,0.0
4809.746880000001,1811.9062887784376,0.0,0.0,0.0
4771.534000000001,1827.60115282298,0.0,0.0,0.0
4925.885760000001,1881.7959336740112,0.0,0.0,0.0
5036.741840000001,1930.1427679780504,0.0,0.0,0.0
5135.276400000002,1964.7192238748926,0.0,0.0,0.0
5157.584480000001,1986.0997899190577,0.0,0.0,0.0
5168.601280000001,1966.0294251253442,0.0,0.0,0.0
5121.232800000002,1908.46628420598,0.0,0.0,0.0
4924.441920000001,1841.6460204329594,0.0,0.0,0.0
4731.802080000001,1746.9084700469327,0.0,0.0,0.0
4420.13568,1613.5444725155894,0.0,0.0,0.0
4111.262960000001,1475.8468108793652,0.0,0.0,0.0
3655.644960000001,1339.0899635366893,0.0,0.0,0.0
3203.997520000001,1272.795208832191,0.0,0.0,805.3781365325415
3497.777600000001,1307.8502351234736,0.0,0.0,667.3652929543865
4079.6526400000007,1378.6398780742638,0.0,0.0,0.0
4178.127040000001,1403.8949255420766,0.0,0.0,0.0
4088.9097600000005,1381.192933781919,0.0,0.0,0.0
4026.0350400000007,1359.5837968030958,0.0,0.0,0.0
4015.939440000001,1323.4430585721866,0.0,0.0,0.0
4028.6407200000012,1272.3748015773733,0.0,0.0,0.0
3880.556880000001,1180.8219381871868,0.0,0.0,0.0
3434.2524000000008,1037.6783699515397,0.0,0.0,422.4777121857119
2709.2792800000007,872.9328075787773,0.0,0.0,1251.4301221563526
2098.5876000000003,763.1554937734339,0.0,0.0,1873.4752322670327
1979.2865600000002,729.3412811274385,0.0,0.0,2073.5025940184937
2082.1864800000003,732.9086203576395,0.0,0.0,1991.5459535235361
2131.8222400000004,753.2422498885934,0.0,0.0,1523.2331591014604
2182.84544,780.830965783028,0.0,0.0,996.8838340490847
2180.6383200000005,768.73711436531,0.0,0.0,727.4445092548638
2018.8756,718.3555905804294,0.0,0.0,686.2483661250808
1775.1223200000004,647.0506426207002,0.0,0.0,916.8157405667716
1444.0468000000003,561.4814397699586,0.0,0.0,1264.2349862870747
1174.3908800000002,503.772380798558,0.0,0.0,1592.3514068405764
1026.92368,447.5174003177287,0.0,0.0,1963.3362444030433
847.5528800000002,381.1797885629817,0.0,0.0,2657.9442845575936
719.5286400000002,331.8615277866449,0.0,0.0,3795.3789358025606
586.2817600000001,282.4177570774378,0.0,0.0,4432.419521792406
379.1772000000001,229.73521785660088,0.0,0.0,4889.4564219356425
272.04352000000006,192.67509385726763,0.0,0.0,4997.8706681461235
206.11944000000005,167.79759659402404,0.0,0.0,4873.540982010077
149.66304000000005,142.74458950595363,0.0,0.0,4736.259273211801
121.39536,120.96912635592824,0.0,0.0,4699.9955476943705
112.49920000000002,118.40994821252319,0.0,0.0,4602.256170760039
104.99048000000003,122.1466748318012,0.0,0.0,4479.398923642219
147.56496,141.49561261299993,0.0,0.0,4404.6396460957
249.40832,193.1618274993746,0.0,0.0,4438.977125571655
387.06944000000004,256.1025078189559,0.0,0.0,4193.069705484995
520.5344000000002,296.0748704232645,0.0,0.0,3916.0375650526385
623.5057600000001,326.29827450201805,0.0,0.0,3869.7973006879897
681.5789600000002,366.65226893472914,0.0,0.0,3750.0132258153826
784.5390400000001,361.5900349756252,0.0,0.0,3251.8976890943095
890.0860000000002,314.0615662501387,0.0,0.0,2748.1637919514396
1012.8161600000001,339.72171488339495,0.0,0.0,2310.2864383475253
1170.0180000000003,387.60018285257684,0.0,0.0,1855.8636520248422
1361.8419200000003,416.69093631762235,0.0,0.0,1573.4773612750605
1487.1890400000004,451.4929019312478,0.0,0.0,1337.697132879429
1604.06112,513.9662363219297,0.0,0.0,1164.1674773164775
1620.8006400000004,539.8692415732604,0.0,0.0,1287.113103074719
1609.23864,560.2651158676703,0.0,0.0,1717.635871047134
1631.4113600000003,638.7139259414262,0.0,0.0,2572.298900986854
1705.9796800000004,727.9198556275328,0.0,0.0,2859.232530764988
1753.0511200000005,748.4820560931449,0.0,0.0,2995.706945498807
1785.7856800000004,833.7849329887715,0.0,0.0,2904.968722322504
2106.58136,803.5635697219345,0.0,0.0,2449.4523637897655
2133.16832,757.2371392153202,0.0,0.0,2190.4398626514085
2166.58344,851.900199966391,0.0,0.0,1898.7300111942377
2561.3044800000007,924.3755535602853,0.0,0.0,1235.7292757881905
2931.0365600000005,965.8040354670816,0.0,0.0,664.3853311379532
3149.823440000001,953.6846739004061,0.0,0.0,436.50765112623117
3085.0198400000004,993.6213222961744,0.0,0.0,646.1959666733329
3154.8468000000003,1163.1229968405517,0.0,0.0,356.8687926318392
3698.102880000001,1379.2306931241164,0.0,0.0,0.0
4691.754320000001,1599.1128710474165,0.0,0.0,0.0
5410.5084000000015,1734.4574765438113,0.0,0.0,0.0
5696.629360000003,1797.9859106953709,0.0,0.0,0.0
5529.6064000000015,1843.6286692099275,0.0,0.0,0.0
5258.871360000001,1914.7989235831617,0.0,0.0,0.0
5135.851680000002,1947.9253826132658,0.0,0.0,0.0
5311.552720000001,1966.2763633672516,0.0,0.0,0.0
5235.619520000001,1972.683492379389,0.0,0.0,0.0
5127.143520000001,1995.8416056029046,0.0,0.0,0.0
5112.472000000001,2038.68334976194,0.0,0.0,0.0
5088.471920000001,2036.8078436105932,0.0,0.0,0.0
5019.449600000001,1984.0579575965085,0.0,0.0,0.0
4919.9374400000015,1964.4559591376528,0.0,0.0,0.0
5121.54488,1980.6671485970928,0.0,0.0,0.0
5051.9021600000015,1928.5682815844004,0.0,0.0,0.0
4978.9168,1882.4622587647782,0.0,0.0,0.0
4894.922160000001,1861.8010789212115,0.0,0.0,0.0
4739.2130400000015,1824.726669238462,0.0,0.0,0.0
4638.008880000001,1775.9890194523953,0.0,0.0,0.0
4468.248640000001,1708.2105944845352,0.0,0.0,0.0
4398.041920000001,1655.9943807866393,0.0,0.0,0.0
4475.351280000001,1676.1555617106415,0.0,0.0,0.0
4693.758400000001,1729.6972827483628,0.0,0.0,0.0
5202.569120000002,1795.8808132034071,0.0,0.0,0.0
5922.300800000001,1888.0000019004474,0.0,0.0,0.0
6917.178000000002,2048.046594835259,0.0,0.0,0.0
7921.504080000002,2253.9522723477858,0.0,0.0,0.0
8570.137920000001,2409.9886698664964,0.0,0.0,7562.1157826669405
9195.001040000003,2557.1536579837866,0.0,0.0,7562.115782666939
9549.279520000004,2732.070626948838,0.0,0.0,7562.115782666939
9746.2772,2850.1571064725813,0.0,0.0,7562.1157826669405
9875.124880000001,2943.664047272903,0.0,0.0,0.0
9752.627840000003,3042.734241357852,0.0,0.0,0.0
9425.323600000002,3047.580149253798,0.0,0.0,0.0
9317.182240000002,2986.846607022009,0.0,0.0,0.0
9182.604320000002,2957.655853773051,0.0,0.0,0.0
9609.319200000002,3005.9802391460075,0.0,0.0,7562.115782666937
10472.009840000002,3062.603586177782,0.0,0.0,7562.1157826669405
10949.684000000003,3087.942306934175,0.0,0.0,0.0
11322.94296,3129.6605841331266,0.0,0.0,0.0
11589.233680000003,3150.679926468056,0.0,0.0,0.0
11721.845120000002,3142.6462703583957,0.0,0.0,0.0
11731.275200000002,3127.2340587643007,0.0,0.0,0.0
11624.874720000003,3114.0289852579986,0.0,0.0,7562.115782666941
11399.707120000003,3097.5586126851513,0.0,0.0,7562.11578266694
10979.523360000005,3038.7536377145416,0.0,0.0,7562.11578266694
10230.132800000001,2949.3466880546507,0.0,0.0,0.0
9560.145920000003,2889.052940790888,0.0,0.0,0.0
8978.34984,2821.1816588808224,0.0,0.0,7562.115782666938
8525.826320000002,2751.3858913334125,0.0,0.0,7562.11578266694
8218.961440000003,2699.0074330881475,0.0,0.0,7562.11578266694
7859.0354400000015,2610.7168075466325,0.0,0.0,7562.11578266694
7524.959440000001,2503.72826322531,0.0,0.0,7562.11578266694
7150.707840000001,2403.819295442642,0.0,0.0,0.0
6792.188080000001,2314.805202076695,0.0,0.0,0.0
6501.171600000001,2248.7308550591883,0.0,0.0,0.0
6343.762960000002,2235.619658901049,0.0,0.0,0.0
6288.130000000002,2240.14515932609,0.0,0.0,0.0
6213.339840000001,2229.5176312704425,0.0,0.0,0.0
5888.434480000002,2170.402452888511,0.0,0.0,0.0
5694.098880000001,2119.4454201431518,0.0,0.0,0.0
6150.205680000001,2130.2709069547086,0.0,0.0,0.0
6332.174640000002,2132.2953923759665,0.0,0.0,0.0
6250.8232800000005,2112.8933934849365,0.0,0.0,7562.11578266694
6018.46656,2043.3680335164747,0.0,0.0,7562.115782666941
5611.232240000001,1939.4141765151235,0.0,0.0,0.0
5148.049120000001,1827.0174806148354,0.0,0.0,0.0
4658.752800000001,1728.7268766820239,0.0,0.0,0.0
4106.5516800000005,1657.2413168676765,0.0,0.0,0.0
3592.638640000001,1610.725090852819,0.0,0.0,0.0
3081.150800000001,1597.4730786724356,0.0,0.0,256.44063023749897
2991.1815200000005,1641.6586974785462,0.0,0.0,217.7079867751731
3210.6677600000003,1687.3259457361019,0.0,0.0,74.2343296267567
3295.752800000001,1690.2330823112854,0.0,0.0,0.0
3252.5842400000006,1630.9158635496115,0.0,0.0,0.0
3101.545040000001,1523.3854836644346,0.0,0.0,0.0
3002.5668000000005,1447.3040154139242,0.0,0.0,0.0
2957.3828800000006,1405.9796149148742,0.0,0.0,0.0
2932.901520000001,1368.6205119697602,0.0,0.0,0.0
2955.7510400000006,1324.9757083215463,0.0,0.0,0.0
2982.9095200000006,1264.1054316913467,0.0,0.0,0.0
2911.8229600000004,1182.642342416786,0.0,0.0,0.0
2776.650960000001,1079.3099126440366,0.0,0.0,322.4151326660268
2597.8328800000004,977.9672744899634,0.0,0.0,1510.2110604371485
2394.3153600000005,886.3154317218224,0.0,0.0,2248.878616118804
2427.1288800000007,844.4583793125422,0.0,0.0,2431.64870191616
2533.341360000001,828.8196375957059,0.0,0.0,2295.5678045754257
2568.749280000001,812.1349797716166,0.0,0.0,2043.0594184849608
2569.6065600000006,789.4340084174173,0.0,0.0,1803.4585819696192
2506.8897600000005,760.3493773881213,0.0,0.0,1838.9299024996571
2387.3217600000003,711.2617283583595,0.0,0.0,1905.0611809026573
2243.6822400000005,653.3638942846742,0.0,0.0,1960.6464282758204
2053.6480800000004,587.0915885112581,0.0,0.0,2246.5076554407065
1891.9868800000002,554.0202314029019,0.0,0.0,2690.989397088943
1818.9188000000004,566.0069401949988,0.0,0.0,2624.4848747300716
1889.7384000000002,621.3160043524884,0.0,0.0,2403.863739642216
2098.0988,761.3708037523751,0.0,0.0,2176.1754956609643
2308.8994400000006,953.1887566046744,0.0,0.0,1662.7521752787088
2520.4257600000005,1166.6056423762145,0.0,0.0,822.1121551775736
2895.6925600000004,1388.169449318785,0.0,0.0,0.0
3482.7827200000006,1609.3485632150782,0.0,0.0,0.0
3984.2727200000004,1769.4114826452226,0.0,0.0,0.0
4384.614960000001,1904.746904487993,0.0,0.0,0.0
4554.55568,2071.5057278164722,0.0,0.0,0.0
4874.46776,2294.1695323820854,0.0,0.0,0.0
5511.174880000001,2543.306749129716,0.0,0.0,0.0
6330.185600000002,2822.770430957889,0.0,0.0,7562.115782666939
7495.285520000001,3117.9902011881018,0.0,0.0,0.0
8635.825120000001,3392.9467498984827,0.0,0.0,0.0
10005.217120000003,3602.40854217567,0.0,0.0,0.0
10991.453840000002,3743.92150168996,0.0,0.0,7562.115782666941
11700.416880000002,3844.4539375131467,0.0,0.0,7562.115782666939
12346.681920000003,3917.09765809016,0.0,0.0,0.0
12733.469360000003,4008.834194552839,0.0,0.0,0.0
12904.786240000001,4046.1422772000387,0.0,0.0,7562.115782666941
12979.316960000004,4023.1698778609325,0.0,0.0,7562.11578266694
12854.274400000002,4030.150475021632,0.0,0.0,7562.115782666938
12548.405920000001,4071.687119960008,0.0,0.0,0.0
12298.753200000003,4075.919763875017,0.0,0.0,0.0
12076.074720000002,4020.972943832722,0.0,0.0,0.0
11590.072160000003,3989.2260736582334,0.0,0.0,0.0
11285.824240000002,4005.95460893853,0.0,0.0,0.0
11268.641040000002,4053.136139638196,0.0,0.0,0.0
11452.971280000002,4079.8268982893305,0.0,0.0,0.0
11747.326640000005,4082.569749505228,0.0,0.0,0.0
11873.32048,4057.4249058809123,0.0,0.0,0.0
11953.991280000004,4008.418889327813,0.0,0.0,0.0
11875.200480000005,3938.9333251917246,0.0,0.0,0.0
11648.82968,3848.908009521107,0.0,0.0,0.0
11321.987920000003,3764.842885052893,0.0,0.0,7562.11578266694
11126.821360000004,3669.521662458721,0.0,0.0,7562.115782666938
10888.061360000002,3543.0913234139957,0.0,0.0,0.0
10930.304960000001,3453.017028257379,0.0,0.0,7562.11578266694
11449.767760000004,3433.832375835466,0.0,0.0,7562.1157826669405
11397.778240000001,3414.7691517225903,0.0,0.0,7562.11578266694
10834.481360000002,3353.569283967861,0.0,0.0,0.0
10259.927040000002,3286.046980895533,0.0,0.0,0.0
9938.529760000003,3257.9419395862005,0.0,0.0,0.0
9804.237600000002,3278.436793258565,0.0,0.0,7562.11578266694
9658.52632,3305.699999652303,0.0,0.0,7562.1157826669405
9336.617680000003,3309.3408081115017,0.0,0.0,7562.115782666939
8839.835200000001,3275.749043964415,0.0,0.0,7562.11578266694
7971.361680000003,3195.5757478211394,0.0,0.0,0.0
7071.180080000001,3069.5147957333174,0.0,0.0,0.0
6360.739360000001,2905.594741780816,0.0,0.0,7562.1157826669405
5810.508480000002,2742.211421362378,0.0,0.0,7562.11578266694
5344.644480000001,2574.3270902618983,0.0,0.0,0.0
4857.032640000001,2409.0794881576553,0.0,0.0,0.0
4361.2202400000015,2258.6604254393615,0.0,0.0,0.0
4044.793680000001,2125.9515285332436,0.0,0.0,0.0
3855.5077600000004,2012.5170797733695,0.0,0.0,0.0
3791.1666399999995,1927.453998277942,0.0,0.0,0.0
3775.5814400000004,1861.4459776477247,0.0,0.0,0.0
3674.125360000001,1781.6941091652252,0.0,0.0,0.0
3562.51728,1710.1095699729233,0.0,0.0,0.0
3439.249440000001,1639.164825316472,0.0,0.0,68.38627944736729
3120.69848,1540.2323860358931,0.0,0.0,885.6097269880776
3160.1032800000007,1487.5304591018482,0.0,0.0,1048.2250271255082
3288.796800000001,1417.5153042734046,0.0,0.0,910.2627441511685
3260.476480000001,1362.0939954605024,0.0,0.0,722.6679563749257
3241.6012800000008,1331.7644691620862,0.0,0.0,472.87168949733774
3223.181040000001,1317.7481729189396,0.0,0.0,312.0846620702823
3202.1175200000007,1332.2287538731105,0.0,0.0,103.04769482837835
3245.0078400000007,1383.200072301886,0.0,0.0,0.0
3372.453040000001,1478.3529279129389,0.0,0.0,0.0
3458.53072,1569.3435476201043,0.0,0.0,0.0
3311.074800000001,1619.1189502657573,0.0,0.0,0.0
3187.3181600000007,1654.9933625415513,0.0,0.0,0.0
3235.5552000000002,1710.9789558493908,0.0,0.0,0.0
3215.2474400000006,1734.842169590089,0.0,0.0,0.0
3129.1622400000006,1726.654432180726,0.0,0.0,0.0
3041.197040000001,1709.573856844818,0.0,0.0,0.0
2978.9126400000005,1669.9474118603714,0.0,0.0,0.0
3074.3489600000007,1665.4494623962053,0.0,0.0,0.0
3491.6713600000007,1705.568763458508,0.0,0.0,0.0
4026.783280000001,1743.542150790516,0.0,0.0,0.0
4371.552720000001,1740.9870542709443,0.0,0.0,0.0
4334.888960000001,1649.4515377820487,0.0,0.0,0.0
3985.0435200000006,1515.01917521237,0.0,0.0,0.0
3451.9131200000006,1354.3205428702079,0.0,0.0,0.0
2631.63528,1137.967949156652,0.0,0.0,532.646335115711
2241.6368,958.557112351267,0.0,0.0,1392.4822111002522
2221.38544,841.9992009530499,0.0,0.0,1570.0015746959784
2181.4993600000003,784.564631184431,0.0,0.0,1431.489074401751
2185.0375200000008,750.8728672534313,0.0,0.0,1230.4889898195206
2251.2248000000004,737.1626927977734,0.0,0.0,1071.0383759491285
2332.8581600000007,738.0086093372003,0.0,0.0,854.474717049849
2355.1700000000005,737.6177938551732,0.0,0.0,770.0302682111158
2301.1952,727.4188363020098,0.0,0.0,943.8967544369515
2099.0237600000005,698.7617553692397,0.0,0.0,1443.119848854067
1696.4706400000005,651.7924691088992,0.0,0.0,1887.6173233017032
1478.0748000000003,626.8017067842846,0.0,0.0,2135.349018149376
1425.57392,618.1007051778993,0.0,0.0,2391.902968655048
1374.50936,602.4027799154818,0.0,0.0,2439.2344099065
1289.3716800000002,567.3773453969897,0.0,0.0,2255.4367784035376
1242.6536800000003,539.0498555887491,0.0,0.0,2016.9692909940861
1226.3578400000001,511.8193021856762,0.0,0.0,1878.2093938655416
1207.1329600000001,479.1132504103896,0.0,0.0,1698.1236842116516
1185.78368,446.6459736293443,0.0,0.0,1696.930717737019
1181.1852000000001,420.80521314146984,0.0,0.0,1653.877661393529
1144.1567200000004,383.56039566368503,0.0,0.0,1695.264432524038
937.7252000000001,337.5360053207261,0.0,0.0,2011.4777148159144
743.1000800000003,325.30439909863827,0.0,0.0,2453.2243373678784
696.5136800000001,320.96155134013276,0.0,0.0,3023.5452092297355
648.7316000000001,337.22988353323746,0.0,0.0,3278.1211993902066
639.5835200000001,351.0512822383496,0.0,0.0,3487.599232622309
681.7068000000002,359.64208000123915,0.0,0.0,3443.258617723695
654.8115200000001,346.76047518371706,0.0,0.0,3284.412719839651
624.0848000000001,317.7615582549181,0.0,0.0,3147.195667154846
573.1819200000001,296.77895053448833,0.0,0.0,3136.1790593301143
525.7720800000001,269.40758110917056,0.0,0.0,3099.202051736184
532.16408,256.1912831373276,0.0,0.0,3078.824495627685
581.19072,262.9616766706181,0.0,0.0,3158.435691908185
668.6859200000001,278.92592788815074,0.0,0.0,3354.3896962793015
770.2961600000002,307.0462752868574,0.0,0.0,3276.7978432849986
904.9004000000001,341.8686490196486,0.0,0.0,3152.8992211938453
1034.8121600000002,376.221636011624,0.0,0.0,3200.8647636361693
1075.7209600000003,396.9205708756477,0.0,0.0,3075.400666829661
1057.1766400000001,403.07872083396086,0.0,0.0,2749.0849565601397
1038.82032,400.18586994219316,0.0,0.0,2406.150664776938
1051.0516000000002,398.1175070647282,0.0,0.0,2202.5557680434067
1069.8553600000002,397.6450591060374,0.0,0.0,1977.6504695826843
1067.8437600000002,397.3338352887574,0.0,0.0,1917.9039363515374
1059.92144,400.637909781718,0.0,0.0,1881.4270747139992
1103.3344000000002,418.41542238714175,0.0,0.0,1836.1112876058232
1153.7146400000004,436.115384139735,0.0,0.0,1973.9888491826803
1186.6484800000005,448.7622955868491,0.0,0.0,2505.882751498301
1236.7993600000002,463.6938959745868,0.0,0.0,3394.051597622683
1171.3828800000001,460.27961763813005,0.0,0.0,3935.288675148718
1058.1016000000004,462.11940958093686,0.0,0.0,4207.903421767833
1175.00376,498.0315768771877,0.0,0.0,3983.045041373734
1378.5889600000005,558.4559361036124,0.0,0.0,3457.761201584816
1594.9506400000005,622.1384515548745,0.0,0.0,2922.4333936623243
1750.9906400000004,673.2087493616046,0.0,0.0,2636.133689169402
1918.4347200000002,728.7729150086678,0.0,0.0,2308.451513221209
2140.1280800000004,799.3054156579676,0.0,0.0,1885.0309263930465
2401.888000000001,894.8001072650494,0.0,0.0,1535.0869067042536
2640.1629600000006,1013.1171985353677,0.0,0.0,1411.2053655209336
2885.23976,1130.070007039445,0.0,0.0,994.589276175443
3152.0719200000003,1223.5300091656854,0.0,0.0,572.8518393169361
3429.819360000001,1307.1267672990418,0.0,0.0,358.6269857822192
3553.2940000000003,1346.5879065182446,0.0,0.0,48.68852716368434
3650.223040000001,1367.9307175419526,0.0,0.0,0.0
3831.2557600000005,1414.6469431246358,0.0,0.0,0.0
4045.7938400000007,1494.846769822827,0.0,0.0,0.0
4157.702720000001,1522.204873970687,0.0,0.0,0.0
4415.2815200000005,1560.341526256022,0.0,0.0,0.0
4680.857840000001,1610.5016219479523,0.0,0.0,0.0
4937.432720000002,1682.8657512923921,0.0,0.0,0.0
5135.569680000001,1735.2360462899908,0.0,0.0,0.0
5289.447680000001,1780.8124784172578,0.0,0.0,0.0
5316.790400000001,1831.4113486712556,0.0,0.0,0.0
4775.0044800000005,1862.3541389506074,0.0,0.0,0.0
5392.264880000001,2027.3537824069854,0.0,0.0,0.0
6102.968800000001,2187.186090090555,0.0,0.0,0.0
6745.778400000001,2324.3245692616333,0.0,0.0,0.0
7384.655040000001,2436.122286864402,0.0,0.0,0.0
7889.089120000001,2557.2138619353254,0.0,0.0,7562.11578266694
8348.234,2709.482920656009,0.0,0.0,7562.115782666938
8763.492160000002,2833.313265318998,0.0,0.0,7562.115782666942
8821.189360000002,2880.6519385362412,0.0,0.0,0.0
8589.712480000002,2880.59275499066,0.0,0.0,0.0
8358.521360000002,2860.5081045135303,0.0,0.0,0.0
8145.731680000003,2878.811126187476,0.0,0.0,0.0
8009.849040000001,2857.9315794688337,0.0,0.0,0.0
7657.06328,2782.0470495682753,0.0,0.0,7562.1157826669405
7274.720160000002,2690.6921449339984,0.0,0.0,7562.115782666939
6845.264240000001,2564.256703859481,0.0,0.0,7562.1157826669405
6573.972720000001,2442.5641096791214,0.0,0.0,7562.1157826669405
6366.052240000001,2321.021515174631,0.0,0.0,0.0
5983.592560000001,2183.0697724547913,0.0,0.0,0.0
5199.775440000002,2012.9946297618515,0.0,0.0,0.0
5150.854080000001,1955.3416931181575,0.0,0.0,0.0
5030.282160000002,1960.672293844293,0.0,0.0,0.0
4970.806480000002,1939.8213184924832,0.0,0.0,0.0
4995.04344,1950.905988417447,0.0,0.0,0.0
5079.244880000001,1974.9834874093867,0.0,0.0,0.0
5296.48264,2043.8690528419975,0.0,0.0,0.0
5986.393760000001,2182.6534468238065,0.0,0.0,0.0
6532.274320000002,2310.7848026010106,0.0,0.0,0.0
7111.13384,2403.6366427761072,0.0,0.0,7562.11578266694
7259.563600000001,2423.421293901498,0.0,0.0,7562.11578266694
7214.424800000002,2400.3703233036035,0.0,0.0,7562.1157826669405
6884.232880000001,2304.6623668512375,0.0,0.0,0.0
6598.236000000002,2253.3502328323916,0.0,0.0,0.0
6101.5964,2224.0298880267296,0.0,0.0,0.0
5905.249200000002,2310.9592920198793,0.0,0.0,0.0
6413.146240000001,2530.474123798193,0.0,0.0,0.0
7160.777120000002,2763.4777019392136,0.0,0.0,7562.1157826669405
7360.00072,2861.9448361028108,0.0,0.0,7562.1157826669405
7576.873760000001,2866.539724133015,0.0,0.0,7562.11578266694
7559.025040000001,2842.8785507720595,0.0,0.0,7562.115782666941
7453.233680000001,2766.051165766035,0.0,0.0,7562.11578266694
7418.585280000001,2679.324822558586,0.0,0.0,7562.115782666939
7079.380640000002,2515.164973205886,0.0,0.0,7562.11578266694
6815.3722400000015,2402.650930620394,0.0,0.0,7562.1157826669405
7088.288080000001,2365.0897872955375,0.0,0.0,7562.1157826669405
7120.883520000001,2316.3276477664717,0.0,0.0,0.0
6952.913040000002,2246.7665735894693,0.0,0.0,0.0
6644.908880000002,2147.5974001265654,0.0,0.0,0.0
6436.424400000002,2064.958803188048,0.0,0.0,0.0
6353.264480000002,2016.4374794651405,0.0,0.0,0.0
6829.265440000001,1990.418147934564,0.0,0.0,0.0
6879.649440000001,1918.3387118524888,0.0,0.0,0.0
6544.302560000001,1807.431808651312,0.0,0.0,0.0
6160.583280000003,1743.1299067833647,0.0,0.0,0.0
5856.5196000000005,1760.4451754896802,0.0,0.0,0.0
5547.116720000001,1764.073739077379,0.0,0.0,0.0
5241.977680000002,1752.8176409514217,0.0,0.0,0.0
4938.579520000001,1754.5176372779422,0.0,0.0,0.0
4974.637920000001,1820.032801830303,0.0,0.0,0.0
5361.981840000001,1896.8520235886608,0.0,0.0,0.0
5902.564560000001,1995.0436481435174,0.0,0.0,0.0
5993.79344,2084.947535505098,0.0,0.0,0.0
6062.669120000001,2152.4392263986774,0.0,0.0,0.0
6069.440880000002,2152.1126964920227,0.0,0.0,0.0
6005.945760000001,2168.212661702009,0.0,0.0,0.0
5992.056320000001,2224.2288671885976,0.0,0.0,0.0
6012.710000000002,2366.041826054627,0.0,0.0,0.0
6137.391600000001,2497.7354190322408,0.0,0.0,7562.11578266694
6221.446400000002,2566.1566997538275,0.0,0.0,0.0
6616.629920000002,2660.3442513283317,0.0,0.0,0.0
7064.209040000001,2766.1623900154896,0.0,0.0,0.0
7259.353040000002,2840.431617284067,0.0,0.0,0.0
7462.817920000002,2823.030634477254,0.0,0.0,0.0
7849.1579200000015,2817.8898292593617,0.0,0.0,0.0
8639.258000000002,2878.757044671687,0.0,0.0,0.0
9053.015920000002,2824.6061412768627,0.0,0.0,0.0
8917.889040000002,2700.4329402118865,0.0,0.0,0.0
8249.714480000002,2508.9547825436994,0.0,0.0,7562.115782666939
7343.0318400000015,2289.4103589925953,0.0,0.0,0.0
6347.771120000001,2109.897481591381,0.0,0.0,0.0
5332.304160000001,1895.1357007668078,0.0,0.0,0.0
4879.942320000001,1733.7064577585058,0.0,0.0,0.0
4626.548400000001,1647.817867842818,0.0,0.0,0.0
4738.607680000001,1658.3709062635096,0.0,0.0,0.0
4915.305120000001,1645.087261498419,0.0,0.0,0.0
4819.654480000001,1602.2955172313398,0.0,0.0,0.0
4495.60264,1551.676238858177,0.0,0.0,0.0
4086.759040000001,1476.7325232511655,0.0,0.0,0.0
4240.881440000001,1579.4037299629395,0.0,0.0,0.0
4858.841200000002,1784.9216532113137,0.0,0.0,0.0
5632.991360000001,1951.092722707815,0.0,0.0,0.0
6189.869920000001,2055.3037220106567,0.0,0.0,0.0
6538.57984,2146.4851576320234,0.0,0.0,0.0
7095.341840000001,2293.3521872094902,0.0,0.0,0.0
7466.968960000002,2525.810868568782,0.0,0.0,0.0
7826.800960000002,2753.712416918326,0.0,0.0,0.0
7927.283200000002,2831.920411185924,0.0,0.0,0.0
8626.079200000004,2878.1621479980004,0.0,0.0,0.0
9268.264640000001,2888.7845740238563,0.0,0.0,0.0
9366.56984,2879.9141850283936,0.0,0.0,0.0
9200.701200000003,2837.108155077899,0.0,0.0,0.0
8878.45792,2760.5501572448643,0.0,0.0,0.0
8416.541920000001,2655.4748740953464,0.0,0.0,7562.1157826669405
7524.55712,2490.8201278528722,0.0,0.0,0.0
6640.686400000002,2335.1316887659405,0.0,0.0,0.0
6036.992080000001,2228.7819185745116,0.0,0.0,0.0
5759.921440000001,2203.635034138278,0.0,0.0,0.0
5977.817200000002,2310.1919467392413,0.0,0.0,0.0
6089.4666400000015,2425.357004004385,0.0,0.0,7562.1157826669405
6265.5361600000015,2439.3763614654063,0.0,0.0,7562.115782666938
6356.614640000001,2323.56028519887,0.0,0.0,0.0
6422.4748,2191.353428024234,0.0,0.0,0.0
6739.397680000001,2154.9830984527084,0.0,0.0,0.0
6735.780560000001,2062.8628893497093,0.0,0.0,0.0
6726.3880800000015,1941.9458036976546,0.0,0.0,0.0
6469.260480000002,1831.325634570759,0.0,0.0,0.0
6075.231280000002,1693.084096558763,0.0,0.0,0.0
5367.870000000001,1505.3518491634788,0.0,0.0,0.0
4867.602000000001,1380.4521190561964,0.0,0.0,0.0
4380.749680000001,1314.6522612414713,0.0,0.0,0.0
3992.446960000001,1271.8799046876,0.0,0.0,0.0
3799.1077600000003,1301.7941257609898,0.0,0.0,0.0
4018.988800000001,1348.903207637617,0.0,0.0,0.0
4597.10384,1435.4734287334463,0.0,0.0,0.0
4851.776160000001,1500.2998192639577,0.0,0.0,0.0
5196.286160000001,1585.8833077981158,0.0,0.0,0.0
5706.409120000002,1661.1382472224068,0.0,0.0,0.0
5717.275520000001,1701.612649558197,0.0,0.0,0.0
5737.338880000002,1763.7033317145176,0.0,0.0,0.0
6539.3844800000015,1971.2334955126514,0.0,0.0,0.0
7181.487200000001,2188.1860879296846,0.0,0.0,0.0
7371.965040000001,2427.2855712655623,0.0,0.0,0.0
7500.105840000002,2706.3370090865837,0.0,0.0,0.0
7323.8182400000005,2848.059151822326,0.0,0.0,0.0
6813.984800000001,2777.513385895568,0.0,0.0,0.0
6936.463040000002,2836.411217808383,0.0,0.0,0.0
6733.44184,2719.02473677203,0.0,0.0,0.0
6671.529680000001,2545.54960142605,0.0,0.0,0.0
8137.501040000001,2712.1206700582034,0.0,0.0,0.0
9540.665359999999,2911.3886068120173,0.0,0.0,0.0
11469.958960000002,3070.8392826671848,0.0,0.0,0.0
11852.384800000003,3014.852668953387,0.0,0.0,0.0
11167.545920000004,3233.66137980856,0.0,0.0,0.0
9769.318480000002,3247.565431396294,0.0,0.0,0.0
8858.49984,3095.5361680758106,0.0,0.0,0.0
9167.03792,2967.302771702776,0.0,0.0,0.0
10345.68136,3038.4291486198044,0.0,0.0,0.0
12071.69432,3200.1481869202617,0.0,0.0,0.0
12738.936400000002,3091.43515652942,0.0,0.0,0.0
12630.114480000004,2942.8742530611826,0.0,0.0,0.0
12586.145040000003,2819.3745199286814,0.0,0.0,0.0
12266.804480000003,2787.724588320231,0.0,0.0,0.0
11604.589520000001,2769.196056929502,0.0,0.0,0.0
10919.698000000004,2763.680762724915,0.0,0.0,0.0
10345.86936,2787.5184663166556,0.0,0.0,0.0
9805.24528,2864.494830592591,0.0,0.0,0.0
9665.377040000001,3015.2771578320376,0.0,0.0,0.0
9726.992160000003,3134.0636358431716,0.0,0.0,0.0
9847.774640000001,3335.4264660293675,0.0,0.0,0.0
9901.23056,3458.4629348568023,0.0,0.0,0.0
10673.395440000002,3510.158741515967,0.0,0.0,0.0
11888.838000000002,3694.001201398229,0.0,0.0,0.0
12835.184880000003,3919.6170404011914,0.0,0.0,0.0
13102.005760000002,4050.566757435208,0.0,0.0,0.0
12916.115120000004,4049.748391856655,0.0,0.0,0.0
12598.707200000003,3948.6435082908642,0.0,0.0,0.0
11935.19504,3802.883619178148,0.0,0.0,0.0
11063.845120000004,3647.2278330818817,0.0,0.0,0.0
10560.967680000002,3515.6495459775556,0.0,0.0,0.0
10650.44064,3443.9394968523825,0.0,0.0,0.0
11001.902880000003,3406.8926381305073,0.0,0.0,0.0
10931.801440000001,3323.6673077659702,0.0,0.0,0.0
10670.42128,3203.716546556421,0.0,0.0,0.0
10323.283040000002,3074.533152236214,0.0,0.0,0.0
9883.810480000004,2917.5692057014135,0.0,0.0,0.0
9283.270800000002,2721.3206501781947,0.0,0.0,0.0
8502.014240000002,2487.599726648492,0.0,0.0,7562.11578266694
7565.872000000002,2273.050190263244,0.0,0.0,2724.332292268986
6615.599680000002,2089.7097701124635,0.0,0.0,0.0
5973.812800000001,1927.5917530823122,0.0,0.0,0.0
5519.022000000001,1779.6104401983862,0.0,0.0,353.41910338935924
4992.212160000002,1628.6791336890276,0.0,0.0,0.0
4566.666640000001,1526.0528248394191,0.0,0.0,0.0
4241.678560000001,1469.1733559121126,0.0,0.0,0.0
4004.2684000000004,1435.9805704947194,0.0,0.0,0.0
3795.0845600000007,1413.948985449162,0.0,0.0,0.0
3616.9696000000004,1379.9113038982998,0.0,0.0,0.0
3479.0114400000007,1362.6705248269395,0.0,0.0,0.0
3432.54912,1372.1949940416694,0.0,0.0,0.0
3346.7459200000003,1369.7735707026343,0.0,0.0,0.0
3242.714240000001,1335.2818085003307,0.0,0.0,0.0
3138.3930400000004,1311.022677247814,0.0,0.0,682.0975367544378
2906.698080000001,1277.789075592089,0.0,0.0,1431.7201434055862
2755.4483200000004,1252.7666806827674,0.0,0.0,1755.8204867545262
3119.8487200000004,1260.362582636319,0.0,0.0,1328.1080198725042
3354.2546400000006,1292.8553695663218,0.0,0.0,819.4039715713232
3568.45056,1325.4338705968212,0.0,0.0,322.50199038415354
3736.4736800000005,1333.2134456228657,0.0,0.0,54.7591818325529
3813.9033600000002,1351.611365050933,0.0,0.0,0.0
3871.0854400000007,1396.6612677037201,0.0,0.0,0.0
3934.2308800000005,1465.5121393337486,0.0,0.0,0.0
4067.327360000001,1590.5618691169004,0.0,0.0,0.0
4215.21944,1749.371730030258,0.0,0.0,0.0
4580.650080000001,1902.3377260204572,0.0,0.0,0.0
5194.473840000001,2038.022126700965,0.0,0.0,0.0
5719.550320000002,2150.281067796883,0.0,0.0,0.0
6095.821040000002,2233.8655810587393,0.0,0.0,7562.11578266694
6186.369360000001,2259.7971576769028,0.0,0.0,0.0
6066.54568,2251.6124814854147,0.0,0.0,7562.115782666941
6134.67688,2246.7961653622597,0.0,0.0,7562.115782666938
6154.05968,2242.3431137602583,0.0,0.0,7562.11578266694
6210.75672,2245.435964219852,0.0,0.0,7562.1157826669405
6249.202720000001,2241.705360036324,0.0,0.0,7562.11578266694
6391.695440000001,2222.5870340017,0.0,0.0,7562.1157826669405
6323.274720000001,2134.4229387990126,0.0,0.0,0.0
6067.812800000001,2012.775242480818,0.0,0.0,0.0
5500.853680000001,1865.3408671905383,0.0,0.0,0.0
5029.289520000001,1738.381957859416,0.0,0.0,0.0
5140.442640000001,1631.6934128898326,0.0,0.0,0.0
4773.053040000001,1514.7661145347129,0.0,0.0,0.0
4452.449120000001,1428.4275255914163,0.0,0.0,0.0
4206.312,1364.2388887848397,0.0,0.0,0.0
4014.484320000001,1312.8420610714552,0.0,0.0,0.0
3803.3302400000007,1259.8197266665056,0.0,0.0,0.0
3515.295440000001,1202.6606665066265,0.0,0.0,181.48370120417914
3141.1303200000007,1117.3292182441678,0.0,0.0,833.2885923660313
2696.5704800000003,1005.7335410211416,0.0,0.0,1372.3690190876941
2648.3296800000007,955.4612006737985,0.0,0.0,1493.3092763131574
2685.6439200000004,922.174537908242,0.0,0.0,1630.3779509135863
2690.79512,895.9307170668408,0.0,0.0,1452.9056537701283
2711.2457600000002,873.8174995446196,0.0,0.0,1033.7249530375418
2753.8540800000005,858.8879399687984,0.0,0.0,548.7962314553699
2802.6551200000004,851.243058529249,0.0,0.0,233.71706300835754
2829.5353600000008,842.8430766805604,0.0,0.0,0.0
2787.84072,831.472693087274,0.0,0.0,0.0
2688.2834400000006,809.3278429803457,0.0,0.0,35.94231312128697
2531.3748800000008,771.2973129146734,0.0,0.0,233.70128999206415
2270.2654400000006,699.8801202995315,0.0,0.0,762.0413087418474
1975.2295200000005,622.9057968355127,0.0,0.0,1673.8176996004834
1731.6153600000007,558.4692013810701,0.0,0.0,2916.138827695436
1453.1685600000005,487.44486505987226,0.0,0.0,3767.076597921587
1176.5416000000002,426.4776498636343,0.0,0.0,4268.209646020473
1078.8868800000002,395.38690072032955,0.0,0.0,4326.80122823603
1076.6910400000002,393.99098536938135,0.0,0.0,4082.0017382066026
1106.69584,408.8011574480818,0.0,0.0,3746.1815353443185
1127.0224000000003,435.67354835979313,0.0,0.0,3530.6610527262906
1181.4972800000003,481.83059147733053,0.0,0.0,3239.197274234508
1262.2808800000003,535.7723116507041,0.0,0.0,2953.959547067157
1325.9038400000006,579.9201754363577,0.0,0.0,2904.5067066515835
1357.6156800000003,605.6333851794452,0.0,0.0,3085.1098490715576
1475.4503200000001,663.2587708622656,0.0,0.0,2933.799218601844
1812.5380800000003,777.605462548856,0.0,0.0,2480.5393115579045
2229.48448,913.1102717807033,0.0,0.0,1858.940852538068
2592.2342400000007,1052.6620110431504,0.0,0.0,1146.9611710163258
2958.8530400000004,1183.965808944695,0.0,0.0,276.9161428937252
3177.03456,1258.3931991368086,0.0,0.0,0.0
3353.7996800000005,1302.3951448704258,0.0,0.0,0.0
3527.2146400000006,1350.0623888062405,0.0,0.0,0.0
4081.795840000001,1435.2458782047468,0.0,0.0,0.0
4486.067280000001,1547.7558391664054,0.0,0.0,0.0
4745.0711200000005,1657.116827340764,0.0,0.0,0.0
5022.344800000001,1749.2768322761362,0.0,0.0,0.0
4779.242000000001,1790.77266097618,0.0,0.0,0.0
4823.865680000001,1875.017376893054,0.0,0.0,0.0
4621.780720000002,1886.9734735064026,0.0,0.0,0.0
4414.240000000001,1872.858197885301,0.0,0.0,0.0
4457.1190400000005,1913.1672944558472,0.0,0.0,0.0
4701.082880000001,1934.0672492936549,0.0,0.0,0.0
5002.183680000001,1907.4356741881018,0.0,0.0,7562.115782666939
5186.728240000001,1838.2378645322524,0.0,0.0,7562.115782666938
5242.372480000002,1754.6717185776447,0.0,0.0,7562.11578266694
5094.036720000001,1630.6944354566615,0.0,0.0,0.0
4491.18464,1446.6672820959477,0.0,0.0,0.0
3562.472160000001,1235.5310036411986,0.0,0.0,0.0
3166.5780000000004,1112.2516781956892,0.0,0.0,260.3603144758933
3151.4928800000007,1061.8854605001832,0.0,0.0,379.4000115816137
3065.5430400000005,1041.9630545704224,0.0,0.0,512.4361202455694
2892.1844800000003,1007.6692511240279,0.0,0.0,562.7821030609646
2642.497920000001,934.6245110054051,0.0,0.0,564.8654819505248
2370.0032000000006,846.4206199703443,0.0,0.0,600.8440266223017
2087.2587200000003,750.5157251680279,0.0,0.0,779.2739540294849
1779.2470400000002,663.979177468822,0.0,0.0,929.9747968336543
1447.7015200000003,603.4099205963195,0.0,0.0,1241.2376965648077
1215.4275200000002,540.4549545933219,0.0,0.0,1441.702320339151
1040.13632,495.6417861228597,0.0,0.0,1605.8607120407924
916.5413600000002,467.57756105185933,0.0,0.0,1824.5429218716235
872.9592000000002,449.90515026014003,0.0,0.0,2083.1448534987708
873.45176,427.82866735241754,0.0,0.0,2582.6484429027423
897.7488800000002,400.46342036284955,0.0,0.0,2925.7849280025116
836.6864800000001,342.3717091570883,0.0,0.0,3346.357603644829
698.9539200000002,276.50756576699047,0.0,0.0,3601.044198318644
568.3202400000001,224.755636780119,0.0,0.0,3601.2288790129446
446.81584000000004,196.2669228304677,0.0,0.0,3544.0386229475835
459.35920000000004,207.3311846362655,0.0,0.0,3447.7434451343624
526.29848,246.99130301733567,0.0,0.0,3245.334559058717
628.9991200000001,288.83611055511636,0.0,0.0,3057.557217036068
713.48256,308.2748440606451,0.0,0.0,3090.1956922660465
719.7805600000002,302.45036685069454,0.0,0.0,3447.1994453490756
717.2538400000001,300.2442491688598,0.0,0.0,3519.4903453727215
812.5360000000001,327.4094965906018,0.0,0.0,3532.6395144590706
860.4008,360.0828953752229,0.0,0.0,3536.278462054365
859.1524800000002,386.84814366131303,0.0,0.0,3338.7072871335713
904.4529600000003,428.37968656989705,0.0,0.0,2895.160206765801
1158.4259200000004,527.587635459216,0.0,0.0,2163.7521192620175
1617.3339200000005,674.5873178112619,0.0,0.0,1345.515588926894
2110.3451200000004,823.0512827134615,0.0,0.0,481.3236889045715
2544.7266400000003,947.3581569589741,0.0,0.0,0.0
2909.608320000001,1052.4446645740334,0.0,0.0,0.0
3247.3841600000005,1140.468964160434,0.0,0.0,0.0
3596.8949600000005,1235.1718207438785,0.0,0.0,0.0
3863.0503200000003,1359.1664507661528,0.0,0.0,0.0
4145.35864,1521.1558966455589,0.0,0.0,0.0
4227.657520000001,1690.7198159533925,0.0,0.0,0.0
4670.544160000001,1894.008152182891,0.0,0.0,7562.115782666941
5924.203360000001,2160.475943726213,0.0,0.0,7562.115782666941
6883.014640000001,2362.9612204665327,0.0,0.0,0.0
7387.757040000001,2457.584485385231,0.0,0.0,0.0
7649.268800000002,2494.1078758505005,0.0,0.0,0.0
7979.159920000001,2510.271106229901,0.0,0.0,0.0
8061.09408,2446.955936923625,0.0,0.0,0.0
7565.774240000002,2343.753098707579,0.0,0.0,7562.1157826669405
6546.291600000001,2210.3564481855697,0.0,0.0,0.0
6011.867760000001,2177.599376112369,0.0,0.0,0.0
6276.203280000001,2303.3735941259106,0.0,0.0,0.0
6689.359600000002,2427.382509831601,0.0,0.0,0.0
6614.261120000001,2426.6621032250446,0.0,0.0,0.0
6455.295840000001,2401.0580769194944,0.0,0.0,0.0
6060.2890400000015,2308.0072575825307,0.0,0.0,0.0
5814.520400000001,2235.2982310241864,0.0,0.0,0.0
5652.118480000002,2198.0034136544455,0.0,0.0,7562.115782666939
5425.191200000001,2175.4248910152414,0.0,0.0,7562.115782666939
5271.854640000002,2158.101459061259,0.0,0.0,7562.115782666939
5263.311920000002,2160.0208426688127,0.0,0.0,7562.1157826669405
5139.705680000001,2102.094437228295,0.0,0.0,7562.115782666939
4998.92,2009.0803525058302,0.0,0.0,0.0
4855.224080000001,1956.018222268507,0.0,0.0,0.0
4403.305920000002,1874.997989179847,0.0,0.0,0.0
3858.1510400000016,1782.695127410313,0.0,0.0,244.33667429031973
4548.539680000001,1772.904332240468,0.0,0.0,0.0
5118.64216,1774.7277976879423,0.0,0.0,7562.115782666939
5205.565840000001,1755.69824697169,0.0,0.0,0.0
5192.481040000001,1725.321781999192,0.0,0.0,7562.1157826669405
5172.786160000001,1701.0248957262183,0.0,0.0,7562.115782666939
5117.2321600000005,1684.446360121792,0.0,0.0,0.0
4944.7271200000005,1653.2821417494897,0.0,0.0,0.0
4315.90096,1568.3588558703495,0.0,0.0,0.0
3495.0553600000007,1450.4978860633892,0.0,0.0,275.983035832331
3402.7285600000005,1400.311259816543,0.0,0.0,464.91737084667676
3462.7569600000006,1374.8031516710726,0.0,0.0,498.86539190293286
3419.0845600000002,1339.3073100058064,0.0,0.0,358.7713537133298
3323.580560000001,1301.2563718209683,0.0,0.0,77.4037711141687
3249.2980000000002,1262.7615570442715,0.0,0.0,0.0
3240.8116800000007,1255.3432057274636,0.0,0.0,0.0
3270.639760000001,1268.6778707904684,0.0,0.0,0.0
3319.4032000000007,1277.2605053056918,0.0,0.0,0.0
3350.0810400000005,1289.2839487122874,0.0,0.0,0.0
3358.198880000001,1304.384936489102,0.0,0.0,0.0
3340.14712,1306.7430946587228,0.0,0.0,0.0
3296.8244000000004,1296.0900564541184,0.0,0.0,0.0
3245.5004000000004,1271.4074567289092,0.0,0.0,810.0182737657547
3039.238080000001,1215.1443130004134,0.0,0.0,1603.5212833800754
2706.6585600000003,1149.119965874863,0.0,0.0,2112.1380252094814
3144.867760000001,1124.3975703172805,0.0,0.0,1569.4771618123978
3347.6671200000014,1113.5833079712652,0.0,0.0,1125.5211969151972
3466.8892000000005,1133.268979718701,0.0,0.0,734.2773988672126
3734.0334400000006,1198.0259826440486,0.0,0.0,305.11015611849615
4142.7717600000005,1299.8267830733962,0.0,0.0,0.0
4545.47528,1415.6949000438053,0.0,0.0,0.0
4809.07008,1519.3069210491274,0.0,0.0,0.0
4735.990720000001,1579.395566715273,0.0,0.0,0.0
4501.667520000001,1620.918946376191,0.0,0.0,0.0
4618.084640000001,1669.4045558905582,0.0,0.0,0.0
4832.359520000001,1686.6810491704591,0.0,0.0,0.0
4849.824720000001,1640.24951685014,0.0,0.0,0.0
4572.032160000001,1515.9150916437534,0.0,0.0,0.0
4142.572480000001,1366.5960265485023,0.0,0.0,0.0
3690.834800000001,1206.9943306115072,0.0,0.0,0.0
3336.387120000001,1060.8385239869717,0.0,0.0,0.0
3175.4365600000006,986.3192972586119,0.0,0.0,0.0
3182.5504800000003,980.3876774230404,0.0,0.0,0.0
3254.904160000001,1016.450864801119,0.0,0.0,0.0
3230.1784000000007,1028.9528786021551,0.0,0.0,0.0
3049.1644800000004,988.3754152645773,0.0,0.0,358.98930106189835
2740.1864800000003,906.3460006831626,0.0,0.0,1727.0553921907963
2248.6003200000005,797.39419529808,0.0,0.0,2883.7370626338243
1565.9046400000002,672.9934437044043,0.0,0.0,3771.423002156137
1395.9000000000005,606.198690080341,0.0,0.0,3865.4196369140714
1211.66,541.325360875748,0.0,0.0,3845.3070309326604
1067.6144000000004,495.9285201971407,0.0,0.0,3760.8950938309595
1029.99184,494.46423764698676,0.0,0.0,3688.0223014483304
1118.31424,551.0773806191779,0.0,0.0,3433.9996720427375
1331.9724800000001,645.8261554707457,0.0,0.0,2984.960843122662
1589.6753600000002,732.1310710174183,0.0,0.0,2632.4187794548916
1666.9245600000004,770.7013958350287,0.0,0.0,2738.619345361942
1679.4792000000002,801.0666363419855,0.0,0.0,2709.916088024602
1838.9295200000004,849.6512252343078,0.0,0.0,2623.5456854844947
1877.2552000000003,866.9205756725005,0.0,0.0,2640.4868916717496
1792.2867200000003,834.3369726122095,0.0,0.0,2561.1777186197837
1585.9868000000004,751.8820487461855,0.0,0.0,2438.129414299582
1391.9031200000004,670.288347508963,0.0,0.0,2262.5850679117957
1209.9717600000004,615.9405057641878,0.0,0.0,2227.6517154353123
1059.8236800000004,571.7171319376204,0.0,0.0,2163.6653613702347
1004.8524800000004,532.0825237055076,0.0,0.0,2218.9372846456004
992.97464,503.96625793063413,0.0,0.0,2200.931893191887
981.7096800000003,499.4764717141341,0.0,0.0,2217.0645906893697
918.8800800000002,497.72851630757395,0.0,0.0,2476.537900531493
844.3944800000004,489.8652679929491,0.0,0.0,3093.307885592354
767.8559200000002,481.4805922336352,0.0,0.0,4163.064327649359
636.7936000000001,444.6551616047098,0.0,0.0,4879.7967782053865
444.88696000000016,374.8359247202588,0.0,0.0,5240.77671741431
320.54376,303.42179332299185,0.0,0.0,5271.6097659657335
245.95664000000005,248.23211666262296,0.0,0.0,5087.078224789408
226.14520000000005,216.13524724443886,0.0,0.0,4823.087421463498
239.50448000000003,206.64853305016584,0.0,0.0,4595.720271599738
259.7107200000001,210.75566703230513,0.0,0.0,4346.965387853556
282.13912000000005,218.0750389711585,0.0,0.0,4152.39239898025
322.63056,224.75665718607732,0.0,0.0,4133.4450505135665
356.83528000000007,234.40969755155248,0.0,0.0,4345.9341393812765
461.6979200000001,262.9382073335772,0.0,0.0,4261.236316702335
617.6439200000001,294.20140508383395,0.0,0.0,4205.872541337989
687.8243200000001,304.36668924037343,0.0,0.0,4153.264732234605
685.6623200000001,289.1432527485633,0.0,0.0,3972.6020897611884
654.3152000000001,268.62901136299115,0.0,0.0,3672.642460796427
638.4216799999999,261.19025192701713,0.0,0.0,3316.81984511983
594.6928800000001,259.0484198205549,0.0,0.0,3134.3536435750293
542.8199200000001,243.94743204374026,0.0,0.0,2922.0962272474644
492.1276000000001,223.96686297435662,0.0,0.0,2897.1144418752338
397.1424800000001,191.69856535517886,0.0,0.0,2939.8285605844194
311.09112000000005,160.31189848396846,0.0,0.0,3017.2285153783564
272.77296000000007,142.93948704398804,0.0,0.0,3148.3351421567486
266.67424000000005,138.7609246447681,0.0,0.0,3367.6213612031574
291.42256000000003,145.30682886723355,0.0,0.0,3918.7305096821497
325.5483200000001,162.54658753263553,0.0,0.0,4298.560208483174
308.42528000000004,173.59962487289206,0.0,0.0,4510.175045347529
295.60744000000005,183.3802159831542,0.0,0.0,4430.5414154417385
301.42040000000003,187.28122796171775,0.0,0.0,4162.111003102656
303.70648,191.46285157881263,0.0,0.0,3895.4499212111373
307.92144,193.62101018060758,0.0,0.0,3758.8807222088935
316.3927200000001,196.35977977267257,0.0,0.0,3626.7314866130146
310.73392,193.653663171273,0.0,0.0,3575.531612987897
296.55120000000005,186.55980094920287,0.0,0.0,3679.6151154624476
298.62672000000003,185.0506205368839,0.0,0.0,3957.990137955273
341.6749600000001,202.6485416936476,0.0,0.0,4018.748371155233
415.02504000000005,227.6229775229293,0.0,0.0,4115.405438552235
468.72160000000014,237.76887396626117,0.0,0.0,4123.797081982576
502.6631200000001,237.53418059585317,0.0,0.0,3948.546699153168
530.4307200000001,241.65253904353375,0.0,0.0,3626.6807185609546
585.7027200000001,254.04332859511564,0.0,0.0,3245.1506990040357
689.0952000000001,279.80245660632653,0.0,0.0,2912.7771812769925
836.1300000000002,313.78911785927386,0.0,0.0,2481.161291031586
1019.0464800000003,352.4757689561301,0.0,0.0,2176.9403209625007
1204.8769600000003,391.5185417324314,0.0,0.0,1862.968406081041
1387.8724000000002,433.0409009873908,0.0,0.0,1584.8038287688375
1486.4332800000002,459.8939041858945,0.0,0.0,1527.724498662903
1558.1515200000001,477.5826414729465,0.0,0.0,1624.4759902379178
1664.8828800000001,502.71830144363884,0.0,0.0,2036.5684644594733
1711.4655200000004,523.2856039390423,0.0,0.0,2347.475044376552
1498.6382400000002,522.3733610123262,0.0,0.0,2759.2284706608257
1705.45704,555.7212481353805,0.0,0.0,2474.397054545132
1871.8107200000004,585.2487353505766,0.0,0.0,2065.998081640164
1960.7723200000003,608.6792969649574,0.0,0.0,1742.6193225688628
2002.1060000000004,629.4465990281867,0.0,0.0,1578.9015284381298
2051.1063200000003,666.7863142600929,0.0,0.0,1398.956862363703
2099.44864,707.800511347821,0.0,0.0,1273.1717258961487
2106.2128800000005,745.2371651457654,0.0,0.0,1343.9958993992955
2013.58904,780.0962734930554,0.0,0.0,1744.2915217299762
2047.3463200000006,830.0441247456604,0.0,0.0,1799.4139307163437
2339.19376,892.2715413003932,0.0,0.0,1680.7307895981694
2585.49632,939.3877660187283,0.0,0.0,1443.0992962526745
2791.1608,974.9713625964081,0.0,0.0,1027.908728791606
2973.7614400000007,1014.3059714767818,0.0,0.0,449.0399561178934
3148.3683200000005,1064.8579030566978,0.0,0.0,0.0
3365.3240800000003,1136.0791777278469,0.0,0.0,0.0
3599.26,1206.9402490957177,0.0,0.0,0.0
3796.043360000001,1288.0472166908332,0.0,0.0,0.0
4101.306480000001,1410.0704224016808,0.0,0.0,0.0
4539.154720000001,1543.9017658619232,0.0,0.0,0.0
4902.664,1644.5066505081486,0.0,0.0,7562.1157826669405
5066.667680000001,1681.9402430882185,0.0,0.0,7562.115782666941
5059.245440000001,1680.2351447319068,0.0,0.0,0.0
4724.620480000001,1640.187272086684,0.0,0.0,0.0
4259.6476,1588.764934224342,0.0,0.0,7562.1157826669405
4421.056880000002,1572.6945607871467,0.0,0.0,7562.115782666938
4610.181120000001,1575.0802699176415,0.0,0.0,7562.115782666939
4585.071840000001,1590.0965639999179,0.0,0.0,7562.115782666941
4594.986960000001,1606.0302030387018,0.0,0.0,0.0
4774.782640000001,1625.6699565180147,0.0,0.0,7562.11578266694
4849.881120000001,1631.704637355374,0.0,0.0,7562.115782666941
4743.1648000000005,1603.8169425151586,0.0,0.0,7562.11578266694
4459.82248,1561.0629532685366,0.0,0.0,0.0
4242.750160000001,1543.589521638685,0.0,0.0,0.0
4536.112880000001,1573.8292522127713,0.0,0.0,7562.11578266694
4795.018960000001,1614.4658990959304,0.0,0.0,7562.115782666939
4928.972720000001,1637.6872774888602,0.0,0.0,7562.11578266694
4880.2468800000015,1623.7536341283355,0.0,0.0,7562.115782666941
4876.0056,1625.0352640119547,0.0,0.0,7562.1157826669405
4892.59096,1645.052567695837,0.0,0.0,7562.115782666939
4988.053600000001,1693.152463757969,0.0,0.0,7562.11578266694
5168.845680000001,1774.4808594460349,0.0,0.0,7562.115782666938
5417.389200000001,1878.7316545812498,0.0,0.0,7562.11578266694
5621.921920000002,1968.8375823225738,0.0,0.0,7562.1157826669405
5630.543600000002,1981.5814323357254,0.0,0.0,7562.11578266694
5516.63816,1941.8458039137415,0.0,0.0,7562.115782666941
5326.840880000001,1876.7612506757814,0.0,0.0,0.0
4898.385120000001,1769.0900547683598,0.0,0.0,0.0
4125.784080000001,1618.1842584079586,0.0,0.0,7562.1157826669405
4022.117120000001,1530.3783256966333,0.0,0.0,7562.115782666939
4279.08304,1534.8823975965497,0.0,0.0,7562.11578266694
4613.651600000001,1626.5597505136482,0.0,0.0,0.0
5127.790240000001,1743.7870482205071,0.0,0.0,0.0
5623.568800000001,1845.8327460798455,0.0,0.0,0.0
5790.903840000002,1872.222484973283,0.0,0.0,7562.1157826669405
5503.128480000001,1813.222612464639,0.0,0.0,7562.115782666941
4708.828480000001,1654.570914474817,0.0,0.0,7562.115782666941
4253.3834400000005,1510.3875525676667,0.0,0.0,0.0
4058.995200000001,1380.6480370001893,0.0,0.0,0.0
3735.334400000001,1218.0453271398476,0.0,0.0,451.63415838256714
3283.589200000001,1045.2344760727174,0.0,0.0,869.4707209731262
2775.7222400000005,901.5449906493824,0.0,0.0,1106.2695646494449
2354.2149600000002,781.6850455701214,0.0,0.0,1188.2215552379796
2055.11448,682.2791379248931,0.0,0.0,1304.4198494203824
1790.7451200000003,581.1038463479803,0.0,0.0,1401.736363317762
1542.9761600000004,489.8632271810324,0.0,0.0,1738.0684773279986
1292.94368,403.07770042800246,0.0,0.0,2014.7671279219428
1049.6152800000004,321.14930603645905,0.0,0.0,2352.116368790067
818.2211200000002,236.96377366516603,0.0,0.0,2888.0037335291827
617.4408800000001,167.0853532351338,0.0,0.0,3770.6988163516703
450.6322400000001,118.99566123258478,0.0,0.0,5017.896094081994
319.47216000000014,90.73755902950828,0.0,0.0,5626.635401484515
204.47256000000002,78.37227962688374,0.0,0.0,5867.646966554281
123.30920000000003,66.46516249953388,0.0,0.0,5898.473097805498
109.99128000000002,74.66616518635459,0.0,0.0,5611.059933817
154.02840000000003,100.50896648614571,0.0,0.0,5249.593926317176
228.66064000000003,128.62931388485234,0.0,0.0,5025.2526240617
302.3265600000001,161.33026363034736,0.0,0.0,4785.888892415608
365.96456000000006,184.8220496022257,0.0,0.0,4540.8602593414125
439.43496000000005,210.78832002297057,0.0,0.0,4426.503065040936
496.85392000000013,231.19439837696345,0.0,0.0,4600.130513619608
614.0982400000001,272.9606346559554,0.0,0.0,4503.905532510449
812.3968800000002,342.38191321667125,0.0,0.0,4403.410354872422
940.60536,398.44199615946616,0.0,0.0,4191.5397633651
974.8552000000001,417.6868525329188,0.0,0.0,3950.898282350371
927.2987200000002,398.48485320971463,0.0,0.0,3590.8980869933775
816.1832000000002,347.13700498232816,0.0,0.0,3293.1666521606116
668.7686400000001,282.98000076045867,0.0,0.0,3207.001248810392
507.96848000000006,217.57197883371887,0.0,0.0,3156.1436270918266
377.1505600000001,165.67617260672776,0.0,0.0,3288.3751669319768
273.18656000000004,139.75173883027298,0.0,0.0,3372.8168403622994
184.64984000000004,126.92319512258231,0.0,0.0,3476.6931915386476
127.95280000000001,118.40994821252319,0.0,0.0,3742.0449869091385
96.17328000000003,113.32220410446195,0.0,0.0,4369.6178848864065
89.36392000000001,115.42321997259234,0.0,0.0,5417.077016605706
93.36832000000001,117.15076725998657,0.0,0.0,5870.107146955722
85.90848000000001,102.64059453302495,0.0,0.0,6062.024865667606
62.54384000000002,86.95287333019037,0.0,0.0,6014.9126119468
63.17928000000002,85.40185627358126,0.0,0.0,5742.878799274812
103.59928000000001,97.80693150857931,0.0,0.0,5420.416711286199
182.28856000000002,118.2038262089475,0.0,0.0,5160.465965033525
279.0484000000001,146.43233663923348,0.0,0.0,4901.012306755116
362.7760800000001,170.22004033901746,0.0,0.0,4618.012012053967
418.9204000000001,189.72305941991888,0.0,0.0,4542.0151473453425
418.4654400000001,195.0608029877625,0.0,0.0,4780.543360567814
420.5522400000001,204.33017071291854,0.0,0.0,4826.504867942079
487.9276800000001,229.8505237298883,0.0,0.0,4856.551310417326
580.6041600000001,260.26066209901,0.0,0.0,4680.207945187965
630.1609600000002,272.73614534513035,0.0,0.0,4412.221160472806
614.72992,263.94330720249826,0.0,0.0,4009.5089340946956
555.9310400000002,246.2453862618217,0.0,0.0,3621.8734960187107
499.2979200000001,224.3913518530075,0.0,0.0,3414.3749930794124
465.6797600000001,202.55874596931758,0.0,0.0,3210.1647005161276
469.79696000000007,195.2587617436718,0.0,0.0,3122.1436751228484
504.68224000000015,204.6026191037834,0.0,0.0,3016.900966846401
527.9792000000001,211.58219585852444,0.0,0.0,2987.6161210952782
468.0335200000001,213.4832121588289,0.0,0.0,3240.968888531326
416.02144000000004,233.86480076982266,0.0,0.0,3845.3226256680114
454.8584800000001,278.9381727596503,0.0,0.0,4780.323194968234
557.35984,341.68701675907204,0.0,0.0,5072.414065751323
584.0408000000001,405.65116425482364,0.0,0.0,5153.781129242658
600.3704800000002,483.70201600484444,0.0,0.0,4993.222517398894
704.9022400000001,564.3722498498096,0.0,0.0,4513.294866813878
780.4218400000002,611.9537796851274,0.0,0.0,4030.279398575032
830.6140800000002,650.9965524614288,0.0,0.0,3715.3045917232653
867.2552800000002,685.2587233231159,0.0,0.0,3428.569810794494
980.8599200000002,760.2626428816661,0.0,0.0,3080.21750808024
1191.4387200000003,883.6531925766294,0.0,0.0,2793.2118815601175
1799.1111200000005,1082.4803139564608,0.0,0.0,2254.703725007028
3004.973200000001,1387.5388384365583,0.0,0.0,838.6179104600432
4147.945520000001,1743.9564356095837,0.0,0.0,7562.11578266694
4771.575360000001,2051.438424240633,0.0,0.0,7562.115782666939
5143.221280000001,2286.598120171533,0.0,0.0,7562.115782666939
5531.467600000002,2459.565093350282,0.0,0.0,7562.115782666941
5835.471120000001,2551.6944861069055,0.0,0.0,7562.115782666939
6234.62144,2672.113613651312,0.0,0.0,0.0
6589.219520000001,2700.840082189247,0.0,0.0,0.0
6991.633520000001,2758.0981217270805,0.0,0.0,0.0
7318.809920000002,2850.657105392146,0.0,0.0,0.0
7968.665760000002,3020.5302077053425,0.0,0.0,0.0
8675.62096,3205.344094059902,0.0,0.0,0.0
9657.022320000002,3397.8875555485497,0.0,0.0,0.0
10344.782720000003,3550.1678387347743,0.0,0.0,0.0
10965.393280000004,3706.615459854678,0.0,0.0,0.0
11745.890320000002,3879.8671262957914,0.0,0.0,0.0
12953.812880000003,4080.8085288212105,0.0,0.0,7562.11578266694
13830.336560000002,4188.081766404897,0.0,0.0,0.0
14337.342480000003,4239.221451816791,0.0,0.0,0.0
14663.928560000004,4297.490713659296,0.0,0.0,7562.115782666939
14917.412720000004,4363.403836535392,0.0,0.0,7562.11578266694
15102.825840000005,4417.970045155243,0.0,0.0,7562.1157826669405
15166.557840000003,4445.925086788705,0.0,0.0,0.0
15123.261440000002,4464.392393821937,0.0,0.0,0.0
14965.713680000003,4477.59032448653,0.0,0.0,0.0
14877.135600000001,4500.295377464563,0.0,0.0,7562.115782666941
14728.318560000003,4499.616807502297,0.0,0.0,7562.1157826669405
14577.031200000003,4486.91683494535,0.0,0.0,7562.11578266694
14440.844000000003,4473.634210586219,0.0,0.0,7562.115782666939
14282.115600000001,4425.060846159438,0.0,0.0,7562.115782666941
14085.054,4346.149792186573,0.0,0.0,7562.1157826669405
13984.812400000003,4313.194761357463,0.0,0.0,7562.11578266694
13759.814000000004,4271.123423696941,0.0,0.0,7562.11578266694
13601.269840000003,4239.201043697626,0.0,0.0,7562.115782666938
13409.37448,4206.448053248257,0.0,0.0,0.0
13307.448400000003,4188.765438396956,0.0,0.0,0.0
13363.13024,4202.015409765422,0.0,0.0,0.0
13426.790800000002,4219.475576117816,0.0,0.0,0.0
13541.057200000003,4241.3143044372555,0.0,0.0,0.0
13691.393280000004,4257.924472626389,0.0,0.0,0.0
13878.964640000004,4267.609145576572,0.0,0.0,0.0
13896.305760000003,4244.679603287714,0.0,0.0,0.0
13815.642480000004,4192.820531675221,0.0,0.0,7562.115782666938
13645.972480000002,4115.976820173864,0.0,0.0,7562.11578266694
13306.910720000003,4014.6362228317075,0.0,0.0,7562.115782666939
12837.636400000001,3896.7130082612916,0.0,0.0,0.0
12299.087840000004,3783.42039592962,0.0,0.0,0.0
11819.872080000003,3704.8960758149506,0.0,0.0,0.0
11398.466320000005,3666.7614643415322,0.0,0.0,0.0
11296.043920000002,3686.1348918657295,0.0,0.0,7562.115782666939
11146.001119999999,3671.2073731018254,0.0,0.0,0.0
10949.165120000003,3655.8267940924375,0.0,0.0,0.0
10479.714080000003,3567.415760647843,0.0,0.0,0.0
10092.385200000002,3448.1956101044325,0.0,0.0,0.0
9671.07344,3309.4632568264974,0.0,0.0,0.0
9099.282720000003,3143.266677181039,0.0,0.0,0.0
8590.7916,2997.150666388877,0.0,0.0,0.0
8231.39952,2886.9009046248425,0.0,0.0,0.0
7891.251120000002,2812.616371266891,0.0,0.0,0.0
7567.541440000001,2753.187928255762,0.0,0.0,0.0
7332.338400000001,2710.894142096332,0.0,0.0,0.0
7089.604080000001,2663.267714398849,0.0,0.0,0.0
6830.1979200000005,2596.5933686778644,0.0,0.0,0.0
6440.590480000002,2462.1681489498933,0.0,0.0,0.0
6163.7454400000015,2306.119506559684,0.0,0.0,0.0
6239.840320000001,2165.453483990778,0.0,0.0,0.0
6102.871040000001,2035.1313166211135,0.0,0.0,0.0
5817.56976,1893.1142765634247,0.0,0.0,0.0
5571.428880000001,1765.1431245216727,0.0,0.0,0.0
5422.010240000001,1673.802505570812,0.0,0.0,0.0
5268.5684,1609.4740731479487,0.0,0.0,0.0
5155.971440000001,1565.7088615966559,0.0,0.0,0.0
5183.024640000001,1567.6813063140414,0.0,0.0,0.0
5248.576480000001,1606.0985702379073,0.0,0.0,7562.115782666943
5106.034880000002,1615.7454881676326,0.0,0.0,7562.11578266694
4801.222960000001,1570.2068110608225,0.0,0.0,7562.11578266694
4588.940880000001,1494.7130966422903,0.0,0.0,0.0
4181.52984,1381.165382821045,0.0,0.0,0.0
3768.144160000001,1258.9493203840798,0.0,0.0,0.0
3462.7494400000005,1153.6515887356534,0.0,0.0,0.0
3247.01568,1077.951752313545,0.0,0.0,0.0
3125.7143200000005,1029.7028769815022,0.0,0.0,0.0
3019.2988000000005,1011.9559765548274,0.0,0.0,0.0
3044.013280000001,1029.6253261286718,0.0,0.0,0.0
3121.4655200000007,1063.0048458364333,0.0,0.0,398.977673918357
3264.1876,1100.5853768744971,0.0,0.0,1265.0897622817936
3416.12168,1136.766931343738,0.0,0.0,1577.5905405924825
3456.6958400000008,1150.0964943769518,0.0,0.0,1771.669574851702
3555.249200000001,1147.1322150681033,0.0,0.0,1661.7144432912285
3688.8683200000005,1135.0924451661754,0.0,0.0,1297.8906719787205
3738.7710400000005,1092.47212910009,0.0,0.0,1003.8389840578828
3720.6929600000003,1029.2712452611433,0.0,0.0,957.6544834971852
3507.09112,969.3193339934094,0.0,0.0,1146.3097038624421
3367.6515200000003,950.1438652251209,0.0,0.0,1180.0247616353686
3367.0875200000005,979.060129271298,0.0,0.0,1157.0338320520846
3606.8740000000003,1054.8007819317377,0.0,0.0,1097.273827976146
3994.827040000001,1158.5821903261372,0.0,0.0,706.4924338733921
4357.163200000001,1243.1881299522477,0.0,0.0,234.74971264905273
4478.002080000001,1278.669685934098,0.0,0.0,0.0
4441.669200000001,1279.8727445589284,0.0,0.0,0.0
4300.116480000001,1251.4952548587314,0.0,0.0,0.0
4071.4821600000005,1217.1126760939653,0.0,0.0,0.0
3781.390640000001,1175.884193754995,0.0,0.0,0.0
3505.391600000001,1129.925109393367,0.0,0.0,0.0
3272.662640000001,1080.9160316223936,0.0,0.0,0.0
3068.1073600000004,1024.5130922776113,0.0,0.0,0.0
2945.4148,976.7989096677153,0.0,0.0,29.8545511712386
2871.2187200000008,941.3051088143654,0.0,0.0,359.8389159614485
2864.939520000001,930.5296218947652,0.0,0.0,966.1398856006904
2946.3209600000005,959.4040492966523,0.0,0.0,1923.3281039342698
3006.6764800000005,1005.3590520344472,0.0,0.0,2344.1590257317725
2790.4125600000007,1013.1600555856162,0.0,0.0,2706.4406252729214
2760.3288000000002,1008.5845552686193,0.0,0.0,2615.609341109961
2735.990320000001,977.0550315632474,0.0,0.0,2352.0821955737206
2580.9504800000004,918.4010766744653,0.0,0.0,2286.2395520263967
2456.72008,866.2583322055668,0.0,0.0,2375.495044828043
2449.2828,852.8155041109823,0.0,0.0,2302.8264936052083
2591.4108000000006,889.1164460773437,0.0,0.0,2010.6743507554252
2842.5712800000006,970.6070863127783,0.0,0.0,1686.0414767301415
3101.2743200000004,1098.139463792463,0.0,0.0,1543.4553188421285
3526.6544000000004,1267.843178716583,0.0,0.0,1086.7155306760667
4032.6564000000003,1431.6050697455482,0.0,0.0,514.8567667129194
4205.450960000001,1527.5783317470707,0.0,0.0,137.64346782466922
4223.5365600000005,1577.126183864024,0.0,0.0,0.0
4161.71464,1592.2934980281277,0.0,0.0,7562.11578266694
4104.64912,1601.9761301663937,0.0,0.0,7562.11578266694
4025.9824,1600.4689905659914,0.0,0.0,7562.11578266694
3885.200480000001,1571.1772171271614,0.0,0.0,0.0
3669.5983200000005,1516.5048862876486,0.0,0.0,0.0
3402.251040000001,1443.7785128280134,0.0,0.0,0.0
3184.74632,1375.238865015265,0.0,0.0,0.0
2915.391200000001,1272.1309245533405,0.0,0.0,56.14229955750382
2767.3299200000006,1189.919877711349,0.0,0.0,874.6131722821352
2817.9019200000002,1165.23727798614,0.0,0.0,1925.6164367030258
2963.4740800000004,1179.8801034876801,0.0,0.0,2295.880924182145
2792.61968,1168.1780879579476,0.0,0.0,2635.2987256629053
2802.2227200000007,1182.5862200890795,0.0,0.0,2444.1503544055886
3072.145600000001,1184.1739717601877,0.0,0.0,1857.3453009084792
3010.8839200000007,1155.1107692560158,0.0,0.0,1662.5559109540961
2908.965360000001,1109.0486238925998,0.0,0.0,1692.1027899285687
2884.359920000001,1086.082346989244,0.0,0.0,1625.8831813586673
2984.586480000001,1123.408796943692,0.0,0.0,1352.1209391277043
3182.934,1213.3137047112311,0.0,0.0,1082.3278112801042
3530.820480000001,1377.594982372969,0.0,0.0,818.2730681109715
4180.236400000002,1589.0179949019994,0.0,0.0,109.26309404661745
4767.510800000001,1749.8615248902397,0.0,0.0,0.0
4865.455040000002,1816.7460742386334,0.0,0.0,0.0
4728.764,1832.3756323018447,0.0,0.0,0.0
4522.012880000001,1817.8654595748833,0.0,0.0,0.0
4339.901040000001,1786.4349152474658,0.0,0.0,0.0
4157.845600000001,1728.1381024440875,0.0,0.0,0.0
4015.225040000001,1644.8750170590936,0.0,0.0,0.0
3907.0686400000013,1552.6048082802256,0.0,0.0,0.0
3741.3804800000003,1451.3489046326074,0.0,0.0,0.0
3615.409200000001,1365.6480694132456,0.0,0.0,0.0
3422.874640000001,1287.8982374209222,0.0,0.0,0.0
3271.4932800000006,1255.0789205842648,0.0,0.0,249.59215912924154
3254.302560000001,1280.0115197692562,0.0,0.0,1303.9212167268408
3289.4134400000003,1340.8409801611242,0.0,0.0,1742.1808684187995
3150.6393600000006,1373.7705008412775,0.0,0.0,2046.4182915926847
3136.4829600000003,1397.3275927944867,0.0,0.0,1909.9461291814855
3426.5481600000007,1425.2479406253676,0.0,0.0,1285.1558473010268
3569.8079200000006,1425.591817433313,0.0,0.0,838.0095546039711
3603.8735200000006,1389.4143445879054,0.0,0.0,646.1771562119081
3680.667760000001,1349.7164711863784,0.0,0.0,411.05533917906894
3890.0283200000013,1352.4797305214424,0.0,0.0,59.539547363838714
4166.907200000001,1417.4051004299085,0.0,0.0,0.0
4363.788320000001,1511.3773463472137,0.0,0.0,0.0
4700.526400000002,1635.1964665446612,0.0,0.0,0.0
5014.366080000001,1754.395188562947,0.0,0.0,0.0
5003.26656,1802.4716152880376,0.0,0.0,0.0
4762.73184,1780.0869697809098,0.0,0.0,0.0
4465.14288,1713.1932367788918,0.0,0.0,0.0
4153.901360000001,1621.7373119547437,0.0,0.0,0.0
3837.5161600000015,1499.3365560393268,0.0,0.0,0.0
3511.3173600000005,1354.1123800547157,0.0,0.0,0.0
3255.768960000001,1224.9565366953827,0.0,0.0,0.0
3120.314960000001,1140.188352521903,0.0,0.0,0.0
3126.8009600000005,1138.7985596067044,0.0,0.0,0.0
3334.7515200000007,1223.8647023200062,0.0,0.0,0.0
3760.537680000001,1373.630705224991,0.0,0.0,0.0
4233.530640000001,1534.7477040100548,0.0,0.0,0.0
4546.817600000001,1649.3239870372622,0.0,0.0,0.0
4454.159920000001,1658.6688648033314,0.0,0.0,0.0
4254.752080000001,1624.853631751378,0.0,0.0,0.0
4463.507280000001,1597.0649162891175,0.0,0.0,0.0
4466.342320000001,1564.9200877908936,0.0,0.0,0.0
4510.42832,1566.8864100725289,0.0,0.0,0.0
4697.973360000001,1606.207753675445,0.0,0.0,0.0
4999.668240000001,1685.3739091378827,0.0,0.0,0.0
5081.9220000000005,1775.8696319552748,0.0,0.0,0.0
5272.599120000001,1918.5315685786063,0.0,0.0,0.0
5665.105520000002,2084.2057003734176,0.0,0.0,0.0
5912.111200000002,2166.9606235911806,0.0,0.0,0.0
5747.776640000002,2142.807614558327,0.0,0.0,0.0
5569.315760000002,2059.9924873890245,0.0,0.0,0.0
5318.012400000001,1949.3172163403808,0.0,0.0,0.0
5192.4208800000015,1882.510217844818,0.0,0.0,0.0
5312.143040000001,1851.95416142366,0.0,0.0,0.0
5431.7674400000005,1847.8827416500612,0.0,0.0,0.0
5465.385600000001,1861.633732344051,0.0,0.0,0.0
5455.613360000001,1867.988820652315,0.0,0.0,0.0
5540.991680000001,1896.3152900545972,0.0,0.0,0.0
5455.117039999999,1907.1509809257373,0.0,0.0,0.0
5308.901920000001,1927.6744059649338,0.0,0.0,0.0
5360.989200000001,1969.2753364786824,0.0,0.0,0.0
5485.990400000001,2025.6303167434244,0.0,0.0,0.0
5382.729520000001,2085.2852898772944,0.0,0.0,0.0
5394.562240000001,2144.488223171639,0.0,0.0,0.0
6000.508800000001,2186.2238472718823,0.0,0.0,0.0
6443.568400000002,2204.6442156310322,0.0,0.0,0.0
6640.099840000001,2210.2493055599493,0.0,0.0,7562.11578266694
6675.237040000001,2207.5697195134658,0.0,0.0,0.0
6680.8657600000015,2241.283932375548,0.0,0.0,0.0
6494.396080000001,2288.1542392579336,0.0,0.0,0.0
6224.371680000001,2343.5296298027124,0.0,0.0,0.0
6410.0668000000005,2421.891705370014,0.0,0.0,0.0
6643.660560000001,2478.6997458802393,0.0,0.0,0.0
6701.647280000002,2474.6609790973052,0.0,0.0,0.0
6839.951360000001,2457.017139672418,0.0,0.0,0.0
6738.39752,2404.326437203915,0.0,0.0,0.0
6404.400480000001,2321.3419226455358,0.0,0.0,0.0
6108.20648,2229.0155915389614,0.0,0.0,0.0
5898.582720000001,2147.0269931958783,0.0,0.0,0.0
5849.8719200000005,2119.8035826345135,0.0,0.0,0.0
5861.667040000001,2112.282170315917,0.0,0.0,0.0
5836.219360000002,2108.714831085717,0.0,0.0,7562.115782666941
6088.05288,2169.4565365651715,0.0,0.0,0.0
6277.143280000002,2224.8788657840314,0.0,0.0,0.0
6308.001600000001,2284.4379207578218,0.0,0.0,0.0
6515.982240000001,2372.7611992900024,0.0,0.0,0.0
6488.921520000002,2415.9692691880664,0.0,0.0,7562.115782666938
6751.343200000001,2496.652768310489,0.0,0.0,7562.11578266694
7439.035920000001,2570.973015876981,0.0,0.0,7562.11578266694
7877.572240000002,2637.5177700412623,0.0,0.0,0.0
8226.69576,2685.81766567122,0.0,0.0,0.0
8604.451680000002,2741.79713654331,0.0,0.0,0.0
8938.764560000001,2821.88369818013,0.0,0.0,7562.115782666939
8944.062400000003,2888.8590636588124,0.0,0.0,7562.115782666939
8752.776160000001,2928.0620401705655,0.0,0.0,0.0
8600.921040000003,2935.8324315429854,0.0,0.0,0.0
8264.38224,2885.273357121362,0.0,0.0,0.0
7822.544640000002,2815.7326910635247,0.0,0.0,0.0
7322.622560000002,2696.6002954325286,0.0,0.0,0.0
6811.589680000001,2556.359782148232,0.0,0.0,0.0
6487.195680000001,2447.454915437231,0.0,0.0,7562.11578266694
6114.019440000001,2314.324590870338,0.0,0.0,7562.1157826669405
5723.005760000001,2166.4973592861143,0.0,0.0,0.0
5262.097440000001,2050.412916252547,0.0,0.0,0.0
5047.164560000002,2006.0170938190272,0.0,0.0,0.0
5160.250320000002,2046.0874153953316,0.0,0.0,0.0
5302.1828000000005,2110.9597241939664,0.0,0.0,0.0
5533.306240000001,2204.2513593370886,0.0,0.0,0.0
5751.796080000003,2291.6042318029304,0.0,0.0,7562.115782666939
5920.20272,2346.6255414801803,0.0,0.0,0.0
5948.917840000001,2330.948024336929,0.0,0.0,0.0
6357.171120000001,2290.0879085489037,0.0,0.0,0.0
6374.339280000001,2223.4849912449995,0.0,0.0,7562.115782666938
6278.083280000002,2146.701483695182,0.0,0.0,0.0
6033.6720000000005,2027.1711297404504,0.0,0.0,0.0
5809.263920000002,1919.4356482576566,0.0,0.0,0.0
5633.461360000001,1844.566422285601,0.0,0.0,0.0
5473.529760000001,1825.104219443031,0.0,0.0,0.0
5238.375600000001,1850.1745734323927,0.0,0.0,0.0
5248.170400000002,1895.2857004426774,0.0,0.0,7562.11578266694
5177.636560000002,1896.589779257379,0.0,0.0,7562.1157826669405
4945.09936,1840.4490842438784,0.0,0.0,7562.11578266694
4404.997920000002,1676.3116838222604,0.0,0.0,0.0
3926.395040000001,1534.2956641705296,0.0,0.0,0.0
3651.170560000001,1427.597935547322,0.0,0.0,0.0
3387.09448,1361.1848137516613,0.0,0.0,0.0
3300.178320000001,1349.459328884888,0.0,0.0,7562.115782666941
3267.9250400000005,1369.7409177119687,0.0,0.0,7562.115782666939
3240.168720000001,1399.431669880492,0.0,0.0,7562.11578266694
3236.382400000001,1434.8030220188461,0.0,0.0,7562.115782666941
3198.03416,1457.1978715855569,0.0,0.0,7562.115782666939
3131.4370400000007,1468.9335605119134,0.0,0.0,0.0
3070.9837600000005,1469.927435915293,0.0,0.0,923.2436172611059
3047.4198400000005,1480.3253726303242,0.0,0.0,1450.857899114232
2856.8028800000006,1463.7264289067316,0.0,0.0,1969.0779351524895
2722.9055200000007,1428.1652812601342,0.0,0.0,2191.63495527548
2651.5482400000005,1352.8460562604707,0.0,0.0,2105.080735812873
2606.7892000000006,1254.9809616122684,0.0,0.0,2020.9150478592508
2532.322400000001,1161.3638169684505,0.0,0.0,2069.2518310228647
2431.9868000000006,1081.4752140875396,0.0,0.0,2162.860782876466
2452.7796000000003,1039.0967342335705,0.0,0.0,2068.5869771847583
2447.4366400000004,1016.4427015534525,0.0,0.0,2104.654870571529
2498.0951200000004,1026.7885975646102,0.0,0.0,2333.313516485015
2751.15816,1068.8078945212596,0.0,0.0,2137.4558288911367
2967.395760000001,1073.1293137546409,0.0,0.0,1760.5523952997617
2884.9803200000006,1005.86619379572,0.0,0.0,1751.1149873257375
2685.403280000001,916.0316940393033,0.0,0.0,1826.873293400025
2499.5991200000008,825.922705080105,0.0,0.0,1692.2159009680497
2358.1140800000007,759.095298465376,0.0,0.0,1442.569346362047
2242.4452000000006,720.5300756775571,0.0,0.0,1287.7392102543183
2296.5666400000005,728.8514862674566,0.0,0.0,928.4259020096612
2412.923600000001,760.171826751378,0.0,0.0,713.1353192185555
2523.1141600000005,793.7115501945918,0.0,0.0,499.9773756492428
2608.8534400000003,813.6308949064777,0.0,0.0,384.0540153676157
2582.19504,817.0666017680585,0.0,0.0,579.3633193975933
2560.420880000001,809.1247821946449,0.0,0.0,1120.0311847804262
2609.2369600000006,819.2114950923957,0.0,0.0,2037.5964706173236
2567.7904800000006,822.0267951313328,0.0,0.0,2607.775214246201
2395.8908,808.1635597819305,0.0,0.0,3120.7666711928828
2395.7704800000006,802.0441852500327,0.0,0.0,3154.3667154281075
2375.6620000000007,788.5880918779902,0.0,0.0,2934.604440643759
2305.43648,762.2993731744241,0.0,0.0,2756.5952927483627
2105.2841600000006,705.0413336365903,0.0,0.0,2875.1264310206143
1873.6042400000001,638.9873947382495,0.0,0.0,3037.512315436727
1691.9060000000004,598.0405444437686,0.0,0.0,3127.1149914416856
1535.4900000000005,590.9946413017384,0.0,0.0,3281.7234211015675
1611.7503200000003,650.0924727823789,0.0,0.0,3410.5043106755797
2012.0248800000006,761.6065175287414,0.0,0.0,3104.6237705369736
2238.9672000000005,831.5635092175622,0.0,0.0,2777.741325961977
2157.0631200000007,830.0839205780339,0.0,0.0,2738.0674294620403
1919.9500000000003,784.253407367151,0.0,0.0,2836.2899522038692
1695.7111200000002,723.0239478396313,0.0,0.0,2738.261259742452
1513.03528,664.3842786342655,0.0,0.0,2537.6172022120127
1332.4951200000005,614.5047945808661,0.0,0.0,2475.3670136320225
1174.3833600000003,576.0854898450832,0.0,0.0,2391.286616105667
1069.3364800000004,547.1906543240304,0.0,0.0,2506.160304399607
999.2914400000001,533.9712951343125,0.0,0.0,2535.5407259652225
996.7008000000001,536.1876168757302,0.0,0.0,2549.949419323671
975.7463200000002,524.8631515505672,0.0,0.0,2756.831541064217
928.5545600000003,508.75400268695654,0.0,0.0,3316.4450064685693
886.4952000000002,493.12036299991166,0.0,0.0,4387.551461914693
834.5696000000002,479.283658205425,0.0,0.0,5014.377326048759
760.7269600000001,457.07554292908236,0.0,0.0,5347.641302474584
668.6633600000001,419.0511352991599,0.0,0.0,5326.855603368734
588.4437600000001,369.6512420461595,0.0,0.0,5105.999774432666
537.868,316.4687039057577,0.0,0.0,4845.237539767067
467.11232000000007,266.54636280211,0.0,0.0,4711.754550450707
369.6719200000001,225.0015546160682,0.0,0.0,4644.883806385123
291.11424,193.6516223593564,0.0,0.0,4605.352873680719
238.30128000000002,174.19656235849496,0.0,0.0,4697.951063029056
228.42376000000004,179.93838668582356,0.0,0.0,4976.38903930975
265.0424000000001,205.96996308789937,0.0,0.0,5210.873130839121
299.34488000000005,229.07399479562542,0.0,0.0,5141.85362686825
302.9432,240.36070510033167,0.0,0.0,4971.111867365999
295.6976800000001,235.3219404782686,0.0,0.0,4776.7532975139175
288.31304000000006,217.34034668118585,0.0,0.0,4440.357980965937
290.08400000000006,202.61588870298218,0.0,0.0,4074.633137672285
284.99672000000004,191.50672903501936,0.0,0.0,3826.6197796276265
275.76216000000005,189.64652897304668,0.0,0.0,3521.6433492430224
269.29872000000006,202.5638479991091,0.0,0.0,3391.8206729272233
275.68320000000006,229.89950321588648,0.0,0.0,3266.5760581783743
309.74504,259.80862225948505,0.0,0.0,3156.9213369951485
353.75208000000003,283.0575516132891,0.0,0.0,3143.493030558148
408.8774400000001,297.28201067192794,0.0,0.0,3293.944314992337
478.53520000000003,311.0636135446666,0.0,0.0,3870.6348153764643
538.1612800000001,313.9462603768513,0.0,0.0,4223.498690606501
553.5697600000001,314.86870736315046,0.0,0.0,4575.393775264286
526.3097600000001,327.07174221840603,0.0,0.0,4618.042592133664
624.724,360.90534257760896,0.0,0.0,4245.02802086981
827.5872800000002,383.08998851691086,0.0,0.0,3755.2346038237984
1029.3188000000002,388.4216096490047,0.0,0.0,3392.9197296082216
1103.8908800000002,383.6420281403487,0.0,0.0,3193.3872134367252
1026.5740000000003,395.63281855627883,0.0,0.0,3198.64239156275
989.6056800000002,432.6419222576973,0.0,0.0,3311.2185863935365
1127.5638400000003,469.07551699863706,0.0,0.0,3492.3790602076947
1379.9538400000004,492.41628288868776,0.0,0.0,3492.415159825076
1432.9886400000005,469.0908230880115,0.0,0.0,3451.73334065171
1334.9128000000003,419.80521530234023,0.0,0.0,3489.853727561307
1224.1018400000005,376.5389822646539,0.0,0.0,3500.7804818630184
1161.5053600000003,376.1991870805415,0.0,0.0,3248.431545647113
1262.9652000000003,400.60015476126114,0.0,0.0,2769.144345405261
1432.9924000000003,439.0531328936676,0.0,0.0,2315.7175170466817
1582.9261600000002,494.37852354649,0.0,0.0,1821.9121258785478
1757.7661600000004,575.9916124969201,0.0,0.0,1419.101486018488
1931.3089600000005,680.4148562390872,0.0,0.0,1052.9865598704366
2078.5468,805.8778504353488,0.0,0.0,735.1917438375433
2325.2291200000004,935.3398155821701,0.0,0.0,415.6406923094534
2591.2829600000005,1050.4140567170255,0.0,0.0,230.50228633546794
2898.8735200000006,1175.2974603289751,0.0,0.0,430.72938144173224
3084.4370400000003,1302.4298386730081,0.0,0.0,519.2951742193169
3137.547040000001,1430.9428262786148,0.0,0.0,654.9289710239836
3292.8764000000006,1544.947681969176,0.0,0.0,385.2467331033512
3701.667360000001,1698.0718408829114,0.0,0.0,0.0
4424.880800000001,1869.2214710499359,0.0,0.0,0.0
5116.619280000001,2059.0088160452274,0.0,0.0,0.0
5752.469120000001,2179.6769226434585,0.0,0.0,0.0
5978.561680000002,2219.014592741707,0.0,0.0,0.0
6063.289520000001,2191.1615917040745,0.0,0.0,0.0
6023.911040000001,2149.2331108777134,0.0,0.0,0.0
5890.491200000001,2079.258772287601,0.0,0.0,7562.11578266694
5981.163600000001,2020.165022430794,0.0,0.0,0.0
6643.750800000002,2020.2670630266234,0.0,0.0,7562.115782666939
6877.00992,2017.84461928163,0.0,0.0,7562.11578266694
6879.262160000001,1993.1191625061724,0.0,0.0,0.0
6691.209520000001,1977.4620534820867,0.0,0.0,0.0
6231.688640000001,1927.111141875955,0.0,0.0,0.0
6052.0095200000005,1948.896809085563,0.0,0.0,0.0
6046.959840000001,2062.3557475884368,0.0,0.0,0.0
6114.094640000001,2210.1166527853707,0.0,0.0,7562.115782666939
6430.987440000001,2357.767354138809,0.0,0.0,7562.1157826669405
6859.379280000001,2489.027274584147,0.0,0.0,7562.115782666939
7105.020080000001,2655.943240430204,0.0,0.0,0.0
7463.130000000001,2806.8194450178144,0.0,0.0,0.0
7911.344560000003,2945.649757267746,0.0,0.0,0.0
8247.872080000001,3042.7485270412685,0.0,0.0,0.0
8443.903440000002,3120.0493804119424,0.0,0.0,0.0
8822.482800000002,3216.4073354597417,0.0,0.0,7562.11578266694
9542.601760000003,3329.9315799439464,0.0,0.0,0.0
9990.387680000002,3445.686431852985,0.0,0.0,0.0
10327.069360000001,3539.0821484038524,0.0,0.0,0.0
10237.036160000001,3590.312649946035,0.0,0.0,0.0
10250.493200000003,3672.015534620795,0.0,0.0,7562.11578266694
10438.530800000002,3733.59499339201,0.0,0.0,0.0
10634.765200000003,3802.617293223033,0.0,0.0,0.0
10420.276000000003,3813.3223721315103,0.0,0.0,0.0
10775.885520000002,3852.4651446917246,0.0,0.0,0.0
10992.442720000003,3842.7284310376695,0.0,0.0,0.0
11483.735600000002,3884.907931729771,0.0,0.0,0.0
12063.283200000002,4025.187220440483,0.0,0.0,0.0
12541.942480000002,4112.4482563700785,0.0,0.0,0.0
13013.811200000004,4169.682826570871,0.0,0.0,0.0
13625.29624,4229.107187958167,0.0,0.0,0.0
14016.667120000006,4272.63260410926,0.0,0.0,0.0
13776.658800000003,4221.55006143103,0.0,0.0,0.0
13196.223840000002,4082.2585256879483,0.0,0.0,0.0
12292.428880000005,3837.1559940994175,0.0,0.0,0.0
11586.424960000004,3595.690189346252,0.0,0.0,0.0
10826.59664,3394.8579702583706,0.0,0.0,0.0
10184.426240000004,3221.0583458176525,0.0,0.0,0.0
9706.342240000004,3074.5270298004643,0.0,0.0,0.0
10651.933359999999,3025.1046876163805,0.0,0.0,0.0
10141.881840000002,2848.2244575875693,0.0,0.0,0.0
9015.115120000002,2600.392340060598,0.0,0.0,0.0
7606.596560000002,2307.388891571803,0.0,0.0,7562.11578266694
6122.9156,1995.0263012422265,0.0,0.0,0.0
4722.2667200000005,1705.7881507395418,0.0,0.0,0.0
3803.6836800000005,1515.8150918598405,0.0,0.0,261.6712920420739
3659.97272,1457.700931722997,0.0,0.0,792.9067514180183
3754.322400000001,1465.7529551399064,0.0,0.0,667.1334185087716
3764.2412800000006,1501.8977749946484,0.0,0.0,489.59480348938683
3790.8959200000004,1535.519130914526,0.0,0.0,203.00757220958653
3772.983280000001,1551.1864439981948,0.0,0.0,0.0
3692.677200000001,1546.009924571762,0.0,0.0,0.0
3675.3022400000004,1535.1446419278318,0.0,0.0,0.0
3757.7778400000007,1560.455811723351,0.0,0.0,0.0
3749.2012800000007,1582.6200495434866,0.0,0.0,0.0
3793.621920000001,1620.8077221267367,0.0,0.0,0.0
3743.809440000001,1647.9178676267304,0.0,0.0,0.0
3713.1466400000004,1643.3270612203594,0.0,0.0,0.0
3856.7673600000007,1602.661842970368,0.0,0.0,0.0
4009.111280000001,1600.5363373592388,0.0,0.0,1.0610092649338287
4342.766160000001,1646.616850029904,0.0,0.0,180.05772834960553
4595.787840000002,1700.7830595141024,0.0,0.0,131.07863918608737
4873.663120000001,1790.05429518154,0.0,0.0,0.0
5290.793760000001,1957.850871369606,0.0,0.0,0.0
5619.899040000002,2102.5199465129044,0.0,0.0,0.0
5868.476400000001,2265.086942164706,0.0,0.0,0.0
6004.76136,2336.7439301800478,0.0,0.0,0.0
6102.254400000001,2336.626583494843,0.0,0.0,0.0
6075.626080000003,2330.801085878935,0.0,0.0,0.0
6201.232640000001,2362.2928545638492,0.0,0.0,0.0
6216.686240000001,2419.19375201628,0.0,0.0,7562.115782666938
6262.783840000001,2479.1660714031796,0.0,0.0,7562.115782666941
6712.769360000001,2533.365954284002,0.0,0.0,7562.115782666939
6785.698320000001,2545.36388754164,0.0,0.0,7562.1157826669405
6471.04272,2487.4701350917885,0.0,0.0,7562.115782666939
6060.988400000002,2413.0223367805083,0.0,0.0,7562.11578266694
5686.932320000001,2330.4908824676127,0.0,0.0,0.0
5665.150640000001,2315.02969138752,0.0,0.0,0.0
6047.7344,2323.093959675929,0.0,0.0,0.0
6140.95984,2316.1817297144353,0.0,0.0,2991.8841635888584
6039.82336,2319.020499090413,0.0,0.0,0.0
5877.3688,2367.5030473869065,0.0,0.0,7562.11578266694
5743.050320000001,2418.559059510221,0.0,0.0,7562.1157826669405
5857.406960000001,2493.902774252883,0.0,0.0,7562.115782666939
6249.601280000001,2596.5280626965337,0.0,0.0,0.0
6377.129200000001,2584.0658447278706,0.0,0.0,0.0
6279.846720000001,2579.5087117181233,0.0,0.0,7562.115782666938
7173.719040000002,2728.2196148622306,0.0,0.0,0.0
8628.098320000001,2886.729476423849,0.0,0.0,0.0
8950.95824,2958.3680971319413,0.0,0.0,0.0
8678.644000000002,2865.47135909468,0.0,0.0,0.0
8217.769520000002,2742.480808535368,0.0,0.0,7562.1157826669405
7480.1402400000015,2574.503620492684,0.0,0.0,0.0
6444.722720000002,2308.9368474105377,0.0,0.0,0.0
5521.684080000002,2025.3221541440191,0.0,0.0,0.0
4817.454880000001,1747.5084687504104,0.0,0.0,0.0
4197.3820000000005,1544.4925809117767,0.0,0.0,178.32109802251244
3676.1068800000007,1397.9265710920065,0.0,0.0,641.6651111554544
3237.6946400000006,1294.7869980453747,0.0,0.0,769.6184766280843
2818.46592,1200.1708759683854,0.0,0.0,817.7399945257372
2435.2617600000003,1117.751666310902,0.0,0.0,964.1654458129506
2175.3968800000007,1044.8548850562318,0.0,0.0,998.3923209568304
2091.8045600000005,981.9744086881899,0.0,0.0,1149.6849015286293
2013.6868000000004,916.7867944484419,0.0,0.0,1235.182001210063
1933.4183200000007,845.2226633753054,0.0,0.0,1385.6350886980363
1697.8242400000006,739.31983099361,0.0,0.0,1891.0741958721592
1431.4696000000004,636.3874003565124,0.0,0.0,2801.746725745658
1298.3618400000005,578.8048717239407,0.0,0.0,4118.364176849163
1278.0728800000004,548.273305045782,0.0,0.0,4808.160735054112
1331.5701600000002,567.0742848273759,0.0,0.0,4988.183799786908
1321.0233600000004,635.7282181074536,0.0,0.0,4648.483062071238
1454.4281600000002,733.8626999286457,0.0,0.0,4006.609698152736
1671.9855200000002,825.3135227230026,0.0,0.0,3323.946474764783
1873.0740800000003,873.9297442000321,0.0,0.0,2825.1953467407516
1899.7324800000004,855.5318247719648,0.0,0.0,2603.700706944992
1691.2066400000003,793.632978935803,0.0,0.0,2730.3942992408115
1355.9537600000003,713.0178470125858,0.0,0.0,3161.778296430891
1278.80608,676.7362927594322,0.0,0.0,3545.8761851059644
1499.864,715.718861584194,0.0,0.0,3717.0066701196743
1854.6312800000005,805.592136767026,0.0,0.0,3281.468195242754
2196.6145600000004,924.3071863610795,0.0,0.0,2691.3564473008737
2421.8874400000004,1020.6855495280453,0.0,0.0,2177.060240717548
2538.4474400000004,1080.0323600625097,0.0,0.0,1643.094283837749
2593.6104000000005,1111.3506597345145,0.0,0.0,1151.94605157848
2572.3400800000004,1108.5037271108702,0.0,0.0,870.8034170640663
2515.3948800000007,1081.7507236962792,0.0,0.0,634.3539314287949
2401.1548000000007,1031.355934633941,0.0,0.0,677.8750069116198
2242.3136000000004,970.9621875862651,0.0,0.0,811.1402780140672
2055.0280000000007,911.3949693648086,0.0,0.0,1009.9305082437394
1913.5655200000003,852.1410157725488,0.0,0.0,1255.5481517376618
1719.86536,789.2105395125503,0.0,0.0,1715.9088047608159
1550.5450400000004,745.5208380021716,0.0,0.0,2650.2173208826807
1502.41328,747.7800167938377,0.0,0.0,3181.403601494902
1589.2918400000003,793.1533881354043,0.0,0.0,3391.99503156153
1709.8524800000002,851.0369365256731,0.0,0.0,3051.3164280742626
1945.23224,939.8857241263764,0.0,0.0,2410.1708095872395
2450.97104,1070.404829845992,0.0,0.0,1496.8285588913739
3035.6698400000005,1204.9718860021658,0.0,0.0,598.7778458181224
3505.1246400000005,1321.9685719624495,0.0,0.0,0.0
3731.1044000000006,1390.7163825906907,0.0,0.0,0.0
3607.0244000000007,1420.4571346511702,0.0,0.0,0.0
4031.5434400000013,1542.8538089427539,0.0,0.0,0.0
4896.2832800000015,1756.2064091389211,0.0,0.0,0.0
5326.532560000001,1908.856079282049,0.0,0.0,0.0
5485.614400000001,2005.848726835908,0.0,0.0,0.0
5570.421200000001,2084.974066060014,0.0,0.0,7562.115782666938
5499.172960000001,2117.970933533415,0.0,0.0,7562.115782666939
5380.10504,2125.4525500196373,0.0,0.0,7562.11578266694
5290.455360000001,2103.5556585605746,0.0,0.0,4596.215650636123
5292.91816,2121.9627616422667,0.0,0.0,7562.11578266694
5409.079600000001,2171.3810222025163,0.0,0.0,0.0
5679.318320000001,2256.7277765543495,0.0,0.0,0.0
5997.79032,2358.6816378774415,0.0,0.0,7562.11578266694
6444.098560000001,2485.267078627828,0.0,0.0,7562.11578266694
6886.605440000001,2627.494322312926,0.0,0.0,0.0
7241.538160000002,2751.307320074624,0.0,0.0,0.0
7597.745520000002,2878.6315347388163,0.0,0.0,0.0
7742.82888,2949.2140352800725,0.0,0.0,0.0
7655.93904,2949.9466867581286,0.0,0.0,0.0
8123.837200000001,2942.8048654560184,0.0,0.0,0.0
8348.068560000002,2880.366224867919,0.0,0.0,0.0
8396.771840000001,2868.5611483363978,0.0,0.0,0.0
8612.892880000003,2937.9038556383257,0.0,0.0,0.0
8900.578000000001,3064.977050436777,0.0,0.0,0.0
9128.479120000002,3200.1634930096357,0.0,0.0,0.0
9310.433040000002,3316.2612013206617,0.0,0.0,0.0
8896.671360000002,3351.6162269636834,0.0,0.0,0.0
8735.540320000002,3345.6152195229474,0.0,0.0,0.0
8238.077280000003,3259.6092829220556,0.0,0.0,0.0
7734.094400000001,3143.180963080542,0.0,0.0,0.0
7382.797600000002,3017.123072210594,0.0,0.0,0.0
7146.259760000002,2874.481543706429,0.0,0.0,0.0
6464.688320000001,2678.8472725701045,0.0,0.0,0.0
5982.818000000001,2493.8854273515917,0.0,0.0,7562.11578266694
5426.322960000001,2316.1766276846442,0.0,0.0,0.0
4922.125760000001,2128.859685514386,0.0,0.0,0.0
4327.368960000002,1931.0917455192655,0.0,0.0,0.0
3819.069600000001,1746.2227572429579,0.0,0.0,0.0
3474.6799200000005,1591.9557436559319,0.0,0.0,0.0
3238.0706400000004,1458.8315415247882,0.0,0.0,984.2312859010369
2942.8880800000006,1339.845063945828,0.0,0.0,2038.0174813181004
2584.417200000001,1205.0698449741622,0.0,0.0,2812.583260517714
2104.817920000001,1048.9763047217873,0.0,0.0,3283.139843971839
1927.95504,934.1326753335065,0.0,0.0,3281.1974544594523
1764.7447200000004,833.9492183480573,0.0,0.0,3283.673930974786
1539.2387200000003,734.9606567397718,0.0,0.0,3482.4951076764
1295.4816800000003,634.9282198361499,0.0,0.0,3725.8121461557757
1079.3343200000002,548.7763651832215,0.0,0.0,3916.292419935873
1017.2266400000002,501.05401932565894,0.0,0.0,4017.3421166343983
1165.3217600000003,507.9295146726538,0.0,0.0,4165.418478668746
1293.2933600000001,526.08865910648,0.0,0.0,4389.462884150278
1321.6099200000006,550.0018727391343,0.0,0.0,4209.041034257625
1332.7282400000004,571.8610091777399,0.0,0.0,4022.169083962947
1323.35832,567.7804057505165,0.0,0.0,3817.107549622435
1222.2444000000003,533.7182344566552,0.0,0.0,3525.67590786984
1029.65344,476.1703996266655,0.0,0.0,3281.4081504573874
834.7989600000001,439.08272466645826,0.0,0.0,3175.068487694696
756.6548800000003,454.33575293105895,0.0,0.0,2929.600960383565
913.8755200000002,515.9448034750648,0.0,0.0,2594.947796019177
1094.6600800000003,584.6222060921832,0.0,0.0,2266.065031358783
1198.8271200000004,657.8108234509259,0.0,0.0,2085.547182884048
1353.6488800000002,761.3054977710442,0.0,0.0,1990.0302005957224
1572.01464,879.1776920435457,0.0,0.0,2186.900427275255
1755.60416,990.3233702389633,0.0,0.0,2989.2658244088207
1961.8928000000005,1121.8843104419984,0.0,0.0,3261.1179758553635
2155.8749600000006,1224.6044966397708,0.0,0.0,3231.9116807000146
2132.4652000000006,1282.6584528250748,0.0,0.0,3108.7056591943224
2159.61992,1317.7053158686913,0.0,0.0,2749.2276709726507
2310.5124800000003,1342.521588774437,0.0,0.0,2350.133724755178
2309.2077600000002,1327.8522327179815,0.0,0.0,2213.132308816615
2238.2227200000007,1303.9533047687432,0.0,0.0,2202.3744845800784
2132.53288,1323.015508475661,0.0,0.0,2178.624635558835
2275.8415200000004,1409.7673618320669,0.0,0.0,1952.0871040648067
2829.36992,1554.426232915783,0.0,0.0,1572.0633926645328
3540.682960000001,1706.0554971006152,0.0,0.0,979.2613962988326
3905.8052800000005,1825.6531978485943,0.0,0.0,344.44543733710145
4181.2704,1953.7467986053414,0.0,0.0,0.0
4302.135600000001,2019.9986962595917,0.0,0.0,0.0
4291.78808,2008.3732111767313,0.0,0.0,0.0
4183.891120000001,1924.3774743136808,0.0,0.0,0.0
3867.7014400000007,1774.7747363620238,0.0,0.0,0.0
3458.478080000001,1634.23932575578,0.0,0.0,0.0
3241.3380800000004,1528.9395532954372,0.0,0.0,0.0
2905.7280000000005,1410.287768870798,0.0,0.0,0.0
2701.503600000001,1334.3818104451143,0.0,0.0,0.0
2628.8716800000007,1290.187007985379,0.0,0.0,175.87796177882228
2722.2400000000002,1308.153295693087,0.0,0.0,591.9784879490173
3000.1528800000006,1432.7836386273798,0.0,0.0,1291.288394051662
3460.7942400000006,1602.6189859201197,0.0,0.0,1255.7920805152621
4033.7693600000002,1780.7257439108032,0.0,0.0,780.0349907552189
4356.524000000002,1915.2040247486048,0.0,0.0,215.28700468142327
4742.17592,2007.806885869877,0.0,0.0,0.0
5091.3257600000015,2032.9905049206097,0.0,0.0,0.0
4952.8600000000015,2008.882393749921,0.0,0.0,0.0
4471.4108000000015,1919.123404034418,0.0,0.0,0.0
3925.112880000001,1779.0808495060307,0.0,0.0,0.0
3478.4512000000004,1640.5474753899625,0.0,0.0,384.95487983953336
3621.5342400000013,1648.2107241367614,0.0,0.0,524.8389550568187
4312.829040000001,1757.766609849155,0.0,0.0,128.55368471353387
4813.07448,1829.4123733989547,0.0,0.0,0.0
4878.709040000002,1812.5613894036637,0.0,0.0,0.0
4580.473360000001,1750.9166246511172,0.0,0.0,0.0
4202.18728,1672.2382232367452,0.0,0.0,0.0
3897.864160000001,1578.0925083065297,0.0,0.0,0.0
3497.540720000001,1455.559099616535,0.0,0.0,0.0
3053.150080000001,1317.8644991981855,0.0,0.0,0.0
2675.2776000000003,1181.1045906376346,0.0,0.0,376.4771551461813
2441.91696,1062.5915814233235,0.0,0.0,626.7114301064488
2288.5503200000003,965.7050560891269,0.0,0.0,840.5181527068057
2122.1289600000005,875.8389237480029,0.0,0.0,1174.897040077633
1967.58544,815.3359932627893,0.0,0.0,1699.8805646734597
1778.5740000000005,793.021755766784,0.0,0.0,2984.661541597114
1591.0214400000004,770.5850695557832,0.0,0.0,4073.4130827360977
1527.58272,755.5391837007164,0.0,0.0,4468.125732353554
1503.3532800000003,749.283074770407,0.0,0.0,4293.543991161129
1463.4860000000006,754.0065339513568,0.0,0.0,4103.966447123246
1687.0593600000004,773.3105738703905,0.0,0.0,3613.941023026872
1899.4053600000002,796.4166463900331,0.0,0.0,3213.3136183660035
2005.9261600000002,803.5809166232254,0.0,0.0,3031.146852786444
1918.1264000000006,774.5768976646352,0.0,0.0,3082.187191759914
1683.9611200000002,732.157601572334,0.0,0.0,3319.042664608908
1634.2614400000002,715.1168220687997,0.0,0.0,3593.0978500129163
1695.8126400000003,723.2596616159975,0.0,0.0,3977.7025162335317
1868.0958400000004,761.5565176367849,0.0,0.0,3677.577640432325
2146.89984,828.990045390741,0.0,0.0,3166.43151849493
2411.9084000000003,903.2715175308183,0.0,0.0,2585.8074358909494
2617.745840000001,969.5774967008581,0.0,0.0,1904.6663748420244
2780.4786400000003,1024.066154467878,0.0,0.0,1180.5005214999221
2795.98112,1031.1814452150725,0.0,0.0,763.8919736672088
2695.859840000001,998.908045566103,0.0,0.0,524.7973750216902
2602.4652000000006,957.3540537264367,0.0,0.0,501.318047070147
2570.7458400000005,924.6469815451918,0.0,0.0,445.7685263913456
2616.3734400000008,911.6847646569645,0.0,0.0,375.5625931024266
2636.93688,899.6776477457017,0.0,0.0,441.3788873902359
2617.7533600000006,889.2542008817135,0.0,0.0,778.6744330641361
2603.961680000001,880.2134040912155,0.0,0.0,1844.8693263656116
2550.86296,862.4726261002903,0.0,0.0,2776.1648000913096
2362.1598400000007,827.2084165875573,0.0,0.0,3338.5505265773095
2015.2810400000003,775.0228150684103,0.0,0.0,3639.6494677768064
1777.1677600000005,731.929030637676,0.0,0.0,3738.4133702346567
1796.6295200000002,710.7535661911282,0.0,0.0,3485.0290063462508
1769.2078400000005,689.4668774951264,0.0,0.0,3283.4552654680324
1627.7980000000002,657.5220485647284,0.0,0.0,3309.549936724684
1375.70504,619.7680485137543,0.0,0.0,3500.4266994356553
1115.5356000000002,565.3691864710642,0.0,0.0,3800.727891106164
992.1549600000001,514.5835819266986,0.0,0.0,4208.5118865823315
849.4592000000002,461.45512530208646,0.0,0.0,4869.237631177724
734.3956800000001,432.2245762207544,0.0,0.0,4919.620520256768
769.6983200000002,451.16229040076,0.0,0.0,4665.781323678723
968.9520000000001,508.4019626313446,0.0,0.0,4166.09494247753
1275.2604000000003,597.4436069581658,0.0,0.0,3425.7824788466924
1501.4996,672.5271181814632,0.0,0.0,2711.2023084605107
1594.7964800000002,710.7351988838789,0.0,0.0,2229.0059599644205
1600.46656,735.5035127095849,0.0,0.0,1819.2601406295591
1499.5632,716.3423296247125,0.0,0.0,1972.1553840967756
1369.9108800000004,662.6536701289963,0.0,0.0,2020.9414935876139
1226.0645600000003,592.288516056857,0.0,0.0,2163.550545909986
1154.3500800000002,536.0957803394837,0.0,0.0,2249.838016438059
1113.0502400000003,515.6294980339514,0.0,0.0,2302.5732175291064
1092.3702400000002,523.8907046723116,0.0,0.0,2982.397813200904
1132.4706400000005,539.267202057866,0.0,0.0,3678.0641795957267
1212.9233600000002,564.3283723936028,0.0,0.0,4059.083271286394
1283.5060800000003,595.9783040020535,0.0,0.0,3995.6841972876055
1267.7780000000005,604.3619593554091,0.0,0.0,3890.1002851745693
1145.7547200000001,578.446709232579,0.0,0.0,3866.996736158566
936.4392800000003,504.18360439975106,0.0,0.0,3971.7561243234
692.7800000000002,401.75627471200994,0.0,0.0,4229.135175244332
495.9891200000001,308.2513747236043,0.0,0.0,4503.121363376301
369.77344000000005,231.93827432056088,0.0,0.0,4724.509831571345
304.1727200000001,186.82306568644313,0.0,0.0,5107.681594060583
285.9367200000001,180.5587935084672,0.0,0.0,5690.972573669078
326.17248000000006,206.40567643209152,0.0,0.0,5587.595169741707
423.6542400000001,245.68008136092595,0.0,0.0,5313.044146808859
513.0933600000001,269.9637023564417,0.0,0.0,5014.97918922694
527.0316800000002,268.36982824958403,0.0,0.0,4695.50000833474
483.38184,251.12292674247402,0.0,0.0,4382.314433934897
450.1697600000001,227.9250176865847,0.0,0.0,4126.748891788654
454.8133600000001,211.88015439834678,0.0,0.0,3772.600962126343
480.56184000000013,207.70975524679315,0.0,0.0,3622.0343854427683
509.77328000000006,213.9679049890193,0.0,0.0,3453.404077009877
529.4004800000001,220.46789094336143,0.0,0.0,3335.806722630566
517.5038400000002,222.60972304982366,0.0,0.0,3279.1579957477734
477.3583200000001,219.85360655646755,0.0,0.0,3281.891418614459
433.2836000000001,218.2842221926091,0.0,0.0,3972.2226598282855
411.03944000000007,217.07912275586216,0.0,0.0,4714.190527040363
400.68816000000004,215.76892150541076,0.0,0.0,5181.334149130288
365.40808000000004,216.39443035784592,0.0,0.0,5199.363468363512
336.21544000000006,233.24031232334585,0.0,0.0,5104.170099883062
388.49824000000007,273.53308239855915,0.0,0.0,4832.914718566757
489.67608,329.668675382268,0.0,0.0,4474.3240496942535
614.9780800000001,384.2981491715327,0.0,0.0,4209.4394443340725
785.9189600000002,437.1939532376534,0.0,0.0,3957.9828821741803
1008.9358400000001,496.7091307552368,0.0,0.0,3707.942465064658
1469.4042400000003,597.0497302582637,0.0,0.0,3448.4016502196296
1966.5589600000003,720.660687640219,0.0,0.0,3495.521536462695
2191.51224,822.1818968369937,0.0,0.0,3172.0682782540707
2118.8164,868.3154706174904,0.0,0.0,3083.441400025465
1872.1867200000004,859.7746727465573,0.0,0.0,3140.2497762086628
1651.1175200000005,823.874750321806,0.0,0.0,3053.318103020604
1546.4353600000004,789.1972742350926,0.0,0.0,2747.4873217932136
1535.8810400000004,784.9860588452071,0.0,0.0,2429.686336359756
1571.6085600000001,802.5676535066382,0.0,0.0,2026.1341777182913
1674.7416000000003,819.1727196659805,0.0,0.0,1601.0329424144377
1797.3476800000003,844.7277664855324,0.0,0.0,1340.6521466638774
1909.0046400000003,873.8379076637855,0.0,0.0,1160.5175598342876
2009.8252800000005,887.4266538104063,0.0,0.0,1120.0536745543816
2118.5344000000005,920.5143374140953,0.0,0.0,1292.3374882240446
2226.4764800000007,951.87447373039,0.0,0.0,2230.434077059794
2328.7936000000004,973.0081015326475,0.0,0.0,2998.338155088581
2452.1253600000005,1018.208003861304,0.0,0.0,3181.059455544169
2433.3103200000005,1040.2079563221541,0.0,0.0,3051.5171767431752
2299.9130400000004,1016.1447430136302,0.0,0.0,3037.5103135507975
2129.93472,972.6295309221199,0.0,0.0,3067.5474735958755
2066.0034400000004,906.9092647721418,0.0,0.0,3047.825375898291
1973.9210400000004,847.251230420397,0.0,0.0,3116.053188707873
1968.5968800000005,816.588031373618,0.0,0.0,3087.7284876576787
2154.5326400000004,829.3961669621428,0.0,0.0,2813.8469143763314
2444.924960000001,859.3093676295745,0.0,0.0,2739.2130421450015
2698.262480000001,902.9398855943724,0.0,0.0,2877.1265506700674
2762.00952,955.6407921224587,0.0,0.0,2634.5759574722197
2794.1048800000003,1002.3498748634339,0.0,0.0,2367.1103852984756
2838.0329600000005,1046.647738324957,0.0,0.0,2015.279160732379
2828.5126400000004,1105.0629182194978,0.0,0.0,1554.1771547875994
2743.29224,1134.6169359896094,0.0,0.0,1097.5816975296407
2677.7892800000004,1182.3464246888802,0.0,0.0,722.0740436453696
2730.6248,1253.3952507530776,0.0,0.0,231.70799705752705
2899.4112,1306.5328910313137,0.0,0.0,0.0
3197.443840000001,1337.3103755454217,0.0,0.0,0.0
3398.2654400000006,1366.2990884146382,0.0,0.0,0.0
3445.9460000000004,1299.6502528426113,0.0,0.0,0.0
3443.8629600000004,1243.8034347450998,0.0,0.0,0.0
3289.4284800000005,1199.9300601622276,0.0,0.0,795.3880245505836
3183.719840000001,1184.7566235623742,0.0,0.0,1779.7398424517228
3120.972960000001,1187.6688621673495,0.0,0.0,2166.6258830856113
2862.2097600000006,1148.1026211344424,0.0,0.0,2440.0265338905706
2566.1135200000003,1087.3803033681954,0.0,0.0,2674.870209452814
2331.6850400000003,1019.8947349103662,0.0,0.0,2801.826046890502
2095.53072,995.2029515315322,0.0,0.0,2886.426614564163
2046.7221600000003,1027.450841031544,0.0,0.0,2829.4867512972787
2099.7456800000004,1102.9588411334926,0.0,0.0,2626.0146597186513
2294.0098400000006,1227.8861222016487,0.0,0.0,2286.8228086548975
2693.8670400000005,1398.5806513112736,0.0,0.0,1926.6492790498135
3166.0252800000003,1575.175167671763,0.0,0.0,1617.4136038757101
3468.4872000000005,1625.5699567341017,0.0,0.0,1135.336967118832
3584.329040000001,1614.6628374458812,0.0,0.0,853.523717935446
3576.470640000001,1692.3024655947088,0.0,0.0,526.2790723280376
3908.7756800000006,1785.551243687582,0.0,0.0,0.0
4284.4335200000005,1884.9244983421452,0.0,0.0,0.0
4440.086240000001,1903.6846618854072,0.0,0.0,0.0
4488.3872,1817.031787906956,0.0,0.0,0.0
4604.526080000001,1966.712076711444,0.0,0.0,0.0
5343.636800000002,2157.3086036316636,0.0,0.0,0.0
5838.712240000002,2245.4349438138934,0.0,0.0,0.0
5973.030720000001,2236.817615496089,0.0,0.0,0.0
5579.986640000001,2081.812848401215,0.0,0.0,0.0
5669.053520000001,1983.6783665800224,0.0,0.0,0.0
5829.567920000001,1875.3367639580008,0.0,0.0,0.0
5423.3676000000005,1725.3074963157758,0.0,0.0,0.0
4306.309200000001,1667.6014985622505,0.0,0.0,205.2667434559257
4300.026240000001,1589.0179949019994,0.0,0.0,140.42150367823047
4188.850560000001,1474.0937534430134,0.0,0.0,152.81318338564168
3694.9557600000007,1450.6131919366765,0.0,0.0,535.2355001236335
3782.8796,1477.3957871240577,0.0,0.0,395.51253717518733
4133.627440000001,1625.6097525664752,0.0,0.0,0.0
4461.2249600000005,1782.4441075445725,0.0,0.0,0.0
5176.625120000001,2081.1485641223644,0.0,0.0,0.0
6864.064240000002,2473.3987369268934,0.0,0.0,0.0
9124.621360000003,2902.173320602651,0.0,0.0,0.0
11736.260960000001,3496.422036505394,0.0,0.0,0.0
13983.146720000002,3963.4087825074002,0.0,0.0,0.0
15611.174080000003,4373.369121124106,0.0,0.0,7562.115782666938
16403.721920000004,4609.799222473084,0.0,0.0,7562.11578266694
16889.927520000005,4747.892801621126,0.0,0.0,7562.11578266694
17233.629120000005,4823.01406786488,0.0,0.0,7562.11578266694
17524.916320000004,4852.56910604095,0.0,0.0,7562.11578266694
17636.449200000006,4826.442631884754,0.0,0.0,7562.11578266694
17236.415280000005,4748.977493154794,0.0,0.0,7562.11578266694
16571.346480000004,4606.097189656387,0.0,0.0,7562.115782666939
15652.32728,4365.723219278598,0.0,0.0,7562.1157826669405
14533.734800000004,4033.5249575257153,0.0,0.0,0.0
12966.826240000002,3653.7870025818047,0.0,0.0,0.0
11117.451440000003,3235.536885959907,0.0,0.0,0.0
9111.341040000001,2799.9061946503616,0.0,0.0,0.0
7377.567440000002,2492.9170620971695,0.0,0.0,0.0
6669.2962400000015,2337.9082133784623,0.0,0.0,0.0
6014.932160000001,2202.609526150191,0.0,0.0,0.0
5035.200240000001,1989.99569986783,0.0,0.0,0.0
3800.1267200000007,1802.311411552585,0.0,0.0,24.89288804857342
3228.35104,1732.3033995658498,0.0,0.0,610.4131510940932
3386.1394400000004,1827.3715614823636,0.0,0.0,633.4231745581997
3890.41184,2003.4232218730401,0.0,0.0,520.6508986573027
4624.935360000001,2251.481869522753,0.0,0.0,0.0
5821.60048,2583.1158467806977,0.0,0.0,0.0
7407.421840000002,2867.6407421620156,0.0,0.0,0.0
8777.70872,3104.6473728774304,0.0,0.0,0.0
9828.124880000001,3299.3632786512885,0.0,0.0,0.0
11237.857920000002,3537.2209279359213,0.0,0.0,0.0
12300.223360000002,3746.488843081032,0.0,0.0,0.0
12478.695520000001,3819.3264407901215,0.0,0.0,6032.377653670014
11992.824560000001,3842.3386359616006,0.0,0.0,0.0
11200.588800000003,3699.4450671857358,0.0,0.0,0.0
10829.55576,3529.8760458481106,0.0,0.0,0.0
10160.975120000003,3434.7476799800575,0.0,0.0,0.0
9586.067360000001,3409.5875302663653,0.0,0.0,0.0
9087.457520000002,3367.5478251905506,0.0,0.0,0.0
9009.621760000002,3442.4935816094785,0.0,0.0,0.0
9260.789760000003,3532.2617549786055,0.0,0.0,0.0
9166.654400000001,3715.162380161361,0.0,0.0,0.0
10118.062240000001,3844.6069984068913,0.0,0.0,0.0
11368.867600000003,4090.272794084401,0.0,0.0,0.0
12588.21304,4275.226476055247,0.0,0.0,0.0
13785.017280000004,4401.891508470381,0.0,0.0,0.0
14641.883680000003,4494.56783882065,0.0,0.0,0.0
15245.811120000004,4560.207492899924,0.0,0.0,7562.115782666939
15693.070640000005,4587.609474503989,0.0,0.0,7562.1157826669405
15834.721120000002,4573.619708815759,0.0,0.0,7562.115782666939
15708.633280000004,4532.048370074802,0.0,0.0,7562.11578266694
15300.146880000004,4467.246469287288,0.0,0.0,7562.11578266694
14674.565600000002,4372.595653407717,0.0,0.0,7562.115782666939
13909.025840000002,4207.304173847267,0.0,0.0,7562.115782666941
12977.858080000004,3995.6311618584546,0.0,0.0,7562.115782666938
12059.970640000001,3803.372393632171,0.0,0.0,1777.8516364833622
10697.286480000004,3434.893598032093,0.0,0.0,0.0
8914.599040000003,3094.3769869071857,0.0,0.0,0.0
8049.441840000001,2919.8804251969527,0.0,0.0,0.0
8132.5491200000015,2852.78567222115,0.0,0.0,0.0
9044.04832,2987.556809568983,0.0,0.0,0.0
10308.09264,3224.616501394229,0.0,0.0,0.0
11246.517200000002,3464.952716751561,0.0,0.0,0.0
11829.806000000004,3655.9288346882668,0.0,0.0,0.0
12739.327440000003,3883.5722203303617,0.0,0.0,0.0
13272.017920000004,4031.1678197620527,0.0,0.0,0.0
13687.531760000003,4102.981950294971,0.0,0.0,0.0
13839.040960000002,4135.041064692699,0.0,0.0,0.0
13636.429600000001,4080.0697549074052,0.0,0.0,0.0
13007.934320000004,3934.938435864998,0.0,0.0,0.0
12102.552640000002,3749.223531049264,0.0,0.0,0.0
11455.659680000004,3593.411622841378,0.0,0.0,0.0
10997.56008,3531.333185556557,0.0,0.0,7562.115782666939
10811.112960000002,3479.9802352993793,0.0,0.0,6229.2463686075625
10887.192800000003,3518.894436924935,0.0,0.0,7562.115782666939
11261.489520000001,3568.8769819801223,0.0,0.0,7562.1157826669405
11469.932640000003,3546.6015199105323,0.0,0.0,7562.115782666939
11634.910160000003,3554.9239509063905,0.0,0.0,7562.1157826669405
11588.959200000003,3493.4649000382537,0.0,0.0,7562.11578266694
11204.548080000002,3404.457949514014,0.0,0.0,0.0
10716.203040000002,3266.505186388216,0.0,0.0,0.0
10283.069840000002,3159.917661608504,0.0,0.0,0.0
9607.262480000003,3004.73330306497,0.0,0.0,0.0
9319.114880000003,2875.9805200591645,0.0,0.0,0.0
8844.80592,2765.5103506081387,0.0,0.0,0.0
8419.64016,2705.8645611278935,0.0,0.0,0.0
8022.072800000001,2646.7667296472528,0.0,0.0,0.0
7454.275200000002,2543.0434843924763,0.0,0.0,0.0
6854.066400000001,2413.9937632528063,0.0,0.0,0.0
6242.509920000001,2289.2879102775996,0.0,0.0,0.0
6044.816640000001,2228.8717142988417,0.0,0.0,0.0
6027.155920000002,2214.950315809817,0.0,0.0,0.0
5931.719600000001,2178.788149053783,0.0,0.0,0.0
5687.86856,2156.271871178036,0.0,0.0,0.0
5736.357520000001,2159.8259451307786,0.0,0.0,0.0
6094.42232,2247.176776784704,0.0,0.0,0.0
6747.752400000001,2249.7124855910683,0.0,0.0,0.0
7212.119920000002,2298.015442438901,0.0,0.0,0.0
7805.714880000002,2370.6367140848315,0.0,0.0,0.0
8385.792640000001,2522.71699770323,0.0,0.0,0.0
8958.576000000001,2747.2910022227734,0.0,0.0,0.0
9376.695520000001,2936.945694443486,0.0,0.0,0.0
9876.147600000002,3157.8023600569577,0.0,0.0,0.0
10340.545200000002,3320.8295587959506,0.0,0.0,0.0
10555.004320000004,3491.0618440064677,0.0,0.0,0.0
10579.290160000002,3585.2208242141405,0.0,0.0,0.0
10623.09416,3613.1166823020226,0.0,0.0,0.0
10669.428640000002,3665.1400392738005,0.0,0.0,0.0
10722.23032,3715.45625707735,0.0,0.0,0.0
10881.368560000003,3746.8194546115196,0.0,0.0,6812.771188798685
11048.368960000002,3836.8825253025952,0.0,0.0,7562.115782666939
11193.711760000002,3857.000849176348,0.0,0.0,0.0
10961.753600000004,3829.1253992076327,0.0,0.0,0.0
11066.612480000002,3876.352848175422,0.0,0.0,0.0
11822.44392,3930.540486184745,0.0,0.0,549.3449283797099
12608.870480000001,3917.42112677894,0.0,0.0,7562.11578266694
11970.790960000002,3677.9236851193255,0.0,0.0,0.0
10270.564080000002,3243.8225823412663,0.0,0.0,0.0
8227.83128,2802.1225163917798,0.0,0.0,0.0
6869.403440000001,2491.259922820898,0.0,0.0,0.0
6074.716160000002,2301.5919653227265,0.0,0.0,0.0
5469.468960000001,2198.9462687599103,0.0,0.0,0.0
5409.606000000002,2229.098244421583,0.0,0.0,0.0
5602.693280000001,2313.569490461199,0.0,0.0,0.0
5677.626320000002,2370.808142285825,0.0,0.0,0.0
5597.354080000001,2475.7385277892654,0.0,0.0,0.0
5704.856240000001,2566.5056785915644,0.0,0.0,0.0
6287.408080000002,2709.2625129690173,0.0,0.0,0.0
7039.035840000001,2857.7417839605914,0.0,0.0,0.0
7935.85224,2997.1455643590857,0.0,0.0,0.0
8544.70528,3138.4299529387185,0.0,0.0,0.0
9150.907520000002,3276.093941178319,0.0,0.0,0.0
9854.971280000002,3395.856947691542,0.0,0.0,0.0
10646.056480000001,3446.266022437296,0.0,0.0,0.0
11066.319200000004,3475.94452973432,0.0,0.0,0.0
10950.484880000002,3498.402644470445,0.0,0.0,0.0
10642.98456,3503.590388362419,0.0,0.0,0.0
10664.262400000001,3506.8383405276745,0.0,0.0,0.0
10593.14952,3539.385208973466,0.0,0.0,0.0
10707.476080000002,3581.7208317771874,0.0,0.0,0.0
10798.167280000001,3609.344241474204,0.0,0.0,0.0
10884.598400000003,3634.794186480051,0.0,0.0,0.0
10966.38968,3697.494050993475,0.0,0.0,0.0
10774.351440000002,3760.08575247532,0.0,0.0,0.0
10598.338320000003,3778.9510178322857,0.0,0.0,0.0
10406.055680000001,3735.556213643855,0.0,0.0,0.0
10605.07248,3819.1682778665854,0.0,0.0,0.0
11021.375920000004,3949.5057513256243,0.0,0.0,0.0
11994.584240000004,4078.2044528156407,0.0,0.0,0.0
12852.93584,4139.905339895892,0.0,0.0,0.0
13414.401600000001,4230.102083767505,0.0,0.0,7562.11578266694
13462.476960000004,4242.41328165434,0.0,0.0,7562.1157826669405
12920.322560000002,4218.61129227114,0.0,0.0,7562.115782666941
12269.944080000003,4219.518433168065,0.0,0.0,0.0
12013.69256,4255.919374918338,0.0,0.0,3339.467656497545
11896.350480000001,4240.9755296591,0.0,0.0,0.0
11647.25048,4217.561294540053,0.0,0.0,0.0
11497.245280000001,4215.2000751525575,0.0,0.0,0.0
11826.260320000001,4211.685797032188,0.0,0.0,0.0
12094.340800000002,4207.401112413306,0.0,0.0,0.0
12510.92624,4244.491848591387,0.0,0.0,0.0
12803.845280000001,4297.5325503035865,0.0,0.0,0.0
13195.054480000003,4338.010013857251,0.0,0.0,0.0
13447.598640000002,4355.896709900212,0.0,0.0,0.0
13298.687600000001,4347.697748025308,0.0,0.0,0.0
12905.632240000003,4302.329478713534,0.0,0.0,0.0
12404.544560000004,4212.8194680518545,0.0,0.0,0.0
11831.020480000003,4104.7911300590295,0.0,0.0,0.0
11303.815840000001,3979.042422194445,0.0,0.0,0.0
10445.686080000003,3816.7835891420486,0.0,0.0,0.0
9647.197440000002,3649.6115014004595,0.0,0.0,0.0
9009.779680000003,3471.166989037581,0.0,0.0,0.0
8456.488160000003,3299.725522766484,0.0,0.0,0.0
8025.720000000001,3122.39733452198,0.0,0.0,0.0
7586.206080000002,2910.790648920456,0.0,0.0,0.0
6878.3484800000015,2629.8790110374625,0.0,0.0,0.0
5924.338720000002,2274.3910036924444,0.0,0.0,0.0
4900.404240000001,1893.5234593527011,0.0,0.0,0.0
3919.991760000001,1542.5201361943914,0.0,0.0,0.0
3088.3324000000002,1236.7963070294848,0.0,0.0,96.29355800935927
2445.9514400000003,1012.700872904383,0.0,0.0,1248.9985908853282
2041.7589600000003,865.9562920419114,0.0,0.0,2890.4831439475793
1669.5377600000004,729.6698518460096,0.0,0.0,4335.084662308301
1325.6030400000004,638.4343347088533,0.0,0.0,5166.890664806515
1156.7000800000003,580.549765912626,0.0,0.0,5343.206233475154
930.1488000000002,501.8427931314213,0.0,0.0,5459.337217729388
702.9808800000001,422.1796999672938,0.0,0.0,5485.804801497261
587.4699200000001,371.21654478618467,0.0,0.0,5414.446730242486
522.8580800000001,316.14523521697805,0.0,0.0,5395.467727367448
518.3724000000002,273.63002096459724,0.0,0.0,5307.921122612385
608.6988800000001,272.35553392268616,0.0,0.0,5158.148371832629
740.9192800000002,294.60854706119386,0.0,0.0,5309.099218476194
863.4802400000003,311.6125919502296,0.0,0.0,5691.596535527464
888.4278400000002,319.94114538183726,0.0,0.0,5624.904596203461
868.2592000000002,339.8094697958084,0.0,0.0,5513.513944527355
807.6668000000002,391.62262314017755,0.0,0.0,5329.739210380921
1014.6698400000002,505.75809079340104,0.0,0.0,4645.5375571776185
1288.93176,660.8189802159809,0.0,0.0,3721.8985119701983
1496.0739200000005,855.066519654982,0.0,0.0,2915.378574737347
1902.8006400000008,1082.8425580716555,0.0,0.0,1876.7551793728255
2563.8876000000005,1324.6093825825183,0.0,0.0,614.478612649515
3459.4895200000005,1562.3323382806564,0.0,0.0,0.0
4396.733440000002,1804.6563044447485,0.0,0.0,0.0
5387.256560000001,2185.574869082406,0.0,0.0,0.0
6439.4324000000015,2560.0832434900526,0.0,0.0,0.0
7673.189920000001,2860.288717232497,0.0,0.0,0.0
8896.208880000002,3195.933910312501,0.0,0.0,0.0
9956.795840000002,3485.712875973083,0.0,0.0,3362.5467198423485
10853.864160000003,3675.813485597571,0.0,0.0,0.0
11411.513520000002,3756.50514796766,0.0,0.0,0.0
11676.033280000001,3828.2539725192482,0.0,0.0,0.0
11629.969520000002,3850.5671896092945,0.0,0.0,0.0
11307.233680000003,3790.222422047618,0.0,0.0,0.0
10930.962960000003,3688.407335934854,0.0,0.0,0.0
10488.245520000002,3583.5004197684543,0.0,0.0,0.0
9894.864880000001,3491.476128825536,0.0,0.0,7562.11578266694
9127.52784,3362.9611004080125,0.0,0.0,7562.11578266694
8356.438320000001,3248.087879246941,0.0,0.0,7562.115782666938
8056.785120000002,3171.605391454821,0.0,0.0,7562.115782666941
7816.46848,3100.7535037405746,0.0,0.0,7562.115782666941
7146.639520000002,2939.5028317749743,0.0,0.0,7562.1157826669405
6793.913920000001,2831.3683715624866,0.0,0.0,0.0
6368.248080000001,2754.2277219272655,0.0,0.0,0.0
5979.960400000001,2670.7401472314464,0.0,0.0,0.0
5729.672240000001,2571.210770465264,0.0,0.0,0.0
5486.9868000000015,2477.5640340486557,0.0,0.0,0.0
5452.225600000002,2416.169268755892,0.0,0.0,0.0
5354.924320000001,2346.7051331449275,0.0,0.0,0.0
5285.920800000002,2290.911376157248,0.0,0.0,0.0
5378.8228800000015,2306.606240201791,0.0,0.0,0.0
5316.643760000001,2318.488867586141,0.0,0.0,0.0
5243.410240000001,2310.066436806371,0.0,0.0,0.0
5234.754720000002,2319.282743421695,0.0,0.0,0.0
5194.451280000001,2402.309094624365,0.0,0.0,0.0
5414.008960000001,2535.425133507842,0.0,0.0,0.0
5792.62968,2572.226074393768,0.0,0.0,0.0
5639.1013600000015,2507.5466223212516,0.0,0.0,0.0
5678.280560000001,2474.988529409918,0.0,0.0,0.0
5760.109440000001,2358.841841612894,0.0,0.0,0.0
5527.6662400000005,2230.3472213145374,0.0,0.0,0.0
5059.828240000001,2033.1537698739369,0.0,0.0,0.0
4553.709680000001,1791.520618543611,0.0,0.0,0.0
4077.9305600000002,1602.6649041882433,0.0,0.0,119.57183034695079
4030.825280000001,1494.5722806200454,0.0,0.0,78.70587831570325
4408.208960000001,1591.6608463339849,0.0,0.0,0.0
5099.627840000001,1758.8268116398242,0.0,0.0,0.0
6089.823840000002,2088.2138549776028,0.0,0.0,0.0
7438.332800000002,2433.182497298553,0.0,0.0,0.0
8618.412560000002,2652.979981527314,0.0,0.0,0.0
9376.003680000003,2843.421406741873,0.0,0.0,0.0
10212.536000000002,3045.938316066901,0.0,0.0,0.0
10758.24736,3208.987963736975,0.0,0.0,0.0
10863.508560000004,3239.508305949593,0.0,0.0,0.0
10271.075440000002,3321.2520068626845,0.0,0.0,0.0
10376.874320000003,3532.050530945238,0.0,0.0,6459.907601286055
11020.007280000003,3693.4542638045828,0.0,0.0,0.0
10841.678000000004,3751.262302153938,0.0,0.0,0.0
10573.943440000001,3734.9460108807934,0.0,0.0,0.0
11329.214640000002,3745.5327226981094,0.0,0.0,0.0
11597.182320000002,3878.1865176824786,0.0,0.0,0.0
11900.584240000004,3879.0681484304464,0.0,0.0,0.0
11846.094320000002,3787.514264634301,0.0,0.0,0.0
11065.946960000001,3538.535210810206,0.0,0.0,0.0
9536.593280000001,3150.672783626348,0.0,0.0,0.0
8075.295600000001,2957.379323758353,0.0,0.0,0.0
7909.818000000001,3026.7199902483635,0.0,0.0,0.0
8979.45152,3235.947089155142,0.0,0.0,0.0
10767.154800000002,3548.8729435736977,0.0,0.0,7562.115782666939
12290.342080000002,3863.322264087988,0.0,0.0,7562.115782666939
13742.066800000002,4160.96753928107,0.0,0.0,0.0
14959.810480000004,4339.467153565697,0.0,0.0,0.0
15347.03408,4421.763914508186,0.0,0.0,0.0
14990.258960000001,4507.64842280004,0.0,0.0,0.0
14235.875120000002,4465.380146789566,0.0,0.0,0.0
13642.250080000003,4338.755930612765,0.0,0.0,0.0
13101.753840000001,4111.355401588744,0.0,0.0,0.0
12698.805920000003,3864.4110372454898,0.0,0.0,7562.11578266694
12287.420560000002,3706.1777056985693,0.0,0.0,7562.1157826669405
11665.948960000002,3670.4869664952685,0.0,0.0,7562.115782666939
11486.172080000002,3733.5266261928045,0.0,0.0,0.0
11732.07984,3773.3081728829115,0.0,0.0,0.0
12014.249040000004,3746.5439450027798,0.0,0.0,0.0
12216.45432,3757.854124644527,0.0,0.0,0.0
12194.104880000003,3766.339820593712,0.0,0.0,0.0
11958.883040000004,3718.7286989856034,0.0,0.0,0.0
11600.242960000001,3581.1014453605017,0.0,0.0,0.0
11007.426319999999,3381.825345359021,0.0,0.0,0.0
10064.546160000004,3175.8319129340807,0.0,0.0,0.0
9118.338400000002,2986.154771782285,0.0,0.0,0.0
8040.342640000002,2805.9939365975524,0.0,0.0,0.0
7049.248000000001,2651.6942700198615,0.0,0.0,0.0
6247.021920000002,2517.959865125657,0.0,0.0,0.0
5718.760720000001,2377.1254755736327,0.0,0.0,0.0
5216.1615200000015,2225.7553945022073,0.0,0.0,0.0
4708.053920000001,2091.399562379401,0.0,0.0,0.0
4422.81656,1970.103906116818,0.0,0.0,0.0
4087.7253600000013,1845.6327465120198,0.0,0.0,0.0
3743.820720000001,1712.3248713083829,0.0,0.0,0.0
3368.0275200000005,1581.7863778755593,0.0,0.0,0.0
3263.7364000000007,1476.9906859586144,0.0,0.0,0.0
3036.1060000000007,1347.0868850318511,0.0,0.0,397.60484191298616
2750.6092,1200.439242735417,0.0,0.0,1930.4050681116057
2415.28112,1044.4814164754957,0.0,0.0,3346.7228028803393
2068.2932800000003,890.9225646235265,0.0,0.0,4261.311182039143
1683.9836800000003,746.9871613642422,0.0,0.0,4771.4552430129415
1308.81088,617.4241760275494,0.0,0.0,5043.9474453985795
959.0368800000003,523.7172356594014,0.0,0.0,5262.493176448195
797.6952800000001,459.67349649890264,0.0,0.0,5287.851701628725
769.75472,424.31847085588106,0.0,0.0,5294.842012625956
816.6757600000001,415.5021633762082,0.0,0.0,5160.973029498214
998.3815200000003,441.5184336889095,0.0,0.0,4969.506931537784
1189.65648,479.16529111426274,0.0,0.0,5058.563523523206
1342.8539200000002,540.8580149468487,0.0,0.0,5285.482206477203
1545.0516800000003,635.2710762381372,0.0,0.0,4903.268120875718
1830.4544800000003,748.033077471495,0.0,0.0,4372.633900915142
2187.2446400000003,865.1328244335668,0.0,0.0,3681.69538914492
2547.7647200000006,982.0101228967301,0.0,0.0,2819.8390418593513
3107.7189600000006,1138.5373356813807,0.0,0.0,1605.1807446159087
3756.19864,1312.8655304084957,0.0,0.0,402.70706577288405
4198.3520800000015,1448.1723808844336,0.0,0.0,0.0
4485.962,1524.0262986062444,0.0,0.0,0.0
4581.214080000001,1536.1701499159187,0.0,0.0,0.0
4618.186160000002,1527.724249799107,0.0,0.0,0.0
4480.848400000002,1501.8692036278162,0.0,0.0,0.0
4460.378960000001,1476.0988511510643,0.0,0.0,0.0
4549.882000000001,1471.409065366738,0.0,0.0,441.62745517052457
4676.883520000001,1478.080479522074,0.0,0.0,1282.0695997682076
4841.172960000001,1492.6059583384101,0.0,0.0,1577.329095432339
4695.739920000002,1492.1814694597588,0.0,0.0,1733.1212179294037
4310.121840000001,1476.6835437651678,0.0,0.0,1902.9326514211039
4195.088400000001,1475.9661983764856,0.0,0.0,1704.1188506531385
4258.84296,1499.419208921949,0.0,0.0,1377.643865027355
4259.48592,1513.1559139325227,0.0,0.0,1287.4149738075591
4235.03088,1523.0711986292795,0.0,0.0,1211.0243974719144
4425.463600000001,1569.50783297939,0.0,0.0,927.3759176649079
4712.953200000001,1621.2046600445135,0.0,0.0,877.4323828507812
4791.101040000002,1669.4076171084337,0.0,0.0,1175.270268484007
4802.31336,1702.268770589381,0.0,0.0,1048.7156822131658
4780.11056,1708.6942669087673,0.0,0.0,933.7073062770684
4821.9518400000015,1738.2380806192966,0.0,0.0,650.3156321695693
4980.56744,1791.0981704768762,0.0,0.0,45.95645749327621
5413.313360000001,1930.227461672589,0.0,0.0,0.0
5915.890000000001,2118.9811354321273,0.0,0.0,0.0
6324.523040000002,2294.3766747916193,0.0,0.0,0.0
6651.184320000001,2458.850809179475,0.0,0.0,0.0
6792.609200000001,2580.586260410083,0.0,0.0,0.0
7109.321520000001,2714.238012421666,0.0,0.0,0.0
7633.187280000002,2796.4908959079476,0.0,0.0,0.0
8141.719760000001,2847.129561994318,0.0,0.0,0.0
8861.861280000001,2917.8641030233603,0.0,0.0,0.0
9561.037040000001,2959.5946250938123,0.0,0.0,0.0
9934.709600000002,2929.293670162228,0.0,0.0,0.0
10020.666960000002,2840.6469229412673,0.0,0.0,0.0
10563.82152,2845.133647939892,0.0,0.0,0.0
11046.173120000003,2886.659068412727,0.0,0.0,0.0
11213.876640000004,2886.7682518502647,0.0,0.0,0.0
11123.271920000003,2846.8111953353305,0.0,0.0,0.0
10872.521280000003,2775.9195117887107,0.0,0.0,0.0
10636.370720000003,2698.967637255774,0.0,0.0,0.0
10438.966960000002,2609.341300314849,0.0,0.0,0.0
9756.5984,2489.207886438765,0.0,0.0,0.0
9310.786480000002,2352.466345185464,0.0,0.0,0.0
8592.585120000002,2211.0533854550863,0.0,0.0,0.0
7711.620880000003,2080.7526466105455,0.0,0.0,0.0
6714.356080000002,1935.9417350390438,0.0,0.0,0.0
5832.895520000001,1774.1349418261725,0.0,0.0,0.0
5098.007280000001,1584.980248525024,0.0,0.0,0.0
4407.257680000001,1387.0684312897843,0.0,0.0,0.0
3792.6969600000007,1230.8646871939134,0.0,0.0,603.5491103819138
3256.5435200000006,1097.6506893384392,0.0,0.0,1200.6398451181426
2830.4039200000007,986.999908032795,0.0,0.0,1743.244160291931
2433.4381600000006,890.5307287355412,0.0,0.0,2353.829574965714
2045.3572800000002,797.3064403856669,0.0,0.0,3190.842014292215
1776.1713600000005,728.3392424763924,0.0,0.0,4750.40225191476
1683.7844000000005,684.0454606387025,0.0,0.0,5970.125701463627
1709.1644000000001,660.1740836503382,0.0,0.0,6482.04337422872
1803.2170400000005,667.2108031387438,0.0,0.0,6125.64578738872
1758.5369600000004,680.6679169167445,0.0,0.0,5612.596805828405
1740.3460800000005,753.189188778762,0.0,0.0,5088.4028592484365
1982.61416,899.6041785167043,0.0,0.0,4292.375622288559
2424.3991200000005,1052.5426235460297,0.0,0.0,3500.673510671043
3007.6240000000003,1183.6923401478718,0.0,0.0,2638.523990518616
3499.7027200000007,1299.6982119226511,0.0,0.0,2026.5599915123576
3850.8942400000005,1386.1816985120254,0.0,0.0,1872.5379272719135
4264.907840000002,1478.1263977901974,0.0,0.0,1770.2360055299105
4790.127200000002,1639.748497524617,0.0,0.0,973.4185132443739
5312.169360000002,1883.5969501904028,0.0,0.0,0.0
5897.996160000001,2142.6770025956644,0.0,0.0,0.0
6340.427840000002,2358.807147810312,0.0,0.0,0.0
6776.9788800000015,2569.3168970066677,0.0,0.0,0.0
7312.741280000003,2790.2072360167635,0.0,0.0,0.0
7872.4172800000015,2987.4986464293606,0.0,0.0,0.0
8322.726160000002,3170.7798830345596,0.0,0.0,0.0
8815.884000000002,3312.9632492634514,0.0,0.0,0.0
9053.45584,3409.8467133797726,0.0,0.0,0.0
9254.495520000002,3468.524137605596,0.0,0.0,7562.115782666939
9482.505680000002,3506.873034330256,0.0,0.0,7562.1157826669405
9674.05888,3522.968917916409,0.0,0.0,7562.11578266694
10116.693600000002,3527.5576835108636,0.0,0.0,7562.11578266694
10633.264960000002,3493.531226425543,0.0,0.0,7562.115782666939
11317.182640000003,3467.0955692639823,0.0,0.0,0.0
11886.781280000003,3410.2773246941733,0.0,0.0,0.0
12210.318000000005,3353.4560189064905,0.0,0.0,0.0
12332.352560000005,3289.8388094365587,0.0,0.0,0.0
12259.036320000003,3225.07670448142,0.0,0.0,0.0
12275.433680000002,3162.0686773685916,0.0,0.0,0.0
12016.805840000005,3082.304564014592,0.0,0.0,0.0
11436.073840000001,3006.76289051602,0.0,0.0,0.0
11107.359600000003,2968.465014089275,0.0,0.0,0.0
10790.068240000002,2926.6957165924077,0.0,0.0,0.0
10167.431040000001,2843.166305252299,0.0,0.0,0.0
9278.536960000001,2715.919641440937,0.0,0.0,0.0
8489.707760000003,2590.3505250250128,0.0,0.0,0.0
7755.87608,2468.446706811286,0.0,0.0,0.0
7146.7260000000015,2359.7408192621524,0.0,0.0,0.0
6425.103040000002,2246.7533083120115,0.0,0.0,0.0
5763.497200000001,2134.756611547375,0.0,0.0,0.0
5226.625600000002,2002.719141761816,0.0,0.0,0.0
4739.431120000001,1857.7265979297376,0.0,0.0,0.0
4261.911120000001,1714.7636415487088,0.0,0.0,0.0
3836.9408800000006,1594.0975757623942,0.0,0.0,0.0
3517.2544000000007,1491.7886131658154,0.0,0.0,0.0
3274.478720000001,1397.1949400199085,0.0,0.0,904.4693737006316
3065.050480000001,1329.761412265952,0.0,0.0,1670.0992311134014
2924.385120000001,1298.3155618491608,0.0,0.0,1940.9539495846718
2811.393360000001,1304.0900391671548,0.0,0.0,1929.6499548270756
2635.71112,1331.1226338143183,0.0,0.0,1899.365356002343
2388.5437600000005,1357.0215574418157,0.0,0.0,1913.6835167468973
2133.299920000001,1378.985795694126,0.0,0.0,2077.3870900288107
1893.7428000000002,1392.9153574308168,0.0,0.0,2275.367652575365
1731.9161600000002,1454.066245699548,0.0,0.0,2491.54892762825
1618.6912800000002,1553.1588887155801,0.0,0.0,2901.2181266970642
1626.3917600000002,1644.3770589514454,0.0,0.0,3323.6542680228968
1818.0615200000007,1735.2931890236555,0.0,0.0,3062.4412531061075
2187.74096,1794.0746946572242,0.0,0.0,2541.2429713545616
2611.0530400000007,1805.5512004701736,0.0,0.0,1921.1872857370468
3007.390880000001,1796.3471387263482,0.0,0.0,1207.5005905009987
3396.7539200000006,1786.3951194150927,0.0,0.0,399.9648111539705
3789.3468,1783.1798202405034,0.0,0.0,0.0
3968.0896800000014,1752.8319266348378,0.0,0.0,0.0
3936.686160000001,1703.022850592561,0.0,0.0,0.0
3936.32896,1683.545341660617,0.0,0.0,0.0
3925.7671200000004,1663.5341604124844,0.0,0.0,0.0
3632.588640000001,1557.7741848649503,0.0,0.0,0.0
3280.7391200000006,1419.6163201415347,0.0,0.0,323.6913935023185
3022.468480000001,1303.9277946197856,0.0,0.0,1830.52810864005
2792.115840000001,1166.6127852179225,0.0,0.0,3167.536067965409
2435.3896000000004,1005.441704917069,0.0,0.0,4154.0355280490485
2043.1012800000005,877.9062662195095,0.0,0.0,4647.04242500741
1747.6968800000002,780.6595375820344,0.0,0.0,4692.226727805632
1468.2724800000003,689.4995304857918,0.0,0.0,4688.836989082876
1376.2953600000003,679.9577143697709,0.0,0.0,4526.787949902398
1572.4432800000002,750.402460106657,0.0,0.0,4166.677269577363
1973.9060000000002,860.9705885296795,0.0,0.0,3569.0100497753365
2378.3052800000005,988.3611295811612,0.0,0.0,3053.137720376277
2463.5444800000005,1081.1670514881346,0.0,0.0,3296.041571461469
2483.0438400000007,1183.3566265875927,0.0,0.0,3668.822486972916
2738.693760000001,1324.2573425269065,0.0,0.0,3219.1354648146175
3226.9184800000003,1477.7029293175046,0.0,0.0,2422.407302582574
3827.01824,1632.9801448032435,0.0,0.0,1440.7526777942196
4487.695360000001,1824.0317727808629,0.0,0.0,172.44829897683954
5226.20824,2064.054723508999,0.0,0.0,0.0
5776.615840000001,2283.848126113927,0.0,0.0,0.0
6278.39912,2458.106933235878,0.0,0.0,0.0
6555.661520000001,2563.096502284899,0.0,0.0,0.0
7309.285840000001,2713.9951558035914,0.0,0.0,0.0
7444.292400000002,2846.175482423312,0.0,0.0,0.0
7793.273040000002,2954.3221875072995,0.0,0.0,0.0
7984.63824,2972.4670462577096,0.0,0.0,0.0
8494.35136,3011.0343098574454,0.0,0.0,0.0
8852.250720000002,3041.175061053577,0.0,0.0,0.0
9282.49624,3128.3799746554664,0.0,0.0,0.0
9733.342800000002,3232.251178774195,0.0,0.0,0.0
9903.580560000002,3293.333699843721,0.0,0.0,0.0
10021.031680000002,3364.262118004839,0.0,0.0,0.0
10224.4552,3391.536548864119,0.0,0.0,0.0
10453.258720000002,3532.2505305130644,0.0,0.0,0.0
10603.794080000003,3598.597325921436,0.0,0.0,0.0
10690.706480000004,3648.343136794299,0.0,0.0,0.0
10810.921200000004,3684.025712749933,0.0,0.0,0.0
11134.232320000001,3757.251064723174,0.0,0.0,0.0
11352.214560000002,3812.649924604993,0.0,0.0,0.0
11602.040240000002,3883.276302602457,0.0,0.0,0.0
11798.17688,3938.8323050018535,0.0,0.0,512.8894282193373
11939.737120000002,3968.6455058853726,0.0,0.0,7562.11578266694
12202.087360000003,3987.4464856669665,0.0,0.0,7562.115782666941
12523.593680000002,3920.7700991340657,0.0,0.0,7562.11578266694
12845.76928,3931.0027300838524,0.0,0.0,7562.1157826669405
13242.862880000002,4040.4790241314986,0.0,0.0,7562.11578266694
13400.692640000005,3967.062856244056,0.0,0.0,7562.1157826669405
12660.514080000003,3834.0355926789507,0.0,0.0,0.0
11634.090480000003,3846.4447495377813,0.0,0.0,0.0
10787.688160000003,3899.09055414412,0.0,0.0,0.0
10821.231120000002,3841.323332033096,0.0,0.0,0.0
10479.266640000002,3629.5676671616616,0.0,0.0,0.0
9091.962000000001,3377.4375997383504,0.0,0.0,0.0
7820.890240000001,3156.6748114730417,0.0,0.0,0.0
6973.8938400000025,2956.7517740940007,0.0,0.0,0.0
6564.993840000001,2872.18767111218,0.0,0.0,0.0
6442.662240000001,2824.2887950238323,0.0,0.0,0.0
6238.764960000001,2785.560307282686,0.0,0.0,0.0
6084.691440000002,2800.882723152451,0.0,0.0,0.0
6256.245200000001,2833.395918201619,0.0,0.0,0.0
6800.915040000001,2941.5630314047726,0.0,0.0,0.0
7407.057120000002,3135.38200034129,0.0,0.0,0.0
8085.936400000001,3357.627438464002,0.0,0.0,0.0
8875.803360000002,3553.2974238088673,0.0,0.0,0.0
9775.244240000002,3700.182820693583,0.0,0.0,0.0
11085.765920000003,3846.1733215528748,0.0,0.0,0.0
12465.904000000004,4006.996443421949,0.0,0.0,0.0
13692.01368,4156.059386621669,0.0,0.0,0.0
14177.741760000004,4261.573444333253,0.0,0.0,0.0
14038.226960000002,4363.911998702623,0.0,0.0,0.0
13982.225520000004,4420.97105907859,0.0,0.0,5851.2925574179435
13924.238800000005,4425.5843144160435,0.0,0.0,7562.115782666939
13649.243680000003,4370.9119835765305,0.0,0.0,0.0
13219.050800000003,4323.949840157897,0.0,0.0,0.0
12440.407440000003,4292.534601919854,0.0,0.0,0.0
11818.958400000003,4266.6336374804405,0.0,0.0,0.0
11706.526880000003,4188.30829652764,0.0,0.0,0.0
11870.383920000004,4150.579806625622,0.0,0.0,0.0
11896.376800000004,4146.642060032559,0.0,0.0,0.0
11888.228880000002,4114.4431500185465,0.0,0.0,0.0
11630.52976,4052.386141258848,0.0,0.0,0.0
11055.787440000002,3882.081407225293,0.0,0.0,0.0
10460.244800000002,3583.663684721782,0.0,0.0,0.0
10221.165200000003,3306.5193856368146,0.0,0.0,0.0
11307.39536,3094.982087640456,0.0,0.0,0.0
13756.768400000003,3497.8720333721317,0.0,0.0,0.0
15543.580560000006,4105.331945216926,0.0,0.0,0.0
16293.531360000004,4569.402370990123,0.0,0.0,0.0
17091.50488,4781.049872829978,0.0,0.0,3510.52904215225
17094.776080000003,4884.227200897067,0.0,0.0,7562.115782666939
16838.923120000003,4913.494484592898,0.0,0.0,7562.11578266694
16335.526800000003,4884.481281980683,0.0,0.0,7562.115782666938
15883.901920000002,4831.2518051662,0.0,0.0,0.0
15796.752640000004,4809.386546291844,0.0,0.0,0.0
15730.358560000004,4780.465180215875,0.0,0.0,0.0
15785.984000000004,4799.451873881879,0.0,0.0,0.0
16028.853680000002,4846.570139412131,0.0,0.0,0.0
16371.021200000001,4868.114990815581,0.0,0.0,7562.11578266694
16601.32872,4883.7772018694595,0.0,0.0,7562.11578266694
16645.632800000003,4890.537391343166,0.0,0.0,7562.11578266694
16532.400400000002,4863.4496947742555,0.0,0.0,7562.11578266694
16322.38184,4811.005930547659,0.0,0.0,0.0
15939.48976,4745.898928378617,0.0,0.0,0.0
15439.443600000002,4651.041990495471,0.0,0.0,0.0
14819.517360000002,4531.385106201909,0.0,0.0,0.0
13988.564880000004,4366.019137006503,0.0,0.0,0.0
12833.207120000003,4171.205272260649,0.0,0.0,0.0
11632.172880000004,3932.9170116616147,0.0,0.0,0.0
10041.11008,3657.7655654131995,0.0,0.0,0.0
8900.0704,3402.527341440919,0.0,0.0,0.0
8086.812480000002,3211.3553055602206,0.0,0.0,0.0
7706.161360000001,3125.8534495027266,0.0,0.0,0.0
7457.3884800000005,3084.6300691935476,0.0,0.0,0.0
7400.604960000002,3098.387182323287,0.0,0.0,0.0
8097.013360000002,3264.5511089780807,0.0,0.0,0.0
8814.440160000002,3460.1680332131136,0.0,0.0,0.0
9568.575840000001,3681.4083714669046,0.0,0.0,0.0
10204.809200000002,3845.2967928346984,0.0,0.0,0.0
10805.46544,3970.631215880215,0.0,0.0,0.0
11750.206800000002,4117.851305919253,0.0,0.0,7562.115782666939
11988.049360000003,4151.0338872770635,0.0,0.0,7562.11578266694
11693.385680000003,4094.3840096903737,0.0,0.0,7562.11578266694
11635.978000000003,4050.6902265561616,0.0,0.0,7562.1157826669405
11598.201280000001,3980.8750712955434,0.0,0.0,0.0
11253.484480000001,3847.1814826396712,0.0,0.0,0.0
10610.68992,3676.611443056958,0.0,0.0,0.0
9984.93192,3479.9588067742548,0.0,0.0,0.0
9411.328880000003,3300.3989906989586,0.0,0.0,0.0
8812.105200000002,3098.4086108484116,0.0,0.0,0.0
8146.081360000001,2869.725431534813,0.0,0.0,0.0
7427.206960000002,2593.6392934285986,0.0,0.0,0.0
6670.010640000001,2289.188930899645,0.0,0.0,0.0
5874.0336800000005,2005.7650535473283,0.0,0.0,0.0
5081.286560000001,1776.5512631354163,0.0,0.0,0.0
4312.821520000001,1564.8823327704367,0.0,0.0,737.2281370298095
3771.2273600000003,1396.6918798824688,0.0,0.0,1333.4131655126437
3552.3803200000007,1307.9114594809712,0.0,0.0,1478.395658145598
3496.7436000000007,1345.5103578262845,0.0,0.0,1188.7658737442541
3389.670080000001,1381.8378303475615,0.0,0.0,855.8995812586664
3021.964640000001,1312.8236937642057,0.0,0.0,924.2655969715659
2781.6104000000005,1298.8063771151005,0.0,0.0,768.6111741881829
2773.9099200000005,1490.3773917254928,0.0,0.0,244.76632697002148
3037.2640800000004,1670.436186314395,0.0,0.0,0.0
3411.4743200000007,1821.7062676019073,0.0,0.0,0.0
4031.5848000000005,1921.379521608209,0.0,0.0,0.0
4622.645520000001,1986.7018294344523,0.0,0.0,0.0
5148.906400000001,2112.4974759731176,0.0,0.0,0.0
5922.436160000001,2269.6052997480388,0.0,0.0,0.0
6830.870960000003,2459.9395823369764,0.0,0.0,0.0
7897.650640000002,2617.495364327589,0.0,0.0,0.0
8580.838880000003,2790.539888359168,0.0,0.0,0.0
8709.648960000002,3005.843504747596,0.0,0.0,0.0
8718.714320000001,3080.9361996245184,0.0,0.0,0.0
8650.526720000002,3115.6381654542306,0.0,0.0,0.0
8562.392320000003,3068.2086761066994,0.0,0.0,0.0
9015.88592,3136.000366352017,0.0,0.0,0.0
9267.700640000003,3292.8908436578204,0.0,0.0,0.0
9355.812480000002,3361.7927355857637,0.0,0.0,0.0
9489.198480000001,3374.9651561013998,0.0,0.0,0.0
9650.055040000001,3352.661122664978,0.0,0.0,0.0
9745.058960000002,3312.0163125341523,0.0,0.0,0.0
9801.477760000002,3157.402360921306,0.0,0.0,0.0
9690.719440000003,2994.246591031568,0.0,0.0,0.0
9680.99984,2913.6151326130175,0.0,0.0,0.0
9414.25792,2777.7256303348936,0.0,0.0,0.0
8682.858960000001,2630.1310513091616,0.0,0.0,0.0
7804.936560000002,2409.366222231936,0.0,0.0,0.0
6614.5318400000015,2161.237166571101,0.0,0.0,0.0
5820.370960000001,1948.7151768249867,0.0,0.0,0.0
4755.918720000001,1661.527021892517,0.0,0.0,0.0
3966.111920000001,1416.5693879500643,0.0,0.0,208.19447613831016
3458.466800000001,1255.1421857536793,0.0,0.0,1843.538314626394
3083.1248000000005,1198.166798666293,0.0,0.0,2716.0768512947257
2892.9026400000007,1143.9097730518065,0.0,0.0,2928.139874625505
2828.663040000001,1121.3536993436849,0.0,0.0,2877.144168776354
2935.518480000001,1158.834230597836,0.0,0.0,2569.712742466917
3013.5723200000007,1193.3525233550552,0.0,0.0,2312.3363030229134
3298.068960000001,1285.9421191988695,0.0,0.0,1917.9900371512128
3738.0679200000004,1396.0000446427443,0.0,0.0,1319.3019361283607
4553.085520000001,1579.4506686370212,0.0,0.0,271.0480632146975
5303.998880000002,1793.349186020876,0.0,0.0,0.0
5703.59288,1952.5478216043446,0.0,0.0,0.0
6105.284960000001,2098.5699550483428,0.0,0.0,0.0
6650.274400000001,2294.743000530648,0.0,0.0,0.0
7132.490640000001,2603.429068192486,0.0,0.0,0.0
7728.3792,2855.331585087097,0.0,0.0,0.0
8152.76664,3144.4666745879945,0.0,0.0,0.0
8875.299520000002,3358.097845610777,0.0,0.0,0.0
9693.956800000002,3520.4740253483765,0.0,0.0,0.0
10598.033760000002,3700.8705743094747,0.0,0.0,0.0
11366.02128,3833.8294706753745,0.0,0.0,0.0
12003.469120000002,3918.50479790665,0.0,0.0,0.0
12817.930240000002,4016.1494848678594,0.0,0.0,0.0
13865.981360000003,4191.963390670252,0.0,0.0,4207.1650456610705
14620.718640000003,4415.010867876185,0.0,0.0,7562.11578266694
15180.66536,4622.876745234597,0.0,0.0,7562.11578266694
15975.796320000003,4715.660218210488,0.0,0.0,7562.11578266694
16363.523760000002,4718.234702443267,0.0,0.0,0.0
16239.383600000001,4731.054062497334,0.0,0.0,0.0
16112.212880000006,4762.205015592179,0.0,0.0,0.0
15741.08208,4722.7653048981,0.0,0.0,0.0
15552.886560000004,4658.763402381892,0.0,0.0,0.0
15313.754320000004,4633.649170936324,0.0,0.0,0.0
14995.056720000004,4571.32073419172,0.0,0.0,0.0
14354.503120000001,4465.115861646368,0.0,0.0,0.0
13686.061600000003,4378.096661928888,0.0,0.0,0.0
13209.169520000005,4324.4916757217525,0.0,0.0,0.0
12799.502480000003,4274.9070889903005,0.0,0.0,0.0
12893.100160000004,4279.269324462013,0.0,0.0,0.0
13156.725040000001,4329.062074008958,0.0,0.0,0.0
13709.625520000005,4412.932300939138,0.0,0.0,0.0
14284.112160000004,4479.741340246617,0.0,0.0,0.0
14750.931200000003,4523.236144218961,0.0,0.0,0.0
15217.280240000002,4582.577852723634,0.0,0.0,0.0
15520.885200000002,4630.8971360668,0.0,0.0,5939.772935629057
15700.083040000003,4665.680734373176,0.0,0.0,7562.115782666939
15888.353760000004,4693.861285723422,0.0,0.0,7562.1157826669405
16053.094400000005,4719.08878223036,0.0,0.0,7562.115782666941
16339.681600000005,4761.930526389397,0.0,0.0,7562.11578266694
16623.6368,4807.331448691837,0.0,0.0,7562.115782666941
16834.020080000006,4837.761995180125,0.0,0.0,7562.1157826669405
16962.525600000004,4854.691550434205,0.0,0.0,0.0
17121.584880000006,4876.408850444607,0.0,0.0,0.0
17175.522080000002,4900.497573902088,0.0,0.0,0.0
17085.27456,4903.86083194063,0.0,0.0,0.0
17052.446,4897.681253457193,0.0,0.0,0.0
17121.374320000003,4897.640437218862,0.0,0.0,0.0
17157.47408,4901.19144995373,0.0,0.0,0.0
17185.1176,4903.655730343014,0.0,0.0,3195.761549903703
17235.847520000003,4905.251645261787,0.0,0.0,7562.115782666938
17255.61384,4905.473073354738,0.0,0.0,7562.115782666939
17276.083280000003,4906.337357201413,0.0,0.0,7562.115782666939
17305.952720000005,4912.192446590114,0.0,0.0,7562.11578266694
17341.826880000004,4915.167950364502,0.0,0.0,7562.11578266694
17376.960320000006,4917.445496463418,0.0,0.0,7562.115782666939
17380.949680000005,4917.589373703538,0.0,0.0,7562.115782666939
17343.443680000004,4915.542439351198,0.0,0.0,7562.115782666939
17263.882080000007,4912.061834627452,0.0,0.0,7562.11578266694
17178.248080000005,4901.448592255219,0.0,0.0,0.0
17094.437680000003,4891.2445326722645,0.0,0.0,0.0
17031.634400000003,4883.9333239810785,0.0,0.0,0.0
17025.422880000002,4884.796587421797,0.0,0.0,0.0
17089.166160000004,4894.571056096309,0.0,0.0,0.0
17165.482880000003,4907.306742861794,0.0,0.0,7562.11578266694
17196.653280000006,4911.908773733707,0.0,0.0,7562.11578266694
17213.490560000006,4907.1944982063815,0.0,0.0,0.0
17197.363920000003,4896.207787253415,0.0,0.0,0.0
17210.738240000002,4857.398687441563,0.0,0.0,0.0
17193.137680000003,4783.342725018269,0.0,0.0,0.0
17084.857200000006,4758.234616008451,0.0,0.0,0.0
16760.448160000004,4734.6877281148245,0.0,0.0,0.0
16206.795680000001,4697.920460625522,0.0,0.0,7562.1157826669405
15657.794320000003,4658.778708471265,0.0,0.0,7562.115782666941
15104.017760000002,4612.164523484412,0.0,0.0,7562.1157826669405
14428.048720000003,4539.644272028353,0.0,0.0,7562.1157826669405
14065.750160000001,4493.613759249643,0.0,0.0,7562.11578266694
13545.753440000002,4396.0445823293485,0.0,0.0,0.0
12925.552720000003,4316.498835850423,0.0,0.0,0.0
12438.429680000001,4228.3939241933185,0.0,0.0,0.0
11733.843280000003,4107.181941219315,0.0,0.0,0.0
11204.063040000003,3950.2088110308896,0.0,0.0,0.0
10739.048800000002,3780.922442143712,0.0,0.0,0.0
10280.400240000003,3585.7861291150357,0.0,0.0,0.0
9565.191840000001,3365.57844169104,0.0,0.0,0.0
8750.832240000002,3072.7280540959896,0.0,0.0,0.0
7754.199120000001,2715.5818870687413,0.0,0.0,0.0
6623.559600000001,2314.6052025088684,0.0,0.0,0.0
5674.7461600000015,1927.9039973055505,0.0,0.0,0.0
4909.849360000001,1623.478124519596,0.0,0.0,844.9209993351221
4161.620640000001,1377.5409008571792,0.0,0.0,1774.7981082535982
3566.423920000001,1197.5667999628156,0.0,0.0,2249.995207781245
2824.2337600000005,1039.9834670113291,0.0,0.0,2815.653537242323
2239.9523200000003,912.0123149695773,0.0,0.0,3208.0045494887445
1769.7004000000002,823.3502616592422,0.0,0.0,3571.8245150499242
1515.0656800000002,764.69630677046,0.0,0.0,3778.5406984853325
1463.4634400000002,765.7728350564619,0.0,0.0,3892.2502132007653
1440.7116800000001,781.6360660841232,0.0,0.0,4316.3153445133485
1499.7248800000002,846.440007683552,0.0,0.0,4586.895633372081
1692.3196,945.7632624461585,0.0,0.0,4259.335592592448
1845.4305600000002,1067.9334066150004,0.0,0.0,3848.9632131696712
2035.3594400000002,1175.465827312094,0.0,0.0,3351.092693236487
2352.2560000000003,1272.3625567058734,0.0,0.0,2567.3864601195583
2734.7984000000006,1379.5439577533134,0.0,0.0,1598.593906632386
3084.7115200000007,1483.3325089894206,0.0,0.0,731.1955789375324
3541.089040000001,1563.8609064061827,0.0,0.0,0.0
3754.0780000000004,1670.9902667497495,0.0,0.0,0.0
4140.1096800000005,1785.0206325892684,0.0,0.0,0.0
4539.590880000001,1908.6591409320977,0.0,0.0,0.0
4711.930480000001,2004.616076438287,0.0,0.0,0.0
4858.190720000001,2050.345569459299,0.0,0.0,0.0
4977.375200000002,2113.054617626347,0.0,0.0,0.0
5231.246640000001,2315.924587412945,0.0,0.0,0.0
5400.363920000001,2433.4518844715426,0.0,0.0,0.0
5509.7912000000015,2433.3233133207973,0.0,0.0,0.0
5690.211040000001,2478.728317247071,0.0,0.0,0.0
5772.295600000001,2569.889344749272,0.0,0.0,0.0
5932.516720000002,2527.5180077370105,0.0,0.0,0.0
6178.322960000001,2574.040356187618,0.0,0.0,0.0
6023.140240000002,2557.280188322615,0.0,0.0,0.0
6175.792480000001,2595.3658203100354,0.0,0.0,0.0
6700.718560000002,2716.379844528128,0.0,0.0,0.0
7125.241360000002,2780.6286852862445,0.0,0.0,0.0
7299.784320000001,2821.8326778822156,0.0,0.0,0.0
7394.100160000003,2854.827504543699,0.0,0.0,0.0
7386.279360000001,2786.5113256358177,0.0,0.0,0.0
7306.920800000002,2757.9226119022533,0.0,0.0,0.0
7267.809280000001,2767.3756526999023,0.0,0.0,0.0
7277.589040000001,2745.441006220383,0.0,0.0,0.0
7014.637200000001,2768.6572825835224,0.0,0.0,0.0
6655.2564,2775.189921528529,0.0,0.0,0.0
6554.168800000001,2762.406275683004,0.0,0.0,0.0
6541.01256,2732.538993283695,0.0,0.0,0.0
6781.825520000002,2804.18169561562,0.0,0.0,0.0
6917.241920000001,2914.4396206273213,0.0,0.0,0.0
7217.1132000000025,3027.7628451377414,0.0,0.0,0.0
7733.421360000003,3088.9035293468896,0.0,0.0,0.0
8261.163680000001,3064.294398850677,0.0,0.0,0.0
8737.172160000002,3049.9005524029617,0.0,0.0,0.0
8650.33872,3038.1811899719382,0.0,0.0,0.0
8571.679520000002,3045.7923980148644,0.0,0.0,0.0
8157.368880000002,3079.45048854924,0.0,0.0,0.0
7474.722080000001,3070.188263665793,0.0,0.0,0.0
6857.457920000002,3050.092388723121,0.0,0.0,0.0
6962.158880000001,3099.170854099258,0.0,0.0,0.0
7396.066640000001,3169.2778454639483,0.0,0.0,0.0
7710.000320000001,3262.073563311339,0.0,0.0,0.0
8767.199520000002,3374.7620953156998,0.0,0.0,0.0
9705.342080000004,3490.568987928611,0.0,0.0,0.0
10504.157840000002,3633.1819450659445,0.0,0.0,0.0
11017.728720000003,3781.8081545155133,0.0,0.0,0.0
11522.241760000003,3888.8201681738756,0.0,0.0,0.0
12019.125760000004,4001.2587007184543,0.0,0.0,0.0
12466.528160000002,4074.2636450047034,0.0,0.0,0.0
12877.022400000005,4115.662535138708,0.0,0.0,0.0
13393.20648,4187.559318554249,0.0,0.0,0.0
13953.517920000002,4285.513188520823,0.0,0.0,0.0
14128.801600000003,4334.220226128141,0.0,0.0,6403.971343558497
14297.433840000002,4374.649730601766,0.0,0.0,7562.115782666939
14473.853040000002,4405.195582963341,0.0,0.0,7562.1157826669405
14605.701200000003,4430.251651269287,0.0,0.0,7562.11578266694
14709.033520000005,4449.477119929531,0.0,0.0,7562.115782666941
14863.753760000003,4464.2219860269015,0.0,0.0,0.0
14875.360880000004,4460.148525441386,0.0,0.0,0.0
14829.737040000002,4448.239367502119,0.0,0.0,0.0
14664.928720000004,4424.123093083765,0.0,0.0,0.0
14386.692480000002,4384.2813424421165,0.0,0.0,0.0
13996.175120000002,4335.449815307888,0.0,0.0,0.0
13502.994720000002,4279.071365706104,0.0,0.0,7562.1157826669405
12872.002800000002,4183.880755074594,0.0,0.0,7562.1157826669405
12095.235680000003,4053.189200748028,0.0,0.0,7562.11578266694
11432.264960000004,3904.211971648804,0.0,0.0,0.0
10777.239120000002,3742.650075865925,0.0,0.0,0.0
10285.107760000003,3595.1136599798156,0.0,0.0,0.0
9725.965680000001,3475.0139195003544,0.0,0.0,0.0
9485.461040000002,3393.095729168394,0.0,0.0,0.0
9061.618800000002,3326.4009753282444,0.0,0.0,0.0
8740.31552,3320.6224163864163,0.0,0.0,0.0
8592.75056,3342.100941402578,0.0,0.0,0.0
8391.301040000002,3322.590779479969,0.0,0.0,0.0
8293.526000000002,3278.421487169191,0.0,0.0,0.0
8213.712480000002,3231.3654664023948,0.0,0.0,0.0
8256.918640000002,3177.02986952912,0.0,0.0,0.0
8349.489840000002,3122.8687620747123,0.0,0.0,0.0
8452.070160000003,3061.7290982715226,0.0,0.0,0.0
8572.58568,2983.213961810477,0.0,0.0,0.0
8264.070160000003,2955.0619818270634,0.0,0.0,0.0
7931.780160000002,3031.063858412828,0.0,0.0,0.0
8322.974320000003,3167.9849911147876,0.0,0.0,0.0
8923.9276,3303.228576421312,0.0,0.0,0.0
9403.24112,3414.915069774626,0.0,0.0,0.0
9695.75408,3491.5138838459925,0.0,0.0,0.0
9889.221120000002,3510.3750675791257,0.0,0.0,0.0
9838.604000000003,3462.9843536580092,0.0,0.0,0.0
9188.026240000001,3317.7867082283133,0.0,0.0,0.0
8227.620720000003,3103.197376010693,0.0,0.0,0.0
7398.288800000001,2902.631482877925,0.0,0.0,0.0
6855.9050400000015,2739.2695909846125,0.0,0.0,0.0
6492.959760000001,2713.8522989694306,0.0,0.0,0.0
6551.337520000001,2769.881769733476,0.0,0.0,0.0
6993.0999200000015,2825.4734863414137,0.0,0.0,0.0
7191.590320000002,2815.3306511159567,0.0,0.0,0.0
7473.597840000002,2803.7827168859267,0.0,0.0,0.0
7352.928160000001,2746.143045519691,0.0,0.0,0.0
7299.051120000002,2712.2727105459885,0.0,0.0,0.0
7268.166480000001,2699.977839154487,0.0,0.0,0.0
7231.987760000002,2722.3022807100747,0.0,0.0,0.0
7228.637600000002,2741.881830237848,0.0,0.0,0.0
7233.033040000002,2742.0552992507583,0.0,0.0,0.0
7103.542400000002,2693.300302563401,0.0,0.0,0.0
6729.268240000002,2545.7455193700425,0.0,0.0,0.0
6251.567760000001,2386.3458638127904,0.0,0.0,0.0
6017.473920000001,2250.3165659183787,0.0,0.0,0.0
5685.635120000002,2113.10053589447,0.0,0.0,0.0
5332.55608,1975.7314449768176,0.0,0.0,0.0
5096.62736,1874.4653372696166,0.0,0.0,0.0
4756.90008,1714.0585410315264,0.0,0.0,209.21503918363138
4417.804480000002,1584.2526990767594,0.0,0.0,1012.415963032896
4023.455680000001,1463.2703074433737,0.0,0.0,1819.1508649764812
3554.324240000001,1304.4584057180991,0.0,0.0,2363.3268579708138
3086.3584000000005,1114.5577956614372,0.0,0.0,2887.6120139583577
2728.0078400000007,961.2234331202931,0.0,0.0,3180.864614386956
2427.647760000001,864.1256837527293,0.0,0.0,3185.3181049575974
2089.980960000001,786.5340146839415,0.0,0.0,3087.4569548759346
1738.9774400000003,748.7871574746753,0.0,0.0,3078.264766413516
1579.0007200000005,787.0401360392559,0.0,0.0,2805.7547276772416
1693.3836800000004,919.8061756790382,0.0,0.0,2524.298804614375
1891.44544,1019.5773886573363,0.0,0.0,2123.4561114842336
1889.1631200000004,986.9723570719209,0.0,0.0,2121.163440709595
2278.42464,1053.1120100707587,0.0,0.0,1735.3283950493842
3153.1397600000005,1390.9031168810586,0.0,0.0,821.9188516840181
3716.124560000001,1649.9137816811567,0.0,0.0,1084.4062034814106
4063.845600000001,1715.5707826617206,0.0,0.0,1623.339821371239
4222.825920000001,1692.2045066227124,0.0,0.0,1983.617031170564
4406.821520000001,1670.737206072092,0.0,0.0,1788.755246205445
4475.539280000001,1704.5157045095475,0.0,0.0,1413.0811862572004
4438.657440000001,1752.731926850925,0.0,0.0,1044.9426696447026
4466.838640000001,1832.0899186335223,0.0,0.0,659.551691320676
4355.892320000001,1824.3093232015194,0.0,0.0,681.5154600763677
4132.634800000001,1714.4187443348048,0.0,0.0,928.0765673170595
4068.3200000000006,1594.9690024507784,0.0,0.0,1161.7573422241992
3671.0835200000006,1389.342916170825,0.0,0.0,2117.879363263569
2945.538880000001,1130.836331914125,0.0,0.0,3445.977128043691
2230.80048,892.1623578628554,0.0,0.0,4386.617720108729
1594.6724000000002,697.9046143642715,0.0,0.0,5133.675806309083
1179.8579200000004,562.4436825886312,0.0,0.0,5505.161377436071
978.9047200000002,489.27649375501244,0.0,0.0,5426.982220606977
915.3494400000003,456.6102378120995,0.0,0.0,5040.097082703994
844.7817600000002,432.44396350178795,0.0,0.0,4733.430358038031
746.3449600000002,399.33383096701635,0.0,0.0,4482.86977675072
634.64664,356.367597281069,0.0,0.0,4536.866929126897
527.1708000000001,323.2125668841325,0.0,0.0,4552.445853991079
475.8280000000001,303.6870988721487,0.0,0.0,4565.035973653955
487.3336000000001,292.24936848561475,0.0,0.0,4627.0684093442305
563.10888,296.4901756482907,0.0,0.0,4796.019974253945
739.0280000000001,341.25334422679646,0.0,0.0,5623.984414800486
1012.3085600000002,439.3745607705307,0.0,0.0,6205.818948835558
1323.1590400000002,573.1885573294825,0.0,0.0,6250.634602266321
1635.5398400000006,733.8096388188144,0.0,0.0,5706.191989970694
1864.8434400000003,925.4163676377466,0.0,0.0,5026.006203943237
2026.6400000000006,1116.9669741289729,0.0,0.0,4337.904830003092
2150.9117600000004,1232.797336078925,0.0,0.0,3764.2113709658925
2233.7934400000004,1298.212500847373,0.0,0.0,3422.7018292103767
2360.7724000000003,1333.093037719787,0.0,0.0,3162.9339540984497
2734.1479200000003,1354.0705434104252,0.0,0.0,2797.4031481446973
3065.7536000000005,1326.8481532550186,0.0,0.0,2687.794099685529
3334.9921600000007,1312.368592706806,0.0,0.0,2698.4545427803746
3509.5727200000006,1319.838984727487,0.0,0.0,2452.2175712784488
3596.722,1310.8971673149438,0.0,0.0,2220.311248201065
3497.608400000001,1306.394115820986,0.0,0.0,2101.970666384632
3202.6476800000005,1279.4982555722338,0.0,0.0,2070.476782615192
2899.9451200000008,1222.0861347346972,0.0,0.0,1975.973645125044
2610.8424800000007,1151.6668991467684,0.0,0.0,1948.5962930276175
2322.9731200000006,1090.2813175076296,0.0,0.0,1870.8130271008476
2079.9831200000003,1055.6426168473313,0.0,0.0,1887.483478576635
1888.0276000000003,1052.7844597581457,0.0,0.0,1914.4987219199757
1825.3296000000003,1063.4844366368322,0.0,0.0,1865.753318369881
1935.9751200000007,1072.6384984887009,0.0,0.0,1679.2854268972271
2190.19624,1094.820083210128,0.0,0.0,1356.3834638456838
2429.9000000000005,1145.8414015308597,0.0,0.0,1704.0873896725254
2667.53576,1209.6392228554093,0.0,0.0,2162.8871124127986
2905.0775200000003,1270.0309290911682,0.0,0.0,2450.2633781924624
3058.0531200000005,1291.2043527257995,0.0,0.0,2344.5593109795427
2965.81656,1267.0595069406122,0.0,0.0,2363.2293984074777
2704.95904,1196.6474141943913,0.0,0.0,2506.0214404570397
2406.9602400000003,1100.010888319977,0.0,0.0,2686.340785832035
2217.1592000000005,1019.9182042474071,0.0,0.0,2863.7860756302716
2282.7148000000007,1004.8019103812178,0.0,0.0,2800.525266867996
2719.2959200000005,1097.380281759491,0.0,0.0,2360.4479256740506
3203.283120000001,1242.233029975283,0.0,0.0,2026.6313919280626
3493.4310400000004,1356.5225789282092,0.0,0.0,1977.0271875899016
3671.17,1427.1969160057117,0.0,0.0,1720.615149266537
3725.847920000001,1473.367224400707,0.0,0.0,1535.3572686120667
3739.6170400000015,1530.2130199313895,0.0,0.0,1320.4523347309844
3674.97136,1572.4466021392811,0.0,0.0,1065.1354377859564
3578.012240000001,1593.7465561127408,0.0,0.0,755.9147580748702
3631.408000000001,1600.301643988831,0.0,0.0,373.5164437791617
3685.1948000000007,1628.5801543110733,0.0,0.0,0.0
3802.642160000001,1680.5177971823546,0.0,0.0,0.0
3986.6678400000005,1762.1319065387431,0.0,0.0,0.0
4201.017920000001,1842.249080354312,0.0,0.0,0.0
4242.141040000001,1891.4244842964872,0.0,0.0,0.0
4397.14328,1962.3529024576053,0.0,0.0,0.0
4793.199120000001,2073.2169486085336,0.0,0.0,0.0
4976.942800000001,2183.695281307226,0.0,0.0,0.0
5159.419360000001,2291.496068771351,0.0,0.0,0.0
5324.990960000001,2385.0632135232127,0.0,0.0,0.0
5457.876880000002,2431.227399482458,0.0,0.0,0.0
5562.397360000001,2432.1080098244674,0.0,0.0,0.0
5408.286240000001,2363.824483907251,0.0,0.0,0.0
5199.331760000002,2260.0277694234774,0.0,0.0,0.0
5145.763040000002,2193.3268931475773,0.0,0.0,0.0
5206.626160000001,2237.2767981773213,0.0,0.0,0.0
5850.311840000001,2342.126571610056,0.0,0.0,0.0
6343.21776,2443.524311685877,0.0,0.0,0.0
6489.120800000001,2494.455834282279,0.0,0.0,0.0
6502.066480000001,2478.021175917972,0.0,0.0,0.0
6278.1020800000015,2327.502113415765,0.0,0.0,0.0
5811.098800000001,2149.9596399200195,0.0,0.0,0.0
5453.613040000001,2016.9140090476644,0.0,0.0,0.0
5342.802080000002,1983.990610803261,0.0,0.0,0.0
5310.499920000002,2017.5119669392259,0.0,0.0,0.0
5500.056560000002,2066.7649217342314,0.0,0.0,0.0
5503.673680000002,2031.9935682993546,0.0,0.0,0.0
5215.371920000001,1981.4946978292705,0.0,0.0,0.0
5262.018480000001,1952.3916994927251,0.0,0.0,0.0
5568.488560000001,1907.5285311303064,0.0,0.0,0.0
5597.756400000002,1890.1091810162445,0.0,0.0,0.0
5683.661120000002,1976.838585441568,0.0,0.0,0.0
5869.371280000001,2109.4189111969404,0.0,0.0,0.0
5982.896960000001,2222.055402497428,0.0,0.0,0.0
5753.033120000002,2248.187999089375,0.0,0.0,0.0
5787.151360000002,2294.444021584867,0.0,0.0,0.0
6063.195520000001,2431.744745303314,0.0,0.0,0.0
6196.9086400000015,2548.5363296659807,0.0,0.0,0.0
6332.362640000001,2566.931187876173,0.0,0.0,0.0
6281.862080000002,2586.8872672025577,0.0,0.0,0.0
6507.657600000001,2628.8412581778757,0.0,0.0,0.0
6919.708480000001,2752.7420108519873,0.0,0.0,0.0
7389.836320000001,2872.4050175812977,0.0,0.0,0.0
7729.371840000003,2991.5129234692945,0.0,0.0,0.0
7902.256640000001,3085.3617002656456,0.0,0.0,0.0
8129.014720000002,3139.655460494632,0.0,0.0,0.0
8328.554160000003,3121.781009323169,0.0,0.0,0.0
8295.161600000001,3083.496398173881,0.0,0.0,0.0
8235.753600000002,3003.630244224053,0.0,0.0,0.0
7860.501840000001,2924.3987827802853,0.0,0.0,0.0
7855.820640000001,2895.9376197915076,0.0,0.0,0.0
7887.03992,2882.0988741851047,0.0,0.0,0.0
7800.236560000001,2858.9621894867128,0.0,0.0,0.0
7649.971920000001,2817.1592185932213,0.0,0.0,0.0
7868.563280000002,2825.5755269372426,0.0,0.0,0.0
7797.089440000002,2901.8192397351227,0.0,0.0,0.0
7959.30712,2970.0262352054665,0.0,0.0,0.0
8036.8684,3010.531249720006,0.0,0.0,0.0
8234.238320000002,3051.478100014486,0.0,0.0,0.0
8506.99248,3071.545403590325,0.0,0.0,0.0
8631.207840000001,3168.6737651366384,0.0,0.0,0.0
8803.378240000002,3217.332843663916,0.0,0.0,0.0
9066.472960000001,3223.0144640397048,0.0,0.0,0.0
9048.485120000003,3198.6328840721935,0.0,0.0,0.0
8721.549360000003,3138.234034994726,0.0,0.0,0.0
8575.958400000001,3153.054411133009,0.0,0.0,0.0
8695.823440000002,3237.733819988117,0.0,0.0,0.0
8981.560880000003,3253.943989041599,0.0,0.0,0.0
9176.780080000002,3382.34677280371,0.0,0.0,0.0
9190.590560000002,3414.129357186739,0.0,0.0,0.0
9579.096320000002,3533.368895443356,0.0,0.0,7562.11578266694
10191.818400000004,3629.11970894597,0.0,0.0,7562.1157826669405
10449.250560000004,3614.7840256378777,0.0,0.0,7562.11578266694
10890.911440000003,3659.533928938925,0.0,0.0,7562.11578266694
10699.113840000002,3677.5828695292553,0.0,0.0,7562.11578266694
10476.149600000002,3632.5441913420095,0.0,0.0,7562.11578266694
10193.68712,3477.7241177255873,0.0,0.0,7562.11578266694
9683.992800000002,3346.8764412874007,0.0,0.0,0.0
9266.610240000002,3270.20313758108,0.0,0.0,0.0
9059.272560000001,3185.696177332923,0.0,0.0,0.0
8945.60776,3167.0370339795313,0.0,0.0,0.0
8647.451040000004,3104.3412510899416,0.0,0.0,0.0
8418.166240000002,2969.352767272992,0.0,0.0,0.0
8330.17848,3017.255724985173,0.0,0.0,0.0
8259.054320000001,3072.088259560138,0.0,0.0,0.0
7912.23944,2993.032307941196,0.0,0.0,0.0
7616.647040000002,3046.676069574748,0.0,0.0,0.0
8338.976880000002,3155.8186908740313,0.0,0.0,0.0
8737.582000000002,3174.440079206966,0.0,0.0,0.0
8797.272000000003,3237.2052497017207,0.0,0.0,0.0
8989.994560000003,3328.6346439709523,0.0,0.0,0.0
9259.470000000001,3395.346744712394,0.0,0.0,0.0
9572.147840000003,3441.258890399941,0.0,0.0,0.0
9708.925360000003,3459.2404841970233,0.0,0.0,0.0
9701.608400000003,3484.299613720844,0.0,0.0,0.0
9841.773680000002,3528.066866084053,0.0,0.0,7562.11578266694
9800.876160000002,3525.5454429611045,0.0,0.0,7562.1157826669405
9797.274080000003,3531.805633515248,0.0,0.0,7562.11578266694
9816.649360000003,3536.6607250648176,0.0,0.0,7562.115782666942
9871.917600000002,3515.6679132848044,0.0,0.0,7562.11578266694
9817.435200000002,3512.0413905090227,0.0,0.0,7562.11578266694
9934.145600000002,3527.899519506893,0.0,0.0,7562.115782666938
9997.870080000002,3560.4810817552666,0.0,0.0,7562.11578266694
10159.63656,3591.9687688163485,0.0,0.0,7562.11578266694
10405.002880000002,3627.4135901837003,0.0,0.0,7562.115782666939
10384.871840000003,3604.691190304377,0.0,0.0,0.0
9918.81232,3520.5954536574136,0.0,0.0,0.0
9363.321200000004,3417.5354722755287,0.0,0.0,0.0
8998.642560000002,3318.385686525833,0.0,0.0,0.0
9050.665920000003,3338.8989075054465,0.0,0.0,0.0
9771.676000000001,3424.1640293806163,0.0,0.0,0.0
9768.295760000003,3422.8150527037496,0.0,0.0,0.0
9603.002400000003,3439.0486910942727,0.0,0.0,0.0
9268.44512,3412.3048713333064,0.0,0.0,0.0
9422.206560000002,3451.539480429767,0.0,0.0,0.0
10035.379840000001,3550.1606958930665,0.0,0.0,0.0
10335.002960000003,3617.250346839077,0.0,0.0,0.0
10744.688800000002,3692.012430185511,0.0,0.0,0.0
10934.493600000003,3754.325560840741,0.0,0.0,7562.11578266694
10845.870400000002,3756.0959651783837,0.0,0.0,7562.11578266694
10685.649280000001,3722.7113434408316,0.0,0.0,0.0
10459.583040000001,3659.7533162199584,0.0,0.0,0.0
10210.535680000003,3571.8504449425945,0.0,0.0,0.0
10248.169520000003,3534.443382917442,0.0,0.0,0.0
10372.354800000003,3534.0086899792077,0.0,0.0,0.0
10643.789200000003,3597.106512816366,0.0,0.0,0.0
10848.137680000002,3620.63707421466,0.0,0.0,0.0
11014.709440000002,3612.376887982258,0.0,0.0,0.0
10920.149200000002,3647.9594641539798,0.0,0.0,0.0
10866.550400000002,3675.5308331471238,0.0,0.0,0.0
10944.401200000002,3672.5869619574405,0.0,0.0,0.0
11124.98272,3738.9215124943134,0.0,0.0,0.0
11428.365840000002,3793.919352834522,0.0,0.0,0.0
11516.601760000003,3836.146812606664,0.0,0.0,0.0
11539.007600000003,3854.523303509607,0.0,0.0,0.0
11492.406160000002,3862.8569589710064,0.0,0.0,0.0
11274.472800000003,3850.6426996502087,0.0,0.0,0.0
11464.939360000002,3860.8498204510383,0.0,0.0,0.0
12009.124160000003,3909.8180819836803,0.0,0.0,0.0
12500.646400000001,3953.9037010058773,0.0,0.0,0.0
12961.088480000002,4072.857525594173,0.0,0.0,7562.115782666939
13684.24552,4274.407090070737,0.0,0.0,7562.1157826669405
14824.792640000003,4536.617747956048,0.0,0.0,7562.11578266694
16321.622320000006,4670.216438857799,0.0,0.0,7562.11578266694
17269.894320000003,4801.285543388937,0.0,0.0,7562.115782666939
17268.454240000006,4879.768026859316,0.0,0.0,7562.1157826669405
16842.826000000005,4818.681424165958,0.0,0.0,7562.115782666939
16205.506000000003,4687.938849541476,0.0,0.0,7562.1157826669405
15516.064880000004,4547.070786592827,0.0,0.0,7562.11578266694
14443.942240000002,4298.881526980452,0.0,0.0,7562.11578266694
12763.624560000002,4035.986176697124,0.0,0.0,3904.132212380087
11101.290960000002,3725.6480717888053,0.0,0.0,0.0
9424.35728,3560.025980697868,0.0,0.0,0.0
8282.04296,3425.3293329849907,0.0,0.0,0.0
7735.899200000002,3366.4366031019663,0.0,0.0,0.0
8375.313520000002,3473.805758845733,0.0,0.0,0.0
9933.871120000002,3699.724658418309,0.0,0.0,0.0
12174.425040000004,3995.132183344848,0.0,0.0,0.0
13769.774240000002,4187.7287059433265,0.0,0.0,0.0
15081.897680000002,4365.08138393083,0.0,0.0,7562.11578266694
15570.953360000003,4420.529223298648,0.0,0.0,7562.115782666939
15587.268000000004,4501.907618878669,0.0,0.0,7562.11578266694
15034.705920000002,4454.419966391515,0.0,0.0,7562.1157826669405
14595.872560000002,4376.809930015478,0.0,0.0,7562.1157826669405
14212.683440000004,4291.389706434647,0.0,0.0,7562.115782666939
13605.278,4164.009369442749,0.0,0.0,1282.1922620131195
12456.500240000001,3945.029230386582,0.0,0.0,0.0
11416.096960000003,3763.963295116842,0.0,0.0,0.0
10580.079760000002,3549.3331466608893,0.0,0.0,0.0
9925.7984,3347.817255580949,0.0,0.0,0.0
9321.694240000003,3194.1930977476495,0.0,0.0,0.0
9029.824240000002,3129.2177279472266,0.0,0.0,0.0
9144.169600000003,3205.991031437462,0.0,0.0,0.0
9355.598160000003,3325.1815902080807,0.0,0.0,0.0
9797.259040000003,3532.8821618012494,0.0,0.0,0.0
10424.160080000001,3741.236813613685,0.0,0.0,0.0
11127.524480000002,3984.4362880899953,0.0,0.0,0.0
11912.38312,4200.773575714175,0.0,0.0,0.0
12541.322080000002,4300.438666472812,0.0,0.0,0.0
13667.318000000003,4407.0639462729805,0.0,0.0,0.0
14723.430560000003,4521.779004510517,0.0,0.0,0.0
15243.916080000003,4594.198235776703,0.0,0.0,0.0
15536.978000000003,4625.864493880486,0.0,0.0,0.0
15362.461360000003,4638.919567710919,0.0,0.0,0.0
14961.291920000003,4623.752253546815,0.0,0.0,7562.11578266694
14516.698240000003,4560.683002076489,0.0,0.0,7562.1157826669405
13971.498240000003,4461.303624986177,0.0,0.0,7562.1157826669405
13309.963840000006,4319.058013993829,0.0,0.0,7562.115782666938
12194.033440000003,4056.8728662574736,0.0,0.0,7562.11578266694
10779.532720000001,3770.083690054698,0.0,0.0,143.37640974798185
9326.995840000003,3492.578167260495,0.0,0.0,0.0
8104.29272,3217.4205985763297,0.0,0.0,0.0
7125.515840000001,3006.904726944223,0.0,0.0,0.0
6504.20592,2844.893852539693,0.0,0.0,0.0
6163.636400000002,2755.2766992523934,0.0,0.0,0.0
6067.256320000001,2771.9338061156086,0.0,0.0,0.0
6392.785840000001,2852.04383708947,0.0,0.0,0.0
6989.4489600000015,2971.023171826722,0.0,0.0,0.0
7501.782800000002,3070.1270393082946,0.0,0.0,0.0
7798.281360000002,3152.4472695878226,0.0,0.0,0.0
8369.113280000001,3276.694960287755,0.0,0.0,0.0
8891.057680000002,3402.0508118583957,0.0,0.0,0.0
9451.575920000003,3521.5883086548347,0.0,0.0,0.0
9815.134080000003,3608.560569698233,0.0,0.0,0.0
9958.529199999999,3639.568665958916,0.0,0.0,0.0
10076.912800000002,3641.038050538861,0.0,0.0,0.0
10396.682000000003,3667.9073802326975,0.0,0.0,0.0
10860.797600000004,3782.0459091037965,0.0,0.0,0.0
11388.686560000002,3939.165977750216,0.0,0.0,0.0
12207.336320000002,4086.3289250555886,0.0,0.0,0.0
12976.019440000002,4171.462414562138,0.0,0.0,0.0
13838.052080000003,4216.995989639158,0.0,0.0,0.0
14714.985600000002,4346.775301039009,0.0,0.0,0.0
15340.506720000001,4503.582105056233,0.0,0.0,0.0
15259.249360000003,4611.767585566636,0.0,0.0,7562.11578266694
15243.107680000005,4627.145103358148,0.0,0.0,7562.11578266694
15264.795360000006,4584.944174140921,0.0,0.0,7562.115782666939
15187.211520000003,4573.344199207018,0.0,0.0,7012.17138383718
15183.154480000003,4604.354336279618,0.0,0.0,7562.11578266694
15000.377120000005,4554.226893578353,0.0,0.0,0.0
14632.79576,4476.342367999535,0.0,0.0,0.0
14211.976560000005,4389.722147011748,0.0,0.0,0.0
14038.997760000002,4431.113894304047,0.0,0.0,0.0
14036.211600000002,4443.693458957912,0.0,0.0,0.0
14193.962400000002,4462.056684583398,0.0,0.0,0.0
14436.489920000002,4506.226997300134,0.0,0.0,0.0
14704.100400000005,4537.806520897462,0.0,0.0,0.0
15113.96296,4588.056412313724,0.0,0.0,0.0
15350.553440000005,4611.552279909435,0.0,0.0,0.0
15311.261440000002,4595.750273239271,0.0,0.0,0.0
14980.362640000003,4519.461662579227,0.0,0.0,0.0
14343.260720000002,4355.855893661881,0.0,0.0,0.0
13337.111040000002,4048.716761432818,0.0,0.0,7562.1157826669405
12009.973920000004,3647.8808928951908,0.0,0.0,6414.796814817138
10604.963440000001,3222.9318111570833,0.0,0.0,0.0
8953.364640000002,2738.8644898191683,0.0,0.0,0.0
7162.2811200000015,2313.229695277086,0.0,0.0,0.0
5711.28208,1921.6733985241983,0.0,0.0,0.0
4446.275200000001,1588.8149341162987,0.0,0.0,0.0
3607.8892,1347.3154559665095,0.0,0.0,2.442767226331728
3056.5228000000006,1169.3433915623211,0.0,0.0,359.13217079456876
2377.9894400000003,961.8264930416459,0.0,0.0,1267.2070104522259
1961.6220800000003,894.221537086696,0.0,0.0,1611.35204004299
2219.07304,997.4253957087,0.0,0.0,1173.533135763655
2901.0392800000004,1097.5547711783595,0.0,0.0,374.32376722583405
3195.6465600000006,1154.0403634057639,0.0,0.0,54.23582031027955
2910.5069600000006,1148.0199682518207,0.0,0.0,988.5203941048441
2732.8770400000003,1290.6257825474459,0.0,0.0,1716.9637732531583
2512.067280000001,1388.7010808230566,0.0,0.0,2410.9109729507063
2073.8317600000005,1427.648955845237,0.0,0.0,2880.257055659128
1671.8952800000002,1289.5390502018615,0.0,0.0,3345.433551805437
1633.1560000000004,1126.029199444595,0.0,0.0,3432.126206015064
1714.1727200000005,1065.7272889331655,0.0,0.0,3271.795519343856
1842.6481600000002,1086.5752030671003,0.0,0.0,3066.6477769486173
2005.3358400000002,1140.440392793602,0.0,0.0,2829.192244773104
2298.7136000000005,1208.4586131616616,0.0,0.0,2521.985174254842
2676.2063200000002,1310.5808414678722,0.0,0.0,2210.0967533029457
3173.4324800000004,1507.4926608639826,0.0,0.0,1736.6612792573105
3863.381200000001,1743.804395121798,0.0,0.0,758.187210061265
4479.126320000001,1990.3263113983178,0.0,0.0,0.0
5090.449680000001,2241.4002586547936,0.0,0.0,0.0
5838.159520000001,2526.289438963223,0.0,0.0,0.0
6627.439920000001,2854.9244431097372,0.0,0.0,0.0
7375.852880000001,3170.6186588931496,0.0,0.0,0.0
7958.649120000003,3261.721523255727,0.0,0.0,0.0
8473.434480000002,3235.682804011943,0.0,0.0,137.1755838350939
8807.623280000002,3166.7635651827086,0.0,0.0,0.0
8748.809360000003,3164.2513257133855,0.0,0.0,0.0
8678.50864,3125.694266173233,0.0,0.0,0.0
8650.556800000002,3026.9740713319784,0.0,0.0,0.0
8959.745360000003,3008.4190093863335,0.0,0.0,0.0
9694.588480000002,3011.143493294983,0.0,0.0,0.0
10052.957840000003,2992.477207099884,0.0,0.0,0.0
10364.76336,3032.8587524934687,0.0,0.0,0.0
11009.122080000005,3172.9247763588965,0.0,0.0,0.0
11697.581840000003,3406.0110073825404,0.0,0.0,0.0
11881.265360000003,3648.4196672411704,0.0,0.0,0.0
12066.614560000002,3877.6406004947908,0.0,0.0,0.0
11972.821360000004,4005.8423642831167,0.0,0.0,0.0
11732.440800000002,3982.9464953908832,0.0,0.0,0.0
11486.634560000004,3942.5435214721742,0.0,0.0,7562.11578266694
10846.174960000002,3790.748951522098,0.0,0.0,0.0
10113.542720000003,3656.0206712245135,0.0,0.0,0.0
9940.086400000002,3522.4107558572214,0.0,0.0,0.0
9481.858960000003,3285.960246389078,0.0,0.0,0.0
8689.924000000003,2944.768126519779,0.0,0.0,0.0
8007.923920000002,2598.172957101305,0.0,0.0,0.0
6992.449440000001,2202.834015461016,0.0,0.0,0.0
6221.720880000002,1913.6662729694533,0.0,0.0,0.0
5478.944160000001,1743.022764157744,0.0,0.0,0.0
4835.337440000001,1621.1903743610972,0.0,0.0,0.0
4377.09496,1539.9109581590299,0.0,0.0,0.0
3881.4141600000003,1466.7141775526209,0.0,0.0,0.0
3462.4636800000007,1387.9184294530444,0.0,0.0,138.72083084439137
3034.95168,1354.7470725607752,0.0,0.0,1520.5371553550372
2613.3729600000006,1323.1073450119075,0.0,0.0,2805.3622340468637
2208.2404800000004,1263.5952287121988,0.0,0.0,3885.8736936466557
1852.2549600000004,1213.7198262826328,0.0,0.0,4366.690799545603
1569.3600800000004,1193.9994607326146,0.0,0.0,4437.9974170200685
1481.5377600000002,1243.9636384805524,0.0,0.0,4150.557823307434
1699.1515200000003,1364.8082753095684,0.0,0.0,3512.8447904887566
2274.213440000001,1569.6435469718433,0.0,0.0,2531.092045670258
3192.7175200000006,1840.8970424595702,0.0,0.0,1232.604840002975
4481.325920000001,2174.570811228148,0.0,0.0,0.0
5727.863680000001,2525.798623697283,0.0,0.0,0.0
6677.5156000000015,2821.7408413459684,0.0,0.0,0.0
7519.6240000000025,3090.397403669834,0.0,0.0,0.0
8140.685760000001,3300.3836846095837,0.0,0.0,0.0
8621.473200000002,3456.689469301284,0.0,0.0,0.0
9128.84384,3568.2239221668133,0.0,0.0,0.0
9652.213280000002,3646.68395670611,0.0,0.0,0.0
10043.12168,3682.3777571272853,0.0,0.0,0.0
10594.254960000002,3737.635800986861,0.0,0.0,0.0
11026.128560000003,3788.58671129647,0.0,0.0,0.0
11380.561200000002,3833.589675275175,0.0,0.0,0.0
11520.399360000001,3881.099776693412,0.0,0.0,0.0
11938.665520000002,3972.24447770028,0.0,0.0,0.0
12486.659200000002,4076.613639926658,0.0,0.0,0.0
12947.428400000003,4158.333871502709,0.0,0.0,7544.531919126331
13273.006800000001,4223.593934565496,0.0,0.0,7562.11578266694
13532.033200000003,4272.680563189299,0.0,0.0,7562.115782666939
13584.534080000003,4285.0917608600475,0.0,0.0,0.0
13333.80224,4235.637786091257,0.0,0.0,0.0
12967.326320000002,4147.957363312802,0.0,0.0,0.0
12441.37376,4032.703530729287,0.0,0.0,0.0
11812.16408,3893.2364851613793,0.0,0.0,0.0
11269.306560000003,3777.8775507641594,0.0,0.0,0.0
10976.98536,3710.3766762169557,0.0,0.0,0.0
10871.216560000003,3694.8838525521546,0.0,0.0,7562.11578266694
11007.328560000002,3708.4654558570683,0.0,0.0,7562.1157826669405
11019.616240000003,3706.7817860258797,0.0,0.0,7562.11578266694
10789.466640000002,3683.6430605155724,0.0,0.0,7562.11578266694
10593.728560000001,3618.5932010801944,0.0,0.0,7562.1157826669405
10142.46088,3505.416915027769,0.0,0.0,7050.628844016729
9753.462560000002,3457.8690585890745,0.0,0.0,0.0
9614.767440000001,3439.291547712347,0.0,0.0,0.0
9596.095280000003,3400.7375493900695,0.0,0.0,0.0
9524.944800000001,3365.080483583392,0.0,0.0,0.0
9350.168720000001,3336.0080974255957,0.0,0.0,0.0
9285.774960000002,3319.103031914514,0.0,0.0,0.0
9226.855760000002,3331.2448424122726,0.0,0.0,0.0
9123.388080000002,3394.0589923930256,0.0,0.0,0.0
9540.326960000002,3570.03922436662,0.0,0.0,7562.11578266694
10113.83976,3723.779708479166,0.0,0.0,7562.115782666938
10652.425920000001,3865.8212382798542,0.0,0.0,7562.11578266694
10998.733200000002,3975.5883480256152,0.0,0.0,0.0
11198.144800000002,3996.943403920822,0.0,0.0,0.0
11124.448800000004,3966.8261220617314,0.0,0.0,0.0
10855.541120000002,3929.0251833366756,0.0,0.0,0.0
10772.546640000004,3898.946676904,0.0,0.0,0.0
10693.432480000001,3881.2375314977826,0.0,0.0,0.0
10844.219760000002,3928.095593508669,0.0,0.0,0.0
11269.494560000003,4036.90454205959,0.0,0.0,0.0
11802.726480000003,4149.920624376563,0.0,0.0,0.0
12159.80616,4218.397007019897,0.0,0.0,7562.1157826669405
12367.192720000003,4259.915284651023,0.0,0.0,7562.11578266694
12460.854320000004,4267.054044735259,0.0,0.0,7562.1157826669405
12467.629840000001,4254.0163178061175,0.0,0.0,7562.1157826669405
12387.534320000002,4216.907214320787,0.0,0.0,7562.115782666939
12185.231280000004,4159.942031292983,0.0,0.0,6308.643525016999
11953.78072,4076.6105787087836,0.0,0.0,0.0
11784.302480000004,4000.426049456485,0.0,0.0,0.0
11672.600400000001,3958.317977181464,0.0,0.0,0.0
11706.493040000001,3958.005732958225,0.0,0.0,0.0
11964.24104,4004.5648160233313,0.0,0.0,0.0
12353.228080000003,4072.9881375568343,0.0,0.0,0.0
12628.866160000003,4118.355386462651,0.0,0.0,0.0
12802.525520000001,4150.85021420457,0.0,0.0,7562.1157826669405
12749.272640000005,4152.511435104675,0.0,0.0,7562.1157826669405
12441.373760000002,4101.529912616317,0.0,0.0,0.0
11891.650480000002,3991.3352527740303,0.0,0.0,0.0
11143.92936,3810.6131943122355,0.0,0.0,0.0
10020.11424,3616.0136148176234,0.0,0.0,0.0
9090.958080000002,3498.249583576701,0.0,0.0,0.0
8395.67768,3356.1682579436397,0.0,0.0,0.0
7712.372880000003,3211.1899997949768,0.0,0.0,3422.281729334179
7171.880400000002,3042.616894672648,0.0,0.0,0.0
6583.135840000001,2810.641885737589,0.0,0.0,0.0
5965.7137600000015,2542.6883831189893,0.0,0.0,0.0
5385.771360000001,2311.004189882044,0.0,0.0,0.0
5300.547200000002,2198.189127538855,0.0,0.0,0.0
4934.477360000002,2083.975088626843,0.0,0.0,0.0
4134.5260800000015,1860.8286320429556,0.0,0.0,0.0
3284.224640000001,1701.1912218974207,0.0,0.0,508.1566931115009
3216.6988000000006,1721.3217906426737,0.0,0.0,185.4728750066622
