hour,value,Technology
1,54067.98928955464,curtailment
2,55935.290581494184,curtailment
3,57053.65144066546,curtailment
4,58191.429739821615,curtailment
5,59340.811994157906,curtailment
6,59237.642535008046,curtailment
7,58533.48829947008,curtailment
8,58078.644560949826,curtailment
9,58463.285596142785,curtailment
10,59084.267176173365,curtailment
11,59594.00248154483,curtailment
12,59911.20017621625,curtailment
13,59986.502726253035,curtailment
14,59945.717475890066,curtailment
15,59721.753125915864,curtailment
16,58971.58150022074,curtailment
17,57967.552553349975,curtailment
18,57351.043275909055,curtailment
19,56694.54693520082,curtailment
20,56211.787507203684,curtailment
21,56045.06279979432,curtailment
22,56606.57267772745,curtailment
23,57170.60375546807,curtailment
24,57597.98928593862,curtailment
25,57180.2515844963,curtailment
26,56454.586677281404,curtailment
27,55355.54475661457,curtailment
28,53963.090354409884,curtailment
29,52248.92738082282,curtailment
30,49411.96088366085,curtailment
31,46242.49840920494,curtailment
32,42782.83365841236,curtailment
33,39821.33382891962,curtailment
34,37734.83929314661,curtailment
35,35999.70620860951,curtailment
36,35301.1290787973,curtailment
37,34619.326525202836,curtailment
38,33954.97671051799,curtailment
39,32912.945849714466,curtailment
40,30559.096578386947,curtailment
41,26978.165240760303,curtailment
42,23306.08343441249,curtailment
43,20111.81714052012,curtailment
44,17662.58408731765,curtailment
45,16051.587161843334,curtailment
46,15762.321707313338,curtailment
47,16775.53326942692,curtailment
48,18584.432615438156,curtailment
49,19557.979117517913,curtailment
50,19726.449367019075,curtailment
51,19439.242369176332,curtailment
52,18556.4352543023,curtailment
53,17286.93112245092,curtailment
54,15236.622610965373,curtailment
55,13005.507306996104,curtailment
56,10899.89804932594,curtailment
57,9095.305736964687,curtailment
58,7806.329135551332,curtailment
59,6809.732244834262,curtailment
60,5921.813634739822,curtailment
61,5873.998110826775,curtailment
62,7414.723000160295,curtailment
63,8077.093156645935,curtailment
64,6986.321868419747,curtailment
65,6353.770802535513,curtailment
66,7376.938614019604,curtailment
67,8828.895455796102,curtailment
68,10546.452180305057,curtailment
69,12144.974443769663,curtailment
70,14184.256139219113,curtailment
71,16699.63515825455,curtailment
72,19448.408080046178,curtailment
73,22376.093555632913,curtailment
74,25507.79986000122,curtailment
75,28703.04288007627,curtailment
76,30617.759032666654,curtailment
77,30915.954648308176,curtailment
78,30678.69633727294,curtailment
79,30424.20742986235,curtailment
80,29926.172331543414,curtailment
81,29556.21601340385,curtailment
82,28840.872836731345,curtailment
83,29684.715761881358,curtailment
84,30621.36517278941,curtailment
85,31580.279833534893,curtailment
86,32923.639341667295,curtailment
87,34238.325294125854,curtailment
88,35123.60483455831,curtailment
89,34928.64450163724,curtailment
90,35650.6617300178,curtailment
91,36391.57688939298,curtailment
92,36981.35703050116,curtailment
93,36811.70107610507,curtailment
94,36962.5926148567,curtailment
95,36660.12934705406,curtailment
96,36397.99426489267,curtailment
97,35671.119936696414,curtailment
98,35032.25278699306,curtailment
99,34576.842972644234,curtailment
100,33607.366718267906,curtailment
101,32297.622447735986,curtailment
102,29691.988047312538,curtailment
103,25873.57145005356,curtailment
104,22050.928289016145,curtailment
105,18452.13780062164,curtailment
106,14933.32554519063,curtailment
107,11764.085597073708,curtailment
108,9745.915084951725,curtailment
109,8759.365323736072,curtailment
110,8530.435050508575,curtailment
111,9067.374355295024,curtailment
112,9250.860892118453,curtailment
113,8424.420033412433,curtailment
114,7494.563872689375,curtailment
115,6343.5281487094,curtailment
116,5347.728149217064,curtailment
117,4712.9569668001795,curtailment
118,4753.637925720616,curtailment
119,4533.026357241417,curtailment
120,4346.225789162831,curtailment
121,3829.2507449604364,curtailment
122,3589.6554540854213,curtailment
123,3708.612166290355,curtailment
124,3607.173585847675,curtailment
125,3793.520560041614,curtailment
126,3528.1715508418038,curtailment
127,3088.5728400093376,curtailment
128,3254.516804758343,curtailment
129,3980.9662251351265,curtailment
130,4261.820202007957,curtailment
131,4560.934760032767,curtailment
132,5280.737729237628,curtailment
133,6278.432950772996,curtailment
134,7347.078878479971,curtailment
135,8153.629901658084,curtailment
136,7864.533722423939,curtailment
137,6210.603953536036,curtailment
138,5086.33527283317,curtailment
139,5532.171679703195,curtailment
140,6544.630098471114,curtailment
141,7690.493666520884,curtailment
142,8771.133327312622,curtailment
143,8983.833348664213,curtailment
144,9384.202288068693,curtailment
145,9891.27168793806,curtailment
146,9800.529030264317,curtailment
147,9986.954600716486,curtailment
148,9797.941666449615,curtailment
149,9584.07616786766,curtailment
150,9013.505990630529,curtailment
151,8629.198108214961,curtailment
152,8636.87258202535,curtailment
153,9107.067693963203,curtailment
154,9841.48225822799,curtailment
155,11729.186672659112,curtailment
156,14821.457150802094,curtailment
157,19163.88412683508,curtailment
158,24023.84386997197,curtailment
159,28319.76883065595,curtailment
160,31480.67888881283,curtailment
161,35472.7467011943,curtailment
162,39575.758133235206,curtailment
163,41794.85092327569,curtailment
164,43084.73412671433,curtailment
165,44081.77638757837,curtailment
166,45074.623840891574,curtailment
167,45011.25900083763,curtailment
168,44376.90312683923,curtailment
169,42283.22222998258,curtailment
170,39171.98251680639,curtailment
171,38842.30008042369,curtailment
172,40051.64538691071,curtailment
173,40053.62962758441,curtailment
174,37542.1519853739,curtailment
175,36341.25404369589,curtailment
176,37097.73567254915,curtailment
177,38446.49592770293,curtailment
178,39486.522338938434,curtailment
179,40405.89115957075,curtailment
180,41854.55376244533,curtailment
181,42559.49886227073,curtailment
182,42809.004253048595,curtailment
183,42971.26338096315,curtailment
184,43044.69977704267,curtailment
185,42597.94981834162,curtailment
186,42697.506670781426,curtailment
187,42773.03089311079,curtailment
188,42807.012248865125,curtailment
189,42874.82981272414,curtailment
190,43755.47917807648,curtailment
191,45102.09850256062,curtailment
192,46204.632246671325,curtailment
193,46702.97115697744,curtailment
194,47089.98847980685,curtailment
195,47443.230250188135,curtailment
196,47367.556223552565,curtailment
197,46553.75802932929,curtailment
198,44790.117917756615,curtailment
199,43155.90388450729,curtailment
200,41737.67653153345,curtailment
201,40418.55396836795,curtailment
202,39575.868812763874,curtailment
203,39112.13201129151,curtailment
204,38606.158646967466,curtailment
205,37909.319475550685,curtailment
206,35717.66182137761,curtailment
207,32785.68117953086,curtailment
208,29932.17673488478,curtailment
209,26733.012193728224,curtailment
210,23895.677962918006,curtailment
211,20866.229916424458,curtailment
212,18063.141216473017,curtailment
213,14429.798035550117,curtailment
214,11927.519886388243,curtailment
215,9849.561433349729,curtailment
216,7974.771396528922,curtailment
217,6601.489296123716,curtailment
218,5619.738735385799,curtailment
219,4673.33315817073,curtailment
220,3722.1822599862635,curtailment
221,2726.60604500674,curtailment
222,897.4860726255356,curtailment
223,0.0,curtailment
224,0.0,curtailment
225,0.0,curtailment
226,0.0,curtailment
227,0.0,curtailment
228,0.0,curtailment
229,318.9261864082182,curtailment
230,1235.8147654755994,curtailment
231,2421.7231492276533,curtailment
232,3520.8737082224816,curtailment
233,4411.9540169245465,curtailment
234,6280.4143612707885,curtailment
235,8166.970540360108,curtailment
236,10093.082291556759,curtailment
237,12470.641507279508,curtailment
238,16068.201090079006,curtailment
239,20161.43146556127,curtailment
240,23539.250403249767,curtailment
241,26807.446082082126,curtailment
242,29385.89499895062,curtailment
243,31984.608858044005,curtailment
244,33838.989368788854,curtailment
245,35365.56349326205,curtailment
246,35225.058131828846,curtailment
247,34943.71842032973,curtailment
248,35335.42184509152,curtailment
249,36084.62658918037,curtailment
250,36970.82642712228,curtailment
251,37210.11150938392,curtailment
252,36972.02245735737,curtailment
253,36699.15281428467,curtailment
254,36049.18788170358,curtailment
255,34783.65559986962,curtailment
256,32756.32872485993,curtailment
257,29548.33592611779,curtailment
258,26026.878242795956,curtailment
259,22754.10297602196,curtailment
260,20527.90410062419,curtailment
261,19037.878362443276,curtailment
262,17430.28762207768,curtailment
263,15640.20568503039,curtailment
264,14378.45912321449,curtailment
265,13820.004586442461,curtailment
266,14389.960062362432,curtailment
267,15666.02808788804,curtailment
268,16833.503734492606,curtailment
269,17217.710012325406,curtailment
270,17134.184606592982,curtailment
271,17209.759721300787,curtailment
272,19940.050662740618,curtailment
273,23785.593563797964,curtailment
274,26105.008466463292,curtailment
275,28855.870414498637,curtailment
276,29585.881686865643,curtailment
277,30372.4868385829,curtailment
278,30872.659742634092,curtailment
279,30188.50909748261,curtailment
280,29823.87822148808,curtailment
281,30018.256436035263,curtailment
282,29727.230166032372,curtailment
283,28267.269651086866,curtailment
284,26857.133679875977,curtailment
285,25583.7834381445,curtailment
286,24400.788259185956,curtailment
287,23628.284171129246,curtailment
288,23120.3331195712,curtailment
289,22615.018475262368,curtailment
290,22998.792458675765,curtailment
291,23668.86466601016,curtailment
292,25327.98879765143,curtailment
293,27546.114376183174,curtailment
294,30550.004930752417,curtailment
295,33845.41413788848,curtailment
296,35798.810677589674,curtailment
297,37220.54467519328,curtailment
298,41565.96707455136,curtailment
299,46155.93744081976,curtailment
300,49081.94400872915,curtailment
301,50578.91604755388,curtailment
302,51522.16890124675,curtailment
303,52089.14543244513,curtailment
304,52068.44934509395,curtailment
305,51315.114317323074,curtailment
306,51021.95585898939,curtailment
307,51123.36215427199,curtailment
308,50972.427760898354,curtailment
309,51101.98997238975,curtailment
310,51705.20916780092,curtailment
311,51714.73779343223,curtailment
312,51332.91695925311,curtailment
313,51669.904433267024,curtailment
314,53385.33463916243,curtailment
315,54759.16142597025,curtailment
316,55055.746014445875,curtailment
317,54531.497888467304,curtailment
318,53246.27793454401,curtailment
319,51805.461574146146,curtailment
320,50596.266566324375,curtailment
321,49824.616391942574,curtailment
322,50012.08257983968,curtailment
323,50874.59127774794,curtailment
324,51862.22384184516,curtailment
325,52833.210820249675,curtailment
326,53641.62343261352,curtailment
327,53857.14367879255,curtailment
328,53084.844288881715,curtailment
329,51326.5153305196,curtailment
330,49926.44789589577,curtailment
331,48118.75722894823,curtailment
332,45630.640748460384,curtailment
333,42750.48329201849,curtailment
334,40796.231701750425,curtailment
335,38949.3865912169,curtailment
336,37317.03999775109,curtailment
337,36054.74807879007,curtailment
338,34193.46665198076,curtailment
339,31504.58711611303,curtailment
340,28632.547091819164,curtailment
341,26420.708134399094,curtailment
342,23291.67890961487,curtailment
343,21515.1025953776,curtailment
344,22422.84284493119,curtailment
345,24856.114293875362,curtailment
346,28436.65801869744,curtailment
347,31524.682242689574,curtailment
348,34576.713252246875,curtailment
349,39012.73227350411,curtailment
350,41325.6732559724,curtailment
351,41880.53560683079,curtailment
352,40756.25038902183,curtailment
353,39049.23296884632,curtailment
354,38781.92523435061,curtailment
355,37159.120385730406,curtailment
356,34001.95864450824,curtailment
357,31569.297137786132,curtailment
358,30257.24368926144,curtailment
359,29387.620721278494,curtailment
360,28891.49031579384,curtailment
361,28203.84762253434,curtailment
362,28063.336171580147,curtailment
363,28444.46288487898,curtailment
364,29069.69397563106,curtailment
365,29302.863980702612,curtailment
366,28886.07814309476,curtailment
367,29079.061586452168,curtailment
368,30948.344840009137,curtailment
369,34080.65855885435,curtailment
370,37295.84324743926,curtailment
371,40467.35951121037,curtailment
372,42820.75627047338,curtailment
373,43553.32614905636,curtailment
374,45190.033146725254,curtailment
375,46280.1866137787,curtailment
376,45918.83645792544,curtailment
377,45263.9467029546,curtailment
378,44607.0950919179,curtailment
379,42871.88398370403,curtailment
380,41665.149798233106,curtailment
381,40422.18782482553,curtailment
382,38995.55433696594,curtailment
383,37330.9323310415,curtailment
384,34768.72970920635,curtailment
385,31145.125226855318,curtailment
386,28782.94987897634,curtailment
387,27253.00250010306,curtailment
388,27320.8927131141,curtailment
389,27311.32481874083,curtailment
390,25522.51711578605,curtailment
391,23650.440608072902,curtailment
392,23120.52342544151,curtailment
393,23785.251714395417,curtailment
394,24594.439767899497,curtailment
395,24833.507951086987,curtailment
396,25267.380671551477,curtailment
397,25384.420355010374,curtailment
398,25655.557458739513,curtailment
399,26010.05630361494,curtailment
400,26547.263442868432,curtailment
401,25373.832776075724,curtailment
402,24373.844132311646,curtailment
403,22158.17743670683,curtailment
404,19268.036072850493,curtailment
405,19175.89782909068,curtailment
406,20570.62358626395,curtailment
407,21077.826075351866,curtailment
408,20940.354784824744,curtailment
409,20117.801088390297,curtailment
410,19367.246750125014,curtailment
411,18096.49263139839,curtailment
412,15490.275589754156,curtailment
413,12674.511604383308,curtailment
414,10324.700070594065,curtailment
415,8971.459131874586,curtailment
416,8386.710010037637,curtailment
417,8010.766461375966,curtailment
418,7555.7153082219465,curtailment
419,7325.167628695512,curtailment
420,7516.515341318489,curtailment
421,7726.623898634918,curtailment
422,7890.194423745983,curtailment
423,7893.133180757879,curtailment
424,7330.701026666324,curtailment
425,6252.2615280620375,curtailment
426,5746.061404089312,curtailment
427,5277.9496553717745,curtailment
428,4902.767067168432,curtailment
429,4849.536874294489,curtailment
430,5136.7922008555115,curtailment
431,5483.72168019823,curtailment
432,6016.834408441121,curtailment
433,6115.733077829487,curtailment
434,6002.679815014578,curtailment
435,5677.312033012977,curtailment
436,4923.083886761658,curtailment
437,3864.631588827833,curtailment
438,2269.232023779743,curtailment
439,1235.5025028622258,curtailment
440,1231.3631039879674,curtailment
441,2421.7373398086856,curtailment
442,3872.463015472491,curtailment
443,5231.054797317072,curtailment
444,6050.39083561752,curtailment
445,5943.730259298782,curtailment
446,5411.146280123621,curtailment
447,4702.825861782928,curtailment
448,4024.7230144933037,curtailment
449,3220.325929156237,curtailment
450,3358.1812720954877,curtailment
451,3936.2400723006704,curtailment
452,4481.912054252427,curtailment
453,4883.334765801093,curtailment
454,5347.926065394819,curtailment
455,5805.8222855695,curtailment
456,6216.951768700426,curtailment
457,5983.207678326993,curtailment
458,5465.270541373527,curtailment
459,4807.073945062201,curtailment
460,3763.9379145564635,curtailment
461,2561.190482601761,curtailment
462,797.0000669153842,curtailment
463,0.0,curtailment
464,0.0,curtailment
465,0.0,curtailment
466,0.0,curtailment
467,0.0,curtailment
468,0.0,curtailment
469,0.0,curtailment
470,23.146254359135128,curtailment
471,684.4996073402699,curtailment
472,962.3486741773759,curtailment
473,904.3125192115858,curtailment
474,1776.7481691907851,curtailment
475,3065.4908272587445,curtailment
476,4691.049560880568,curtailment
477,6712.475200943716,curtailment
478,9223.113121384116,curtailment
479,11764.513583400547,curtailment
480,14550.734699080109,curtailment
481,17177.294705672044,curtailment
482,19779.898957105725,curtailment
483,21669.03700665495,curtailment
484,22978.715690403886,curtailment
485,24519.88759270104,curtailment
486,24872.0740566114,curtailment
487,24758.22000005532,curtailment
488,24092.941762923398,curtailment
489,23183.165206900187,curtailment
490,21612.75663956534,curtailment
491,20283.56662313609,curtailment
492,18297.007288332257,curtailment
493,16202.015780171414,curtailment
494,14768.996403451318,curtailment
495,13529.73301410193,curtailment
496,11483.669716856766,curtailment
497,8490.157194621532,curtailment
498,5569.427918427771,curtailment
499,2953.2364569265483,curtailment
500,935.0789185928661,curtailment
501,0.0,curtailment
502,0.0,curtailment
503,447.3751870514225,curtailment
504,1620.4549678195144,curtailment
505,2936.1348803354304,curtailment
506,4559.657561132363,curtailment
507,6227.351265565729,curtailment
508,7484.479395465578,curtailment
509,8489.73164777325,curtailment
510,8749.541274639625,curtailment
511,9232.992480333065,curtailment
512,10604.879729885663,curtailment
513,12684.570799264187,curtailment
514,14864.831647824723,curtailment
515,16791.66698164865,curtailment
516,18400.90250541034,curtailment
517,19232.021280758898,curtailment
518,19702.87272521924,curtailment
519,20842.82814661121,curtailment
520,22632.992792874145,curtailment
521,23942.60323387917,curtailment
522,25415.737211754727,curtailment
523,26209.983404052997,curtailment
524,26499.598442825263,curtailment
525,26246.322243517367,curtailment
526,25742.78886985357,curtailment
527,24795.633917838313,curtailment
528,23549.44430834016,curtailment
529,22077.753737871608,curtailment
530,20893.747276903647,curtailment
531,20001.09336363218,curtailment
532,19119.022814954573,curtailment
533,18385.83149867248,curtailment
534,17243.542551841507,curtailment
535,15889.511160204273,curtailment
536,14573.22990326875,curtailment
537,13703.468510088034,curtailment
538,12531.854038884272,curtailment
539,10590.79005628211,curtailment
540,8606.06762838427,curtailment
541,6959.21322578087,curtailment
542,5956.056985090638,curtailment
543,5696.232371289832,curtailment
544,6343.808506351177,curtailment
545,6632.410920613354,curtailment
546,7053.795147425404,curtailment
547,7252.847739702653,curtailment
548,7265.8119379872605,curtailment
549,7343.289841932798,curtailment
550,7958.595917183951,curtailment
551,8488.952925048765,curtailment
552,8480.347615603569,curtailment
553,7627.298279159952,curtailment
554,6793.893763675689,curtailment
555,5976.411031022982,curtailment
556,4923.371705079937,curtailment
557,3891.9894472766373,curtailment
558,2780.4404288536934,curtailment
559,2261.826120953816,curtailment
560,2611.7747603568587,curtailment
561,3396.468030305952,curtailment
562,3684.6985617205755,curtailment
563,3458.3023494984336,curtailment
564,2571.653965035619,curtailment
565,1369.7251296219056,curtailment
566,377.0945172085885,curtailment
567,0.0,curtailment
568,0.0,curtailment
569,0.0,curtailment
570,25.052595937148,curtailment
571,425.54073652830994,curtailment
572,421.8556487019632,curtailment
573,206.98061446915017,curtailment
574,0.0,curtailment
575,0.0,curtailment
576,0.0,curtailment
577,0.0,curtailment
578,0.0,curtailment
579,0.0,curtailment
580,0.0,curtailment
581,0.0,curtailment
582,0.0,curtailment
583,0.0,curtailment
584,0.0,curtailment
585,0.0,curtailment
586,522.9943333882184,curtailment
587,2516.0829771705157,curtailment
588,4873.684599158678,curtailment
589,7359.550101139554,curtailment
590,9876.436022413352,curtailment
591,12256.085387938641,curtailment
592,14049.379406306989,curtailment
593,14723.718420027955,curtailment
594,14533.665793084263,curtailment
595,14565.519751292024,curtailment
596,15093.850836563168,curtailment
597,15002.962594882938,curtailment
598,13867.517670908162,curtailment
599,12375.498504536938,curtailment
600,11378.500973818866,curtailment
601,11651.402391686152,curtailment
602,10904.581561781115,curtailment
603,10002.077025770821,curtailment
604,9178.720896825002,curtailment
605,8422.109601777602,curtailment
606,6224.338636374913,curtailment
607,3712.787736412698,curtailment
608,2226.210463542966,curtailment
609,1814.391654789828,curtailment
610,1846.1754211661519,curtailment
611,1852.8956329624616,curtailment
612,2161.2225162893,curtailment
613,2568.6399854837127,curtailment
614,3438.883679115437,curtailment
615,4906.742890384754,curtailment
616,7320.391064791478,curtailment
617,9952.614514198243,curtailment
618,13116.665098800277,curtailment
619,16181.789635004625,curtailment
620,18827.476409650335,curtailment
621,21531.243268653234,curtailment
622,23850.091365027678,curtailment
623,25213.187936119502,curtailment
624,26470.43265823485,curtailment
625,27806.100761341382,curtailment
626,28368.578992570354,curtailment
627,29540.299156191788,curtailment
628,30644.32813481802,curtailment
629,31586.116532314576,curtailment
630,31631.490225109636,curtailment
631,31121.142149670217,curtailment
632,30203.952994788946,curtailment
633,29392.727846553586,curtailment
634,27607.62110309179,curtailment
635,25370.254742203524,curtailment
636,22815.179550235836,curtailment
637,20353.278139462105,curtailment
638,19001.67133594661,curtailment
639,18559.502912376982,curtailment
640,18624.35565060965,curtailment
641,18026.3940293923,curtailment
642,17102.980067376637,curtailment
643,15736.486661562907,curtailment
644,14271.715028043542,curtailment
645,13045.641849331623,curtailment
646,12247.83932852428,curtailment
647,11671.220851844004,curtailment
648,11636.133851268289,curtailment
649,11417.704501820312,curtailment
650,11237.287834068014,curtailment
651,11113.995853107415,curtailment
652,11101.83916497726,curtailment
653,11480.518524434647,curtailment
654,11883.335014290078,curtailment
655,12059.066687380871,curtailment
656,11844.908807691354,curtailment
657,11751.817946912644,curtailment
658,11432.002827844291,curtailment
659,11154.810799963083,curtailment
660,11067.031252635596,curtailment
661,11110.348922854304,curtailment
662,11434.803455789443,curtailment
663,11946.282904288242,curtailment
664,12025.312201767283,curtailment
665,11578.900676403087,curtailment
666,11136.389328768933,curtailment
667,10764.234160784119,curtailment
668,10769.143542076927,curtailment
669,11360.444985086348,curtailment
670,11911.514241399329,curtailment
671,11837.88473362083,curtailment
672,11491.202890807626,curtailment
673,10610.215742616261,curtailment
674,9451.253493815284,curtailment
675,8249.218185036463,curtailment
676,6894.500187571004,curtailment
677,5341.220291224457,curtailment
678,3439.337163047793,curtailment
679,2152.090178578521,curtailment
680,1938.2830665698984,curtailment
681,2566.61706233909,curtailment
682,3671.2675465109605,curtailment
683,4708.674740017581,curtailment
684,5521.128169490832,curtailment
685,6019.845732961252,curtailment
686,5936.526579644264,curtailment
687,5890.561416235547,curtailment
688,5841.627369645867,curtailment
689,5535.769325773184,curtailment
690,5778.165136169351,curtailment
691,6386.407184449707,curtailment
692,7256.34151884233,curtailment
693,7829.194115730902,curtailment
694,8693.635236526901,curtailment
695,9661.129317135383,curtailment
696,10174.462176289579,curtailment
697,10463.383887123313,curtailment
698,10822.23689889537,curtailment
699,11187.351639638147,curtailment
700,11240.522988218981,curtailment
701,11514.648464332811,curtailment
702,11412.664732223635,curtailment
703,11857.066840311189,curtailment
704,12549.844439357528,curtailment
705,13316.8842216593,curtailment
706,13813.595620451522,curtailment
707,14416.819546763816,curtailment
708,15083.414604012025,curtailment
709,15669.25899521662,curtailment
710,17370.30717744947,curtailment
711,19996.710859629442,curtailment
712,22399.423075421622,curtailment
713,23972.797017816065,curtailment
714,26313.17772725675,curtailment
715,28597.347492567813,curtailment
716,30247.38866634496,curtailment
717,31465.846508546994,curtailment
718,31982.13786566708,curtailment
719,32067.678935989097,curtailment
720,31819.624918138386,curtailment
721,31390.731204437354,curtailment
722,31067.649010818386,curtailment
723,30831.021558502493,curtailment
724,30680.23547640709,curtailment
725,30282.277088001087,curtailment
726,28539.67016555252,curtailment
727,26704.93642278442,curtailment
728,25197.888029974492,curtailment
729,23440.83495046874,curtailment
730,21941.186863967836,curtailment
731,20636.75980397033,curtailment
732,19512.7963128149,curtailment
733,18501.97075626335,curtailment
734,17071.117014411193,curtailment
735,16025.764266364411,curtailment
736,15900.824297618708,curtailment
737,15224.257166869094,curtailment
738,15079.980378679815,curtailment
739,14998.26308471578,curtailment
740,14915.59145551582,curtailment
741,14584.505508276754,curtailment
742,14372.499858280098,curtailment
743,13837.738151553987,curtailment
744,13163.604607323428,curtailment
745,12748.056718011669,curtailment
746,12719.553239138148,curtailment
747,13539.967001354467,curtailment
748,14704.54438835847,curtailment
749,15768.659286147187,curtailment
750,16086.152355134951,curtailment
751,16112.812641786792,curtailment
752,16548.92395709071,curtailment
753,17004.792521444477,curtailment
754,16982.65813900633,curtailment
755,17343.780796654995,curtailment
756,17102.063295132284,curtailment
757,16672.81993066566,curtailment
758,16481.447970963884,curtailment
759,16907.033557354585,curtailment
760,17225.208557615424,curtailment
761,16019.841174649933,curtailment
762,14478.88734783482,curtailment
763,12765.053080066817,curtailment
764,11694.740454122653,curtailment
765,10872.556018419218,curtailment
766,10238.631510520905,curtailment
767,9390.092333447581,curtailment
768,8584.238657920374,curtailment
769,8315.216435796992,curtailment
770,8625.606822571724,curtailment
771,9397.842944756952,curtailment
772,9716.396747171104,curtailment
773,9295.60693033708,curtailment
774,8138.509409020271,curtailment
775,7519.447823422289,curtailment
776,7336.454699635702,curtailment
777,7016.102364546576,curtailment
778,6840.195919008715,curtailment
779,7640.661824285521,curtailment
780,8344.145076613728,curtailment
781,8652.911317291833,curtailment
782,8703.434969906066,curtailment
783,8740.442187875607,curtailment
784,8553.701798945123,curtailment
785,7488.208139514038,curtailment
786,6690.549578569984,curtailment
787,6280.827780428328,curtailment
788,6397.0851883680425,curtailment
789,7163.0926231964,curtailment
790,8753.561603447753,curtailment
791,10557.28399707199,curtailment
792,11841.001254297049,curtailment
793,12409.324846307973,curtailment
794,13160.664060843801,curtailment
795,13768.523473294026,curtailment
796,13856.878890885308,curtailment
797,13232.372696775059,curtailment
798,11306.07035672189,curtailment
799,8821.537026937076,curtailment
800,6829.154601742272,curtailment
801,5658.592020607219,curtailment
802,5135.181297359618,curtailment
803,5146.375831302843,curtailment
804,5728.297167879844,curtailment
805,6429.445061470549,curtailment
806,6589.297915400592,curtailment
807,6717.098473046315,curtailment
808,6629.805620249305,curtailment
809,5269.306305011238,curtailment
810,4197.806839396581,curtailment
811,3829.183387700785,curtailment
812,4552.292553648983,curtailment
813,5689.234984811666,curtailment
814,7369.691333766919,curtailment
815,8941.09166257805,curtailment
816,10369.82344348903,curtailment
817,11653.378784778824,curtailment
818,13851.39805146473,curtailment
819,16333.206569699825,curtailment
820,17491.885528716924,curtailment
821,18574.249539075812,curtailment
822,19270.07490491,curtailment
823,20967.29777351555,curtailment
824,23973.40853091151,curtailment
825,26747.5981800679,curtailment
826,29789.81894068069,curtailment
827,33036.38509600621,curtailment
828,35784.62234625241,curtailment
829,38152.56561072377,curtailment
830,40182.708775688145,curtailment
831,42346.0574013876,curtailment
832,44292.50057546817,curtailment
833,45425.33301693439,curtailment
834,46542.29498792357,curtailment
835,47709.68918943549,curtailment
836,47874.77724825279,curtailment
837,47395.008941290005,curtailment
838,47644.82204454864,curtailment
839,47643.663594996375,curtailment
840,47507.99256378805,curtailment
841,47156.84014422711,curtailment
842,46583.24097704834,curtailment
843,45917.19689911685,curtailment
844,45453.502534491156,curtailment
845,44310.86923179095,curtailment
846,42239.98258842847,curtailment
847,40387.59464336047,curtailment
848,37710.6026290722,curtailment
849,35894.656161501895,curtailment
850,34464.113098538,curtailment
851,33681.11240466537,curtailment
852,33586.009804907815,curtailment
853,33328.46316699524,curtailment
854,32596.96771531181,curtailment
855,31046.68239944445,curtailment
856,28625.79884477143,curtailment
857,25477.16666602804,curtailment
858,22101.42182515333,curtailment
859,18524.09979537296,curtailment
860,15110.01830874393,curtailment
861,12480.725447124845,curtailment
862,11552.604906110859,curtailment
863,12055.432537113218,curtailment
864,13431.567186051594,curtailment
865,15044.340557185877,curtailment
866,17215.110141200894,curtailment
867,18339.41791721991,curtailment
868,19064.95675384639,curtailment
869,19216.474143638767,curtailment
870,18578.72802739891,curtailment
871,17908.506513175358,curtailment
872,17509.11821419018,curtailment
873,18386.810406492867,curtailment
874,19835.583729617236,curtailment
875,20227.85400806675,curtailment
876,20036.75819062489,curtailment
877,19867.171318871857,curtailment
878,19165.15441808399,curtailment
879,18246.01785696671,curtailment
880,17391.00426018101,curtailment
881,16731.815429733866,curtailment
882,16140.681288715587,curtailment
883,15554.463943742385,curtailment
884,14446.930321975,curtailment
885,13195.972267969508,curtailment
886,11589.618593855757,curtailment
887,10151.499499613314,curtailment
888,8736.073025273234,curtailment
889,7110.865497096627,curtailment
890,6084.759886924724,curtailment
891,6103.019777505682,curtailment
892,6911.4661328157135,curtailment
893,8973.57907434385,curtailment
894,11867.482275825156,curtailment
895,16199.012657353995,curtailment
896,20974.90810825983,curtailment
897,24883.688528793784,curtailment
898,27050.926434664998,curtailment
899,29406.160064176816,curtailment
900,31072.290248422854,curtailment
901,32909.93825337939,curtailment
902,34556.197835752224,curtailment
903,36921.3207983026,curtailment
904,39289.008249347666,curtailment
905,39932.5094393467,curtailment
906,40031.8045205782,curtailment
907,40446.594237022015,curtailment
908,41093.22562152034,curtailment
909,42898.39253635671,curtailment
910,45805.48370127328,curtailment
911,47496.95294785256,curtailment
912,49387.29864153618,curtailment
913,50223.79870291582,curtailment
914,49435.83468444677,curtailment
915,47377.598108405065,curtailment
916,44420.15138393398,curtailment
917,40633.27660778175,curtailment
918,36036.64640012476,curtailment
919,32471.3778020724,curtailment
920,31084.662436379942,curtailment
921,31248.574080359504,curtailment
922,32252.055972664246,curtailment
923,33710.71513108878,curtailment
924,34531.0629022932,curtailment
925,34911.910010263106,curtailment
926,35609.355366319076,curtailment
927,37298.94122631625,curtailment
928,39899.71037899134,curtailment
929,42697.94977113571,curtailment
930,44888.382892064416,curtailment
931,46561.399969024664,curtailment
932,47906.12658441505,curtailment
933,49276.40602201103,curtailment
934,49824.91754195701,curtailment
935,49762.33727160219,curtailment
936,49407.032477513734,curtailment
937,48586.92029636273,curtailment
938,48187.163053476106,curtailment
939,46617.53344290885,curtailment
940,44852.74018789908,curtailment
941,44031.60937529637,curtailment
942,42748.25299570514,curtailment
943,41626.06769689941,curtailment
944,40915.564304354375,curtailment
945,42534.42625583108,curtailment
946,45071.08597530272,curtailment
947,47064.860198566916,curtailment
948,48640.70332238086,curtailment
949,49956.91801743464,curtailment
950,51284.26840568398,curtailment
951,52456.87218630084,curtailment
952,53052.71888866568,curtailment
953,53290.35999989013,curtailment
954,54118.75241047605,curtailment
955,54751.15751016018,curtailment
956,55228.53545085195,curtailment
957,55346.68721764263,curtailment
958,54954.447389756846,curtailment
959,54511.50782833543,curtailment
960,54074.70240477514,curtailment
961,52197.00700106431,curtailment
962,50035.32496289393,curtailment
963,47743.61984886916,curtailment
964,45536.138956489434,curtailment
965,42809.370333713334,curtailment
966,38692.55817664751,curtailment
967,34764.541975571374,curtailment
968,30341.47484476985,curtailment
969,26137.455380928106,curtailment
970,22043.428876522346,curtailment
971,17364.993445384756,curtailment
972,12878.003051445368,curtailment
973,9710.286181740483,curtailment
974,8103.817607967034,curtailment
975,8514.331973898099,curtailment
976,9488.541503888195,curtailment
977,9695.913450063632,curtailment
978,10406.60787574252,curtailment
979,11398.370326370314,curtailment
980,13798.92255261955,curtailment
981,16960.300294857727,curtailment
982,21488.319986485156,curtailment
983,26007.717778061757,curtailment
984,27871.36581503242,curtailment
985,29274.20597449639,curtailment
986,30574.76835564106,curtailment
987,31088.642109316548,curtailment
988,32622.936215094596,curtailment
989,34938.34733598155,curtailment
990,36659.87976282191,curtailment
991,37690.841329009425,curtailment
992,37924.94308777148,curtailment
993,38603.41067213153,curtailment
994,39691.076012968224,curtailment
995,41621.606975361196,curtailment
996,42478.31899031736,curtailment
997,42997.82164452479,curtailment
998,43052.45397784318,curtailment
999,43050.11757972016,curtailment
1000,42605.93672470607,curtailment
1001,40767.49999839154,curtailment
1002,39390.15142485126,curtailment
1003,38448.98654905068,curtailment
1004,38436.21200385005,curtailment
1005,38434.06767765874,curtailment
1006,38597.97002978221,curtailment
1007,38202.62745243735,curtailment
1008,36544.32933722593,curtailment
1009,34683.343943457745,curtailment
1010,32885.02263443517,curtailment
1011,30626.11966994626,curtailment
1012,27070.859356887013,curtailment
1013,22320.210872673455,curtailment
1014,16573.40430735398,curtailment
1015,11520.059440786014,curtailment
1016,7394.778024652456,curtailment
1017,4880.740620116867,curtailment
1018,4658.240664128607,curtailment
1019,5922.22765763857,curtailment
1020,8290.659369277828,curtailment
1021,10725.111628791765,curtailment
1022,12517.679551768892,curtailment
1023,14169.828023522778,curtailment
1024,16814.42428371208,curtailment
1025,19143.76520050592,curtailment
1026,21800.97592730334,curtailment
1027,24953.317574041725,curtailment
1028,28053.48995917912,curtailment
1029,29753.298726209185,curtailment
1030,31458.938383666788,curtailment
1031,33909.758702288054,curtailment
1032,36272.51414087477,curtailment
1033,37768.17536458821,curtailment
1034,38884.13626448801,curtailment
1035,39206.544902808906,curtailment
1036,38367.01494742545,curtailment
1037,36555.51287212575,curtailment
1038,33836.99364357894,curtailment
1039,31018.714910325958,curtailment
1040,28058.65656534367,curtailment
1041,26295.917772184803,curtailment
1042,25562.198623021828,curtailment
1043,24737.60466286907,curtailment
1044,24613.191700400486,curtailment
1045,24545.924319294754,curtailment
1046,24193.115839762322,curtailment
1047,25012.16578880256,curtailment
1048,25701.422426736222,curtailment
1049,24272.20900140924,curtailment
1050,22432.552447639304,curtailment
1051,21586.795430423947,curtailment
1052,21486.79188960304,curtailment
1053,21156.329330426663,curtailment
1054,21286.931099635323,curtailment
1055,21474.5875482138,curtailment
1056,21276.926856271584,curtailment
1057,21247.340803685984,curtailment
1058,20932.08186578687,curtailment
1059,19305.794604838964,curtailment
1060,16009.57459671228,curtailment
1061,13017.084623946277,curtailment
1062,11563.870325350446,curtailment
1063,11502.478377554451,curtailment
1064,11959.740291089727,curtailment
1065,12702.83727502947,curtailment
1066,14263.876736468672,curtailment
1067,15699.415710910378,curtailment
1068,16189.551538110642,curtailment
1069,16055.750823973533,curtailment
1070,15413.79389362725,curtailment
1071,14054.55892122216,curtailment
1072,12448.666632695555,curtailment
1073,11247.012228980846,curtailment
1074,10130.59718752943,curtailment
1075,9667.386490147552,curtailment
1076,9876.235741685412,curtailment
1077,10585.366688313294,curtailment
1078,11334.632857134664,curtailment
1079,11677.493507039886,curtailment
1080,11936.489011965574,curtailment
1081,11084.997087141972,curtailment
1082,10070.3664888263,curtailment
1083,9454.708235332342,curtailment
1084,8969.82766339909,curtailment
1085,8439.24634032261,curtailment
1086,7438.816895656124,curtailment
1087,6467.322368060276,curtailment
1088,6444.445737059368,curtailment
1089,7223.226261572343,curtailment
1090,7695.666493282501,curtailment
1091,8479.233844126062,curtailment
1092,9579.051490440532,curtailment
1093,10572.527487873835,curtailment
1094,11573.876151742781,curtailment
1095,13031.85892744999,curtailment
1096,15874.395343284436,curtailment
1097,18521.025131927294,curtailment
1098,20342.687424158175,curtailment
1099,21892.293341244564,curtailment
1100,22942.49165246005,curtailment
1101,23633.117653816702,curtailment
1102,24190.97510018559,curtailment
1103,24672.278432563107,curtailment
1104,24894.196438258412,curtailment
1105,24824.83163216537,curtailment
1106,24817.610386994387,curtailment
1107,24797.576112688515,curtailment
1108,24772.359387665554,curtailment
1109,25019.36113662973,curtailment
1110,24825.84596819091,curtailment
1111,24788.91222262568,curtailment
1112,24990.83370259569,curtailment
1113,24640.419467457697,curtailment
1114,24571.41701132152,curtailment
1115,26103.91004552205,curtailment
1116,28661.39227062941,curtailment
1117,29182.605566175407,curtailment
1118,28523.578607272473,curtailment
1119,27241.25501487776,curtailment
1120,26512.767248335036,curtailment
1121,25664.324271314275,curtailment
1122,24019.98113410495,curtailment
1123,22880.656206921034,curtailment
1124,21614.764881786818,curtailment
1125,21049.98367504958,curtailment
1126,20367.32299654822,curtailment
1127,19705.028534454374,curtailment
1128,18955.56288158443,curtailment
1129,17667.90818566664,curtailment
1130,16291.600143906206,curtailment
1131,14794.403541127092,curtailment
1132,13207.979884675337,curtailment
1133,12223.198055034547,curtailment
1134,10179.431137089017,curtailment
1135,8731.609123701626,curtailment
1136,8001.546865635602,curtailment
1137,7585.857020294047,curtailment
1138,7478.120619043851,curtailment
1139,7241.564251755766,curtailment
1140,7538.638014859582,curtailment
1141,7885.228755746703,curtailment
1142,8308.552802772827,curtailment
1143,8899.080821984218,curtailment
1144,10405.517018222024,curtailment
1145,12660.20573113419,curtailment
1146,15447.524818781814,curtailment
1147,17936.590476315945,curtailment
1148,19471.412437939252,curtailment
1149,20132.172427155354,curtailment
1150,20128.34108464575,curtailment
1151,19261.38908089066,curtailment
1152,18538.074281739093,curtailment
1153,16995.671894941966,curtailment
1154,15866.014740301967,curtailment
1155,15122.981108524576,curtailment
1156,14599.318231542078,curtailment
1157,14095.319065598278,curtailment
1158,13428.001410728888,curtailment
1159,13034.23522532002,curtailment
1160,13057.704597349155,curtailment
1161,13355.817038062936,curtailment
1162,13830.304457904771,curtailment
1163,14873.711277411448,curtailment
1164,16010.17321687656,curtailment
1165,16252.598392833152,curtailment
1166,15714.325779521703,curtailment
1167,14778.505813123089,curtailment
1168,14595.238181586388,curtailment
1169,15028.512971480493,curtailment
1170,16027.39232229125,curtailment
1171,17635.026883831295,curtailment
1172,19367.120231314617,curtailment
1173,20808.102015072065,curtailment
1174,21461.9373445945,curtailment
1175,21610.554534209765,curtailment
1176,21947.890685446644,curtailment
1177,22392.985943381238,curtailment
1178,23246.01637854654,curtailment
1179,23987.498168929473,curtailment
1180,24167.111067834016,curtailment
1181,24896.83465970029,curtailment
1182,25826.2208084946,curtailment
1183,27169.61467234644,curtailment
1184,27961.585584631095,curtailment
1185,29975.047934932303,curtailment
1186,32641.287886856662,curtailment
1187,35258.99615738762,curtailment
1188,37419.557815726585,curtailment
1189,39117.85910687377,curtailment
1190,40559.59378486437,curtailment
1191,41635.768186054745,curtailment
1192,41879.20772373927,curtailment
1193,40863.212078634315,curtailment
1194,38922.46078402686,curtailment
1195,37438.38413700012,curtailment
1196,36517.202944658144,curtailment
1197,35955.69774887667,curtailment
1198,36026.37181606456,curtailment
1199,36105.74994270296,curtailment
1200,34958.18375320972,curtailment
1201,33568.273849697245,curtailment
1202,32236.475274612723,curtailment
1203,30571.187750843306,curtailment
1204,28381.07895265466,curtailment
1205,25045.99809986408,curtailment
1206,21377.24353855165,curtailment
1207,17765.5112496242,curtailment
1208,15145.913371433806,curtailment
1209,14144.854469073553,curtailment
1210,13711.732758316166,curtailment
1211,14265.360281202064,curtailment
1212,15054.464762680898,curtailment
1213,15329.647775736414,curtailment
1214,15038.55749635115,curtailment
1215,13822.189695999841,curtailment
1216,13282.165154816628,curtailment
1217,13292.07119280394,curtailment
1218,13218.48912568692,curtailment
1219,13676.90207438573,curtailment
1220,15082.940015960981,curtailment
1221,16978.61247987815,curtailment
1222,18811.38361387253,curtailment
1223,20485.9910749619,curtailment
1224,22379.41312384318,curtailment
1225,24291.831899124023,curtailment
1226,25425.864474588278,curtailment
1227,26288.14638516775,curtailment
1228,26503.748736246875,curtailment
1229,27066.9505034701,curtailment
1230,25684.647426205687,curtailment
1231,23749.38156057352,curtailment
1232,22169.137160711034,curtailment
1233,20909.963986661147,curtailment
1234,20111.243586738303,curtailment
1235,19163.370114579782,curtailment
1236,18010.64355841007,curtailment
1237,16640.416197822706,curtailment
1238,14792.888875880562,curtailment
1239,12552.834939108536,curtailment
1240,10957.222426062553,curtailment
1241,9436.645106756594,curtailment
1242,8544.993723018015,curtailment
1243,8998.89109244568,curtailment
1244,9962.853154162121,curtailment
1245,11013.447369548256,curtailment
1246,12808.618160511203,curtailment
1247,14828.414995375566,curtailment
1248,15937.523874323919,curtailment
1249,15611.632426876786,curtailment
1250,14984.796868727404,curtailment
1251,14333.246524795179,curtailment
1252,14099.782545469208,curtailment
1253,13939.761937957393,curtailment
1254,13340.160628899368,curtailment
1255,13357.62748476134,curtailment
1256,13931.46484760712,curtailment
1257,15466.363571436825,curtailment
1258,15104.622538742391,curtailment
1259,13672.611604366026,curtailment
1260,11857.860001371813,curtailment
1261,9870.838243587736,curtailment
1262,8429.002882726767,curtailment
1263,7638.188100744554,curtailment
1264,7037.784144364348,curtailment
1265,6715.371775852469,curtailment
1266,6730.5893858114105,curtailment
1267,7153.803946532895,curtailment
1268,8488.284828228538,curtailment
1269,10341.9944583904,curtailment
1270,11679.755311092416,curtailment
1271,12296.759007140696,curtailment
1272,12633.747593349548,curtailment
1273,12206.688144940474,curtailment
1274,11628.415093545274,curtailment
1275,11532.998276074006,curtailment
1276,11203.212757751484,curtailment
1277,10395.750840374543,curtailment
1278,8951.678825228404,curtailment
1279,8174.02905491364,curtailment
1280,7589.452088660639,curtailment
1281,7916.629044242547,curtailment
1282,8336.810877960377,curtailment
1283,8305.811848957026,curtailment
1284,8086.053792928746,curtailment
1285,7532.06847013623,curtailment
1286,7204.173082976812,curtailment
1287,6917.597282220579,curtailment
1288,7310.836233509776,curtailment
1289,8900.463666997073,curtailment
1290,10828.908360719377,curtailment
1291,12773.806347172442,curtailment
1292,13898.64612470623,curtailment
1293,14560.95526637901,curtailment
1294,14796.614488794306,curtailment
1295,14822.903946271079,curtailment
1296,15006.176718375038,curtailment
1297,14645.319864241006,curtailment
1298,13829.453237869286,curtailment
1299,12550.15808490808,curtailment
1300,11519.280471964776,curtailment
1301,10884.875014593104,curtailment
1302,9696.264094387541,curtailment
1303,8300.951622747327,curtailment
1304,6622.230855603802,curtailment
1305,5426.174504994877,curtailment
1306,4930.145786592124,curtailment
1307,5250.4006782120705,curtailment
1308,6259.76708235102,curtailment
1309,7054.870676110098,curtailment
1310,7632.702295649351,curtailment
1311,7556.21539006282,curtailment
1312,7603.284775749197,curtailment
1313,7804.688413919953,curtailment
1314,7701.884171338894,curtailment
1315,7452.027206948236,curtailment
1316,6945.741805981021,curtailment
1317,5949.14995587195,curtailment
1318,4991.550013172645,curtailment
1319,4069.998942266974,curtailment
1320,3808.0414705565636,curtailment
1321,4023.430041831306,curtailment
1322,4614.008261535957,curtailment
1323,5412.5956756991045,curtailment
1324,6067.549429512794,curtailment
1325,6492.121042708343,curtailment
1326,5891.074131292851,curtailment
1327,5172.459355469931,curtailment
1328,4796.573878454411,curtailment
1329,5009.249723403564,curtailment
1330,5724.458343733762,curtailment
1331,7226.024497189639,curtailment
1332,8842.410881241076,curtailment
1333,10162.728707721326,curtailment
1334,11236.667795561458,curtailment
1335,12102.835447817768,curtailment
1336,12687.1437878352,curtailment
1337,13604.758533048833,curtailment
1338,14467.812346093819,curtailment
1339,14176.084925796444,curtailment
1340,12917.07495164525,curtailment
1341,12250.994753561712,curtailment
1342,11615.347783408288,curtailment
1343,10405.568274384394,curtailment
1344,8967.283839874875,curtailment
1345,7998.311668033577,curtailment
1346,6690.041701225526,curtailment
1347,5603.944524298846,curtailment
1348,4881.906937446604,curtailment
1349,4223.361422216902,curtailment
1350,2872.956139233227,curtailment
1351,1600.365885366712,curtailment
1352,554.7081277380321,curtailment
1353,410.8267496547014,curtailment
1354,806.2932476314945,curtailment
1355,1492.3252569322012,curtailment
1356,2520.7757671496947,curtailment
1357,3432.5788356931334,curtailment
1358,3981.782769316309,curtailment
1359,3913.1519219659895,curtailment
1360,3821.2813937969095,curtailment
1361,3981.6423266898446,curtailment
1362,4243.8295027843305,curtailment
1363,4713.984426965462,curtailment
1364,5175.194285900005,curtailment
1365,5847.777013135905,curtailment
1366,6697.642963470485,curtailment
1367,7634.237630918475,curtailment
1368,8771.834235602411,curtailment
1369,9751.504107204095,curtailment
1370,10688.222752848485,curtailment
1371,11334.654060107849,curtailment
1372,11658.93202483986,curtailment
1373,11839.461645968733,curtailment
1374,11159.449281923553,curtailment
1375,9970.17054426203,curtailment
1376,8856.966932134397,curtailment
1377,8256.150500264384,curtailment
1378,9334.409796054064,curtailment
1379,11900.173198422803,curtailment
1380,15093.559572428552,curtailment
1381,17362.00593833138,curtailment
1382,18587.632624258615,curtailment
1383,18986.157375781502,curtailment
1384,20211.576074056553,curtailment
1385,22035.750997314342,curtailment
1386,23115.26952646385,curtailment
1387,23551.719027549392,curtailment
1388,23725.480410810553,curtailment
1389,23463.62525658143,curtailment
1390,23597.615002596,curtailment
1391,24263.032552536475,curtailment
1392,24753.279364743874,curtailment
1393,24913.48119930739,curtailment
1394,25001.068155152287,curtailment
1395,24844.328635351423,curtailment
1396,24617.298325501113,curtailment
1397,24074.978095157807,curtailment
1398,21559.537794173448,curtailment
1399,19176.455652355984,curtailment
1400,16911.60452441948,curtailment
1401,13813.107134273774,curtailment
1402,10155.470376526597,curtailment
1403,7120.666624986583,curtailment
1404,5187.61197917996,curtailment
1405,4455.7075711860125,curtailment
1406,4420.4622087849,curtailment
1407,4534.9467433769405,curtailment
1408,4624.3295239719055,curtailment
1409,4412.4984103497845,curtailment
1410,3916.388056848561,curtailment
1411,3474.3177970497472,curtailment
1412,2658.116040448296,curtailment
1413,1682.7643963434302,curtailment
1414,1129.4538689791052,curtailment
1415,1049.8073236523878,curtailment
1416,1530.2214883533525,curtailment
1417,1962.588479956311,curtailment
1418,3011.4649517453927,curtailment
1419,4307.693347927417,curtailment
1420,5277.202948648659,curtailment
1421,5564.831782540404,curtailment
1422,4706.410046899531,curtailment
1423,3671.1409384549934,curtailment
1424,2657.8682916972575,curtailment
1425,2170.3525923960206,curtailment
1426,2064.1739189785785,curtailment
1427,1527.571825517758,curtailment
1428,749.7217838069973,curtailment
1429,0.0,curtailment
1430,0.0,curtailment
1431,0.0,curtailment
1432,0.0,curtailment
1433,0.0,curtailment
1434,0.0,curtailment
1435,0.0,curtailment
1436,0.0,curtailment
1437,0.0,curtailment
1438,0.0,curtailment
1439,0.0,curtailment
1440,0.0,curtailment
1441,0.0,curtailment
1442,0.0,curtailment
1443,78.9055157117973,curtailment
1444,555.8755631106369,curtailment
1445,891.3803846731307,curtailment
1446,695.8388737119767,curtailment
1447,629.7996178408212,curtailment
1448,1273.2812224132103,curtailment
1449,3329.542818459102,curtailment
1450,5432.8724778052765,curtailment
1451,6953.939731665787,curtailment
1452,8606.40346026102,curtailment
1453,10225.227563906294,curtailment
1454,11945.028391981103,curtailment
1455,13557.024813219889,curtailment
1456,15865.933284217455,curtailment
1457,18764.114264621894,curtailment
1458,21781.803797796143,curtailment
1459,23510.412059198752,curtailment
1460,26043.157033094736,curtailment
1461,28367.882211797973,curtailment
1462,30889.879679332083,curtailment
1463,32210.971581466405,curtailment
1464,32883.71144435159,curtailment
1465,35077.62318748615,curtailment
1466,36894.340812528564,curtailment
1467,38461.94037029747,curtailment
1468,39622.19124625307,curtailment
1469,40205.34751815895,curtailment
1470,39984.159310366085,curtailment
1471,40156.50706604644,curtailment
1472,39675.92293559313,curtailment
1473,39362.67514154193,curtailment
1474,40695.64400002831,curtailment
1475,41316.85777725892,curtailment
1476,40677.375952276554,curtailment
1477,37897.014202408995,curtailment
1478,34144.7462684586,curtailment
1479,30022.07534620021,curtailment
1480,26041.476537207243,curtailment
1481,21658.025214069414,curtailment
1482,19855.227647433287,curtailment
1483,18486.672497478554,curtailment
1484,16043.39255470565,curtailment
1485,14197.770392052864,curtailment
1486,14683.323706375086,curtailment
1487,15879.097278129331,curtailment
1488,16743.669954160086,curtailment
1489,20566.277652953144,curtailment
1490,27108.929612027037,curtailment
1491,32074.49034819009,curtailment
1492,35218.588981427776,curtailment
1493,38197.50703239194,curtailment
1494,37334.91266244326,curtailment
1495,36439.842954442785,curtailment
1496,35836.509478382664,curtailment
1497,34410.55117943758,curtailment
1498,34542.18848576133,curtailment
1499,34747.77062951307,curtailment
1500,34786.345649860974,curtailment
1501,33662.87430487819,curtailment
1502,31447.020259690078,curtailment
1503,30081.99036118464,curtailment
1504,30702.591544809336,curtailment
1505,31337.521246166514,curtailment
1506,32490.314801602348,curtailment
1507,34494.44527144019,curtailment
1508,36499.56125498749,curtailment
1509,39181.8620673505,curtailment
1510,41145.04704210826,curtailment
1511,41801.720688292946,curtailment
1512,41451.02522816059,curtailment
1513,40146.946303658515,curtailment
1514,38816.39228625726,curtailment
1515,37383.972698179394,curtailment
1516,36276.484965401054,curtailment
1517,34919.6215767063,curtailment
1518,32497.526108821017,curtailment
1519,29958.378734943144,curtailment
1520,28132.470576849,curtailment
1521,27074.018556753275,curtailment
1522,26794.0897403959,curtailment
1523,26499.397929845567,curtailment
1524,25692.112303076978,curtailment
1525,23773.559711485956,curtailment
1526,20948.184744772127,curtailment
1527,17627.159968930602,curtailment
1528,13598.512860552797,curtailment
1529,10232.310980502676,curtailment
1530,8565.61382600058,curtailment
1531,7651.729760072516,curtailment
1532,7441.21107270917,curtailment
1533,6940.148089239732,curtailment
1534,6134.907278684091,curtailment
1535,4985.923739236869,curtailment
1536,4820.36478199898,curtailment
1537,5088.002992035358,curtailment
1538,6130.375337113895,curtailment
1539,7725.290186737085,curtailment
1540,8808.004503792396,curtailment
1541,9500.759510463655,curtailment
1542,10507.171196523193,curtailment
1543,11783.855584335242,curtailment
1544,13307.332432720606,curtailment
1545,15593.743232894063,curtailment
1546,18998.4707898589,curtailment
1547,22266.02631369148,curtailment
1548,24140.246461418148,curtailment
1549,26328.350193772483,curtailment
1550,29053.867978938015,curtailment
1551,32090.892578532883,curtailment
1552,35715.727807364616,curtailment
1553,37849.36322178946,curtailment
1554,38173.09907382239,curtailment
1555,38206.59061863269,curtailment
1556,37937.25853302757,curtailment
1557,36744.31187350658,curtailment
1558,34811.25191195065,curtailment
1559,32696.04053217313,curtailment
1560,30857.199356847632,curtailment
1561,29660.19183492986,curtailment
1562,28250.615394407294,curtailment
1563,26614.466003668967,curtailment
1564,24859.471898387677,curtailment
1565,23605.308210431973,curtailment
1566,22733.581311269023,curtailment
1567,22268.757833940414,curtailment
1568,21597.219529601167,curtailment
1569,21197.09539941271,curtailment
1570,21187.080474405033,curtailment
1571,21873.87214161516,curtailment
1572,24356.16845096669,curtailment
1573,29227.420679704468,curtailment
1574,34012.11916163341,curtailment
1575,39141.763254501915,curtailment
1576,43122.986148434116,curtailment
1577,44461.06991590014,curtailment
1578,42742.483562521695,curtailment
1579,40654.88016125821,curtailment
1580,40001.07548579796,curtailment
1581,38795.824533241954,curtailment
1582,38682.22834450956,curtailment
1583,38159.865875244985,curtailment
1584,37387.3507182415,curtailment
1585,38319.264518062744,curtailment
1586,38727.180004733964,curtailment
1587,39297.208798885564,curtailment
1588,41130.69707719442,curtailment
1589,44488.72371218165,curtailment
1590,47132.05207212117,curtailment
1591,49195.719751892444,curtailment
1592,51040.956694747154,curtailment
1593,53429.41339302808,curtailment
1594,54998.5891599839,curtailment
1595,55235.8602197288,curtailment
1596,54499.015996457165,curtailment
1597,53212.560210081705,curtailment
1598,52073.63623366215,curtailment
1599,50543.062680216455,curtailment
1600,47498.44296634271,curtailment
1601,43188.29717498903,curtailment
1602,39609.925577401096,curtailment
1603,36754.98502531981,curtailment
1604,34406.768958122964,curtailment
1605,32414.266655230058,curtailment
1606,31411.07545279849,curtailment
1607,31026.6690182023,curtailment
1608,30223.18921014586,curtailment
1609,30475.75140368779,curtailment
1610,31489.749672343496,curtailment
1611,33210.364452360984,curtailment
1612,35393.1781304726,curtailment
1613,38449.08724386014,curtailment
1614,41625.1912633884,curtailment
1615,44555.80580750548,curtailment
1616,46814.464769533646,curtailment
1617,49367.953118095,curtailment
1618,51800.28088434524,curtailment
1619,53631.04243151617,curtailment
1620,55313.16098355746,curtailment
1621,56137.036557385625,curtailment
1622,55978.123544994174,curtailment
1623,55250.84974858988,curtailment
1624,53871.9661637037,curtailment
1625,52227.37600179713,curtailment
1626,50940.716410117675,curtailment
1627,50159.12322153469,curtailment
1628,49746.08709033988,curtailment
1629,49473.06651026014,curtailment
1630,49571.77934137364,curtailment
1631,50492.2691589638,curtailment
1632,51821.277165267275,curtailment
1633,51631.76255653464,curtailment
1634,50359.84382158747,curtailment
1635,48521.69876566494,curtailment
1636,45269.44371464603,curtailment
1637,40535.88430797777,curtailment
1638,34255.00779108729,curtailment
1639,27120.638688797655,curtailment
1640,20901.099151507497,curtailment
1641,18204.837841845583,curtailment
1642,15228.413057683418,curtailment
1643,12016.9073991287,curtailment
1644,9469.71063949904,curtailment
1645,7728.907579663238,curtailment
1646,6721.311414850852,curtailment
1647,5911.402973728318,curtailment
1648,5648.495965147778,curtailment
1649,5486.773749481625,curtailment
1650,4996.98044025651,curtailment
1651,4001.909628505069,curtailment
1652,3521.170489064307,curtailment
1653,3879.6804037125603,curtailment
1654,4465.367228670228,curtailment
1655,4655.197931947634,curtailment
1656,4445.652941292756,curtailment
1657,3327.6720910390304,curtailment
1658,2263.7096107575435,curtailment
1659,1270.3375814637502,curtailment
1660,373.9843533506546,curtailment
1661,0.0,curtailment
1662,0.0,curtailment
1663,0.0,curtailment
1664,0.0,curtailment
1665,0.0,curtailment
1666,0.0,curtailment
1667,0.0,curtailment
1668,0.0,curtailment
1669,0.0,curtailment
1670,2002.6030481459493,curtailment
1671,4446.730710774555,curtailment
1672,5823.75350472985,curtailment
1673,6587.869490178051,curtailment
1674,8079.650103810689,curtailment
1675,9314.442677747998,curtailment
1676,10421.182022678078,curtailment
1677,10306.521108925299,curtailment
1678,9693.276995840542,curtailment
1679,9046.15025709034,curtailment
1680,8600.368335497364,curtailment
1681,8166.777837854012,curtailment
1682,8190.448868519571,curtailment
1683,8882.966404371882,curtailment
1684,10008.515035124019,curtailment
1685,11738.9159419522,curtailment
1686,13540.707431079167,curtailment
1687,16275.906752957068,curtailment
1688,20303.717890288986,curtailment
1689,25275.117066746316,curtailment
1690,30092.927701054217,curtailment
1691,34013.21069798722,curtailment
1692,36803.27433962566,curtailment
1693,38633.3691909355,curtailment
1694,39240.762888965895,curtailment
1695,39311.53144045318,curtailment
1696,39232.802049364225,curtailment
1697,39631.52082857308,curtailment
1698,40315.51907686113,curtailment
1699,40969.91871786483,curtailment
1700,40535.672533659104,curtailment
1701,39407.73224268947,curtailment
1702,37592.582479915305,curtailment
1703,36122.37984995406,curtailment
1704,36410.53481073273,curtailment
1705,37150.8763668479,curtailment
1706,37503.956374350484,curtailment
1707,37142.17109036785,curtailment
1708,36646.12933453343,curtailment
1709,37621.44281607422,curtailment
1710,38074.35966796266,curtailment
1711,38948.58392526689,curtailment
1712,40406.9982937825,curtailment
1713,41743.29677096391,curtailment
1714,41114.26054135882,curtailment
1715,39481.341966971406,curtailment
1716,36946.17013630938,curtailment
1717,34397.89320395003,curtailment
1718,33370.859381181,curtailment
1719,32112.394009385476,curtailment
1720,31203.922533675788,curtailment
1721,31319.12587357094,curtailment
1722,31756.54084875538,curtailment
1723,31703.21874913697,curtailment
1724,31495.331130836752,curtailment
1725,31206.72718281579,curtailment
1726,30632.39590853875,curtailment
1727,29643.67077712306,curtailment
1728,29021.602778847995,curtailment
1729,28240.711596890455,curtailment
1730,28144.758953661294,curtailment
1731,26388.839937189492,curtailment
1732,23842.381570193582,curtailment
1733,22031.532837164057,curtailment
1734,21833.69347427054,curtailment
1735,21693.63512264934,curtailment
1736,22520.693774591007,curtailment
1737,24707.01416838866,curtailment
1738,27088.35361148986,curtailment
1739,27113.41193154123,curtailment
1740,25517.758530816256,curtailment
1741,21487.13304230365,curtailment
1742,17347.75764505357,curtailment
1743,15511.080208995298,curtailment
1744,15756.771177798835,curtailment
1745,16677.350438035646,curtailment
1746,17538.655040405974,curtailment
1747,17578.127470736374,curtailment
1748,17623.610781573458,curtailment
1749,17690.677080280748,curtailment
1750,18310.378951790568,curtailment
1751,18113.537990025525,curtailment
1752,17146.625750915537,curtailment
1753,16391.23035000394,curtailment
1754,15776.291672293359,curtailment
1755,14850.576914780253,curtailment
1756,13980.430346989615,curtailment
1757,13197.567706664337,curtailment
1758,12553.069330672919,curtailment
1759,12185.406149054419,curtailment
1760,13381.736354949571,curtailment
1761,16549.926701986926,curtailment
1762,19572.173952305948,curtailment
1763,21870.722671515367,curtailment
1764,23669.030305228316,curtailment
1765,26457.816855589397,curtailment
1766,29973.906053993294,curtailment
1767,33523.452436544685,curtailment
1768,36689.92355647647,curtailment
1769,39480.260090917836,curtailment
1770,43270.451358824066,curtailment
1771,45648.15137573195,curtailment
1772,47387.29241653535,curtailment
1773,47434.27380570665,curtailment
1774,46482.12882743567,curtailment
1775,45261.86123891495,curtailment
1776,43777.2634039902,curtailment
1777,41891.50937341884,curtailment
1778,40253.06377930709,curtailment
1779,38356.08685746086,curtailment
1780,36443.24555154963,curtailment
1781,34272.65630338809,curtailment
1782,30599.587159596733,curtailment
1783,27585.66777825058,curtailment
1784,24679.08054155809,curtailment
1785,23907.37788596484,curtailment
1786,23828.890235503954,curtailment
1787,22493.51729653075,curtailment
1788,19988.861288274544,curtailment
1789,17212.052374758212,curtailment
1790,15399.425102828938,curtailment
1791,14810.000794198204,curtailment
1792,15461.68733861396,curtailment
1793,17437.065195024392,curtailment
1794,21197.22669160179,curtailment
1795,25853.430198864953,curtailment
1796,30537.081624351664,curtailment
1797,35298.93685383365,curtailment
1798,39049.466046381305,curtailment
1799,43642.779903237104,curtailment
1800,47607.2628963955,curtailment
1801,49736.195380014586,curtailment
1802,51614.425460225706,curtailment
1803,53061.18465455566,curtailment
1804,53002.56446635907,curtailment
1805,52353.88609124019,curtailment
1806,51000.88445158762,curtailment
1807,50067.43344817342,curtailment
1808,49957.16835588903,curtailment
1809,50673.924196709166,curtailment
1810,51422.95722841208,curtailment
1811,52559.139859067494,curtailment
1812,53513.58923769937,curtailment
1813,53615.437416024375,curtailment
1814,53291.24504631112,curtailment
1815,52799.253013125475,curtailment
1816,52374.8147823204,curtailment
1817,51715.4712628788,curtailment
1818,51258.330513618595,curtailment
1819,51304.445986602834,curtailment
1820,51927.15941329913,curtailment
1821,52184.694868916675,curtailment
1822,52513.374386740055,curtailment
1823,52681.96827553374,curtailment
1824,52755.655451392115,curtailment
1825,52494.87931150589,curtailment
1826,52348.0190833928,curtailment
1827,51504.221489774434,curtailment
1828,51097.17866411987,curtailment
1829,50495.410596094756,curtailment
1830,49131.22897560017,curtailment
1831,47580.39636741051,curtailment
1832,46173.78242474671,curtailment
1833,45812.74494812159,curtailment
1834,44499.93131564952,curtailment
1835,42786.5838233133,curtailment
1836,41636.79588512078,curtailment
1837,40831.27975843494,curtailment
1838,39983.306251533926,curtailment
1839,38515.4399544407,curtailment
1840,35546.79010939578,curtailment
1841,32578.554436346236,curtailment
1842,30715.20893127879,curtailment
1843,28835.258737011387,curtailment
1844,27276.01538150143,curtailment
1845,25473.721209612893,curtailment
1846,23455.99328769632,curtailment
1847,20446.913646300596,curtailment
1848,17838.24807863222,curtailment
1849,15553.324632281612,curtailment
1850,13515.005957932846,curtailment
1851,11328.58391194028,curtailment
1852,9645.926841576515,curtailment
1853,8188.655329170811,curtailment
1854,5956.544690965016,curtailment
1855,3246.4938345129567,curtailment
1856,1120.4979715569116,curtailment
1857,423.6655515366583,curtailment
1858,570.4038115578487,curtailment
1859,1428.373361705152,curtailment
1860,2621.392948374554,curtailment
1861,3523.80776603056,curtailment
1862,3866.119505071346,curtailment
1863,3836.8079622278083,curtailment
1864,3683.4809341997316,curtailment
1865,3454.384289696165,curtailment
1866,4151.786814172892,curtailment
1867,5386.752917371756,curtailment
1868,8100.782331579672,curtailment
1869,11565.275388680213,curtailment
1870,14696.228716598871,curtailment
1871,16870.442550844746,curtailment
1872,18817.932357671416,curtailment
1873,20839.30430664717,curtailment
1874,22037.744051090904,curtailment
1875,23010.93510396029,curtailment
1876,23436.867735169526,curtailment
1877,24186.3620847941,curtailment
1878,23723.919825113448,curtailment
1879,22454.13879111304,curtailment
1880,19788.81628221405,curtailment
1881,18539.70951629302,curtailment
1882,19614.294600204008,curtailment
1883,20541.457709262002,curtailment
1884,20495.76412666252,curtailment
1885,20191.992463490835,curtailment
1886,19989.103320320013,curtailment
1887,19175.09066557724,curtailment
1888,17247.286345311128,curtailment
1889,15215.309634414323,curtailment
1890,14094.811374548206,curtailment
1891,13269.87790719519,curtailment
1892,13452.645462413462,curtailment
1893,14509.883883982899,curtailment
1894,16112.076061407406,curtailment
1895,18283.318939686113,curtailment
1896,20367.67005040731,curtailment
1897,23369.248298951552,curtailment
1898,25481.356234316605,curtailment
1899,27353.869766012125,curtailment
1900,28206.861773218247,curtailment
1901,28742.020088807032,curtailment
1902,29180.006460595105,curtailment
1903,29565.010548116596,curtailment
1904,30616.35359489077,curtailment
1905,31764.177421200675,curtailment
1906,33836.44296764242,curtailment
1907,35920.8536009736,curtailment
1908,35999.34079915458,curtailment
1909,34903.30445824482,curtailment
1910,33357.95172539561,curtailment
1911,31580.187679350394,curtailment
1912,29192.78879592819,curtailment
1913,26479.91320106842,curtailment
1914,23642.496495761494,curtailment
1915,20979.686235572757,curtailment
1916,19058.646127665826,curtailment
1917,16848.81770556446,curtailment
1918,13850.160855869162,curtailment
1919,11873.390746351413,curtailment
1920,10196.424883055788,curtailment
1921,6783.4871172696385,curtailment
1922,3920.7571186024124,curtailment
1923,2390.0303657880595,curtailment
1924,1841.7817932781563,curtailment
1925,405.98331187252643,curtailment
1926,0.0,curtailment
1927,542.2516345556787,curtailment
1928,1838.855266669285,curtailment
1929,2914.004113035502,curtailment
1930,4280.916901288536,curtailment
1931,6095.082180763676,curtailment
1932,7945.709207795307,curtailment
1933,10193.857669426636,curtailment
1934,12316.549458166148,curtailment
1935,14183.470482411276,curtailment
1936,14977.09435835647,curtailment
1937,15220.402596367554,curtailment
1938,17135.319057100118,curtailment
1939,19522.69324317193,curtailment
1940,20800.09955167389,curtailment
1941,21793.46278375238,curtailment
1942,22264.74337394852,curtailment
1943,22377.033204796455,curtailment
1944,21950.056573790847,curtailment
1945,21762.681244805644,curtailment
1946,21032.34400653553,curtailment
1947,19970.90929026467,curtailment
1948,17176.03902090115,curtailment
1949,15533.379299117176,curtailment
1950,14504.45586559496,curtailment
1951,13529.506622200348,curtailment
1952,14658.85233208878,curtailment
1953,18320.97225271441,curtailment
1954,21967.267949658963,curtailment
1955,25581.67872222163,curtailment
1956,29292.14410853883,curtailment
1957,31523.580261684023,curtailment
1958,33213.480302888056,curtailment
1959,32804.463153247125,curtailment
1960,30467.733943785828,curtailment
1961,27400.31323454046,curtailment
1962,25361.870645664014,curtailment
1963,23810.859156085717,curtailment
1964,21859.17572745143,curtailment
1965,20418.698228815796,curtailment
1966,20044.474188472137,curtailment
1967,19550.26679898677,curtailment
1968,18456.992744435218,curtailment
1969,16495.760980610794,curtailment
1970,14612.608362330358,curtailment
1971,13393.75856308519,curtailment
1972,13165.671752693537,curtailment
1973,13344.326805259181,curtailment
1974,12774.548907829801,curtailment
1975,12540.996966846405,curtailment
1976,12322.106717512592,curtailment
1977,14092.3151808782,curtailment
1978,17085.50868274545,curtailment
1979,20042.400138044337,curtailment
1980,22522.960613338917,curtailment
1981,24665.838178002145,curtailment
1982,26466.249320730054,curtailment
1983,27922.84092252241,curtailment
1984,28110.603755396198,curtailment
1985,28014.800448414295,curtailment
1986,28969.317576619254,curtailment
1987,29443.689004674736,curtailment
1988,29108.283689519623,curtailment
1989,28826.358038240913,curtailment
1990,28325.46031598735,curtailment
1991,27731.89179946236,curtailment
1992,28181.507685293505,curtailment
1993,27345.631532121366,curtailment
1994,25900.812871396854,curtailment
1995,24684.04936201842,curtailment
1996,23851.61074384219,curtailment
1997,23638.36867451459,curtailment
1998,23465.021437779644,curtailment
1999,23254.184775833426,curtailment
2000,23642.9375840629,curtailment
2001,23049.524751446566,curtailment
2002,21602.021266168693,curtailment
2003,20307.71651247701,curtailment
2004,19330.828286509626,curtailment
2005,18188.816908797417,curtailment
2006,16975.604232298865,curtailment
2007,16062.418817929629,curtailment
2008,15531.87044603973,curtailment
2009,14814.437673911916,curtailment
2010,16063.575744711508,curtailment
2011,17940.326579980672,curtailment
2012,20000.616265974895,curtailment
2013,21190.93321384553,curtailment
2014,22368.67789596072,curtailment
2015,24379.507515720677,curtailment
2016,26556.18874359944,curtailment
2017,29453.356929722217,curtailment
2018,32159.814936256007,curtailment
2019,35228.591574947,curtailment
2020,36962.07492854577,curtailment
2021,37541.71213868681,curtailment
2022,36546.680059424056,curtailment
2023,34058.39211029277,curtailment
2024,32588.026775291954,curtailment
2025,30209.973309764493,curtailment
2026,26039.353370108078,curtailment
2027,22235.03231076044,curtailment
2028,19419.856839041888,curtailment
2029,17805.024454369806,curtailment
2030,16804.476920103585,curtailment
2031,14897.696739089582,curtailment
2032,11686.699214056136,curtailment
2033,8904.637700083946,curtailment
2034,8125.2044589187435,curtailment
2035,8566.08242231502,curtailment
2036,9937.435575836571,curtailment
2037,11979.371244207548,curtailment
2038,14698.747349968731,curtailment
2039,17516.20719885304,curtailment
2040,20625.763090681474,curtailment
2041,22650.072191180006,curtailment
2042,23722.845047226892,curtailment
2043,24916.575332072855,curtailment
2044,24610.953489840947,curtailment
2045,23344.69442442801,curtailment
2046,22576.93624616698,curtailment
2047,22292.59834425631,curtailment
2048,22466.551035341385,curtailment
2049,22918.29766603031,curtailment
2050,23557.279650362863,curtailment
2051,24288.745804457954,curtailment
2052,24491.704848966685,curtailment
2053,24892.526764630944,curtailment
2054,24262.11811597243,curtailment
2055,23265.758632934136,curtailment
2056,22458.478680479213,curtailment
2057,21813.064223627305,curtailment
2058,21281.426489749687,curtailment
2059,20930.502523352538,curtailment
2060,19611.211270460684,curtailment
2061,18081.948011244134,curtailment
2062,16948.14437906925,curtailment
2063,15823.372320319299,curtailment
2064,15414.05551364132,curtailment
2065,15140.843333901365,curtailment
2066,15115.327833027279,curtailment
2067,14758.979530140114,curtailment
2068,13868.218839005658,curtailment
2069,11958.505623421206,curtailment
2070,8770.679978452376,curtailment
2071,5633.571646059139,curtailment
2072,4263.214818232484,curtailment
2073,5381.114360006226,curtailment
2074,7154.12506762368,curtailment
2075,8922.655326318203,curtailment
2076,10640.627289533086,curtailment
2077,12031.980517978262,curtailment
2078,12677.530410595575,curtailment
2079,12726.2037478957,curtailment
2080,12312.303203387737,curtailment
2081,11801.348851958423,curtailment
2082,13001.50608167013,curtailment
2083,15279.107535927538,curtailment
2084,17520.299642799644,curtailment
2085,19400.934576612817,curtailment
2086,20796.49979351007,curtailment
2087,21973.27974799187,curtailment
2088,23194.31628140264,curtailment
2089,24050.603020762166,curtailment
2090,24651.74449499987,curtailment
2091,25341.74954900502,curtailment
2092,26269.969947207617,curtailment
2093,27449.12338429299,curtailment
2094,27632.375148219224,curtailment
2095,27440.429024634603,curtailment
2096,28271.576003569993,curtailment
2097,31074.08906268232,curtailment
2098,32341.695386187363,curtailment
2099,32332.354612443338,curtailment
2100,31958.12683083929,curtailment
2101,31695.876925830766,curtailment
2102,31269.1715553901,curtailment
2103,30330.81779163063,curtailment
2104,28662.095042628796,curtailment
2105,26013.638658162985,curtailment
2106,24561.832279454997,curtailment
2107,23765.353952748494,curtailment
2108,23010.84421777071,curtailment
2109,22250.875733905083,curtailment
2110,21446.78332052486,curtailment
2111,20102.911185372577,curtailment
2112,18741.075572968773,curtailment
2113,16940.45830916799,curtailment
2114,15475.026343198846,curtailment
2115,14025.987902364288,curtailment
2116,12852.914272214215,curtailment
2117,11785.836652415728,curtailment
2118,10756.849881456943,curtailment
2119,10285.992836458343,curtailment
2120,10945.786265973196,curtailment
2121,13383.040180175676,curtailment
2122,16495.10058106731,curtailment
2123,19443.132332626235,curtailment
2124,22049.356972016332,curtailment
2125,23433.799624143507,curtailment
2126,24567.823410885892,curtailment
2127,25471.469283590828,curtailment
2128,25085.10553086658,curtailment
2129,24555.656059894693,curtailment
2130,25213.898140454192,curtailment
2131,25789.48990343976,curtailment
2132,26460.936713296367,curtailment
2133,28277.54017373834,curtailment
2134,29906.576054860798,curtailment
2135,31109.922162178962,curtailment
2136,31883.76787927915,curtailment
2137,32470.342479037827,curtailment
2138,34830.86577883727,curtailment
2139,36048.662011205706,curtailment
2140,35678.16386271463,curtailment
2141,34502.14609479731,curtailment
2142,32444.10343494616,curtailment
2143,31106.12059142096,curtailment
2144,31719.45919729337,curtailment
2145,29655.601963658388,curtailment
2146,26778.19413821237,curtailment
2147,24035.778045305822,curtailment
2148,22305.43195467156,curtailment
2149,20914.27735474524,curtailment
2150,19795.4703781652,curtailment
2151,18220.109131116908,curtailment
2152,16351.688878092662,curtailment
2153,13820.791377367557,curtailment
2154,11812.564580057327,curtailment
2155,10204.859181940861,curtailment
2156,8343.259263660308,curtailment
2157,6471.612288491411,curtailment
2158,4931.7401406186045,curtailment
2159,3384.1413979729587,curtailment
2160,1641.5400789358791,curtailment
2161,511.8699042262215,curtailment
2162,0.0,curtailment
2163,0.0,curtailment
2164,0.0,curtailment
2165,0.0,curtailment
2166,0.0,curtailment
2167,0.0,curtailment
2168,0.0,curtailment
2169,0.0,curtailment
2170,0.0,curtailment
2171,0.0,curtailment
2172,281.4066561630834,curtailment
2173,1241.2907672723354,curtailment
2174,2152.670666336886,curtailment
2175,3225.3189935135097,curtailment
2176,4546.689484508292,curtailment
2177,6152.941761982651,curtailment
2178,8997.488180584742,curtailment
2179,12547.910494212192,curtailment
2180,15634.629167923553,curtailment
2181,18197.775526629146,curtailment
2182,20128.9042091534,curtailment
2183,21590.618618548757,curtailment
2184,23336.52308176411,curtailment
2185,24364.433169407952,curtailment
2186,25148.453992358944,curtailment
2187,26433.969908379266,curtailment
2188,27421.7776148691,curtailment
2189,28424.79384176498,curtailment
2190,28853.26758324072,curtailment
2191,29942.123597851358,curtailment
2192,32040.122814762133,curtailment
2193,34428.60047279229,curtailment
2194,36893.2050024355,curtailment
2195,38418.334304026226,curtailment
2196,39177.06778588952,curtailment
2197,39529.5096642702,curtailment
2198,39184.728467413384,curtailment
2199,38511.54637503368,curtailment
2200,37402.2664288805,curtailment
2201,37049.19781617717,curtailment
2202,37643.88715869246,curtailment
2203,37615.63468044177,curtailment
2204,36611.737556909306,curtailment
2205,35171.82606166977,curtailment
2206,34210.36949371449,curtailment
2207,32558.152036848136,curtailment
2208,31144.876309555442,curtailment
2209,28300.818321253984,curtailment
2210,25647.425518585045,curtailment
2211,24172.52535340996,curtailment
2212,22204.42682785904,curtailment
2213,19317.650050240256,curtailment
2214,15319.587991183787,curtailment
2215,10979.489659917503,curtailment
2216,8186.165038119672,curtailment
2217,6837.6545657713905,curtailment
2218,5591.980664365537,curtailment
2219,4898.541898832386,curtailment
2220,5082.905220973813,curtailment
2221,6198.497801127621,curtailment
2222,8140.524598786542,curtailment
2223,9936.594669074748,curtailment
2224,11984.025824912434,curtailment
2225,15139.221363899294,curtailment
2226,17793.92439380269,curtailment
2227,19672.907953447662,curtailment
2228,21811.735384053023,curtailment
2229,24317.91827606556,curtailment
2230,25570.505583996688,curtailment
2231,26029.53633626763,curtailment
2232,25540.877138775315,curtailment
2233,24931.68315514575,curtailment
2234,24261.506996720374,curtailment
2235,23909.467934883232,curtailment
2236,22880.690986299338,curtailment
2237,21413.805582086865,curtailment
2238,19273.003177043352,curtailment
2239,17174.81278225268,curtailment
2240,16219.968802872674,curtailment
2241,15721.100379145737,curtailment
2242,15474.786376269014,curtailment
2243,15986.474922950441,curtailment
2244,16821.45959074627,curtailment
2245,17891.912212431715,curtailment
2246,18801.121131023196,curtailment
2247,19218.86600281123,curtailment
2248,18771.865994744963,curtailment
2249,19164.703048524043,curtailment
2250,20669.76538280508,curtailment
2251,21186.811238947666,curtailment
2252,20582.310556685035,curtailment
2253,19952.462575440673,curtailment
2254,20107.164029854048,curtailment
2255,20095.03729493992,curtailment
2256,18606.464303886227,curtailment
2257,16313.525124900549,curtailment
2258,14188.444904820459,curtailment
2259,13162.228502557638,curtailment
2260,12955.477911279351,curtailment
2261,13033.586634895575,curtailment
2262,12569.557722369806,curtailment
2263,12739.349425172904,curtailment
2264,13664.935194571135,curtailment
2265,15521.579786722305,curtailment
2266,17804.602926049993,curtailment
2267,19410.642662564285,curtailment
2268,20054.354605280445,curtailment
2269,20210.395813914278,curtailment
2270,20532.325462349803,curtailment
2271,21415.90501469584,curtailment
2272,21968.780496790605,curtailment
2273,23663.549031748476,curtailment
2274,26219.729695916605,curtailment
2275,26725.195059404232,curtailment
2276,26079.71113564467,curtailment
2277,24454.776532626453,curtailment
2278,22705.55424589188,curtailment
2279,21109.173248775925,curtailment
2280,19369.71902850091,curtailment
2281,17217.838364188305,curtailment
2282,15617.76640773057,curtailment
2283,14469.947454005283,curtailment
2284,13623.473168186003,curtailment
2285,12295.015151237349,curtailment
2286,10151.135029882294,curtailment
2287,8680.915647729285,curtailment
2288,7960.124308119772,curtailment
2289,8238.739216576476,curtailment
2290,9091.012961380853,curtailment
2291,10288.155378965706,curtailment
2292,11018.931193599834,curtailment
2293,11479.889379190725,curtailment
2294,11814.455673356877,curtailment
2295,11885.842866087396,curtailment
2296,12164.302762993015,curtailment
2297,12728.653559369071,curtailment
2298,13814.02758325725,curtailment
2299,14402.892565264261,curtailment
2300,13429.269145364313,curtailment
2301,11556.998316533294,curtailment
2302,9426.304195053115,curtailment
2303,7229.2845220367,curtailment
2304,5120.486136897024,curtailment
2305,3160.6577905436193,curtailment
2306,1873.0593302345214,curtailment
2307,1189.5968401642658,curtailment
2308,1152.3708924810435,curtailment
2309,1678.144745745114,curtailment
2310,1924.4557898356834,curtailment
2311,2088.8891916948696,curtailment
2312,2295.520744410953,curtailment
2313,2840.5265277841463,curtailment
2314,3289.670267616487,curtailment
2315,3334.8138158593574,curtailment
2316,3096.8376462846763,curtailment
2317,3001.212912506164,curtailment
2318,3188.774091452804,curtailment
2319,3633.7251436531233,curtailment
2320,4183.856318477405,curtailment
2321,4908.372889696878,curtailment
2322,5857.253066417241,curtailment
2323,6936.436695653586,curtailment
2324,7579.5745759054225,curtailment
2325,8033.072485079112,curtailment
2326,8313.621716608986,curtailment
2327,8674.762389126092,curtailment
2328,9580.89009787689,curtailment
2329,10995.717900151776,curtailment
2330,13489.7821735307,curtailment
2331,15934.847426990778,curtailment
2332,17813.216476832302,curtailment
2333,19265.92845409748,curtailment
2334,19610.471859515357,curtailment
2335,20727.008459898887,curtailment
2336,22010.73897772123,curtailment
2337,21432.014250400578,curtailment
2338,19827.617946642764,curtailment
2339,18048.519356087745,curtailment
2340,16471.085989456114,curtailment
2341,14994.65700108758,curtailment
2342,13710.461876397305,curtailment
2343,12601.781503742659,curtailment
2344,11437.389697449482,curtailment
2345,10322.07563854377,curtailment
2346,9467.257310798956,curtailment
2347,9259.426624050579,curtailment
2348,8648.195083443308,curtailment
2349,8675.063618905579,curtailment
2350,9488.61630199511,curtailment
2351,11130.86105878887,curtailment
2352,12295.768150933276,curtailment
2353,12728.164424872073,curtailment
2354,13373.034982248606,curtailment
2355,13939.093119539324,curtailment
2356,13825.294233218372,curtailment
2357,13265.787077352208,curtailment
2358,11754.214320248608,curtailment
2359,10764.379933547381,curtailment
2360,10040.084721485107,curtailment
2361,8557.762743597244,curtailment
2362,7034.747125885152,curtailment
2363,5620.550764298567,curtailment
2364,4521.071887154711,curtailment
2365,3865.4010951252694,curtailment
2366,3624.5889959720107,curtailment
2367,3548.518130168255,curtailment
2368,3567.8513899145964,curtailment
2369,3842.2300247008116,curtailment
2370,4456.3909772709685,curtailment
2371,5257.856854752163,curtailment
2372,5314.309737380632,curtailment
2373,5183.493107518601,curtailment
2374,4946.549201381237,curtailment
2375,4497.424298486343,curtailment
2376,4277.895299429443,curtailment
2377,3988.8104171367604,curtailment
2378,4072.3643689320797,curtailment
2379,4464.669569652075,curtailment
2380,5181.506526382728,curtailment
2381,6090.710179040992,curtailment
2382,5964.126228376712,curtailment
2383,5850.7939025725955,curtailment
2384,6222.609338262238,curtailment
2385,5922.565258585444,curtailment
2386,5054.740329697175,curtailment
2387,3979.5610413627837,curtailment
2388,3128.8710443993186,curtailment
2389,2595.3276009182246,curtailment
2390,2419.9349100737236,curtailment
2391,2412.5851059121997,curtailment
2392,2413.9818553622526,curtailment
2393,2827.0301260404012,curtailment
2394,3490.0817318784357,curtailment
2395,4056.9471093161956,curtailment
2396,4033.767345904849,curtailment
2397,3884.8309078155544,curtailment
2398,3616.340519956876,curtailment
2399,3095.3412325583904,curtailment
2400,2646.655295924802,curtailment
2401,2120.2400842131638,curtailment
2402,1663.910298030588,curtailment
2403,1146.630227714425,curtailment
2404,556.6347429274501,curtailment
2405,0.0,curtailment
2406,0.0,curtailment
2407,0.0,curtailment
2408,0.0,curtailment
2409,0.0,curtailment
2410,0.0,curtailment
2411,0.0,curtailment
2412,0.0,curtailment
2413,0.0,curtailment
2414,0.0,curtailment
2415,0.0,curtailment
2416,231.58670706229805,curtailment
2417,847.3151491443596,curtailment
2418,1560.0129706931539,curtailment
2419,2021.7063170848432,curtailment
2420,2186.9751542198865,curtailment
2421,2469.8480036054907,curtailment
2422,2858.9493913567303,curtailment
2423,3067.127654371524,curtailment
2424,3279.2630543692167,curtailment
2425,3399.0563218322777,curtailment
2426,3661.841548283335,curtailment
2427,3883.5383146660233,curtailment
2428,3925.9047726789377,curtailment
2429,3679.842900613876,curtailment
2430,2656.0408179384485,curtailment
2431,1739.3476454495667,curtailment
2432,1231.3771751353197,curtailment
2433,1185.379850688436,curtailment
2434,1282.1119381960625,curtailment
2435,1473.3310874321933,curtailment
2436,1592.9103261830724,curtailment
2437,1789.4820217021197,curtailment
2438,2035.0331316243564,curtailment
2439,2261.133379832063,curtailment
2440,2335.5715819601755,curtailment
2441,2704.775782165514,curtailment
2442,3285.3358944643132,curtailment
2443,3948.135670612066,curtailment
2444,4356.581751606774,curtailment
2445,4820.130568654825,curtailment
2446,5206.834802483672,curtailment
2447,5443.558509573553,curtailment
2448,5802.262241051894,curtailment
2449,6056.205727639686,curtailment
2450,6469.743565807675,curtailment
2451,7011.220125468086,curtailment
2452,7633.444376209898,curtailment
2453,8300.16730129624,curtailment
2454,8206.028124101074,curtailment
2455,8338.535116940257,curtailment
2456,9660.400998079544,curtailment
2457,11644.603410266884,curtailment
2458,13836.594266376942,curtailment
2459,15924.679657009408,curtailment
2460,17688.62895904215,curtailment
2461,19153.440826570855,curtailment
2462,20056.515397268973,curtailment
2463,20257.360971744776,curtailment
2464,19356.238169685243,curtailment
2465,17948.52374449411,curtailment
2466,16673.97643614769,curtailment
2467,16325.372272822258,curtailment
2468,16106.89714871241,curtailment
2469,16121.087181794184,curtailment
2470,16331.692330236034,curtailment
2471,16519.386187714306,curtailment
2472,16827.168337325566,curtailment
2473,17304.369876585297,curtailment
2474,17647.925659761575,curtailment
2475,17928.261979734056,curtailment
2476,17687.343554650928,curtailment
2477,17881.20913021504,curtailment
2478,17777.97615252738,curtailment
2479,18794.52250127612,curtailment
2480,21364.30780621688,curtailment
2481,22772.128885954317,curtailment
2482,23637.737942183136,curtailment
2483,23769.083390748565,curtailment
2484,23163.297481143738,curtailment
2485,22078.802562798315,curtailment
2486,21000.94661204949,curtailment
2487,20188.76574818169,curtailment
2488,19607.361118032415,curtailment
2489,18912.01031373634,curtailment
2490,17910.686099435196,curtailment
2491,17453.476112579177,curtailment
2492,16924.052793536677,curtailment
2493,16613.342116068725,curtailment
2494,16645.466660049155,curtailment
2495,16405.097814864024,curtailment
2496,16070.195157728345,curtailment
2497,14669.721406246263,curtailment
2498,12489.061130376516,curtailment
2499,10719.95434455518,curtailment
2500,9711.327124477875,curtailment
2501,9395.425074183844,curtailment
2502,8687.574748029,curtailment
2503,8343.959991620217,curtailment
2504,8755.542984841504,curtailment
2505,9657.025576709257,curtailment
2506,10774.22105986857,curtailment
2507,11775.461545949429,curtailment
2508,12651.545637152904,curtailment
2509,13559.155021028797,curtailment
2510,14314.77477778495,curtailment
2511,14715.852459185277,curtailment
2512,14745.012916245378,curtailment
2513,14775.003165232878,curtailment
2514,14932.488353046996,curtailment
2515,16036.190391443546,curtailment
2516,17068.66110316713,curtailment
2517,17540.853184394524,curtailment
2518,17672.454122922863,curtailment
2519,17377.368610273028,curtailment
2520,16830.9246949331,curtailment
2521,15725.938601105418,curtailment
2522,14441.107621821775,curtailment
2523,13702.028377840728,curtailment
2524,13047.837095941284,curtailment
2525,12291.463018227147,curtailment
2526,10533.368442739455,curtailment
2527,10187.045753359711,curtailment
2528,11826.161729086283,curtailment
2529,13569.676111509634,curtailment
2530,15306.21930763313,curtailment
2531,17014.430618122842,curtailment
2532,18390.013163653915,curtailment
2533,19752.694475353535,curtailment
2534,21099.437371113054,curtailment
2535,21863.77618725418,curtailment
2536,21821.125429297856,curtailment
2537,21356.9853743342,curtailment
2538,20731.104113213405,curtailment
2539,21285.915791108273,curtailment
2540,21579.496262296754,curtailment
2541,21730.104132016575,curtailment
2542,21881.78179061132,curtailment
2543,21201.690699008002,curtailment
2544,20377.41626982164,curtailment
2545,20139.825052554108,curtailment
2546,19984.727133975102,curtailment
2547,19710.468850391342,curtailment
2548,18693.430838444794,curtailment
2549,17321.871469914942,curtailment
2550,14763.598475346189,curtailment
2551,12555.41815677351,curtailment
2552,12266.227814038228,curtailment
2553,12525.19210948955,curtailment
2554,13277.032002441654,curtailment
2555,14156.106154153727,curtailment
2556,14347.915502059064,curtailment
2557,14283.102208662789,curtailment
2558,14176.672132928708,curtailment
2559,13904.190803881116,curtailment
2560,13407.352150921437,curtailment
2561,12811.446777331863,curtailment
2562,13037.67222220263,curtailment
2563,14052.421912818947,curtailment
2564,14131.18531866889,curtailment
2565,13674.194672329784,curtailment
2566,12996.890409320382,curtailment
2567,12313.4569799337,curtailment
2568,11749.423715483237,curtailment
2569,11064.23287867034,curtailment
2570,10461.626007745796,curtailment
2571,10141.294379934661,curtailment
2572,9999.497115935805,curtailment
2573,9680.297656423405,curtailment
2574,7878.764627716992,curtailment
2575,5218.404180574396,curtailment
2576,4162.178225172111,curtailment
2577,6023.413704508108,curtailment
2578,8348.477613648965,curtailment
2579,10346.658519970073,curtailment
2580,11490.130180791548,curtailment
2581,12014.219841163074,curtailment
2582,12011.062997607407,curtailment
2583,11598.30232867553,curtailment
2584,10902.25898487266,curtailment
2585,10278.572974615283,curtailment
2586,10498.962455654533,curtailment
2587,11303.597773888952,curtailment
2588,11231.133248373013,curtailment
2589,10890.867989986158,curtailment
2590,10639.146010531345,curtailment
2591,10397.062780823255,curtailment
2592,9894.070964995362,curtailment
2593,9160.208341730027,curtailment
2594,8600.686814841163,curtailment
2595,8311.523838402843,curtailment
2596,7603.58295874877,curtailment
2597,6617.823033583789,curtailment
2598,4562.598864097728,curtailment
2599,2111.135585765158,curtailment
2600,912.2001786406963,curtailment
2601,1191.711696634943,curtailment
2602,1849.9965424773945,curtailment
2603,2281.4124868793106,curtailment
2604,2395.4285587816903,curtailment
2605,2503.6693446377367,curtailment
2606,2563.8575283802593,curtailment
2607,2423.10049199879,curtailment
2608,1967.0281044116873,curtailment
2609,1607.8451964499545,curtailment
2610,1558.6351502943999,curtailment
2611,1697.2983941035363,curtailment
2612,1429.174114544383,curtailment
2613,1121.6568828403888,curtailment
2614,837.0951804610331,curtailment
2615,590.0558489299874,curtailment
2616,367.0707905042723,curtailment
2617,0.0,curtailment
2618,0.0,curtailment
2619,0.0,curtailment
2620,0.0,curtailment
2621,0.0,curtailment
2622,0.0,curtailment
2623,0.0,curtailment
2624,0.0,curtailment
2625,0.0,curtailment
2626,0.0,curtailment
2627,0.0,curtailment
2628,0.0,curtailment
2629,0.0,curtailment
2630,0.0,curtailment
2631,0.0,curtailment
2632,0.0,curtailment
2633,0.0,curtailment
2634,0.0,curtailment
2635,0.0,curtailment
2636,0.0,curtailment
2637,190.0862843881796,curtailment
2638,577.4803160630308,curtailment
2639,630.0255061805501,curtailment
2640,753.7525762263081,curtailment
2641,802.8125241352845,curtailment
2642,925.8046367181964,curtailment
2643,1063.5905195946798,curtailment
2644,1185.7850127270676,curtailment
2645,1256.1118293513755,curtailment
2646,836.8837599932995,curtailment
2647,82.56208615111518,curtailment
2648,0.0,curtailment
2649,0.0,curtailment
2650,0.0,curtailment
2651,0.0,curtailment
2652,0.0,curtailment
2653,0.0,curtailment
2654,0.0,curtailment
2655,0.0,curtailment
2656,0.0,curtailment
2657,0.0,curtailment
2658,0.0,curtailment
2659,0.0,curtailment
2660,0.0,curtailment
2661,0.0,curtailment
2662,1485.4961894328753,curtailment
2663,2813.317839155402,curtailment
2664,4254.758769665615,curtailment
2665,5356.059327576864,curtailment
2666,6332.8677375515,curtailment
2667,7001.549747394096,curtailment
2668,7539.901642095855,curtailment
2669,8176.604452272636,curtailment
2670,8578.144554758097,curtailment
2671,7968.859610239144,curtailment
2672,8964.839892729502,curtailment
2673,12551.693700622587,curtailment
2674,16339.712627519366,curtailment
2675,19912.633118560454,curtailment
2676,23183.928584600268,curtailment
2677,25997.22169345227,curtailment
2678,28155.179423892165,curtailment
2679,29989.078440892546,curtailment
2680,31808.550056001062,curtailment
2681,32789.3060294303,curtailment
2682,33445.663346115296,curtailment
2683,34754.48795586052,curtailment
2684,34858.3823609113,curtailment
2685,34518.85033293521,curtailment
2686,34766.71373846368,curtailment
2687,34762.03168111231,curtailment
2688,34352.23936751495,curtailment
2689,33393.218553431514,curtailment
2690,32915.29264456665,curtailment
2691,32791.889981602995,curtailment
2692,32637.616643509347,curtailment
2693,32257.184077690596,curtailment
2694,31972.37362242077,curtailment
2695,32956.61653183914,curtailment
2696,37389.313630359975,curtailment
2697,42031.843880700006,curtailment
2698,45260.09893665586,curtailment
2699,48153.29487431457,curtailment
2700,50256.74438869086,curtailment
2701,51712.38573452638,curtailment
2702,52561.10401396353,curtailment
2703,52694.20896112518,curtailment
2704,52373.079464951414,curtailment
2705,51472.786064162414,curtailment
2706,51214.47417623094,curtailment
2707,50922.256846645636,curtailment
2708,50226.29793791088,curtailment
2709,49466.597611347635,curtailment
2710,47538.03580557219,curtailment
2711,45544.542427278546,curtailment
2712,44996.68077442439,curtailment
2713,43481.892581188804,curtailment
2714,42725.22891142474,curtailment
2715,42378.90561210509,curtailment
2716,41482.116629410906,curtailment
2717,40789.34676334001,curtailment
2718,39727.68966672004,curtailment
2719,38436.21950822849,curtailment
2720,38940.3576349864,curtailment
2721,39823.631669216295,curtailment
2722,39635.39467277868,curtailment
2723,39943.2184447472,curtailment
2724,38998.32243538609,curtailment
2725,37876.59962372452,curtailment
2726,35881.48958359168,curtailment
2727,33840.38866966436,curtailment
2728,32902.78315525641,curtailment
2729,32995.171928728225,curtailment
2730,34745.35480827848,curtailment
2731,35943.2580201577,curtailment
2732,36228.175356554006,curtailment
2733,35820.84001129481,curtailment
2734,35897.76932906897,curtailment
2735,35187.4298947693,curtailment
2736,33603.10747523775,curtailment
2737,31367.760899879777,curtailment
2738,28200.949426263767,curtailment
2739,25374.19361225726,curtailment
2740,23031.294524903835,curtailment
2741,19882.055872972953,curtailment
2742,15852.545050761728,curtailment
2743,11961.168926513728,curtailment
2744,9125.741650358785,curtailment
2745,7439.587324879688,curtailment
2746,5648.110761585818,curtailment
2747,4530.763571465441,curtailment
2748,3549.032886703996,curtailment
2749,2265.1917362746744,curtailment
2750,1360.9972741911115,curtailment
2751,879.6978225813073,curtailment
2752,596.6439087856979,curtailment
2753,1138.0206220662067,curtailment
2754,3146.7559826583383,curtailment
2755,6325.158451861089,curtailment
2756,9356.593841374284,curtailment
2757,11846.128076937264,curtailment
2758,13523.680476621077,curtailment
2759,14068.289442033649,curtailment
2760,15314.854552086741,curtailment
2761,18020.84051549125,curtailment
2762,18385.579576093216,curtailment
2763,16519.845519314793,curtailment
2764,14731.690525632737,curtailment
2765,13395.542116160761,curtailment
2766,11911.03498855242,curtailment
2767,10708.052717824921,curtailment
2768,9841.419056330784,curtailment
2769,9414.273177952578,curtailment
2770,8720.764751119143,curtailment
2771,8009.68632955294,curtailment
2772,7797.057074455867,curtailment
2773,6846.123354324367,curtailment
2774,5427.434557906935,curtailment
2775,5138.134415500694,curtailment
2776,5321.6202701341235,curtailment
2777,6152.466456376276,curtailment
2778,7046.091501277304,curtailment
2779,8090.773727418993,curtailment
2780,9336.976208001764,curtailment
2781,10912.291720109777,curtailment
2782,11594.771439982043,curtailment
2783,11704.234630950426,curtailment
2784,11271.084357447895,curtailment
2785,9664.715490044135,curtailment
2786,8839.331737528035,curtailment
2787,8134.40470209789,curtailment
2788,7044.754283240712,curtailment
2789,6605.117589433672,curtailment
2790,6139.981678495018,curtailment
2791,6316.763732830916,curtailment
2792,6832.1588710734195,curtailment
2793,7007.973199466309,curtailment
2794,7354.376651843346,curtailment
2795,7588.830279700516,curtailment
2796,7636.142147561664,curtailment
2797,7593.64693678834,curtailment
2798,6888.261881765025,curtailment
2799,5009.459776030739,curtailment
2800,2590.5458596085273,curtailment
2801,1370.449070928079,curtailment
2802,714.9666429007266,curtailment
2803,160.23011463700186,curtailment
2804,0.0,curtailment
2805,0.0,curtailment
2806,0.0,curtailment
2807,0.0,curtailment
2808,214.25640971738903,curtailment
2809,471.0073782785921,curtailment
2810,1101.213381299072,curtailment
2811,1921.639954300772,curtailment
2812,2523.7337235984933,curtailment
2813,2769.340855497345,curtailment
2814,2666.0441691434416,curtailment
2815,2681.6454874058327,curtailment
2816,2598.514073353179,curtailment
2817,2814.917741301476,curtailment
2818,3340.6665419551446,curtailment
2819,3665.1517676570393,curtailment
2820,3521.9211393422256,curtailment
2821,3338.4130535205177,curtailment
2822,3088.985606450892,curtailment
2823,2852.2346935040105,curtailment
2824,3063.9423639136485,curtailment
2825,3918.8130213290015,curtailment
2826,4722.370017767628,curtailment
2827,5376.115985929073,curtailment
2828,5789.5046819955405,curtailment
2829,6316.418601266205,curtailment
2830,6486.380531486409,curtailment
2831,6575.834105292388,curtailment
2832,7133.9227653551925,curtailment
2833,7953.036574773932,curtailment
2834,8882.379620624117,curtailment
2835,9623.662897844195,curtailment
2836,9843.669908982316,curtailment
2837,9704.621877653917,curtailment
2838,8809.412376278571,curtailment
2839,8460.483401926605,curtailment
2840,8694.025428051249,curtailment
2841,9487.87016083904,curtailment
2842,9768.120809896756,curtailment
2843,9584.756205128591,curtailment
2844,9104.83418126027,curtailment
2845,8395.33125863129,curtailment
2846,7535.715195511603,curtailment
2847,6732.358659653585,curtailment
2848,5888.032100899285,curtailment
2849,5266.122226538653,curtailment
2850,5114.772394838412,curtailment
2851,5634.026919083022,curtailment
2852,5722.325636388208,curtailment
2853,5753.687230866359,curtailment
2854,5811.358042424063,curtailment
2855,5601.077507540986,curtailment
2856,5440.57988738114,curtailment
2857,5302.149402466518,curtailment
2858,5510.961968298712,curtailment
2859,5701.711197238593,curtailment
2860,5486.5279603732215,curtailment
2861,4890.120153203266,curtailment
2862,3290.7928939323,curtailment
2863,1994.463042703409,curtailment
2864,1802.2377733945714,curtailment
2865,2746.958865571305,curtailment
2866,3752.220492842638,curtailment
2867,4719.586651314627,curtailment
2868,5859.803618258092,curtailment
2869,7232.321210961624,curtailment
2870,8293.931692677299,curtailment
2871,8821.39264295073,curtailment
2872,8944.520235070371,curtailment
2873,9442.048942903526,curtailment
2874,10648.479936329779,curtailment
2875,12305.944288701108,curtailment
2876,13809.868837469801,curtailment
2877,14833.695126363891,curtailment
2878,15552.371645735515,curtailment
2879,16311.869882911662,curtailment
2880,17063.011848782786,curtailment
2881,17557.283904798416,curtailment
2882,18601.05757961912,curtailment
2883,20260.491826957965,curtailment
2884,21198.34525546007,curtailment
2885,21705.405763021554,curtailment
2886,22037.092724985014,curtailment
2887,22232.935864536914,curtailment
2888,22919.989387373018,curtailment
2889,24562.143148134837,curtailment
2890,27274.41076618055,curtailment
2891,30587.55048644707,curtailment
2892,33428.874617054404,curtailment
2893,35775.95664138265,curtailment
2894,37546.13645071235,curtailment
2895,39120.806582177334,curtailment
2896,39892.543993621286,curtailment
2897,40672.455738527635,curtailment
2898,40655.77186710419,curtailment
2899,40187.517417688745,curtailment
2900,40961.56118006667,curtailment
2901,42299.01513593801,curtailment
2902,44393.58272478211,curtailment
2903,46070.07373220248,curtailment
2904,47308.74627516436,curtailment
2905,48606.80247881592,curtailment
2906,49610.65688966702,curtailment
2907,50744.65423129589,curtailment
2908,50821.57852544916,curtailment
2909,49901.11294460759,curtailment
2910,49137.35514613593,curtailment
2911,48611.51590400413,curtailment
2912,47558.99104743748,curtailment
2913,46612.28906295894,curtailment
2914,46342.99192628502,curtailment
2915,46597.37613846501,curtailment
2916,46896.33935091515,curtailment
2917,47140.940771394315,curtailment
2918,47117.65297521696,curtailment
2919,46695.116550241924,curtailment
2920,45668.38227989614,curtailment
2921,44060.80472959106,curtailment
2922,41907.5469423675,curtailment
2923,39560.21787558941,curtailment
2924,36769.70703673309,curtailment
2925,34890.872717763814,curtailment
2926,34353.929398571374,curtailment
2927,33785.74192114494,curtailment
2928,32515.097958931434,curtailment
2929,30760.691619908637,curtailment
2930,29119.58274832665,curtailment
2931,27528.363753252266,curtailment
2932,25463.516678499742,curtailment
2933,22526.164777189286,curtailment
2934,19981.823937568224,curtailment
2935,20319.239286477045,curtailment
2936,21771.92685524922,curtailment
2937,24490.97651006167,curtailment
2938,27712.669334969338,curtailment
2939,30437.64817229344,curtailment
2940,32227.27480898965,curtailment
2941,33450.960386616796,curtailment
2942,34466.08085887526,curtailment
2943,35074.41727666476,curtailment
2944,34915.96220221827,curtailment
2945,34144.02871834449,curtailment
2946,32638.49332474777,curtailment
2947,31011.65763130662,curtailment
2948,29634.156013093707,curtailment
2949,29291.362913022047,curtailment
2950,29662.50912894467,curtailment
2951,29616.14801329079,curtailment
2952,28632.680059016726,curtailment
2953,27645.85523410249,curtailment
2954,26867.13671323663,curtailment
2955,26707.19376127382,curtailment
2956,26379.19323375428,curtailment
2957,25024.26106538221,curtailment
2958,22907.693588536942,curtailment
2959,20933.77444014518,curtailment
2960,18654.619403567714,curtailment
2961,16736.912728404728,curtailment
2962,15695.411881008316,curtailment
2963,15531.951947385325,curtailment
2964,15972.959673369729,curtailment
2965,16685.13697431448,curtailment
2966,17085.77775510936,curtailment
2967,16590.539057591952,curtailment
2968,15420.897193939323,curtailment
2969,14121.94405005618,curtailment
2970,12398.825994523773,curtailment
2971,11336.072070678194,curtailment
2972,10600.760179380239,curtailment
2973,10158.674789416073,curtailment
2974,10175.856338437032,curtailment
2975,10287.700681994267,curtailment
2976,10363.45953744931,curtailment
2977,10443.634292770006,curtailment
2978,10815.750831894251,curtailment
2979,11570.784661672653,curtailment
2980,12609.197663629955,curtailment
2981,13556.574131470936,curtailment
2982,13429.068768451132,curtailment
2983,13737.008245045407,curtailment
2984,14018.329359736452,curtailment
2985,14562.250946655051,curtailment
2986,15738.785759929968,curtailment
2987,17402.9871884921,curtailment
2988,19175.77012797531,curtailment
2989,21155.25281009901,curtailment
2990,23148.66782557888,curtailment
2991,24812.20015321962,curtailment
2992,25926.957694824443,curtailment
2993,26700.89267422084,curtailment
2994,26647.966443383142,curtailment
2995,26329.044164324907,curtailment
2996,26274.617110440475,curtailment
2997,27025.99331669161,curtailment
2998,27899.01777290785,curtailment
2999,28082.48142239843,curtailment
3000,28019.81739145393,curtailment
3001,27852.059353898243,curtailment
3002,27860.23894278422,curtailment
3003,27935.6575773467,curtailment
3004,27718.5910913033,curtailment
3005,27135.874411842713,curtailment
3006,26953.758627896706,curtailment
3007,27823.223422920673,curtailment
3008,28700.879066851885,curtailment
3009,29834.623529820252,curtailment
3010,31427.724122017717,curtailment
3011,32889.19086737171,curtailment
3012,33803.49342594734,curtailment
3013,34282.112037833926,curtailment
3014,34619.42631804033,curtailment
3015,34687.40096390883,curtailment
3016,34187.81387488402,curtailment
3017,33081.8352566476,curtailment
3018,31827.377093616233,curtailment
3019,30833.843898261017,curtailment
3020,29737.036680335,curtailment
3021,28522.655885969143,curtailment
3022,28709.815420137104,curtailment
3023,29444.907769993013,curtailment
3024,30011.1798465693,curtailment
3025,30743.04901748311,curtailment
3026,31519.50400647847,curtailment
3027,32364.185208140098,curtailment
3028,31666.40746541433,curtailment
3029,29844.6906239767,curtailment
3030,27864.202607291703,curtailment
3031,26884.389914601245,curtailment
3032,25138.289524920474,curtailment
3033,23718.92597960386,curtailment
3034,23060.171270455194,curtailment
3035,23278.838589039904,curtailment
3036,23759.52808310335,curtailment
3037,24011.11919303244,curtailment
3038,23513.739429989826,curtailment
3039,21790.675799666453,curtailment
3040,18776.771313427475,curtailment
3041,15515.31117936677,curtailment
3042,12423.93874257029,curtailment
3043,10053.887718795231,curtailment
3044,8236.058678760732,curtailment
3045,7044.252474481717,curtailment
3046,6270.866709106723,curtailment
3047,5527.944694645084,curtailment
3048,4816.002287539988,curtailment
3049,4114.6707947215555,curtailment
3050,3619.430719514562,curtailment
3051,3176.7836821163646,curtailment
3052,2659.869179415704,curtailment
3053,1754.1372786763495,curtailment
3054,548.3752396517639,curtailment
3055,135.67598255006942,curtailment
3056,612.8697673509878,curtailment
3057,1441.0461175676237,curtailment
3058,2016.6591356540412,curtailment
3059,2385.7595896307084,curtailment
3060,2912.192593295007,curtailment
3061,4284.265743558499,curtailment
3062,6853.06363657592,curtailment
3063,9955.663691069843,curtailment
3064,13480.808016394001,curtailment
3065,18389.94701315653,curtailment
3066,24241.18028493497,curtailment
3067,28362.724936803905,curtailment
3068,30848.251257914515,curtailment
3069,32894.62987586175,curtailment
3070,33880.344821713494,curtailment
3071,33526.68591812432,curtailment
3072,32672.28244838744,curtailment
3073,30874.82238797714,curtailment
3074,28498.832453121577,curtailment
3075,25408.64909593846,curtailment
3076,22355.79385325468,curtailment
3077,19379.33679186905,curtailment
3078,16000.277264183225,curtailment
3079,13618.752455669317,curtailment
3080,11538.937097885999,curtailment
3081,10058.088423743862,curtailment
3082,9063.763466461513,curtailment
3083,8385.526555142776,curtailment
3084,7824.05943312614,curtailment
3085,7110.435897160474,curtailment
3086,6699.933246663296,curtailment
3087,6085.130539045952,curtailment
3088,5427.413710415942,curtailment
3089,5194.460269542273,curtailment
3090,5278.473047035683,curtailment
3091,6070.587381652418,curtailment
3092,7431.102129806694,curtailment
3093,8600.331735553016,curtailment
3094,8942.239385056633,curtailment
3095,8539.375593492925,curtailment
3096,7978.054199415003,curtailment
3097,7600.458876590821,curtailment
3098,7250.187036502641,curtailment
3099,6636.780244202225,curtailment
3100,6024.841812164203,curtailment
3101,5197.86433650963,curtailment
3102,4187.721976414228,curtailment
3103,4027.8898913560515,curtailment
3104,4558.1081372615035,curtailment
3105,6032.143900596046,curtailment
3106,8487.697798801666,curtailment
3107,11229.357477400132,curtailment
3108,13633.26127222234,curtailment
3109,15794.170399568473,curtailment
3110,17606.571281257584,curtailment
3111,18714.06744245704,curtailment
3112,18902.291019532982,curtailment
3113,18586.396255152933,curtailment
3114,17398.447308936047,curtailment
3115,16065.664612976443,curtailment
3116,15696.780325204247,curtailment
3117,15740.427894420991,curtailment
3118,16197.63840903877,curtailment
3119,16604.943944500723,curtailment
3120,16652.73956770527,curtailment
3121,16147.301553970927,curtailment
3122,15437.150732706412,curtailment
3123,14212.089546361447,curtailment
3124,12705.406158072856,curtailment
3125,10844.316322623214,curtailment
3126,8659.382133882602,curtailment
3127,7672.854415930425,curtailment
3128,6743.370471611113,curtailment
3129,6865.471039460657,curtailment
3130,8179.550645129484,curtailment
3131,10251.145079911887,curtailment
3132,12685.335872281677,curtailment
3133,15172.307930837162,curtailment
3134,17451.829656483125,curtailment
3135,19363.348256973484,curtailment
3136,20812.516654092047,curtailment
3137,21836.52228244697,curtailment
3138,22209.909645664684,curtailment
3139,22920.993983676843,curtailment
3140,24086.94737574646,curtailment
3141,25215.288125358504,curtailment
3142,26391.212496477725,curtailment
3143,27032.3024970154,curtailment
3144,27065.860570290188,curtailment
3145,26763.030345095205,curtailment
3146,26335.824984379535,curtailment
3147,26004.65599395513,curtailment
3148,25720.08554134018,curtailment
3149,24931.64077993946,curtailment
3150,24263.186683867418,curtailment
3151,24388.27288092303,curtailment
3152,23691.389128962022,curtailment
3153,23427.66416102001,curtailment
3154,22828.80452203873,curtailment
3155,22268.446571279776,curtailment
3156,22197.59749904203,curtailment
3157,22858.136811230994,curtailment
3158,23791.38442811711,curtailment
3159,24835.654543061337,curtailment
3160,25291.910552813562,curtailment
3161,24906.187833843553,curtailment
3162,23887.111375920114,curtailment
3163,22737.906612979583,curtailment
3164,21855.870238783107,curtailment
3165,21143.26535460061,curtailment
3166,21217.42169352455,curtailment
3167,20836.115735162566,curtailment
3168,20349.457358196603,curtailment
3169,19745.32920364969,curtailment
3170,19201.657535769562,curtailment
3171,18472.802128843046,curtailment
3172,17423.912195323424,curtailment
3173,15257.207302986579,curtailment
3174,13089.669441795188,curtailment
3175,12293.093328052322,curtailment
3176,11441.952184072152,curtailment
3177,11833.95898023962,curtailment
3178,13330.908718725528,curtailment
3179,14363.246347074968,curtailment
3180,14501.477002449094,curtailment
3181,14388.547249037445,curtailment
3182,13971.088828486052,curtailment
3183,12996.459013736727,curtailment
3184,11294.791227789763,curtailment
3185,9622.667061308266,curtailment
3186,7994.680182630533,curtailment
3187,6857.082712916594,curtailment
3188,6668.732519719308,curtailment
3189,6689.820394353668,curtailment
3190,6801.929731929124,curtailment
3191,6037.213630137343,curtailment
3192,5077.982112334853,curtailment
3193,3839.5488582578273,curtailment
3194,2583.552336616048,curtailment
3195,1630.1208793798087,curtailment
3196,829.8428149672782,curtailment
3197,0.0,curtailment
3198,0.0,curtailment
3199,0.0,curtailment
3200,0.0,curtailment
3201,0.0,curtailment
3202,0.0,curtailment
3203,0.0,curtailment
3204,0.0,curtailment
3205,0.0,curtailment
3206,0.0,curtailment
3207,0.0,curtailment
3208,0.0,curtailment
3209,0.0,curtailment
3210,0.0,curtailment
3211,0.0,curtailment
3212,0.0,curtailment
3213,0.0,curtailment
3214,0.0,curtailment
3215,0.0,curtailment
3216,0.0,curtailment
3217,0.0,curtailment
3218,0.0,curtailment
3219,0.0,curtailment
3220,267.30362544797254,curtailment
3221,1.0959460440508337,curtailment
3222,0.0,curtailment
3223,0.0,curtailment
3224,0.0,curtailment
3225,0.0,curtailment
3226,675.4839628545278,curtailment
3227,1468.3726654525817,curtailment
3228,2051.0878022672423,curtailment
3229,2811.557176406902,curtailment
3230,3782.2825783597373,curtailment
3231,4474.77578758273,curtailment
3232,4844.705496164543,curtailment
3233,4788.264588974969,curtailment
3234,4988.800495368856,curtailment
3235,5748.335459790001,curtailment
3236,6563.197055032427,curtailment
3237,7137.234466279855,curtailment
3238,7920.020585760401,curtailment
3239,8673.702509917986,curtailment
3240,9124.35565893019,curtailment
3241,9840.277722559655,curtailment
3242,10998.477532499068,curtailment
3243,12421.253482039658,curtailment
3244,13961.09826180571,curtailment
3245,13835.001418217471,curtailment
3246,12182.56180541981,curtailment
3247,13099.40946662343,curtailment
3248,15312.912550224986,curtailment
3249,18402.685871119756,curtailment
3250,20886.347539028404,curtailment
3251,22508.07082704213,curtailment
3252,23678.882868524328,curtailment
3253,24790.745904136813,curtailment
3254,26117.897384650227,curtailment
3255,27280.924981361,curtailment
3256,27573.989131177237,curtailment
3257,26935.0281697322,curtailment
3258,26636.698277483272,curtailment
3259,27074.755197877552,curtailment
3260,28315.431443297217,curtailment
3261,29135.86038504126,curtailment
3262,29407.472162472972,curtailment
3263,29011.871673571328,curtailment
3264,28146.856861728153,curtailment
3265,26609.32282179724,curtailment
3266,25338.384679446386,curtailment
3267,24605.469977925197,curtailment
3268,23713.16308362701,curtailment
3269,22226.4080158411,curtailment
3270,21238.33463812062,curtailment
3271,22716.70689065285,curtailment
3272,24008.80726552241,curtailment
3273,23865.689516375955,curtailment
3274,23479.082424441105,curtailment
3275,23732.16711160936,curtailment
3276,23945.422255121917,curtailment
3277,23572.150259621973,curtailment
3278,22535.5041218985,curtailment
3279,21426.098529809027,curtailment
3280,20718.534502039092,curtailment
3281,20734.12649896831,curtailment
3282,20565.619573062315,curtailment
3283,19770.135370692464,curtailment
3284,18963.938721074534,curtailment
3285,18349.811221315715,curtailment
3286,16680.322254259256,curtailment
3287,14792.594309830369,curtailment
3288,13038.20650975012,curtailment
3289,11623.214013235383,curtailment
3290,10329.51689608142,curtailment
3291,9306.967715917614,curtailment
3292,8379.217268411021,curtailment
3293,6871.718539352798,curtailment
3294,4916.660245792387,curtailment
3295,4888.859851021623,curtailment
3296,6017.432906159889,curtailment
3297,7826.26578103534,curtailment
3298,9531.439739548649,curtailment
3299,10741.15697112499,curtailment
3300,11415.565341340865,curtailment
3301,11759.145016425526,curtailment
3302,11835.512200389185,curtailment
3303,11773.141327019644,curtailment
3304,12030.624474444925,curtailment
3305,13010.62166571193,curtailment
3306,13651.077752533289,curtailment
3307,14166.968741195224,curtailment
3308,15080.36772815515,curtailment
3309,15179.509449628553,curtailment
3310,13935.58356497773,curtailment
3311,12042.104077457781,curtailment
3312,10612.301230331886,curtailment
3313,9827.92779934028,curtailment
3314,9569.812305392628,curtailment
3315,9812.55874565517,curtailment
3316,10195.601673815225,curtailment
3317,9252.101213890706,curtailment
3318,7362.583702338361,curtailment
3319,6523.844617209708,curtailment
3320,6745.402636828428,curtailment
3321,7117.45386530738,curtailment
3322,7326.598526311522,curtailment
3323,7451.015997163338,curtailment
3324,7690.48431114471,curtailment
3325,8159.015722870771,curtailment
3326,8930.643367658895,curtailment
3327,9823.969395877562,curtailment
3328,10786.325247720211,curtailment
3329,11584.83277867781,curtailment
3330,11656.560230519846,curtailment
3331,11545.103866838286,curtailment
3332,11802.627479064271,curtailment
3333,11463.116840707862,curtailment
3334,10631.88148132469,curtailment
3335,9713.80547273732,curtailment
3336,8696.131704718882,curtailment
3337,7719.597090926276,curtailment
3338,7040.646035815964,curtailment
3339,6921.376137939688,curtailment
3340,7122.418259261188,curtailment
3341,6755.138250024704,curtailment
3342,5569.326191896677,curtailment
3343,5133.51110496591,curtailment
3344,5215.00983000901,curtailment
3345,5473.563425751798,curtailment
3346,5975.691737152013,curtailment
3347,6608.6283828344585,curtailment
3348,7227.31692961592,curtailment
3349,7655.225460219462,curtailment
3350,7895.594178926252,curtailment
3351,8074.608487727598,curtailment
3352,8553.70134716695,curtailment
3353,9122.302060459913,curtailment
3354,9667.908408937135,curtailment
3355,10084.684873446067,curtailment
3356,10581.425638136408,curtailment
3357,11203.073754487832,curtailment
3358,12258.437620005709,curtailment
3359,13259.119755705782,curtailment
3360,13834.347145612564,curtailment
3361,13457.742635576597,curtailment
3362,12976.876317792225,curtailment
3363,12242.482462293,curtailment
3364,10330.407032170833,curtailment
3365,7496.205745854782,curtailment
3366,4698.942787460922,curtailment
3367,3518.435476562833,curtailment
3368,3398.460074687696,curtailment
3369,3588.475404082009,curtailment
3370,3789.1149142686254,curtailment
3371,3972.468550298603,curtailment
3372,4295.52177683371,curtailment
3373,4981.7177494551215,curtailment
3374,5579.955000415081,curtailment
3375,5785.965684641979,curtailment
3376,5940.619909944649,curtailment
3377,6497.521383469599,curtailment
3378,7292.325772027951,curtailment
3379,8262.402428544938,curtailment
3380,9681.312845739589,curtailment
3381,11292.493834874855,curtailment
3382,13362.953792977403,curtailment
3383,14743.403254663237,curtailment
3384,15666.696323090428,curtailment
3385,16036.774420773838,curtailment
3386,16543.030830467942,curtailment
3387,17477.332688355124,curtailment
3388,17739.378626354155,curtailment
3389,17377.96807122953,curtailment
3390,16319.972498558476,curtailment
3391,15600.03274209364,curtailment
3392,15349.07904415543,curtailment
3393,15071.992513554538,curtailment
3394,15526.308250811528,curtailment
3395,16442.660417841293,curtailment
3396,17572.700608385254,curtailment
3397,18891.350504400805,curtailment
3398,20096.297924001625,curtailment
3399,20952.079952628206,curtailment
3400,21081.252881796223,curtailment
3401,20617.58020923411,curtailment
3402,19682.301064057392,curtailment
3403,18154.799620509293,curtailment
3404,17600.52775541985,curtailment
3405,18106.412042263524,curtailment
3406,18671.023734436167,curtailment
3407,19216.20527840381,curtailment
3408,19651.974647890333,curtailment
3409,19478.49245591042,curtailment
3410,19332.84614088964,curtailment
3411,19221.891684731083,curtailment
3412,18589.445088030243,curtailment
3413,17702.414577648866,curtailment
3414,15853.803313575554,curtailment
3415,15402.67782378954,curtailment
3416,15868.111099631516,curtailment
3417,16700.11028993429,curtailment
3418,17153.127511011204,curtailment
3419,17307.878933384563,curtailment
3420,16898.714313936056,curtailment
3421,16550.194119069747,curtailment
3422,16568.450808876205,curtailment
3423,16302.07070084932,curtailment
3424,15679.355220010351,curtailment
3425,15082.783114458154,curtailment
3426,14370.854581930114,curtailment
3427,14192.664292098389,curtailment
3428,15241.796282714935,curtailment
3429,17176.41687346559,curtailment
3430,19579.66389299145,curtailment
3431,21993.28002053112,curtailment
3432,23761.333409028808,curtailment
3433,24777.666236149777,curtailment
3434,25399.56388969117,curtailment
3435,25614.470339633346,curtailment
3436,24310.966837814154,curtailment
3437,21597.84445087789,curtailment
3438,19802.067832776273,curtailment
3439,20737.83297569443,curtailment
3440,21809.083698377905,curtailment
3441,23387.250256958403,curtailment
3442,25274.767951673355,curtailment
3443,26651.7234359751,curtailment
3444,27431.79238071125,curtailment
3445,27871.23953205825,curtailment
3446,27823.13889519915,curtailment
3447,27408.827401349823,curtailment
3448,26685.813361926506,curtailment
3449,25771.76016570518,curtailment
3450,24224.028877291035,curtailment
3451,22394.482451500073,curtailment
3452,20849.51618562558,curtailment
3453,19904.322882636065,curtailment
3454,19502.64675946485,curtailment
3455,19356.491737770528,curtailment
3456,18990.043363939196,curtailment
3457,18647.55819276168,curtailment
3458,18803.839216384295,curtailment
3459,18922.905250163294,curtailment
3460,18160.97323936562,curtailment
3461,16630.581840505416,curtailment
3462,15511.472558469595,curtailment
3463,14744.09261417752,curtailment
3464,14532.177141288596,curtailment
3465,14782.433012301513,curtailment
3466,15221.374837117062,curtailment
3467,16340.877533416195,curtailment
3468,18591.288208339804,curtailment
3469,21417.708711625324,curtailment
3470,24062.077660168037,curtailment
3471,26067.23122388887,curtailment
3472,27704.647171908906,curtailment
3473,29462.564735265478,curtailment
3474,30700.971619528733,curtailment
3475,30744.372421741988,curtailment
3476,30404.39005495545,curtailment
3477,30469.669388912986,curtailment
3478,30340.407530029275,curtailment
3479,30114.209640021974,curtailment
3480,30189.261172212304,curtailment
3481,29876.344244073396,curtailment
3482,29342.676150959236,curtailment
3483,28756.410807699125,curtailment
3484,28117.884146754244,curtailment
3485,27710.782531491448,curtailment
3486,26880.300115166618,curtailment
3487,26318.927198190577,curtailment
3488,24969.532543428133,curtailment
3489,23572.646230677015,curtailment
3490,23083.74103799785,curtailment
3491,22239.09357094173,curtailment
3492,20533.443777262735,curtailment
3493,18024.879998163662,curtailment
3494,15207.0118722632,curtailment
3495,11580.245550506928,curtailment
3496,8091.097218967365,curtailment
3497,6343.511912537537,curtailment
3498,5917.81687374338,curtailment
3499,6686.156752247824,curtailment
3500,7798.304783719938,curtailment
3501,9448.500129129417,curtailment
3502,11001.938360883085,curtailment
3503,12223.051024890996,curtailment
3504,13743.370708536815,curtailment
3505,15365.82221885585,curtailment
3506,17738.460583234468,curtailment
3507,20391.21105375733,curtailment
3508,20752.945285837643,curtailment
3509,19578.360567146094,curtailment
3510,19192.069281810996,curtailment
3511,19755.575433251357,curtailment
3512,21040.814171984082,curtailment
3513,23036.288704105496,curtailment
3514,24892.267393696733,curtailment
3515,25980.275072877266,curtailment
3516,26427.695205380827,curtailment
3517,26657.028278781294,curtailment
3518,26673.243134286116,curtailment
3519,25872.606576182083,curtailment
3520,24920.614908225296,curtailment
3521,23696.041098974245,curtailment
3522,22226.731814568604,curtailment
3523,20735.097949787403,curtailment
3524,19636.35771308442,curtailment
3525,19049.56641631793,curtailment
3526,19015.53556414439,curtailment
3527,18702.289737472915,curtailment
3528,18574.55527395884,curtailment
3529,18259.12361141655,curtailment
3530,17633.630457325893,curtailment
3531,16986.684084162334,curtailment
3532,15859.233139155102,curtailment
3533,14122.104054486783,curtailment
3534,12649.32973976164,curtailment
3535,11477.263729631646,curtailment
3536,10439.798280923496,curtailment
3537,10165.781270372123,curtailment
3538,10443.159997891067,curtailment
3539,11108.02848646598,curtailment
3540,12078.774204635654,curtailment
3541,13567.72501930104,curtailment
3542,15572.675987859198,curtailment
3543,17588.29911904929,curtailment
3544,19293.136941738572,curtailment
3545,20788.326192538305,curtailment
3546,21754.65302917908,curtailment
3547,22248.075286570012,curtailment
3548,22841.042451711233,curtailment
3549,23594.625257519765,curtailment
3550,24565.851535148275,curtailment
3551,24970.165198407172,curtailment
3552,25022.682314935868,curtailment
3553,24402.34652403355,curtailment
3554,23497.24370761704,curtailment
3555,22447.280635389307,curtailment
3556,20627.564214048034,curtailment
3557,17657.965370044505,curtailment
3558,14510.316967446463,curtailment
3559,11842.421877337776,curtailment
3560,9724.652385946423,curtailment
3561,8563.892242043219,curtailment
3562,7876.068994553586,curtailment
3563,6930.492948676938,curtailment
3564,5965.572533010029,curtailment
3565,5243.753869045269,curtailment
3566,5034.7667622183235,curtailment
3567,4974.073547041553,curtailment
3568,4887.5486960502685,curtailment
3569,5162.45333120165,curtailment
3570,5460.931712002335,curtailment
3571,5950.610380941349,curtailment
3572,7465.09702335872,curtailment
3573,10299.46624140023,curtailment
3574,13950.657888371954,curtailment
3575,17118.49028014293,curtailment
3576,20979.998366141182,curtailment
3577,23071.030183030376,curtailment
3578,24694.221770606557,curtailment
3579,27314.1159422198,curtailment
3580,28396.659477676534,curtailment
3581,27986.288764900302,curtailment
3582,28055.710374693685,curtailment
3583,29960.833919314242,curtailment
3584,31648.843571986417,curtailment
3585,31726.20119155557,curtailment
3586,31713.441111154018,curtailment
3587,31169.708181002796,curtailment
3588,31595.05677072161,curtailment
3589,32477.215599016934,curtailment
3590,32419.292022487876,curtailment
3591,32032.839915876073,curtailment
3592,31371.91912912676,curtailment
3593,30798.124361089012,curtailment
3594,28698.87968311451,curtailment
3595,25595.805671074137,curtailment
3596,23058.231124330658,curtailment
3597,20876.060871720252,curtailment
3598,18396.906047777917,curtailment
3599,16398.866534356966,curtailment
3600,15464.436201091827,curtailment
3601,14570.152911747798,curtailment
3602,13827.008297207625,curtailment
3603,12671.562523625538,curtailment
3604,11265.307979191299,curtailment
3605,9283.03686014186,curtailment
3606,6712.810206505312,curtailment
3607,5198.442785167173,curtailment
3608,4629.454530654085,curtailment
3609,4953.031759290858,curtailment
3610,5517.783498035158,curtailment
3611,5963.571777555773,curtailment
3612,5426.800925053872,curtailment
3613,4605.669173995622,curtailment
3614,3918.2285522714556,curtailment
3615,3281.744180610878,curtailment
3616,2774.4111392363775,curtailment
3617,2697.4717334017932,curtailment
3618,2538.383460686333,curtailment
3619,2512.480760223856,curtailment
3620,3176.9303454764577,curtailment
3621,4840.48722770441,curtailment
3622,7448.586819212851,curtailment
3623,10444.18539775525,curtailment
3624,13286.217522085699,curtailment
3625,16212.53467979224,curtailment
3626,19073.36160064159,curtailment
3627,21759.15536872298,curtailment
3628,23476.084398235183,curtailment
3629,23781.000474358636,curtailment
3630,23862.27407330911,curtailment
3631,25383.779968683306,curtailment
3632,26876.819062174203,curtailment
3633,28315.71687454144,curtailment
3634,30162.433486535934,curtailment
3635,30770.14971910149,curtailment
3636,30149.916681561786,curtailment
3637,29501.76622719135,curtailment
3638,28668.479792269074,curtailment
3639,27633.07001293632,curtailment
3640,25498.65316359375,curtailment
3641,22316.828235269022,curtailment
3642,19065.51276862657,curtailment
3643,15776.80183603587,curtailment
3644,13974.028707656933,curtailment
3645,13194.250070067805,curtailment
3646,12486.446893340779,curtailment
3647,11375.241248948536,curtailment
3648,9734.785795546999,curtailment
3649,8022.811990352323,curtailment
3650,6212.129549009643,curtailment
3651,4563.835971609083,curtailment
3652,3116.930210748432,curtailment
3653,1914.9842565361341,curtailment
3654,1094.1966047919504,curtailment
3655,1451.0031967815275,curtailment
3656,2734.1230613376965,curtailment
3657,4645.452068493629,curtailment
3658,7108.209767378674,curtailment
3659,9070.074457350176,curtailment
3660,10469.765887303914,curtailment
3661,11663.319318511294,curtailment
3662,12932.15396739094,curtailment
3663,13774.696219123383,curtailment
3664,14732.345565490654,curtailment
3665,16604.186415925,curtailment
3666,19240.38224881439,curtailment
3667,22495.281543036384,curtailment
3668,25877.25705800954,curtailment
3669,28341.930500624767,curtailment
3670,29891.389592424955,curtailment
3671,29982.826551415645,curtailment
3672,29322.654551637504,curtailment
3673,28318.84763723483,curtailment
3674,26658.251595653517,curtailment
3675,24217.87736046373,curtailment
3676,21723.90807113035,curtailment
3677,19880.074840372763,curtailment
3678,17531.728719602168,curtailment
3679,18006.974063729554,curtailment
3680,18880.887511330897,curtailment
3681,17565.567088789798,curtailment
3682,15006.033472739357,curtailment
3683,13312.473924485366,curtailment
3684,11466.892428843154,curtailment
3685,10764.551379810415,curtailment
3686,12197.686061177112,curtailment
3687,12741.607412801695,curtailment
3688,11455.154754109624,curtailment
3689,10460.344266209795,curtailment
3690,10627.82605233927,curtailment
3691,10772.291739557924,curtailment
3692,10463.121656220317,curtailment
3693,9279.937089140303,curtailment
3694,8220.74369827369,curtailment
3695,6980.247170305713,curtailment
3696,6045.445520415129,curtailment
3697,5048.980246194809,curtailment
3698,4398.186436664805,curtailment
3699,3992.8261354685346,curtailment
3700,3582.7313782317897,curtailment
3701,2834.539908447496,curtailment
3702,1623.5399800525547,curtailment
3703,1033.1707781213818,curtailment
3704,947.9619970727726,curtailment
3705,1156.382083114342,curtailment
3706,1189.14803735855,curtailment
3707,874.3452349312756,curtailment
3708,421.178865658444,curtailment
3709,0.0,curtailment
3710,0.0,curtailment
3711,0.0,curtailment
3712,380.36019581655364,curtailment
3713,1887.8594210351039,curtailment
3714,3462.6923606600367,curtailment
3715,6722.133293940446,curtailment
3716,11859.838961383388,curtailment
3717,15731.119960193293,curtailment
3718,18324.555516554272,curtailment
3719,21553.46748239613,curtailment
3720,26197.533647453012,curtailment
3721,30433.098416515822,curtailment
3722,31871.242353022604,curtailment
3723,32149.64912538908,curtailment
3724,30251.50336459688,curtailment
3725,26339.896087700727,curtailment
3726,22912.07952819739,curtailment
3727,20938.372667224852,curtailment
3728,19222.315374538888,curtailment
3729,15813.312996870563,curtailment
3730,12395.401241008996,curtailment
3731,9035.495564230172,curtailment
3732,5778.125462858918,curtailment
3733,3136.4290689487398,curtailment
3734,1865.7342775124253,curtailment
3735,360.9225138226493,curtailment
3736,505.20624827839765,curtailment
3737,2412.800469842634,curtailment
3738,5077.081221684226,curtailment
3739,8262.742137140815,curtailment
3740,12198.08473626136,curtailment
3741,15578.731030476054,curtailment
3742,18070.869577215588,curtailment
3743,19829.17961588066,curtailment
3744,21812.186644419337,curtailment
3745,24225.39720352502,curtailment
3746,27118.606309420014,curtailment
3747,29254.926740060455,curtailment
3748,29682.6288177825,curtailment
3749,28234.1373618003,curtailment
3750,26268.766112719713,curtailment
3751,25578.140771065715,curtailment
3752,26616.61960915401,curtailment
3753,28763.535860835444,curtailment
3754,30318.965301310942,curtailment
3755,29913.357192604584,curtailment
3756,27876.6348765753,curtailment
3757,26434.17552064883,curtailment
3758,25838.450804071508,curtailment
3759,24319.158230440637,curtailment
3760,21511.455928493804,curtailment
3761,19198.461741126517,curtailment
3762,17809.88057988622,curtailment
3763,17047.940715806686,curtailment
3764,16837.46412303728,curtailment
3765,16910.484708452117,curtailment
3766,16008.991452730665,curtailment
3767,14105.276342400957,curtailment
3768,12268.671729404592,curtailment
3769,11368.117417400505,curtailment
3770,11651.99109390981,curtailment
3771,11671.98648702664,curtailment
3772,10046.423419334044,curtailment
3773,7488.140472386865,curtailment
3774,4624.072713177893,curtailment
3775,2456.306830181159,curtailment
3776,734.7754447901925,curtailment
3777,0.0,curtailment
3778,0.0,curtailment
3779,0.0,curtailment
3780,0.0,curtailment
3781,0.0,curtailment
3782,0.0,curtailment
3783,0.0,curtailment
3784,0.0,curtailment
3785,0.0,curtailment
3786,0.0,curtailment
3787,788.0647439505783,curtailment
3788,3584.691521073859,curtailment
3789,7207.699400515516,curtailment
3790,10936.821779954083,curtailment
3791,14244.125296571914,curtailment
3792,16836.795012218638,curtailment
3793,19209.416501196578,curtailment
3794,22156.837267039024,curtailment
3795,24971.135247729664,curtailment
3796,24282.34087363527,curtailment
3797,21154.935535697437,curtailment
3798,18095.139816907285,curtailment
3799,20093.718977543864,curtailment
3800,23245.60298579439,curtailment
3801,26305.04749522433,curtailment
3802,30150.266994929505,curtailment
3803,33975.981431144566,curtailment
3804,35809.323473055076,curtailment
3805,36676.040471771106,curtailment
3806,37534.126070218845,curtailment
3807,37877.25736900818,curtailment
3808,36891.232765856475,curtailment
3809,35483.89753483247,curtailment
3810,34490.574334739504,curtailment
3811,34274.05100197374,curtailment
3812,34737.701809149374,curtailment
3813,35311.02994846193,curtailment
3814,36145.51077857951,curtailment
3815,36416.66890221869,curtailment
3816,36749.933509885625,curtailment
3817,36851.16444607103,curtailment
3818,36729.678542237394,curtailment
3819,36547.69590824611,curtailment
3820,35844.20905733164,curtailment
3821,35791.98628727976,curtailment
3822,36435.6247682553,curtailment
3823,35871.177391575126,curtailment
3824,34816.10334577778,curtailment
3825,33628.612886134455,curtailment
3826,31831.900159655754,curtailment
3827,28860.007481655648,curtailment
3828,24711.562411148036,curtailment
3829,20347.213009552477,curtailment
3830,15985.64037680665,curtailment
3831,11928.634141332872,curtailment
3832,8430.577912500292,curtailment
3833,6218.819111696295,curtailment
3834,4676.459128493706,curtailment
3835,3692.53060447957,curtailment
3836,3565.8074431417717,curtailment
3837,3669.434195153043,curtailment
3838,3488.6804490160184,curtailment
3839,3185.4865865223383,curtailment
3840,3103.229951155923,curtailment
3841,3031.6891076674992,curtailment
3842,3100.362901380591,curtailment
3843,3653.3097982554573,curtailment
3844,4642.2382294156405,curtailment
3845,5026.242777179304,curtailment
3846,4938.224451463489,curtailment
3847,5633.338961258063,curtailment
3848,6868.681879031618,curtailment
3849,8694.909091352223,curtailment
3850,9878.652190295315,curtailment
3851,10738.497779376577,curtailment
3852,11425.399306429252,curtailment
3853,12030.773576470452,curtailment
3854,12668.437383134235,curtailment
3855,12824.096264905595,curtailment
3856,13207.499638334131,curtailment
3857,13645.631103112042,curtailment
3858,13926.945688983955,curtailment
3859,15234.242817188579,curtailment
3860,15494.922527297018,curtailment
3861,15477.669608473478,curtailment
3862,16060.925096676552,curtailment
3863,18014.389428254453,curtailment
3864,18880.101472718143,curtailment
3865,19560.933159082793,curtailment
3866,20078.933166431114,curtailment
3867,20397.25343040955,curtailment
3868,19970.490666801055,curtailment
3869,18280.23030519494,curtailment
3870,16536.6113544087,curtailment
3871,16655.882391218453,curtailment
3872,17471.141460081704,curtailment
3873,18673.864628850482,curtailment
3874,18963.292550969694,curtailment
3875,19208.516587459024,curtailment
3876,19479.674912438193,curtailment
3877,19859.08532739716,curtailment
3878,20744.113941764565,curtailment
3879,21300.093849782337,curtailment
3880,21602.066519640797,curtailment
3881,20982.22440335335,curtailment
3882,20336.09162500182,curtailment
3883,19556.113190265576,curtailment
3884,18235.59544505707,curtailment
3885,16730.70869319427,curtailment
3886,14851.392036370591,curtailment
3887,13140.316908306948,curtailment
3888,12302.916511680789,curtailment
3889,12161.338604562665,curtailment
3890,12972.186708634646,curtailment
3891,14410.28804831385,curtailment
3892,15888.528057335461,curtailment
3893,17644.363355432673,curtailment
3894,19530.62813813889,curtailment
3895,21248.371333060262,curtailment
3896,23352.794983558346,curtailment
3897,24822.352120908177,curtailment
3898,25240.03850201478,curtailment
3899,23658.4849810838,curtailment
3900,21005.601712298874,curtailment
3901,19275.64730739752,curtailment
3902,18926.02790134676,curtailment
3903,18332.763222603513,curtailment
3904,17167.8421265199,curtailment
3905,16355.42685641035,curtailment
3906,15805.920600641457,curtailment
3907,15715.093812268471,curtailment
3908,16491.236245860055,curtailment
3909,17492.60245072597,curtailment
3910,18374.00644014679,curtailment
3911,20204.35831865018,curtailment
3912,21039.813189620087,curtailment
3913,18805.31400136335,curtailment
3914,19221.81506361558,curtailment
3915,20429.40692515768,curtailment
3916,19282.97295422975,curtailment
3917,16538.33361335027,curtailment
3918,14391.599457758606,curtailment
3919,13051.24935814003,curtailment
3920,12710.993280024813,curtailment
3921,15079.09999993311,curtailment
3922,15388.488902829735,curtailment
3923,14820.826104232732,curtailment
3924,14719.623503310497,curtailment
3925,14653.928991958233,curtailment
3926,14428.60522315764,curtailment
3927,13208.24431815361,curtailment
3928,10662.430814514551,curtailment
3929,7944.469730696107,curtailment
3930,5920.843004511764,curtailment
3931,5721.943458747071,curtailment
3932,7560.291166902356,curtailment
3933,10449.781451153149,curtailment
3934,13330.89803330429,curtailment
3935,15981.355589956816,curtailment
3936,17391.224015312102,curtailment
3937,16848.81349302539,curtailment
3938,15289.449980423453,curtailment
3939,13582.172629469054,curtailment
3940,12145.323595013175,curtailment
3941,10027.891486862234,curtailment
3942,8056.807621460757,curtailment
3943,8425.93980890937,curtailment
3944,9315.852950142485,curtailment
3945,10357.050256933198,curtailment
3946,10214.936666720248,curtailment
3947,8538.160674005463,curtailment
3948,6393.230029643235,curtailment
3949,5784.154553463293,curtailment
3950,5439.1243304583495,curtailment
3951,3806.8580655923233,curtailment
3952,2849.881950086413,curtailment
3953,3923.762405193549,curtailment
3954,5800.362482287929,curtailment
3955,7279.993022607995,curtailment
3956,8525.058926242373,curtailment
3957,9495.986812869985,curtailment
3958,10708.158585461555,curtailment
3959,11635.26663556802,curtailment
3960,11778.489216415426,curtailment
3961,12204.271837509976,curtailment
3962,12287.90466282957,curtailment
3963,12504.108905532528,curtailment
3964,12723.485576834682,curtailment
3965,12293.244396812912,curtailment
3966,11813.526706482877,curtailment
3967,12711.234346932484,curtailment
3968,14564.912022314846,curtailment
3969,17526.380759414173,curtailment
3970,20895.80312283749,curtailment
3971,24912.950065774723,curtailment
3972,28100.509186402887,curtailment
3973,28737.189633032453,curtailment
3974,26646.408081952883,curtailment
3975,23696.92051862252,curtailment
3976,21807.927173072556,curtailment
3977,22975.953014691357,curtailment
3978,24556.025124195276,curtailment
3979,24432.453650131723,curtailment
3980,22441.984206066154,curtailment
3981,20308.527973333177,curtailment
3982,17421.592395601907,curtailment
3983,14481.818078856486,curtailment
3984,13806.475933661894,curtailment
3985,14025.401842070236,curtailment
3986,14741.040540700184,curtailment
3987,15419.961908851516,curtailment
3988,15249.219796822248,curtailment
3989,14165.926510146166,curtailment
3990,13525.551593473469,curtailment
3991,13618.104639776018,curtailment
3992,13936.506622353625,curtailment
3993,14061.253533605903,curtailment
3994,13557.206381533628,curtailment
3995,12509.004339910618,curtailment
3996,11738.05869483245,curtailment
3997,11279.150777501913,curtailment
3998,10838.947243168306,curtailment
3999,10209.729720047762,curtailment
4000,9444.827168152524,curtailment
4001,9063.687239249712,curtailment
4002,8729.523850830139,curtailment
4003,8115.1801763550875,curtailment
4004,7657.086091161788,curtailment
4005,7380.688826550351,curtailment
4006,7258.385042674996,curtailment
4007,7173.973041324474,curtailment
4008,7305.917773687112,curtailment
4009,7732.92162876116,curtailment
4010,8427.480878528015,curtailment
4011,9307.737801481777,curtailment
4012,9986.311318558946,curtailment
4013,9272.068769599055,curtailment
4014,8859.9074449365,curtailment
4015,9551.738190281867,curtailment
4016,10083.366852769002,curtailment
4017,11169.149036957333,curtailment
4018,12312.449354734277,curtailment
4019,12819.384370818272,curtailment
4020,12536.35218612478,curtailment
4021,11717.608075450506,curtailment
4022,10553.711881630137,curtailment
4023,9168.010200581524,curtailment
4024,7597.687541573883,curtailment
4025,6047.646208236287,curtailment
4026,4605.8522769986175,curtailment
4027,3462.302157061621,curtailment
4028,3607.0935005918172,curtailment
4029,4937.925450633545,curtailment
4030,6748.185174678235,curtailment
4031,8540.644401294023,curtailment
4032,10177.137734077334,curtailment
4033,11384.925954308994,curtailment
4034,11989.098052035582,curtailment
4035,12512.598292097779,curtailment
4036,12084.82771164258,curtailment
4037,10529.543987758552,curtailment
4038,8685.25841308133,curtailment
4039,7589.00385713589,curtailment
4040,7472.7701830755805,curtailment
4041,8236.158722444947,curtailment
4042,8364.487561160124,curtailment
4043,8263.850772102169,curtailment
4044,7913.742444028787,curtailment
4045,7438.015616968652,curtailment
4046,6736.741404692848,curtailment
4047,5844.651079072885,curtailment
4048,4812.85507324199,curtailment
4049,4120.5866818477825,curtailment
4050,3948.780987192051,curtailment
4051,4286.3215322977285,curtailment
4052,4726.030172776583,curtailment
4053,5050.290825125886,curtailment
4054,4877.344254377569,curtailment
4055,4564.213258952091,curtailment
4056,4365.787648814857,curtailment
4057,3902.595792865727,curtailment
4058,3390.734513565864,curtailment
4059,2978.0772618464507,curtailment
4060,2486.7591486311712,curtailment
4061,1554.9637432684958,curtailment
4062,44.98898987818302,curtailment
4063,0.0,curtailment
4064,0.0,curtailment
4065,443.1871658610635,curtailment
4066,1573.760418066102,curtailment
4067,3093.160288798251,curtailment
4068,4367.938715330611,curtailment
4069,5305.162921157826,curtailment
4070,6120.576195996365,curtailment
4071,6975.09915576136,curtailment
4072,7846.28363603513,curtailment
4073,8945.560301166206,curtailment
4074,9580.097668609584,curtailment
4075,9575.343685828551,curtailment
4076,9677.946392653774,curtailment
4077,9357.663746816086,curtailment
4078,8494.315283277185,curtailment
4079,8068.36850334182,curtailment
4080,7306.40408631212,curtailment
4081,6010.900291244253,curtailment
4082,4863.970712258904,curtailment
4083,4315.531889722401,curtailment
4084,3703.936230742415,curtailment
4085,2394.0863613556426,curtailment
4086,1203.7557150626972,curtailment
4087,1340.4508126612018,curtailment
4088,2518.658375147288,curtailment
4089,4208.627914256629,curtailment
4090,5856.512660893346,curtailment
4091,7037.0214706699535,curtailment
4092,7776.587538923337,curtailment
4093,8507.463292811448,curtailment
4094,9287.954968848973,curtailment
4095,9929.708417986769,curtailment
4096,10130.921492885493,curtailment
4097,9789.859377982388,curtailment
4098,8985.855827808142,curtailment
4099,7917.114971673016,curtailment
4100,7362.10590967941,curtailment
4101,7633.526101090699,curtailment
4102,8307.806155928745,curtailment
4103,8769.233600273425,curtailment
4104,8909.93396508054,curtailment
4105,8598.009953097095,curtailment
4106,8252.335406938148,curtailment
4107,7739.404154031181,curtailment
4108,6648.444086611111,curtailment
4109,5055.504941393319,curtailment
4110,3603.956303748573,curtailment
4111,3200.2735756402553,curtailment
4112,3786.8567853870736,curtailment
4113,5115.4830347034995,curtailment
4114,6925.324078711682,curtailment
4115,8859.474691144338,curtailment
4116,10774.275099985993,curtailment
4117,12755.641936224321,curtailment
4118,14816.867311868153,curtailment
4119,16293.36294547737,curtailment
4120,16893.061668323076,curtailment
4121,17237.43433241466,curtailment
4122,17031.770398949906,curtailment
4123,16212.441512680001,curtailment
4124,15591.880340751888,curtailment
4125,15368.914017469931,curtailment
4126,15132.000866890781,curtailment
4127,15024.763269331677,curtailment
4128,14597.861890104192,curtailment
4129,13853.89345683267,curtailment
4130,12989.943505307547,curtailment
4131,11948.516718591516,curtailment
4132,10124.681491784577,curtailment
4133,7406.757613414891,curtailment
4134,4611.553343610665,curtailment
4135,2448.885577142948,curtailment
4136,824.3827409989253,curtailment
4137,0.0,curtailment
4138,0.0,curtailment
4139,0.0,curtailment
4140,0.0,curtailment
4141,0.0,curtailment
4142,0.0,curtailment
4143,0.0,curtailment
4144,0.0,curtailment
4145,0.0,curtailment
4146,0.0,curtailment
4147,0.0,curtailment
4148,0.0,curtailment
4149,0.0,curtailment
4150,0.0,curtailment
4151,149.79921663799632,curtailment
4152,430.94262351909674,curtailment
4153,604.2176991989131,curtailment
4154,756.1391061774702,curtailment
4155,950.6612388219037,curtailment
4156,883.2664988692968,curtailment
4157,441.4354946981798,curtailment
4158,0.0,curtailment
4159,0.0,curtailment
4160,0.0,curtailment
4161,0.0,curtailment
4162,0.0,curtailment
4163,0.0,curtailment
4164,0.0,curtailment
4165,0.0,curtailment
4166,0.0,curtailment
4167,0.0,curtailment
4168,0.0,curtailment
4169,337.59350020254624,curtailment
4170,1036.4709359017243,curtailment
4171,2150.6777164985674,curtailment
4172,3651.9527176747533,curtailment
4173,4694.141750917854,curtailment
4174,4980.59216051808,curtailment
4175,5254.487394134441,curtailment
4176,5669.463745025618,curtailment
4177,6129.115548783409,curtailment
4178,7179.341212690067,curtailment
4179,8128.0914843703395,curtailment
4180,8836.652342685189,curtailment
4181,8845.686009822683,curtailment
4182,7988.765766257386,curtailment
4183,8333.269246224969,curtailment
4184,9097.63287058994,curtailment
4185,9686.89789290013,curtailment
4186,10163.475000127135,curtailment
4187,11028.382485971126,curtailment
4188,12280.077263881078,curtailment
4189,13735.700897809169,curtailment
4190,15434.560972857886,curtailment
4191,17108.07808705751,curtailment
4192,18689.634202171772,curtailment
4193,20354.414213312448,curtailment
4194,21343.858306154052,curtailment
4195,22007.91473454455,curtailment
4196,22679.857776478,curtailment
4197,23066.46415319298,curtailment
4198,23175.363019447377,curtailment
4199,22858.896281867143,curtailment
4200,22226.28004087196,curtailment
4201,21176.216022251807,curtailment
4202,20263.295078560168,curtailment
4203,18392.306452349425,curtailment
4204,15744.085140851625,curtailment
4205,12345.045998955888,curtailment
4206,9259.270446116725,curtailment
4207,7730.316260731661,curtailment
4208,8053.309780864494,curtailment
4209,8852.055224752527,curtailment
4210,9289.736761854545,curtailment
4211,9174.39874281998,curtailment
4212,8271.377088186027,curtailment
4213,6918.316093194934,curtailment
4214,4956.257193366759,curtailment
4215,3392.313250334607,curtailment
4216,3131.0936652160835,curtailment
4217,3742.4649396006625,curtailment
4218,4951.769966468275,curtailment
4219,6405.3264479019235,curtailment
4220,8077.2849244889685,curtailment
4221,8997.355606659574,curtailment
4222,8682.972149863464,curtailment
4223,7645.769099714071,curtailment
4224,6398.529024709396,curtailment
4225,5129.384439344678,curtailment
4226,4642.673562105492,curtailment
4227,4838.798242006035,curtailment
4228,5413.363828817993,curtailment
4229,5550.477823693539,curtailment
4230,4898.138176003034,curtailment
4231,5115.129311475421,curtailment
4232,6735.749799609349,curtailment
4233,9914.088112674599,curtailment
4234,13631.022194328965,curtailment
4235,17660.64349828803,curtailment
4236,21869.336443757504,curtailment
4237,26129.021452784677,curtailment
4238,30116.17317914069,curtailment
4239,33662.56552655853,curtailment
4240,36236.4405255988,curtailment
4241,37805.64036541458,curtailment
4242,38735.92633953068,curtailment
4243,39181.87530522512,curtailment
4244,39170.30125992308,curtailment
4245,39427.35929202363,curtailment
4246,40247.86077455623,curtailment
4247,40991.42795548712,curtailment
4248,41710.00640051054,curtailment
4249,41112.63485190117,curtailment
4250,40664.10993043978,curtailment
4251,40087.01386414188,curtailment
4252,38544.11655438978,curtailment
4253,36177.93539120943,curtailment
4254,33230.34680283753,curtailment
4255,30970.45028607644,curtailment
4256,29331.044568900834,curtailment
4257,27815.64283770645,curtailment
4258,26442.24752310865,curtailment
4259,25102.72671210942,curtailment
4260,23829.51962627826,curtailment
4261,22491.89457089675,curtailment
4262,21239.4213971817,curtailment
4263,20213.357327174384,curtailment
4264,19415.21186087504,curtailment
4265,19049.461470188424,curtailment
4266,18386.08439752792,curtailment
4267,17390.218770942203,curtailment
4268,16880.69255347649,curtailment
4269,17104.262505388942,curtailment
4270,17317.498368448076,curtailment
4271,17311.32015615594,curtailment
4272,16740.935917652692,curtailment
4273,15966.18132477866,curtailment
4274,14873.785887860773,curtailment
4275,13623.249489015467,curtailment
4276,11134.102745806455,curtailment
4277,7718.936728225973,curtailment
4278,4825.746670424065,curtailment
4279,3038.3720179240445,curtailment
4280,2263.1023976127235,curtailment
4281,2418.3923616208913,curtailment
4282,3021.8020488486236,curtailment
4283,3624.4754194845555,curtailment
4284,3983.9146359628994,curtailment
4285,4458.599754088667,curtailment
4286,4920.600120457426,curtailment
4287,5415.270229943786,curtailment
4288,6161.559212239257,curtailment
4289,7404.4148064617275,curtailment
4290,8469.838243076378,curtailment
4291,9213.152529623276,curtailment
4292,10150.670250591986,curtailment
4293,11101.412395507363,curtailment
4294,11590.544833537651,curtailment
4295,11707.338760844583,curtailment
4296,11381.825755444435,curtailment
4297,10972.795356997369,curtailment
4298,11066.816738582804,curtailment
4299,11522.703002261334,curtailment
4300,11209.550347070784,curtailment
4301,10145.712372194284,curtailment
4302,9218.641362009745,curtailment
4303,9002.070418048295,curtailment
4304,9095.167463708198,curtailment
4305,9181.69194762842,curtailment
4306,9715.096378819704,curtailment
4307,10630.084124740897,curtailment
4308,11375.567346070635,curtailment
4309,11846.258496769638,curtailment
4310,12065.285996523653,curtailment
4311,11970.377875499176,curtailment
4312,11176.266991606162,curtailment
4313,10001.658539751828,curtailment
4314,8664.696399449494,curtailment
4315,7497.902126468636,curtailment
4316,6853.655394765976,curtailment
4317,6603.713749234037,curtailment
4318,6927.21317699682,curtailment
4319,7523.27130647145,curtailment
4320,8526.330947945773,curtailment
4321,9807.180955514053,curtailment
4322,11088.228673602523,curtailment
4323,12191.553972893165,curtailment
4324,13037.360610726664,curtailment
4325,13194.541127604483,curtailment
4326,12744.056403589442,curtailment
4327,13386.670352080013,curtailment
4328,15124.310099386697,curtailment
4329,19834.216310006297,curtailment
4330,24071.15696836671,curtailment
4331,28174.666951360505,curtailment
4332,31783.50627066844,curtailment
4333,34979.58547742192,curtailment
4334,37702.23995954298,curtailment
4335,39020.88013537826,curtailment
4336,39959.222394685516,curtailment
4337,40490.92667733756,curtailment
4338,39934.87996657793,curtailment
4339,37291.78097105908,curtailment
4340,34564.49930055163,curtailment
4341,33143.96431960899,curtailment
4342,33075.53972257052,curtailment
4343,33442.35081088904,curtailment
4344,33351.41085325715,curtailment
4345,32680.339300293275,curtailment
4346,32039.651412777992,curtailment
4347,31066.438729192487,curtailment
4348,29517.043022581947,curtailment
4349,28987.18838541096,curtailment
4350,30277.71557525931,curtailment
4351,32512.480389645258,curtailment
4352,35210.823187512084,curtailment
4353,38657.373507076816,curtailment
4354,41812.65172458869,curtailment
4355,43925.18320876649,curtailment
4356,44838.69420076564,curtailment
4357,44912.52714378264,curtailment
4358,44449.583447084515,curtailment
4359,43961.5221884455,curtailment
4360,43728.6408461593,curtailment
4361,43535.80549273686,curtailment
4362,43470.61143109695,curtailment
4363,42895.47873785002,curtailment
4364,42721.50496038648,curtailment
4365,43614.18964520101,curtailment
4366,44891.9804313267,curtailment
4367,46083.739017143256,curtailment
4368,46887.29598542325,curtailment
4369,47400.38721885095,curtailment
4370,48095.80204845287,curtailment
4371,48664.08547651078,curtailment
4372,48703.307429840235,curtailment
4373,48579.65491288557,curtailment
4374,48167.62718329843,curtailment
4375,47676.207017500696,curtailment
4376,46876.49512056982,curtailment
4377,46226.456944862795,curtailment
4378,45664.88129588129,curtailment
4379,44965.6029419242,curtailment
4380,44202.94725801209,curtailment
4381,43500.520154107966,curtailment
4382,42932.083926686915,curtailment
4383,42195.468694862124,curtailment
4384,41482.58952403166,curtailment
4385,40979.844902779696,curtailment
4386,40164.71793763208,curtailment
4387,38850.76747181665,curtailment
4388,37110.32893233169,curtailment
4389,35507.940982767774,curtailment
4390,33980.793235283054,curtailment
4391,33046.05529684098,curtailment
4392,32225.222521694515,curtailment
4393,31122.84204429519,curtailment
4394,30412.073281777502,curtailment
4395,29917.240551964373,curtailment
4396,28978.942969369,curtailment
4397,28260.87407665721,curtailment
4398,28197.128271412537,curtailment
4399,28251.55676232239,curtailment
4400,29113.549323093048,curtailment
4401,30710.354257582596,curtailment
4402,32359.961429157265,curtailment
4403,33613.265936083284,curtailment
4404,34700.279480189085,curtailment
4405,35757.77654469542,curtailment
4406,36645.0944674972,curtailment
4407,36981.77150869794,curtailment
4408,37304.731082425256,curtailment
4409,37690.398244402284,curtailment
4410,37654.393169734874,curtailment
4411,36861.29500451829,curtailment
4412,35662.93539297494,curtailment
4413,34723.56371877507,curtailment
4414,34321.92770343808,curtailment
4415,34438.432713314796,curtailment
4416,34532.67206840838,curtailment
4417,34506.2644265174,curtailment
4418,34297.070825532115,curtailment
4419,34081.11746933927,curtailment
4420,32930.534922234234,curtailment
4421,32735.923813279573,curtailment
4422,33803.05012529163,curtailment
4423,35895.69836600103,curtailment
4424,38131.4278539869,curtailment
4425,40095.44861938285,curtailment
4426,42497.15845794769,curtailment
4427,44638.408842135344,curtailment
4428,46185.504758341995,curtailment
4429,47358.76780215886,curtailment
4430,48119.044098899416,curtailment
4431,48581.82878335912,curtailment
4432,48436.33621153235,curtailment
4433,47738.67376158868,curtailment
4434,46792.290168533174,curtailment
4435,46173.6685767007,curtailment
4436,45260.91572682929,curtailment
4437,44187.7765650889,curtailment
4438,42125.88317540229,curtailment
4439,39497.75072805696,curtailment
4440,36852.10192770895,curtailment
4441,33915.213549138876,curtailment
4442,30771.536159942425,curtailment
4443,27329.66177423085,curtailment
4444,23491.602232852318,curtailment
4445,19795.43100709079,curtailment
4446,16237.520041347878,curtailment
4447,13768.493760620502,curtailment
4448,12080.942701571279,curtailment
4449,11469.486739206082,curtailment
4450,11573.786953538489,curtailment
4451,12116.592208863509,curtailment
4452,12970.130349054503,curtailment
4453,14003.132400976458,curtailment
4454,14790.9577663063,curtailment
4455,15105.868701031017,curtailment
4456,15255.780927507545,curtailment
4457,15522.912928993272,curtailment
4458,15613.09979152729,curtailment
4459,15565.579070405343,curtailment
4460,15248.234426708746,curtailment
4461,14752.405784906654,curtailment
4462,14752.070192725678,curtailment
4463,14822.743600202153,curtailment
4464,14255.572702987309,curtailment
4465,12894.200829229187,curtailment
4466,11723.358160330215,curtailment
4467,11191.444744696153,curtailment
4468,11200.343550506805,curtailment
4469,12154.284900862658,curtailment
4470,13245.260312758099,curtailment
4471,15631.915816353172,curtailment
4472,19194.425993506542,curtailment
4473,22950.25041054484,curtailment
4474,26391.83054103336,curtailment
4475,29719.207210483222,curtailment
4476,32724.360877973195,curtailment
4477,35152.658833713445,curtailment
4478,36765.90344258928,curtailment
4479,37941.10717337449,curtailment
4480,40031.92629132561,curtailment
4481,42681.316090872686,curtailment
4482,43577.3902054403,curtailment
4483,42661.90901303841,curtailment
4484,41732.54683601174,curtailment
4485,41242.74246828432,curtailment
4486,40750.739339001484,curtailment
4487,40321.08811895317,curtailment
4488,39672.953187479165,curtailment
4489,38945.98619018046,curtailment
4490,38448.82129378214,curtailment
4491,37729.25594987541,curtailment
4492,36001.437239698374,curtailment
4493,34334.07269278568,curtailment
4494,32779.466100375386,curtailment
4495,30972.82218724914,curtailment
4496,29107.807716817682,curtailment
4497,27532.631009591154,curtailment
4498,26282.744414497916,curtailment
4499,25429.50064179027,curtailment
4500,25232.62516897483,curtailment
4501,25504.696767440248,curtailment
4502,25846.974317323977,curtailment
4503,25662.86116850644,curtailment
4504,24821.25158789542,curtailment
4505,23946.969732704118,curtailment
4506,22955.01759893998,curtailment
4507,21883.818810352597,curtailment
4508,21139.895863244812,curtailment
4509,20634.60434012078,curtailment
4510,20441.759007504294,curtailment
4511,20498.027207235187,curtailment
4512,20546.560897571522,curtailment
4513,20201.41664628928,curtailment
4514,19777.65838133351,curtailment
4515,19475.111826431686,curtailment
4516,18977.004049266612,curtailment
4517,18030.394528162444,curtailment
4518,17002.986736320905,curtailment
4519,15951.060404558919,curtailment
4520,14998.33235805875,curtailment
4521,14510.13138386529,curtailment
4522,14732.392617903397,curtailment
4523,15494.996948562039,curtailment
4524,16439.77268567679,curtailment
4525,17570.433811283852,curtailment
4526,18563.4557441244,curtailment
4527,19242.139411784137,curtailment
4528,19590.490870793557,curtailment
4529,20150.95038668273,curtailment
4530,20673.376477662743,curtailment
4531,20945.526444317373,curtailment
4532,21725.303455197103,curtailment
4533,22867.061797215414,curtailment
4534,23660.963736794954,curtailment
4535,23705.523180557404,curtailment
4536,23338.841397004122,curtailment
4537,23009.51669593354,curtailment
4538,22324.88058508579,curtailment
4539,21741.982057697332,curtailment
4540,20778.361284390317,curtailment
4541,19285.426702864665,curtailment
4542,17380.624017557646,curtailment
4543,15226.059418658762,curtailment
4544,13438.811206362925,curtailment
4545,12101.934270999503,curtailment
4546,11421.64393198351,curtailment
4547,11323.520309889444,curtailment
4548,11668.873625544747,curtailment
4549,12392.264025176413,curtailment
4550,13230.43956846881,curtailment
4551,13735.290741403182,curtailment
4552,13986.149960279607,curtailment
4553,14154.569371432484,curtailment
4554,13762.333730891909,curtailment
4555,13171.886327743514,curtailment
4556,13404.338242010583,curtailment
4557,13789.5566771013,curtailment
4558,14060.138023312977,curtailment
4559,13886.481996052036,curtailment
4560,13790.433926637575,curtailment
4561,13505.110917395767,curtailment
4562,13239.17576584445,curtailment
4563,13067.626369697884,curtailment
4564,12375.636371660818,curtailment
4565,10794.886131546362,curtailment
4566,9467.930397109336,curtailment
4567,8593.519903340431,curtailment
4568,8420.153099177156,curtailment
4569,8707.824163330228,curtailment
4570,9071.061250620156,curtailment
4571,9508.851662151199,curtailment
4572,10232.204079225356,curtailment
4573,11060.203668171658,curtailment
4574,11398.630498569204,curtailment
4575,10845.55823866991,curtailment
4576,9811.170541944766,curtailment
4577,8725.77203600105,curtailment
4578,7382.13963032813,curtailment
4579,6265.230413437639,curtailment
4580,5978.570202211778,curtailment
4581,5833.705967016588,curtailment
4582,5327.834722810396,curtailment
4583,4636.591795770638,curtailment
4584,3979.8098760151324,curtailment
4585,3277.2027771739686,curtailment
4586,2662.2802073739977,curtailment
4587,2048.301860045237,curtailment
4588,1246.4559741155426,curtailment
4589,97.10938257765383,curtailment
4590,0.0,curtailment
4591,0.0,curtailment
4592,0.0,curtailment
4593,0.0,curtailment
4594,0.0,curtailment
4595,0.0,curtailment
4596,0.0,curtailment
4597,0.0,curtailment
4598,0.0,curtailment
4599,0.0,curtailment
4600,0.0,curtailment
4601,0.0,curtailment
4602,0.0,curtailment
4603,0.0,curtailment
4604,0.0,curtailment
4605,0.0,curtailment
4606,0.0,curtailment
4607,0.0,curtailment
4608,0.0,curtailment
4609,0.0,curtailment
4610,0.0,curtailment
4611,0.0,curtailment
4612,0.0,curtailment
4613,0.0,curtailment
4614,0.0,curtailment
4615,0.0,curtailment
4616,0.0,curtailment
4617,0.0,curtailment
4618,0.0,curtailment
4619,0.0,curtailment
4620,0.0,curtailment
4621,0.0,curtailment
4622,0.0,curtailment
4623,0.0,curtailment
4624,0.0,curtailment
4625,0.0,curtailment
4626,238.13715131844947,curtailment
4627,868.550706381613,curtailment
4628,1475.4522450057102,curtailment
4629,1892.5378949694232,curtailment
4630,2395.6721770210142,curtailment
4631,2783.3530419211293,curtailment
4632,2974.373933163897,curtailment
4633,2820.8216978631913,curtailment
4634,2910.6035945788954,curtailment
4635,3332.4932066721126,curtailment
4636,3767.896248106005,curtailment
4637,3479.0063651205437,curtailment
4638,2955.338029994243,curtailment
4639,3073.4310416478675,curtailment
4640,3511.7013391905875,curtailment
4641,4112.355823491451,curtailment
4642,4902.9144200056035,curtailment
4643,5763.195192760715,curtailment
4644,6644.115917227958,curtailment
4645,7621.3944544692185,curtailment
4646,8745.764978928657,curtailment
4647,9818.563760833507,curtailment
4648,10624.079415730876,curtailment
4649,11100.513199437633,curtailment
4650,11166.543259504873,curtailment
4651,10999.9119384395,curtailment
4652,10950.164786209258,curtailment
4653,11101.72560399383,curtailment
4654,11702.422687299888,curtailment
4655,12091.229100959406,curtailment
4656,12144.693940459561,curtailment
4657,11842.472168615112,curtailment
4658,11625.35315373437,curtailment
4659,11480.93138788037,curtailment
4660,11015.005318398808,curtailment
4661,9939.604002102022,curtailment
4662,8652.647743228197,curtailment
4663,7243.903255377915,curtailment
4664,5851.905226596589,curtailment
4665,5000.697985847692,curtailment
4666,4928.806787141621,curtailment
4667,5241.728881909115,curtailment
4668,5771.710716729969,curtailment
4669,6555.640781152682,curtailment
4670,7433.902169152746,curtailment
4671,8179.184048504763,curtailment
4672,8816.808681180204,curtailment
4673,9516.04348559981,curtailment
4674,10216.969751599452,curtailment
4675,10905.144794061918,curtailment
4676,11659.154163879153,curtailment
4677,12523.908027911266,curtailment
4678,13299.374380377516,curtailment
4679,13748.28351823204,curtailment
4680,14114.22862029271,curtailment
4681,14555.445901953639,curtailment
4682,15368.149716285956,curtailment
4683,16195.566831354303,curtailment
4684,16682.473635786926,curtailment
4685,16810.276406150453,curtailment
4686,16818.579292289094,curtailment
4687,16920.95983934501,curtailment
4688,16983.929428329822,curtailment
4689,17394.818568291885,curtailment
4690,17968.76951768477,curtailment
4691,18464.7894382274,curtailment
4692,18978.704607765107,curtailment
4693,19477.963449733168,curtailment
4694,19877.82139937315,curtailment
4695,19821.44035498138,curtailment
4696,19362.20849017361,curtailment
4697,18894.02603513908,curtailment
4698,18341.792108888156,curtailment
4699,17502.428907668098,curtailment
4700,17116.058318288953,curtailment
4701,17104.351999839753,curtailment
4702,17546.585128698272,curtailment
4703,17505.283266941726,curtailment
4704,17203.461936252843,curtailment
4705,17017.38432415497,curtailment
4706,16852.61461553925,curtailment
4707,16900.518339453847,curtailment
4708,16307.377147352694,curtailment
4709,15131.605156762194,curtailment
4710,14006.831351882836,curtailment
4711,12741.374088155393,curtailment
4712,11330.210382678573,curtailment
4713,9667.744545993797,curtailment
4714,8153.611311117933,curtailment
4715,7381.457023035795,curtailment
4716,7616.041063032677,curtailment
4717,8683.561403869644,curtailment
4718,9936.62692571884,curtailment
4719,10868.112558692863,curtailment
4720,11093.317004471828,curtailment
4721,11010.42220671918,curtailment
4722,10433.11230069911,curtailment
4723,9343.489439676137,curtailment
4724,8919.001720870021,curtailment
4725,8776.564795759878,curtailment
4726,9114.529491780913,curtailment
4727,9462.61883021085,curtailment
4728,9458.070682046635,curtailment
4729,9141.642486194898,curtailment
4730,8460.954876529424,curtailment
4731,7615.679942971671,curtailment
4732,6042.490049135973,curtailment
4733,3548.2694277555474,curtailment
4734,922.0331906620113,curtailment
4735,0.0,curtailment
4736,0.0,curtailment
4737,0.0,curtailment
4738,0.0,curtailment
4739,0.0,curtailment
4740,0.0,curtailment
4741,0.0,curtailment
4742,0.0,curtailment
4743,0.0,curtailment
4744,0.0,curtailment
4745,0.0,curtailment
4746,0.0,curtailment
4747,0.0,curtailment
4748,0.0,curtailment
4749,0.0,curtailment
4750,0.0,curtailment
4751,0.0,curtailment
4752,98.25245907075032,curtailment
4753,572.9579730004498,curtailment
4754,1174.8253440906574,curtailment
4755,1959.3977100265724,curtailment
4756,3044.8445668666664,curtailment
4757,3269.0845815993,curtailment
4758,3094.695774454415,curtailment
4759,2906.030200410776,curtailment
4760,2763.428343085481,curtailment
4761,2608.7350539652707,curtailment
4762,2801.992037681154,curtailment
4763,2890.8808389768756,curtailment
4764,3134.521882065831,curtailment
4765,3494.0582124395887,curtailment
4766,3635.670741828103,curtailment
4767,3360.738502444554,curtailment
4768,3420.8686549278955,curtailment
4769,3342.1098030006524,curtailment
4770,3682.935944600462,curtailment
4771,4774.252418420995,curtailment
4772,6209.993986529605,curtailment
4773,7200.268821813606,curtailment
4774,7439.345869288776,curtailment
4775,6917.7654917682,curtailment
4776,5708.731789747052,curtailment
4777,4605.406828519047,curtailment
4778,3741.86161106296,curtailment
4779,3021.9175995632536,curtailment
4780,2218.845399080537,curtailment
4781,934.2934866393825,curtailment
4782,0.0,curtailment
4783,0.0,curtailment
4784,0.0,curtailment
4785,0.0,curtailment
4786,0.0,curtailment
4787,425.23797265957455,curtailment
4788,1190.766017567552,curtailment
4789,1825.1979962705973,curtailment
4790,2172.2223772190446,curtailment
4791,2019.9673574471835,curtailment
4792,1476.3203053465659,curtailment
4793,1176.2748525109473,curtailment
4794,1043.852506846696,curtailment
4795,850.2146859467593,curtailment
4796,792.6159241309779,curtailment
4797,821.5343098883577,curtailment
4798,1178.2798642075168,curtailment
4799,1672.6396484524626,curtailment
4800,2416.088955327202,curtailment
4801,3078.315151339246,curtailment
4802,4441.946043370261,curtailment
4803,6388.5952207896535,curtailment
4804,8568.515616484317,curtailment
4805,9898.581686282028,curtailment
4806,10111.129246525967,curtailment
4807,11072.389949525299,curtailment
4808,12263.932301727476,curtailment
4809,14572.57606886979,curtailment
4810,16581.757218671773,curtailment
4811,18611.866395047466,curtailment
4812,19779.38171462071,curtailment
4813,19786.389089458084,curtailment
4814,19230.02546394496,curtailment
4815,18746.56803625772,curtailment
4816,17963.805445595124,curtailment
4817,17569.245557469592,curtailment
4818,17632.77705240371,curtailment
4819,17405.51155096304,curtailment
4820,15874.168974399567,curtailment
4821,13526.112634235868,curtailment
4822,11741.251594168758,curtailment
4823,10899.31620344697,curtailment
4824,10572.40898699438,curtailment
4825,9484.845026855515,curtailment
4826,8261.518340934324,curtailment
4827,7887.712811584875,curtailment
4828,7871.423715119548,curtailment
4829,7811.728768185512,curtailment
4830,8339.684232728456,curtailment
4831,10183.731903168999,curtailment
4832,12920.94011794707,curtailment
4833,16197.597747012402,curtailment
4834,19628.49743852433,curtailment
4835,22516.62684592489,curtailment
4836,24438.550383960133,curtailment
4837,25772.17305352765,curtailment
4838,26367.939899601563,curtailment
4839,26516.220982926814,curtailment
4840,25748.32384384577,curtailment
4841,24498.34294728265,curtailment
4842,22583.5939033187,curtailment
4843,20277.36220651074,curtailment
4844,18327.866879470712,curtailment
4845,17305.647319247964,curtailment
4846,16741.97885958362,curtailment
4847,16111.940855130775,curtailment
4848,15745.757025084837,curtailment
4849,15028.56575076274,curtailment
4850,14515.587567369383,curtailment
4851,13733.687544545315,curtailment
4852,13355.158207549492,curtailment
4853,13429.028511349343,curtailment
4854,13357.073077844041,curtailment
4855,13983.80678707163,curtailment
4856,15945.120474155701,curtailment
4857,18372.723053186488,curtailment
4858,20193.026527986935,curtailment
4859,21402.603294285975,curtailment
4860,22332.602838885145,curtailment
4861,22502.790426027805,curtailment
4862,22318.948701715763,curtailment
4863,21997.759068573192,curtailment
4864,21676.45398393077,curtailment
4865,21047.753648705937,curtailment
4866,20344.945197496425,curtailment
4867,18597.365168581095,curtailment
4868,17610.98666574632,curtailment
4869,16988.6176758144,curtailment
4870,17292.41272534471,curtailment
4871,17281.5161199863,curtailment
4872,17055.680958086377,curtailment
4873,16541.18150386219,curtailment
4874,15331.394201325722,curtailment
4875,14146.729799337729,curtailment
4876,12778.76936980276,curtailment
4877,10350.885649619173,curtailment
4878,7936.788398593071,curtailment
4879,6991.82823064018,curtailment
4880,6878.50404893139,curtailment
4881,7251.708837388976,curtailment
4882,8013.423988264094,curtailment
4883,8748.452741379937,curtailment
4884,8973.853843156525,curtailment
4885,8948.526948973216,curtailment
4886,8687.81530453103,curtailment
4887,8075.779363057554,curtailment
4888,6927.231336919592,curtailment
4889,5691.903126701476,curtailment
4890,4224.715874202877,curtailment
4891,2813.579457973885,curtailment
4892,1940.6477776936672,curtailment
4893,1214.965581584971,curtailment
4894,886.5529457403954,curtailment
4895,520.770371463409,curtailment
4896,204.6989298210974,curtailment
4897,0.0,curtailment
4898,0.0,curtailment
4899,0.0,curtailment
4900,0.0,curtailment
4901,0.0,curtailment
4902,0.0,curtailment
4903,0.0,curtailment
4904,0.0,curtailment
4905,0.0,curtailment
4906,0.0,curtailment
4907,0.0,curtailment
4908,1106.0617311522828,curtailment
4909,2720.5639803671,curtailment
4910,4542.539259207029,curtailment
4911,6424.160178202973,curtailment
4912,7814.24742611255,curtailment
4913,8845.51754985475,curtailment
4914,10422.33470214092,curtailment
4915,12961.104446641499,curtailment
4916,15549.065366812643,curtailment
4917,16696.3661616122,curtailment
4918,17124.581134720924,curtailment
4919,17029.49724487952,curtailment
4920,16019.360899311156,curtailment
4921,14325.143421699944,curtailment
4922,12482.43376539804,curtailment
4923,10773.111626366215,curtailment
4924,8957.887060889323,curtailment
4925,6013.431176929618,curtailment
4926,2973.1270391308162,curtailment
4927,1364.4074632585707,curtailment
4928,1101.113132376422,curtailment
4929,872.0180231504892,curtailment
4930,1039.2756488127816,curtailment
4931,1628.6139913286997,curtailment
4932,2364.9097919361056,curtailment
4933,3273.4863283001105,curtailment
4934,4120.064718483572,curtailment
4935,4914.269758204035,curtailment
4936,5761.414957130481,curtailment
4937,6800.3674875959505,curtailment
4938,8035.291536407703,curtailment
4939,9370.398559792626,curtailment
4940,10840.513567580772,curtailment
4941,11512.99596718213,curtailment
4942,12017.06077164375,curtailment
4943,12092.927634253627,curtailment
4944,11787.0648257516,curtailment
4945,11398.339637793528,curtailment
4946,11659.517646927394,curtailment
4947,12664.42134854391,curtailment
4948,13388.372321792056,curtailment
4949,12814.268998034637,curtailment
4950,10961.950924568584,curtailment
4951,9967.915848292247,curtailment
4952,10117.035747319878,curtailment
4953,11372.55511249995,curtailment
4954,12594.638760513015,curtailment
4955,13656.887780206598,curtailment
4956,14639.688604560244,curtailment
4957,15793.45209113328,curtailment
4958,16873.520662035076,curtailment
4959,17756.584026557164,curtailment
4960,18244.8013280739,curtailment
4961,18177.8285320775,curtailment
4962,17879.23405124761,curtailment
4963,17476.90817449709,curtailment
4964,18067.35398438452,curtailment
4965,18273.551089782075,curtailment
4966,18658.951829026155,curtailment
4967,19013.435184901977,curtailment
4968,18924.4693773013,curtailment
4969,18334.26006308956,curtailment
4970,17842.31658471187,curtailment
4971,17608.677540883797,curtailment
4972,17306.63493171728,curtailment
4973,16491.201373540713,curtailment
4974,17161.041807503447,curtailment
4975,20187.559784431836,curtailment
4976,23741.71362220605,curtailment
4977,27377.469137728793,curtailment
4978,30602.006871310652,curtailment
4979,33061.639427978516,curtailment
4980,34507.89429018736,curtailment
4981,35445.34435545877,curtailment
4982,35704.52549025124,curtailment
4983,35278.26872673008,curtailment
4984,34534.374522144746,curtailment
4985,33549.021016288,curtailment
4986,32000.701724720817,curtailment
4987,30522.044562210285,curtailment
4988,29579.806596837923,curtailment
4989,28896.011043424493,curtailment
4990,28544.19395258332,curtailment
4991,27932.446288808544,curtailment
4992,27266.60158572589,curtailment
4993,26544.78949395016,curtailment
4994,26088.863782761153,curtailment
4995,25953.276583863037,curtailment
4996,25202.394278818454,curtailment
4997,23440.810548713453,curtailment
4998,23169.01908114657,curtailment
4999,23304.012108986102,curtailment
5000,23557.85782903379,curtailment
5001,24262.051770785103,curtailment
5002,24818.97360771605,curtailment
5003,25160.055359711405,curtailment
5004,25298.67110082064,curtailment
5005,24923.571494211104,curtailment
5006,24024.55288921957,curtailment
5007,22617.654175708245,curtailment
5008,20512.99883762495,curtailment
5009,18136.023217642338,curtailment
5010,16023.949139363925,curtailment
5011,14269.746116371422,curtailment
5012,13600.093703419026,curtailment
5013,13200.681520930444,curtailment
5014,12631.567313969423,curtailment
5015,11406.015569493364,curtailment
5016,10331.782891623816,curtailment
5017,9491.451118268276,curtailment
5018,9014.575531171244,curtailment
5019,8648.06375617394,curtailment
5020,8193.571790111604,curtailment
5021,6838.236575856076,curtailment
5022,4547.313471895476,curtailment
5023,3313.697504009059,curtailment
5024,2530.9816564613266,curtailment
5025,2192.083515979583,curtailment
5026,1903.9777510801823,curtailment
5027,762.4394458795186,curtailment
5028,330.51728606929373,curtailment
5029,863.5764084153961,curtailment
5030,1088.0488344692903,curtailment
5031,923.9796890567031,curtailment
5032,752.1856687181025,curtailment
5033,736.1396714523717,curtailment
5034,787.5394992741794,curtailment
5035,834.4875856746767,curtailment
5036,789.7775054432518,curtailment
5037,776.6723116537914,curtailment
5038,824.0518559849816,curtailment
5039,912.6865883215241,curtailment
5040,1173.2096411038597,curtailment
5041,1397.9873524646955,curtailment
5042,1659.0272629447309,curtailment
5043,1862.0777112399828,curtailment
5044,1798.8879890545913,curtailment
5045,1078.0944475739389,curtailment
5046,0.0,curtailment
5047,0.0,curtailment
5048,0.0,curtailment
5049,0.0,curtailment
5050,0.0,curtailment
5051,0.0,curtailment
5052,0.0,curtailment
5053,1203.0300719797233,curtailment
5054,2967.6334481024405,curtailment
5055,4966.166164989915,curtailment
5056,6928.351242050745,curtailment
5057,9444.49203340913,curtailment
5058,12063.474322194648,curtailment
5059,14292.90466380055,curtailment
5060,15957.431346452133,curtailment
5061,16905.150462253263,curtailment
5062,17342.855149340172,curtailment
5063,17104.765684356455,curtailment
5064,16094.916428326582,curtailment
5065,14437.826362378073,curtailment
5066,13427.277725746506,curtailment
5067,12929.931666149903,curtailment
5068,12652.195413991372,curtailment
5069,12364.382048953637,curtailment
5070,11113.606726382024,curtailment
5071,9669.062228052635,curtailment
5072,7925.64334914134,curtailment
5073,6644.427492890862,curtailment
5074,6254.468699758423,curtailment
5075,6317.541629575388,curtailment
5076,6566.047147557394,curtailment
5077,7013.608633166154,curtailment
5078,7445.691286206846,curtailment
5079,7669.892162661947,curtailment
5080,7697.690952907442,curtailment
5081,8140.755441519259,curtailment
5082,9130.663791118981,curtailment
5083,9887.46162455354,curtailment
5084,10115.903124528713,curtailment
5085,9904.473514622576,curtailment
5086,9347.403492537815,curtailment
5087,8663.510543661454,curtailment
5088,8003.597070578129,curtailment
5089,7269.784685489196,curtailment
5090,6636.295739371446,curtailment
5091,6030.05968402697,curtailment
5092,5233.936901733699,curtailment
5093,4082.3348885650125,curtailment
5094,2230.9237518641257,curtailment
5095,1110.5271476946127,curtailment
5096,332.7191037598941,curtailment
5097,0.0,curtailment
5098,0.0,curtailment
5099,0.0,curtailment
5100,0.0,curtailment
5101,0.0,curtailment
5102,0.0,curtailment
5103,0.0,curtailment
5104,0.0,curtailment
5105,0.0,curtailment
5106,0.0,curtailment
5107,0.0,curtailment
5108,0.0,curtailment
5109,0.0,curtailment
5110,0.0,curtailment
5111,0.0,curtailment
5112,0.0,curtailment
5113,0.0,curtailment
5114,0.0,curtailment
5115,0.0,curtailment
5116,0.0,curtailment
5117,0.0,curtailment
5118,0.0,curtailment
5119,0.0,curtailment
5120,0.0,curtailment
5121,0.0,curtailment
5122,0.0,curtailment
5123,0.0,curtailment
5124,0.0,curtailment
5125,0.0,curtailment
5126,0.0,curtailment
5127,0.0,curtailment
5128,0.0,curtailment
5129,236.34584818634085,curtailment
5130,768.8805830515212,curtailment
5131,1070.5680752639491,curtailment
5132,1042.155475320912,curtailment
5133,891.6678345462151,curtailment
5134,640.7699380347485,curtailment
5135,223.71562312840433,curtailment
5136,11.66153529317944,curtailment
5137,0.0,curtailment
5138,0.0,curtailment
5139,30.971259412649033,curtailment
5140,20.984811698186604,curtailment
5141,0.0,curtailment
5142,0.0,curtailment
5143,0.0,curtailment
5144,0.0,curtailment
5145,0.0,curtailment
5146,0.0,curtailment
5147,0.0,curtailment
5148,0.0,curtailment
5149,0.0,curtailment
5150,0.0,curtailment
5151,0.0,curtailment
5152,72.12980855385467,curtailment
5153,347.3307051156189,curtailment
5154,467.90177885609955,curtailment
5155,540.7323069438917,curtailment
5156,643.0068945088024,curtailment
5157,841.5659548117806,curtailment
5158,1301.4577202481496,curtailment
5159,1853.2246738762296,curtailment
5160,2595.128672159312,curtailment
5161,3222.1444051788503,curtailment
5162,3950.07623347118,curtailment
5163,4507.486794138713,curtailment
5164,4686.369327476504,curtailment
5165,4320.09981121935,curtailment
5166,3177.0118700691264,curtailment
5167,2362.2612631417524,curtailment
5168,1758.0370773936856,curtailment
5169,1616.0167293705554,curtailment
5170,1976.6792897217565,curtailment
5171,2497.0888201209664,curtailment
5172,2914.575993892153,curtailment
5173,3284.944118756683,curtailment
5174,3384.4698370765254,curtailment
5175,3134.672828889401,curtailment
5176,2683.190234495539,curtailment
5177,2423.7301957362815,curtailment
5178,2165.5951587279774,curtailment
5179,1840.5207345049803,curtailment
5180,1796.5832401966045,curtailment
5181,2197.5348815008433,curtailment
5182,2507.2137546922263,curtailment
5183,2218.9561581141197,curtailment
5184,1648.7615431175473,curtailment
5185,930.6780351543784,curtailment
5186,243.67434280125417,curtailment
5187,0.0,curtailment
5188,0.0,curtailment
5189,0.0,curtailment
5190,0.0,curtailment
5191,0.0,curtailment
5192,0.0,curtailment
5193,0.0,curtailment
5194,0.0,curtailment
5195,0.0,curtailment
5196,0.0,curtailment
5197,0.0,curtailment
5198,0.0,curtailment
5199,0.0,curtailment
5200,82.52403984008197,curtailment
5201,689.2642276248098,curtailment
5202,1523.5807476595573,curtailment
5203,2324.459382518614,curtailment
5204,3211.3557019825976,curtailment
5205,4040.5999835140137,curtailment
5206,4937.725818000704,curtailment
5207,5602.6076726908395,curtailment
5208,6157.036370388784,curtailment
5209,6727.61386956264,curtailment
5210,7844.879536922264,curtailment
5211,8985.501928264523,curtailment
5212,9419.703306284417,curtailment
5213,9331.49203413188,curtailment
5214,8901.6547962967,curtailment
5215,10105.427312793448,curtailment
5216,11957.80571390864,curtailment
5217,14186.206293818519,curtailment
5218,16514.62921095561,curtailment
5219,18092.60145726999,curtailment
5220,18529.804234974672,curtailment
5221,18237.21423765,curtailment
5222,16804.46872406046,curtailment
5223,14334.226961875325,curtailment
5224,11366.924024344526,curtailment
5225,8825.857867469707,curtailment
5226,6688.329014176496,curtailment
5227,5773.664715546294,curtailment
5228,5970.911356261562,curtailment
5229,6590.066187230929,curtailment
5230,7424.600476066052,curtailment
5231,7890.017955797864,curtailment
5232,7787.367851324236,curtailment
5233,7321.829569084024,curtailment
5234,7308.86790332131,curtailment
5235,7703.472450875373,curtailment
5236,8159.206380067799,curtailment
5237,8156.530274300987,curtailment
5238,7277.591301069693,curtailment
5239,7470.567961266212,curtailment
5240,8159.418162978376,curtailment
5241,8588.532392617408,curtailment
5242,8650.357652320374,curtailment
5243,8278.242066421688,curtailment
5244,7478.613249745964,curtailment
5245,6693.059487712705,curtailment
5246,6285.798295255611,curtailment
5247,6044.85120721537,curtailment
5248,5916.384578154935,curtailment
5249,6066.070874501766,curtailment
5250,6290.931569927161,curtailment
5251,6735.300807756575,curtailment
5252,7639.756945508258,curtailment
5253,8742.958502204987,curtailment
5254,10122.733488617454,curtailment
5255,11466.340084034593,curtailment
5256,12286.548265964768,curtailment
5257,12722.987095789547,curtailment
5258,13287.582281473376,curtailment
5259,14303.682036410823,curtailment
5260,14647.744525950971,curtailment
5261,14071.646683154315,curtailment
5262,12873.123499089495,curtailment
5263,13518.841761843465,curtailment
5264,15063.96767322573,curtailment
5265,16527.902301784197,curtailment
5266,17722.158884765136,curtailment
5267,18731.10436955315,curtailment
5268,19514.612999089924,curtailment
5269,20260.686109252692,curtailment
5270,20878.530688770887,curtailment
5271,21177.899093631364,curtailment
5272,20976.204404136588,curtailment
5273,20746.079839907216,curtailment
5274,20070.72436682604,curtailment
5275,19175.99119970901,curtailment
5276,18975.077351135744,curtailment
5277,19551.31501138035,curtailment
5278,20172.172608447945,curtailment
5279,20631.19308821437,curtailment
5280,20643.58401896324,curtailment
5281,19940.10172595941,curtailment
5282,18733.95435164446,curtailment
5283,16785.21653148695,curtailment
5284,14234.169386934915,curtailment
5285,10583.386739324458,curtailment
5286,6177.880655434638,curtailment
5287,2501.7205418322837,curtailment
5288,117.5455121589539,curtailment
5289,0.0,curtailment
5290,261.45320336250825,curtailment
5291,835.0216999475124,curtailment
5292,1131.7485790571172,curtailment
5293,1020.8325427585451,curtailment
5294,1358.9142179561286,curtailment
5295,2577.254999016479,curtailment
5296,4109.312536809273,curtailment
5297,6843.539395635202,curtailment
5298,11578.51847094317,curtailment
5299,15697.6918758104,curtailment
5300,19427.237774001507,curtailment
5301,22822.03304882068,curtailment
5302,25624.63293744166,curtailment
5303,27019.816563286553,curtailment
5304,27203.53275606834,curtailment
5305,27220.631309424854,curtailment
5306,27217.77583611317,curtailment
5307,26438.80600012112,curtailment
5308,25824.74189135111,curtailment
5309,24498.243101034568,curtailment
5310,22168.62731090228,curtailment
5311,20696.928297190952,curtailment
5312,21273.87989399419,curtailment
5313,22618.744214199243,curtailment
5314,25218.708334550094,curtailment
5315,28873.92835354458,curtailment
5316,31773.76467459328,curtailment
5317,34031.30010116456,curtailment
5318,35955.85332710007,curtailment
5319,37090.538999040255,curtailment
5320,37149.96536737003,curtailment
5321,36227.68328796828,curtailment
5322,34660.34209820782,curtailment
5323,33773.40305955016,curtailment
5324,34462.89904651027,curtailment
5325,35988.74979254882,curtailment
5326,37766.930472064225,curtailment
5327,39216.47597295669,curtailment
5328,41146.54320138077,curtailment
5329,42802.15903017905,curtailment
5330,44399.473821034335,curtailment
5331,45340.49301243923,curtailment
5332,45304.21548214479,curtailment
5333,44358.55269625712,curtailment
5334,44444.77430978228,curtailment
5335,44887.0852824252,curtailment
5336,45098.09481634688,curtailment
5337,45409.407134549634,curtailment
5338,45915.7130724676,curtailment
5339,46014.699753037756,curtailment
5340,45116.67403624759,curtailment
5341,43659.86922739791,curtailment
5342,40836.59118790548,curtailment
5343,37102.91365301248,curtailment
5344,33799.257189521566,curtailment
5345,30948.362185716265,curtailment
5346,27093.7731163251,curtailment
5347,23696.141389662087,curtailment
5348,21499.35296733693,curtailment
5349,20841.048846056387,curtailment
5350,20370.931569116558,curtailment
5351,19976.789974964988,curtailment
5352,19922.51271769967,curtailment
5353,19853.687189362183,curtailment
5354,20325.010142408784,curtailment
5355,20986.89715392052,curtailment
5356,21539.338737838854,curtailment
5357,21766.003641767704,curtailment
5358,21676.35129636231,curtailment
5359,24047.31657660001,curtailment
5360,25548.647847994514,curtailment
5361,26186.693741062445,curtailment
5362,26892.20278736175,curtailment
5363,27124.68478191358,curtailment
5364,26663.19489945114,curtailment
5365,25447.242647949446,curtailment
5366,23880.82022269919,curtailment
5367,22274.01279117661,curtailment
5368,20265.838966837866,curtailment
5369,18125.78793392255,curtailment
5370,15189.32575233384,curtailment
5371,12577.583832608161,curtailment
5372,11356.988816022818,curtailment
5373,10761.164998963195,curtailment
5374,10188.572835769988,curtailment
5375,9651.015061459238,curtailment
5376,9514.982576859718,curtailment
5377,9485.301202968298,curtailment
5378,9790.345668709453,curtailment
5379,10247.348693127624,curtailment
5380,10289.51354465325,curtailment
5381,9462.164869997017,curtailment
5382,7774.644228787818,curtailment
5383,6839.848014833498,curtailment
5384,6648.611634362855,curtailment
5385,6982.42655849812,curtailment
5386,8366.04445743958,curtailment
5387,10549.666524664042,curtailment
5388,13099.376058055448,curtailment
5389,15877.046433862804,curtailment
5390,18448.337113128247,curtailment
5391,20057.07641390676,curtailment
5392,20204.52401958249,curtailment
5393,19531.75223351545,curtailment
5394,18566.94866008601,curtailment
5395,18217.01380995176,curtailment
5396,18312.66849971952,curtailment
5397,18072.295758382166,curtailment
5398,17603.21976311429,curtailment
5399,16840.79480587563,curtailment
5400,16027.119138571281,curtailment
5401,15155.212730607574,curtailment
5402,14741.758649156618,curtailment
5403,14766.922534962137,curtailment
5404,14324.488291828571,curtailment
5405,12884.456294533702,curtailment
5406,10393.040887022464,curtailment
5407,8642.437604528877,curtailment
5408,7935.619008760968,curtailment
5409,8012.355861977649,curtailment
5410,8882.267960061048,curtailment
5411,9821.360569393491,curtailment
5412,10436.592888925417,curtailment
5413,10947.576011908423,curtailment
5414,11094.531946944497,curtailment
5415,10445.823227643014,curtailment
5416,9444.077324336606,curtailment
5417,8485.77396080684,curtailment
5418,7408.51155551889,curtailment
5419,6629.199695686453,curtailment
5420,5791.154610937823,curtailment
5421,5068.287395967418,curtailment
5422,4611.359483385792,curtailment
5423,4987.349092443497,curtailment
5424,6460.167461603053,curtailment
5425,8586.936608171476,curtailment
5426,11150.899168151276,curtailment
5427,13783.172509930886,curtailment
5428,15976.15452237125,curtailment
5429,17075.737434826562,curtailment
5430,16696.8742748422,curtailment
5431,17096.337677889773,curtailment
5432,18805.601930627057,curtailment
5433,20262.96391133034,curtailment
5434,21448.83848553558,curtailment
5435,22190.86080528571,curtailment
5436,22132.985436511117,curtailment
5437,20642.140918745754,curtailment
5438,18105.097093902023,curtailment
5439,14999.847586059968,curtailment
5440,11874.73490463759,curtailment
5441,9613.90550095417,curtailment
5442,8525.652348152766,curtailment
5443,8950.936636617771,curtailment
5444,10093.229586827272,curtailment
5445,11876.987206109074,curtailment
5446,13859.623096707403,curtailment
5447,15230.627273168917,curtailment
5448,16085.824746121501,curtailment
5449,17227.110384159856,curtailment
5450,18295.34504657518,curtailment
5451,18041.395706306364,curtailment
5452,16875.362360359566,curtailment
5453,15427.493241154512,curtailment
5454,13161.952658765715,curtailment
5455,11463.905706887988,curtailment
5456,10187.377384465575,curtailment
5457,9227.026404184364,curtailment
5458,8675.886648322103,curtailment
5459,8877.81832683133,curtailment
5460,9130.85383618865,curtailment
5461,9237.89658130523,curtailment
5462,9118.775097167227,curtailment
5463,8978.040293047321,curtailment
5464,8898.513018890833,curtailment
5465,9490.613751578458,curtailment
5466,9912.20285325526,curtailment
5467,10289.857540005236,curtailment
5468,11830.958746482052,curtailment
5469,14269.799734660617,curtailment
5470,17255.94437296276,curtailment
5471,19658.951292746922,curtailment
5472,22758.58676312363,curtailment
5473,25447.48602030464,curtailment
5474,28486.555572637022,curtailment
5475,31990.416576132604,curtailment
5476,33688.86390644294,curtailment
5477,33586.91645991169,curtailment
5478,32776.91179753024,curtailment
5479,31911.940243897985,curtailment
5480,31629.332517731083,curtailment
5481,31822.87677533665,curtailment
5482,32785.622545124075,curtailment
5483,33023.2515214443,curtailment
5484,32021.29634062081,curtailment
5485,29610.897343342185,curtailment
5486,26610.216087298173,curtailment
5487,24158.012718184913,curtailment
5488,21228.791194828038,curtailment
5489,18162.086330421473,curtailment
5490,15778.85753344469,curtailment
5491,14608.230504002682,curtailment
5492,14299.64370036334,curtailment
5493,13923.974807040704,curtailment
5494,13023.393411008565,curtailment
5495,11019.579392253338,curtailment
5496,8336.118351065463,curtailment
5497,6297.117990175841,curtailment
5498,4939.995371219007,curtailment
5499,3761.399183529737,curtailment
5500,3830.2511851008667,curtailment
5501,4839.012183684947,curtailment
5502,5441.813281839468,curtailment
5503,5695.91587604623,curtailment
5504,6828.994686990461,curtailment
5505,8314.787985396211,curtailment
5506,8691.352724482664,curtailment
5507,8563.122435076568,curtailment
5508,8475.92469354288,curtailment
5509,8340.442470668077,curtailment
5510,8430.712159455623,curtailment
5511,8727.852532720564,curtailment
5512,9239.47411218897,curtailment
5513,10381.65861879176,curtailment
5514,12331.814479305089,curtailment
5515,15376.112880020639,curtailment
5516,18957.48606859194,curtailment
5517,22183.545183713573,curtailment
5518,24417.203490686737,curtailment
5519,24805.501435540667,curtailment
5520,23960.091562353904,curtailment
5521,22731.077775271355,curtailment
5522,21797.405486707314,curtailment
5523,21216.930187694947,curtailment
5524,20627.390835974064,curtailment
5525,19380.779623164428,curtailment
5526,18471.65546745124,curtailment
5527,19988.08981716796,curtailment
5528,23402.622603183692,curtailment
5529,26744.89886354253,curtailment
5530,28960.620252180957,curtailment
5531,29324.153912200938,curtailment
5532,28307.114354996505,curtailment
5533,26731.469808487516,curtailment
5534,25197.709349240344,curtailment
5535,23678.65625243441,curtailment
5536,21991.662104231444,curtailment
5537,19970.07980992877,curtailment
5538,17483.418289335707,curtailment
5539,16428.96143565209,curtailment
5540,17124.30720426081,curtailment
5541,18102.869678485647,curtailment
5542,18211.302034365646,curtailment
5543,17280.11538339581,curtailment
5544,16213.17395183747,curtailment
5545,15166.061501527423,curtailment
5546,14244.213236628006,curtailment
5547,13505.558125055712,curtailment
5548,12798.644916548163,curtailment
5549,11870.581612908449,curtailment
5550,10115.625245619405,curtailment
5551,9826.022246507466,curtailment
5552,11463.655215772604,curtailment
5553,12805.509900685629,curtailment
5554,13900.42824916201,curtailment
5555,14526.06053029438,curtailment
5556,14556.285234284438,curtailment
5557,13787.495756583472,curtailment
5558,12532.901044628208,curtailment
5559,11304.99345886003,curtailment
5560,9864.150353942372,curtailment
5561,8343.663644804496,curtailment
5562,6919.790376984778,curtailment
5563,6258.22967153838,curtailment
5564,5985.717060550338,curtailment
5565,6138.662490406639,curtailment
5566,6571.004724026558,curtailment
5567,7024.503667554946,curtailment
5568,7346.864719977743,curtailment
5569,7452.184311192323,curtailment
5570,7712.831864447688,curtailment
5571,8132.297096455259,curtailment
5572,8069.405461299487,curtailment
5573,7377.424870866319,curtailment
5574,5766.442326678642,curtailment
5575,5027.857997730678,curtailment
5576,5007.92007717402,curtailment
5577,5448.071940398277,curtailment
5578,6088.186537069274,curtailment
5579,6875.612717004484,curtailment
5580,7705.010346056581,curtailment
5581,8326.734936556,curtailment
5582,8442.691495868854,curtailment
5583,7693.750003532041,curtailment
5584,6431.98458994317,curtailment
5585,5444.293420876176,curtailment
5586,4718.583289966477,curtailment
5587,4812.115257021269,curtailment
5588,5495.527533338549,curtailment
5589,6716.502808581485,curtailment
5590,7950.760354222869,curtailment
5591,9258.069897348201,curtailment
5592,10624.043861604387,curtailment
5593,11536.420827554557,curtailment
5594,12742.505171905079,curtailment
5595,13958.27958742866,curtailment
5596,15346.411113537164,curtailment
5597,16040.95779478149,curtailment
5598,15538.262429337658,curtailment
5599,15902.051563819645,curtailment
5600,18612.41777677237,curtailment
5601,20827.22947087027,curtailment
5602,22131.641600122162,curtailment
5603,22920.14094425887,curtailment
5604,23049.693589801158,curtailment
5605,22981.17831509628,curtailment
5606,22508.93036993497,curtailment
5607,21515.74342358772,curtailment
5608,19490.995158171405,curtailment
5609,16919.491506035025,curtailment
5610,15132.15044329265,curtailment
5611,14264.662378804233,curtailment
5612,13756.676935471993,curtailment
5613,13795.641978150712,curtailment
5614,14683.962340411448,curtailment
5615,16472.60392440884,curtailment
5616,18046.58767965061,curtailment
5617,19214.14227038675,curtailment
5618,19863.837139886447,curtailment
5619,20641.054734728405,curtailment
5620,20684.383694284024,curtailment
5621,20174.47667104233,curtailment
5622,18821.969331115237,curtailment
5623,17805.220825102704,curtailment
5624,19173.15087811651,curtailment
5625,20174.555220478294,curtailment
5626,20794.695235428768,curtailment
5627,20812.957634685852,curtailment
5628,19963.080157502693,curtailment
5629,18435.42932141562,curtailment
5630,16334.662726001268,curtailment
5631,13903.189014111209,curtailment
5632,11355.761794191945,curtailment
5633,8968.094013786525,curtailment
5634,6642.748498594863,curtailment
5635,5245.90088999811,curtailment
5636,4205.679450055158,curtailment
5637,3409.1731971460595,curtailment
5638,2480.7573970956373,curtailment
5639,1366.3047972989489,curtailment
5640,568.9713091158383,curtailment
5641,0.0,curtailment
5642,0.0,curtailment
5643,0.0,curtailment
5644,0.0,curtailment
5645,0.0,curtailment
5646,0.0,curtailment
5647,0.0,curtailment
5648,0.0,curtailment
5649,0.0,curtailment
5650,0.0,curtailment
5651,0.0,curtailment
5652,70.53268675917207,curtailment
5653,395.7940727500336,curtailment
5654,640.4769612624132,curtailment
5655,859.720193291214,curtailment
5656,1244.7136171596549,curtailment
5657,2351.0971029273333,curtailment
5658,4317.6270333501125,curtailment
5659,7169.98473698091,curtailment
5660,9431.186902130781,curtailment
5661,10729.35119602402,curtailment
5662,11578.62762630045,curtailment
5663,11921.607084763447,curtailment
5664,11905.450036866574,curtailment
5665,11162.364913600508,curtailment
5666,10129.99960026703,curtailment
5667,9035.469810635157,curtailment
5668,7837.827299918206,curtailment
5669,6707.672344404523,curtailment
5670,5042.536382665968,curtailment
5671,3058.5456418810163,curtailment
5672,2048.2421833343815,curtailment
5673,2137.7273968072805,curtailment
5674,2961.387224341841,curtailment
5675,3508.005045963733,curtailment
5676,3382.3208573608545,curtailment
5677,2946.990942073107,curtailment
5678,2634.7540636482026,curtailment
5679,2736.8857403432503,curtailment
5680,3575.237802375307,curtailment
5681,5386.903818259867,curtailment
5682,7989.986636768226,curtailment
5683,10728.830832649057,curtailment
5684,12494.20648001805,curtailment
5685,13054.616888529697,curtailment
5686,12564.44926647625,curtailment
5687,11426.875164903953,curtailment
5688,10187.352318050594,curtailment
5689,8487.372944094981,curtailment
5690,7146.856605095094,curtailment
5691,6358.572961757896,curtailment
5692,5469.634051142924,curtailment
5693,4740.4538432922145,curtailment
5694,3586.3851942280767,curtailment
5695,2161.3927343775463,curtailment
5696,1509.164111576767,curtailment
5697,2014.927095594152,curtailment
5698,3315.6348751831165,curtailment
5699,4218.889554300245,curtailment
5700,4663.8237144832165,curtailment
5701,5288.237783178551,curtailment
5702,5957.0255273920975,curtailment
5703,6395.318859094613,curtailment
5704,6479.160866623586,curtailment
5705,6961.420783963024,curtailment
5706,8256.821875033063,curtailment
5707,10109.653314784096,curtailment
5708,11261.918737638343,curtailment
5709,11609.631236554016,curtailment
5710,11420.701754512067,curtailment
5711,10834.85649416286,curtailment
5712,10169.781742968018,curtailment
5713,9272.64043891268,curtailment
5714,8518.992756789252,curtailment
5715,7780.367120974672,curtailment
5716,6725.8798556635775,curtailment
5717,5403.087139265696,curtailment
5718,3273.574977917534,curtailment
5719,1345.680038018946,curtailment
5720,799.0195940133408,curtailment
5721,1675.1509242262464,curtailment
5722,3109.4312754163175,curtailment
5723,4403.821956652229,curtailment
5724,5403.888252290959,curtailment
5725,6301.977787268428,curtailment
5726,7228.166869328794,curtailment
5727,8296.10167991124,curtailment
5728,9592.300982730896,curtailment
5729,11453.36519018697,curtailment
5730,13975.818418062903,curtailment
5731,16510.020625747842,curtailment
5732,17670.459836143804,curtailment
5733,17573.592556509342,curtailment
5734,16580.92069807711,curtailment
5735,15517.320188900198,curtailment
5736,13860.11056104719,curtailment
5737,12261.774354643563,curtailment
5738,11244.206313295384,curtailment
5739,10334.274970696237,curtailment
5740,9607.234281493951,curtailment
5741,9205.452512958327,curtailment
5742,8031.701859077368,curtailment
5743,6758.0164848747845,curtailment
5744,5955.399856193533,curtailment
5745,5889.369356669737,curtailment
5746,6130.902770318311,curtailment
5747,6411.6822188945935,curtailment
5748,6402.20467146256,curtailment
5749,6002.8777642060695,curtailment
5750,5242.958356154452,curtailment
5751,4243.103295825577,curtailment
5752,3422.0592475413687,curtailment
5753,3116.2875456316615,curtailment
5754,3452.0129013041123,curtailment
5755,4175.831571993682,curtailment
5756,4934.89623731954,curtailment
5757,5914.310304110959,curtailment
5758,6635.755080445911,curtailment
5759,7007.430288249021,curtailment
5760,7262.306447873985,curtailment
5761,7495.06418557363,curtailment
5762,7599.548427763348,curtailment
5763,7524.209516828583,curtailment
5764,7175.869603478693,curtailment
5765,5927.035345784048,curtailment
5766,3636.7847006198954,curtailment
5767,1574.995061340759,curtailment
5768,922.2524534562144,curtailment
5769,983.3192758410732,curtailment
5770,2056.0839052586743,curtailment
5771,3755.232352774492,curtailment
5772,5711.027582264189,curtailment
5773,7690.874378313199,curtailment
5774,9014.059308834101,curtailment
5775,9591.598190444034,curtailment
5776,9208.484068410267,curtailment
5777,8067.189403344741,curtailment
5778,7294.886504708202,curtailment
5779,7700.829275993343,curtailment
5780,8327.935753835442,curtailment
5781,9553.753527747598,curtailment
5782,11053.37915373968,curtailment
5783,11745.629507330856,curtailment
5784,11986.243818282433,curtailment
5785,11977.843545482903,curtailment
5786,12003.604697077079,curtailment
5787,12122.972674330238,curtailment
5788,11398.035878491319,curtailment
5789,10213.05455810637,curtailment
5790,9337.655636121306,curtailment
5791,9405.107629573318,curtailment
5792,10722.996366824282,curtailment
5793,12533.520340530615,curtailment
5794,14248.425207016007,curtailment
5795,15545.889659102559,curtailment
5796,16030.067400678723,curtailment
5797,15958.114658400526,curtailment
5798,15621.09116274258,curtailment
5799,15051.074405318603,curtailment
5800,14373.1840968678,curtailment
5801,14031.24160189409,curtailment
5802,13243.78126260587,curtailment
5803,12628.163264002438,curtailment
5804,12125.826264682164,curtailment
5805,11924.97356886659,curtailment
5806,11932.871410851287,curtailment
5807,12070.665038481793,curtailment
5808,12630.359676307111,curtailment
5809,13282.561459077133,curtailment
5810,13720.32648052426,curtailment
5811,13667.863076403668,curtailment
5812,12733.27049062214,curtailment
5813,11896.101527857209,curtailment
5814,10765.597600512778,curtailment
5815,10001.99648376384,curtailment
5816,10632.775035479304,curtailment
5817,11680.757632566063,curtailment
5818,12665.947843496038,curtailment
5819,13072.090847561074,curtailment
5820,12809.181405503805,curtailment
5821,12313.81864985951,curtailment
5822,11390.769349503775,curtailment
5823,10446.537621655332,curtailment
5824,8798.23662968042,curtailment
5825,7253.124401853509,curtailment
5826,7696.36488718043,curtailment
5827,9422.877305625872,curtailment
5828,11411.817729419738,curtailment
5829,13077.583129045634,curtailment
5830,14400.939931822952,curtailment
5831,15438.054578120875,curtailment
5832,16247.951919600098,curtailment
5833,16691.03584574659,curtailment
5834,16489.717781582425,curtailment
5835,16157.285029303039,curtailment
5836,15050.99746100937,curtailment
5837,13526.535033978193,curtailment
5838,12394.715609328412,curtailment
5839,12356.46645816012,curtailment
5840,13156.775165875151,curtailment
5841,13381.640265679587,curtailment
5842,13014.432490685398,curtailment
5843,12531.22625457175,curtailment
5844,12124.875551804027,curtailment
5845,12180.653959360461,curtailment
5846,12960.059203611421,curtailment
5847,13326.90322976538,curtailment
5848,12693.489427278764,curtailment
5849,11836.889575365609,curtailment
5850,11217.403742082464,curtailment
5851,11408.892546260347,curtailment
5852,12114.648605261169,curtailment
5853,13397.03279711882,curtailment
5854,15009.808212080194,curtailment
5855,16572.008795101676,curtailment
5856,18001.736040848933,curtailment
5857,18837.378937159792,curtailment
5858,19619.74816901426,curtailment
5859,20572.423667621173,curtailment
5860,21232.40904016531,curtailment
5861,21683.095422765913,curtailment
5862,21354.665249966223,curtailment
5863,20945.46686261639,curtailment
5864,21097.79626549936,curtailment
5865,21663.629247062105,curtailment
5866,22009.06039518343,curtailment
5867,21722.115887634263,curtailment
5868,20957.839054912874,curtailment
5869,20036.937826399168,curtailment
5870,18896.16329625601,curtailment
5871,17661.362048841573,curtailment
5872,16458.841140212215,curtailment
5873,15691.341301077253,curtailment
5874,15644.055554665909,curtailment
5875,16969.36326979552,curtailment
5876,19250.23338844277,curtailment
5877,21759.8870020228,curtailment
5878,23740.625176985457,curtailment
5879,25907.94032962709,curtailment
5880,28271.990621396937,curtailment
5881,29986.00906903194,curtailment
5882,30758.268527992237,curtailment
5883,31320.605517343523,curtailment
5884,31019.257609751767,curtailment
5885,30551.149935062742,curtailment
5886,30169.394624835168,curtailment
5887,30107.269388495846,curtailment
5888,30490.638919334262,curtailment
5889,30865.11018336528,curtailment
5890,30599.06920544211,curtailment
5891,30002.256275134197,curtailment
5892,29465.271447364023,curtailment
5893,29502.157198372453,curtailment
5894,29578.407128878112,curtailment
5895,28967.721789887928,curtailment
5896,27234.929221217906,curtailment
5897,24692.2580450139,curtailment
5898,21862.968273011098,curtailment
5899,19542.233821119244,curtailment
5900,17950.95868328463,curtailment
5901,16945.685245107918,curtailment
5902,16082.022935364326,curtailment
5903,15292.030080708513,curtailment
5904,14722.665227519357,curtailment
5905,14103.285544541235,curtailment
5906,13688.572336602621,curtailment
5907,13746.975552304531,curtailment
5908,13631.584676963772,curtailment
5909,14281.321327545176,curtailment
5910,15705.252306725086,curtailment
5911,17304.16366321784,curtailment
5912,20192.676140507843,curtailment
5913,23675.941244507354,curtailment
5914,26864.054265008803,curtailment
5915,28574.907245248993,curtailment
5916,28718.096925100494,curtailment
5917,28402.190060938006,curtailment
5918,28798.822591351207,curtailment
5919,28110.82200426154,curtailment
5920,26368.512697942715,curtailment
5921,25518.361709382305,curtailment
5922,24862.48116669694,curtailment
5923,23450.6582833152,curtailment
5924,22687.100054963717,curtailment
5925,21562.263174981497,curtailment
5926,20246.825969729704,curtailment
5927,18857.964929604255,curtailment
5928,17470.563171260874,curtailment
5929,16486.43580066682,curtailment
5930,15879.156788560671,curtailment
5931,15709.690375008287,curtailment
5932,15671.22128432157,curtailment
5933,15714.48029661995,curtailment
5934,17231.02086232405,curtailment
5935,20877.089669027588,curtailment
5936,25141.37366671262,curtailment
5937,28630.77931324506,curtailment
5938,31287.209903036488,curtailment
5939,33769.76849825981,curtailment
5940,36528.26657843952,curtailment
5941,39390.75351086121,curtailment
5942,41955.17705597387,curtailment
5943,44076.90341150265,curtailment
5944,45445.703944256136,curtailment
5945,45915.92547730429,curtailment
5946,45530.68065184226,curtailment
5947,44628.93505048301,curtailment
5948,43248.74648960519,curtailment
5949,41305.56796823174,curtailment
5950,38321.95434750095,curtailment
5951,35010.21363871001,curtailment
5952,31976.006788243976,curtailment
5953,29878.71166057288,curtailment
5954,28383.744478406465,curtailment
5955,27242.321291948534,curtailment
5956,26091.563756206364,curtailment
5957,24739.257473274454,curtailment
5958,23775.97664154884,curtailment
5959,24422.778576731373,curtailment
5960,25470.366652908582,curtailment
5961,26058.988929218547,curtailment
5962,27485.695601527354,curtailment
5963,28992.713783071482,curtailment
5964,29691.931524090873,curtailment
5965,30463.703105278193,curtailment
5966,30792.982088685552,curtailment
5967,29440.0522668324,curtailment
5968,26794.28594047774,curtailment
5969,24276.746823019923,curtailment
5970,22273.67961725248,curtailment
5971,21453.263220621444,curtailment
5972,21961.77220908208,curtailment
5973,23593.153907404376,curtailment
5974,24962.101377321495,curtailment
5975,25370.87114708434,curtailment
5976,24580.619643833943,curtailment
5977,23143.88888773606,curtailment
5978,21246.306426082825,curtailment
5979,18924.203352424243,curtailment
5980,16436.281340236426,curtailment
5981,13940.883009623103,curtailment
5982,11246.953241352563,curtailment
5983,9081.464638804908,curtailment
5984,7867.570291267118,curtailment
5985,7352.954212411786,curtailment
5986,6699.501279039837,curtailment
5987,5750.704682223024,curtailment
5988,4660.8759494945425,curtailment
5989,3785.2526293132123,curtailment
5990,3210.6794207351686,curtailment
5991,2801.806971477753,curtailment
5992,2593.693845657137,curtailment
5993,2919.2435993203835,curtailment
5994,3298.50426343643,curtailment
5995,3211.9874288377914,curtailment
5996,2814.1572291581306,curtailment
5997,2472.4788074059516,curtailment
5998,2105.8606710954837,curtailment
5999,1560.7871380072556,curtailment
6000,1555.057985012159,curtailment
6001,1954.2199403118693,curtailment
6002,2450.0305310220665,curtailment
6003,2988.0037757306395,curtailment
6004,3532.3215851704763,curtailment
6005,3944.344611696718,curtailment
6006,3999.971812367975,curtailment
6007,3840.101694105034,curtailment
6008,3690.3351277305665,curtailment
6009,3649.9839405096427,curtailment
6010,3777.4234851845285,curtailment
6011,3787.152526719615,curtailment
6012,3581.03971080041,curtailment
6013,3262.653468528306,curtailment
6014,2721.884071062849,curtailment
6015,2055.5707166462453,curtailment
6016,1670.6489720983254,curtailment
6017,1976.0250384803867,curtailment
6018,2692.6104098846663,curtailment
6019,3140.029700178331,curtailment
6020,3185.463223231507,curtailment
6021,3092.1545069413723,curtailment
6022,2706.1320448951165,curtailment
6023,1935.329435971028,curtailment
6024,1293.4831471118378,curtailment
6025,672.2621357799217,curtailment
6026,293.0937631626307,curtailment
6027,94.41321141584422,curtailment
6028,0.0,curtailment
6029,15.35763553859033,curtailment
6030,0.0,curtailment
6031,261.6883473499329,curtailment
6032,334.6771032172028,curtailment
6033,172.46074700936788,curtailment
6034,333.18596298822104,curtailment
6035,462.4472844402526,curtailment
6036,595.28840376473,curtailment
6037,1181.403527075568,curtailment
6038,1661.896353610191,curtailment
6039,1880.7512968400788,curtailment
6040,2185.1493493300295,curtailment
6041,2666.7612210537945,curtailment
6042,2946.416368078809,curtailment
6043,3104.057239416924,curtailment
6044,3196.942102336665,curtailment
6045,3485.3862536324095,curtailment
6046,3650.1473777162346,curtailment
6047,4196.9156060010955,curtailment
6048,5266.921153731308,curtailment
6049,6422.674356432614,curtailment
6050,7753.944741280274,curtailment
6051,9050.317196238339,curtailment
6052,10189.511096217684,curtailment
6053,10611.260563943706,curtailment
6054,11041.596782240977,curtailment
6055,11845.904220837414,curtailment
6056,13118.942804611372,curtailment
6057,15006.648039009171,curtailment
6058,16723.37119932728,curtailment
6059,17962.03023989391,curtailment
6060,18805.536780453,curtailment
6061,19529.485017747647,curtailment
6062,20512.630200100575,curtailment
6063,21150.16383170592,curtailment
6064,21106.158905141394,curtailment
6065,21532.36687230434,curtailment
6066,22213.490351599336,curtailment
6067,23787.721123916825,curtailment
6068,25492.96220198058,curtailment
6069,25342.92247207622,curtailment
6070,24261.07234534481,curtailment
6071,23907.612611435725,curtailment
6072,25006.345051204116,curtailment
6073,27102.246443304524,curtailment
6074,29332.41374648648,curtailment
6075,30697.45597450253,curtailment
6076,30104.3723712587,curtailment
6077,28948.180065931072,curtailment
6078,28015.837887981168,curtailment
6079,28511.60968286042,curtailment
6080,31458.98264310904,curtailment
6081,35176.66958545923,curtailment
6082,38727.11723524135,curtailment
6083,41401.52318468805,curtailment
6084,42943.9277561411,curtailment
6085,43246.40506987931,curtailment
6086,41718.16987640758,curtailment
6087,39291.03685601793,curtailment
6088,36491.23563420793,curtailment
6089,35040.33614361487,curtailment
6090,34027.88106180538,curtailment
6091,32954.0554112441,curtailment
6092,31949.269820043006,curtailment
6093,30605.95545474898,curtailment
6094,29728.896874766062,curtailment
6095,28992.915635714144,curtailment
6096,26938.90888970074,curtailment
6097,24801.28890358444,curtailment
6098,23890.49099137131,curtailment
6099,23422.963514396957,curtailment
6100,22259.387000855982,curtailment
6101,20818.908710107928,curtailment
6102,18944.16323780138,curtailment
6103,17494.059365261593,curtailment
6104,18931.600149381484,curtailment
6105,21357.328166717027,curtailment
6106,23474.244438606103,curtailment
6107,25258.450214079097,curtailment
6108,26766.60971891729,curtailment
6109,28396.43873922509,curtailment
6110,29693.59399715561,curtailment
6111,29903.26514264271,curtailment
6112,28707.35639814562,curtailment
6113,26758.803619904935,curtailment
6114,25423.34016913189,curtailment
6115,23890.36526771218,curtailment
6116,22189.8454556344,curtailment
6117,20771.221868009397,curtailment
6118,18875.203408400364,curtailment
6119,18691.249931224305,curtailment
6120,20493.881415787317,curtailment
6121,22287.882497154318,curtailment
6122,25414.23488731251,curtailment
6123,29223.870240391803,curtailment
6124,31607.778610940222,curtailment
6125,33860.9292173077,curtailment
6126,34550.0480533387,curtailment
6127,36066.43903358983,curtailment
6128,38857.23341998657,curtailment
6129,40655.362556029686,curtailment
6130,40278.03808713388,curtailment
6131,39382.186197684176,curtailment
6132,38625.80905126949,curtailment
6133,38495.96618477219,curtailment
6134,38944.42713598393,curtailment
6135,39226.116998300844,curtailment
6136,38990.04853838903,curtailment
6137,38326.25860400566,curtailment
6138,37362.42489834327,curtailment
6139,35812.69061669678,curtailment
6140,34369.18882015263,curtailment
6141,33322.10851314583,curtailment
6142,32474.899060988828,curtailment
6143,31108.73606713841,curtailment
6144,29695.692563804037,curtailment
6145,28523.106631072973,curtailment
6146,27996.57538378166,curtailment
6147,27440.726729756432,curtailment
6148,25717.825899041738,curtailment
6149,23448.87644853954,curtailment
6150,20502.793133548876,curtailment
6151,18997.528788874868,curtailment
6152,18747.740868617373,curtailment
6153,19852.083539554063,curtailment
6154,21012.729971120883,curtailment
6155,22468.72998532068,curtailment
6156,24223.892632027768,curtailment
6157,26233.483451351174,curtailment
6158,27666.281008046,curtailment
6159,28648.793137009925,curtailment
6160,28627.187875829844,curtailment
6161,28573.708489243138,curtailment
6162,29646.620762329505,curtailment
6163,31653.42632332466,curtailment
6164,34334.92764292818,curtailment
6165,37137.93431152386,curtailment
6166,40361.73564566384,curtailment
6167,43442.094981645205,curtailment
6168,46166.46888291303,curtailment
6169,47889.365132999155,curtailment
6170,49083.16271543847,curtailment
6171,49541.56408799632,curtailment
6172,50173.78485231065,curtailment
6173,50332.31560282412,curtailment
6174,49649.304877053204,curtailment
6175,48559.74587324077,curtailment
6176,48920.96938899487,curtailment
6177,49706.73437100026,curtailment
6178,50752.84904397029,curtailment
6179,51378.718107910885,curtailment
6180,51567.02774469023,curtailment
6181,51747.05179308279,curtailment
6182,51764.47002947989,curtailment
6183,51575.944920599635,curtailment
6184,51480.63984088476,curtailment
6185,51642.38333997734,curtailment
6186,51522.052085006144,curtailment
6187,51268.44624680817,curtailment
6188,51163.88220903251,curtailment
6189,51280.939929212494,curtailment
6190,51602.35182538864,curtailment
6191,51563.157669594366,curtailment
6192,50988.06745755556,curtailment
6193,49822.820600822444,curtailment
6194,48701.632915343376,curtailment
6195,47639.4746067507,curtailment
6196,45759.97662585939,curtailment
6197,43310.11799246251,curtailment
6198,40568.818182343166,curtailment
6199,38757.1125916556,curtailment
6200,38309.80330935849,curtailment
6201,38644.37393387085,curtailment
6202,39218.67858558325,curtailment
6203,39442.066651237634,curtailment
6204,39563.403644623446,curtailment
6205,39883.61535419971,curtailment
6206,39862.53035550769,curtailment
6207,39266.13410494403,curtailment
6208,37986.527934343685,curtailment
6209,36350.00661120968,curtailment
6210,34952.337242074995,curtailment
6211,33868.91830530637,curtailment
6212,33989.82729159189,curtailment
6213,34976.76566326981,curtailment
6214,36164.70031862204,curtailment
6215,37461.679535475094,curtailment
6216,39068.27538151025,curtailment
6217,40553.61148335717,curtailment
6218,42246.1652351374,curtailment
6219,44301.982609924045,curtailment
6220,45055.705818552466,curtailment
6221,45306.04910378941,curtailment
6222,45606.110693968876,curtailment
6223,46609.91655452244,curtailment
6224,48116.6072420253,curtailment
6225,50378.24183855592,curtailment
6226,52048.174185861266,curtailment
6227,52931.86158270228,curtailment
6228,53267.31984187064,curtailment
6229,53573.72308063201,curtailment
6230,53718.040085580134,curtailment
6231,53096.05622080939,curtailment
6232,52058.80251567283,curtailment
6233,51038.71076275391,curtailment
6234,49668.56070833591,curtailment
6235,47626.70484821586,curtailment
6236,45695.83595368528,curtailment
6237,44059.1520642957,curtailment
6238,42925.92993582903,curtailment
6239,41771.28128510253,curtailment
6240,40835.07969510907,curtailment
6241,40365.67294049531,curtailment
6242,40136.83241682824,curtailment
6243,39233.01756893825,curtailment
6244,38221.15459224723,curtailment
6245,36483.6999115458,curtailment
6246,34133.417701406885,curtailment
6247,32369.15220699867,curtailment
6248,32726.086973705773,curtailment
6249,31885.555397713477,curtailment
6250,31336.16606550411,curtailment
6251,31152.634338582364,curtailment
6252,31380.87809858039,curtailment
6253,31812.46492478131,curtailment
6254,32210.92432114462,curtailment
6255,32045.10947324733,curtailment
6256,31443.56170587245,curtailment
6257,30460.35853978753,curtailment
6258,29095.041483784677,curtailment
6259,27686.722383416323,curtailment
6260,26278.5776687249,curtailment
6261,25059.932109138826,curtailment
6262,23641.375397608143,curtailment
6263,21576.382864755564,curtailment
6264,19664.478826358994,curtailment
6265,18098.80753613172,curtailment
6266,17153.018988771168,curtailment
6267,16987.391689987748,curtailment
6268,16412.871475403423,curtailment
6269,14181.020696145748,curtailment
6270,11851.34208442095,curtailment
6271,10101.977290223633,curtailment
6272,8828.962062370709,curtailment
6273,7333.829458592684,curtailment
6274,6431.442171942843,curtailment
6275,6178.64283934599,curtailment
6276,6180.1675069091125,curtailment
6277,6672.282072712157,curtailment
6278,7886.780576173328,curtailment
6279,8836.321216124274,curtailment
6280,9200.918207325474,curtailment
6281,9445.313126716359,curtailment
6282,9647.693874728124,curtailment
6283,9271.477481330712,curtailment
6284,8873.26334636851,curtailment
6285,8897.4306116554,curtailment
6286,9362.44868743472,curtailment
6287,9707.148878429281,curtailment
6288,10313.169570448132,curtailment
6289,11386.931162630486,curtailment
6290,12801.87591587758,curtailment
6291,14086.11255227244,curtailment
6292,14460.76583326364,curtailment
6293,13670.713941549138,curtailment
6294,12106.923526147175,curtailment
6295,11028.604369919747,curtailment
6296,11264.264428591343,curtailment
6297,13101.491331723899,curtailment
6298,14872.618827803295,curtailment
6299,16646.587071648406,curtailment
6300,18182.82137152442,curtailment
6301,19733.288042164124,curtailment
6302,20797.85393397847,curtailment
6303,21177.486525870823,curtailment
6304,20443.841756398582,curtailment
6305,18950.942018452042,curtailment
6306,17803.197335798443,curtailment
6307,16930.813282023133,curtailment
6308,16170.86325709757,curtailment
6309,15825.351042692331,curtailment
6310,15745.567981303835,curtailment
6311,15604.244876535573,curtailment
6312,15120.881992812487,curtailment
6313,14312.581624534785,curtailment
6314,13320.881104036878,curtailment
6315,12254.038683462075,curtailment
6316,11223.242875992837,curtailment
6317,10167.536393015445,curtailment
6318,8575.944925474272,curtailment
6319,6549.1490320962785,curtailment
6320,4708.953730976765,curtailment
6321,3574.163785702981,curtailment
6322,2575.968266153717,curtailment
6323,1657.1229242874242,curtailment
6324,842.7350798127063,curtailment
6325,359.3179436546343,curtailment
6326,44.71768824249466,curtailment
6327,0.0,curtailment
6328,0.0,curtailment
6329,0.0,curtailment
6330,0.0,curtailment
6331,0.0,curtailment
6332,0.0,curtailment
6333,0.0,curtailment
6334,0.0,curtailment
6335,619.242693966165,curtailment
6336,1248.522416172677,curtailment
6337,1681.6697855019102,curtailment
6338,2074.70920729709,curtailment
6339,2455.5486850304815,curtailment
6340,2730.1728838306753,curtailment
6341,2679.777351974489,curtailment
6342,2250.5217116354197,curtailment
6343,1883.256165815039,curtailment
6344,970.1130433812086,curtailment
6345,719.6260054172863,curtailment
6346,2048.7436250021838,curtailment
6347,3850.8998284951804,curtailment
6348,5301.07118772331,curtailment
6349,6466.176547443556,curtailment
6350,7490.848048174857,curtailment
6351,8555.547234417158,curtailment
6352,10010.62883354073,curtailment
6353,14280.878036844111,curtailment
6354,20375.272112181323,curtailment
6355,24505.77039193417,curtailment
6356,26886.91399779421,curtailment
6357,29326.55446066683,curtailment
6358,31928.607066396748,curtailment
6359,33939.0439255885,curtailment
6360,34770.190107375754,curtailment
6361,34859.475365200684,curtailment
6362,34969.93845515158,curtailment
6363,35127.62714999505,curtailment
6364,35052.55448708841,curtailment
6365,34782.31991674593,curtailment
6366,33975.54150225866,curtailment
6367,32798.45921332222,curtailment
6368,33117.082162404855,curtailment
6369,33238.5435526598,curtailment
6370,31346.280876239023,curtailment
6371,29391.610217484093,curtailment
6372,27117.779489561573,curtailment
6373,24435.676817365093,curtailment
6374,22006.742120172916,curtailment
6375,20350.31705190584,curtailment
6376,19286.026917630872,curtailment
6377,19037.83557274464,curtailment
6378,19078.523164364124,curtailment
6379,18622.56591219299,curtailment
6380,17327.06303499137,curtailment
6381,15700.591789264825,curtailment
6382,14274.881588317612,curtailment
6383,12804.77153846213,curtailment
6384,11252.588112743215,curtailment
6385,9711.843388488342,curtailment
6386,8249.476484590763,curtailment
6387,6894.458499419157,curtailment
6388,5744.768686167177,curtailment
6389,4783.670564488074,curtailment
6390,3990.6500459864264,curtailment
6391,3615.9765999606498,curtailment
6392,3454.152907365933,curtailment
6393,3641.6054464975196,curtailment
6394,3770.3365934751637,curtailment
6395,3660.1162080924114,curtailment
6396,3340.122362515571,curtailment
6397,3206.813763715115,curtailment
6398,3546.0284770438757,curtailment
6399,3909.9995448110612,curtailment
6400,4109.406853421184,curtailment
6401,5027.074765802423,curtailment
6402,6789.413064275817,curtailment
6403,8681.468868719627,curtailment
6404,10239.590557480184,curtailment
6405,11320.152054360562,curtailment
6406,12435.64841674357,curtailment
6407,12973.943555757789,curtailment
6408,12973.160399694621,curtailment
6409,12442.504392956482,curtailment
6410,11851.680636909696,curtailment
6411,11454.850969657198,curtailment
6412,11121.054859866403,curtailment
6413,10426.651313189288,curtailment
6414,9900.122350046138,curtailment
6415,10033.095583700313,curtailment
6416,10179.774577837554,curtailment
6417,10994.300779570964,curtailment
6418,11258.64034731024,curtailment
6419,11079.865739911744,curtailment
6420,10606.972560063718,curtailment
6421,10316.222221567015,curtailment
6422,10460.672710920679,curtailment
6423,10783.539092300485,curtailment
6424,11136.030743064046,curtailment
6425,12085.4705412632,curtailment
6426,13268.1369984163,curtailment
6427,13693.996891214798,curtailment
6428,13782.831437813473,curtailment
6429,13716.679559982207,curtailment
6430,14189.736226927096,curtailment
6431,14607.31852322174,curtailment
6432,14812.736582543504,curtailment
6433,14883.070410488544,curtailment
6434,15270.427831284722,curtailment
6435,15913.444832573381,curtailment
6436,16030.964317515958,curtailment
6437,16045.997626641834,curtailment
6438,16222.729702711937,curtailment
6439,16026.656604898466,curtailment
6440,15877.922634805174,curtailment
6441,16758.213835336992,curtailment
6442,17425.111917017835,curtailment
6443,17469.324094867756,curtailment
6444,17152.72561489063,curtailment
6445,16975.067041765753,curtailment
6446,17589.283076368592,curtailment
6447,18294.571149191557,curtailment
6448,19464.27581292116,curtailment
6449,23178.07980240225,curtailment
6450,27165.056604197976,curtailment
6451,29090.987178970667,curtailment
6452,29363.410444977693,curtailment
6453,28292.774853045048,curtailment
6454,26431.61363635231,curtailment
6455,23797.31284510768,curtailment
6456,21735.351799569442,curtailment
6457,19882.016500348072,curtailment
6458,17834.961693358608,curtailment
6459,16987.29132061907,curtailment
6460,16340.167143149407,curtailment
6461,15416.02421649461,curtailment
6462,14169.651954066718,curtailment
6463,11993.037741615677,curtailment
6464,10004.898059610685,curtailment
6465,9948.207124052511,curtailment
6466,10271.336283946308,curtailment
6467,10030.041372476428,curtailment
6468,9480.92167091812,curtailment
6469,9274.22365120599,curtailment
6470,9110.765239768018,curtailment
6471,8490.646822541605,curtailment
6472,6943.832898467848,curtailment
6473,6497.583123884195,curtailment
6474,7367.638209215291,curtailment
6475,8420.459163095684,curtailment
6476,9607.296770727393,curtailment
6477,10903.69274478674,curtailment
6478,12629.64037714876,curtailment
6479,15305.396310352604,curtailment
6480,17590.846930930165,curtailment
6481,19777.31053935145,curtailment
6482,21304.59997488655,curtailment
6483,22290.06384329316,curtailment
6484,22600.196342023133,curtailment
6485,22218.755946212426,curtailment
6486,22297.251607915627,curtailment
6487,21954.85561776912,curtailment
6488,22332.259333122714,curtailment
6489,23894.221802442495,curtailment
6490,25188.36797614282,curtailment
6491,25241.67601840017,curtailment
6492,23708.344468505966,curtailment
6493,21947.880386075292,curtailment
6494,20646.276803500525,curtailment
6495,19304.457925079885,curtailment
6496,17663.012149754475,curtailment
6497,18181.848500182037,curtailment
6498,20167.053272285513,curtailment
6499,22422.573237600238,curtailment
6500,25365.339260802,curtailment
6501,26900.55850183465,curtailment
6502,27361.046272184118,curtailment
6503,27987.387746134795,curtailment
6504,28710.359562627113,curtailment
6505,28438.143913339645,curtailment
6506,27821.94071428415,curtailment
6507,26733.453890330697,curtailment
6508,25199.331711697552,curtailment
6509,23204.22854821451,curtailment
6510,20475.383447004293,curtailment
6511,17630.791715062544,curtailment
6512,15790.713917968314,curtailment
6513,15312.192649953493,curtailment
6514,15984.992038578475,curtailment
6515,16448.32632625377,curtailment
6516,15216.049549420197,curtailment
6517,12982.214213305138,curtailment
6518,10753.803217314218,curtailment
6519,8743.80204702095,curtailment
6520,6564.645960251077,curtailment
6521,5583.101139246085,curtailment
6522,5275.290159005447,curtailment
6523,4926.053222791178,curtailment
6524,4407.847790616617,curtailment
6525,4468.408631033096,curtailment
6526,5737.542291478472,curtailment
6527,8112.5612613048515,curtailment
6528,10861.011034519399,curtailment
6529,13884.101847127575,curtailment
6530,16595.689841929994,curtailment
6531,19306.783794005645,curtailment
6532,21643.973253399134,curtailment
6533,24135.889649236684,curtailment
6534,27806.454942196015,curtailment
6535,31611.084935716783,curtailment
6536,34333.092306913655,curtailment
6537,37471.71961915612,curtailment
6538,41617.66937216958,curtailment
6539,45903.5205207072,curtailment
6540,49183.915588458556,curtailment
6541,51484.49774490812,curtailment
6542,52981.532398321186,curtailment
6543,53493.399483015695,curtailment
6544,52233.895944732685,curtailment
6545,49600.92136917381,curtailment
6546,45553.89589916615,curtailment
6547,41422.296569535254,curtailment
6548,38080.779834934154,curtailment
6549,35542.51806896382,curtailment
6550,33561.80263458529,curtailment
6551,31741.513226703097,curtailment
6552,30253.369966271628,curtailment
6553,27643.40444764604,curtailment
6554,24984.35661360255,curtailment
6555,22268.277513544963,curtailment
6556,19059.27995137235,curtailment
6557,15486.313527630813,curtailment
6558,11919.72979486003,curtailment
6559,9089.875408757558,curtailment
6560,6725.1532394686055,curtailment
6561,5316.898144650433,curtailment
6562,4596.923593193735,curtailment
6563,4677.809744225615,curtailment
6564,5662.7172163587875,curtailment
6565,7800.745166045186,curtailment
6566,10833.281779179775,curtailment
6567,13638.091421243158,curtailment
6568,15179.872365598234,curtailment
6569,16312.423045646068,curtailment
6570,17347.078967338693,curtailment
6571,18387.980900412553,curtailment
6572,19825.866308881275,curtailment
6573,21491.864782317865,curtailment
6574,22962.424283942913,curtailment
6575,23733.488495120087,curtailment
6576,24295.521249469988,curtailment
6577,24964.402112573818,curtailment
6578,25982.186430773007,curtailment
6579,26762.743745593914,curtailment
6580,26603.289993847357,curtailment
6581,25717.534143456018,curtailment
6582,23783.806971508886,curtailment
6583,21408.07035965658,curtailment
6584,19777.07184345558,curtailment
6585,19455.514793117578,curtailment
6586,19307.485876941413,curtailment
6587,19249.766799271696,curtailment
6588,19727.69453010101,curtailment
6589,20914.733557778738,curtailment
6590,22344.499936080523,curtailment
6591,22621.153310090933,curtailment
6592,21255.495992557924,curtailment
6593,20020.29420446179,curtailment
6594,19104.417565784068,curtailment
6595,18020.617243186607,curtailment
6596,16555.937562567975,curtailment
6597,14931.780874709006,curtailment
6598,13582.799575638212,curtailment
6599,12562.5560557949,curtailment
6600,12400.264470193762,curtailment
6601,12023.459400182091,curtailment
6602,11771.60603876714,curtailment
6603,11306.944201467433,curtailment
6604,10325.88140735599,curtailment
6605,8693.089468647826,curtailment
6606,6690.7754166858185,curtailment
6607,4992.84396365674,curtailment
6608,3088.265468909104,curtailment
6609,1274.4706689711047,curtailment
6610,0.0,curtailment
6611,0.0,curtailment
6612,0.0,curtailment
6613,0.0,curtailment
6614,0.0,curtailment
6615,0.0,curtailment
6616,0.0,curtailment
6617,0.0,curtailment
6618,0.0,curtailment
6619,0.0,curtailment
6620,0.0,curtailment
6621,0.0,curtailment
6622,58.040774017498734,curtailment
6623,1601.0455513736588,curtailment
6624,2899.2879300941586,curtailment
6625,3682.7603083380395,curtailment
6626,4037.9191225493196,curtailment
6627,4149.179091170437,curtailment
6628,3883.5909341398474,curtailment
6629,3562.0370261563494,curtailment
6630,3583.3376027542627,curtailment
6631,4782.966993972558,curtailment
6632,6271.743080691913,curtailment
6633,8249.308139325069,curtailment
6634,9887.123777004741,curtailment
6635,10489.084984679404,curtailment
6636,10751.309168901287,curtailment
6637,11354.480643003299,curtailment
6638,12833.650755483528,curtailment
6639,14885.634220719248,curtailment
6640,17251.96052247896,curtailment
6641,20135.338710792807,curtailment
6642,22897.243149229882,curtailment
6643,24628.79756941822,curtailment
6644,25133.78522457215,curtailment
6645,24948.89609027125,curtailment
6646,24619.08145742054,curtailment
6647,24044.97372869657,curtailment
6648,23745.940386563994,curtailment
6649,23398.192469590318,curtailment
6650,23802.316989204042,curtailment
6651,24494.58106681124,curtailment
6652,24604.49183598975,curtailment
6653,23845.826927617636,curtailment
6654,22292.032719446237,curtailment
6655,20859.65925663896,curtailment
6656,19247.316357739284,curtailment
6657,17938.616331049063,curtailment
6658,15822.812820568248,curtailment
6659,13032.797414474091,curtailment
6660,10353.793889271812,curtailment
6661,8418.16008625647,curtailment
6662,7342.304031000079,curtailment
6663,6596.643555148947,curtailment
6664,6357.233801865063,curtailment
6665,7389.027925352507,curtailment
6666,8471.702125991142,curtailment
6667,9047.72559793726,curtailment
6668,8828.828289924219,curtailment
6669,8185.730601691471,curtailment
6670,7532.143211035732,curtailment
6671,6876.684368538749,curtailment
6672,6550.573752102277,curtailment
6673,6218.136034452689,curtailment
6674,6233.552627639662,curtailment
6675,6364.814980964949,curtailment
6676,6504.974171313763,curtailment
6677,6594.047874815312,curtailment
6678,6539.312360996057,curtailment
6679,6975.070224329818,curtailment
6680,7101.191067071939,curtailment
6681,7417.495496444176,curtailment
6682,7982.975249120595,curtailment
6683,8245.938609584591,curtailment
6684,7975.044898113745,curtailment
6685,7289.03528293905,curtailment
6686,6736.3737625853855,curtailment
6687,6690.268733257928,curtailment
6688,7432.430005123695,curtailment
6689,8905.35807205231,curtailment
6690,9816.74442561381,curtailment
6691,9583.221887475785,curtailment
6692,8255.756262589828,curtailment
6693,6251.508122978698,curtailment
6694,4356.599411317441,curtailment
6695,2666.776004106777,curtailment
6696,1605.916445950721,curtailment
6697,947.1177351600945,curtailment
6698,803.4537641487968,curtailment
6699,1103.5129805051092,curtailment
6700,1039.2579704472273,curtailment
6701,0.0,curtailment
6702,0.0,curtailment
6703,0.0,curtailment
6704,0.0,curtailment
6705,0.0,curtailment
6706,0.0,curtailment
6707,0.0,curtailment
6708,0.0,curtailment
6709,0.0,curtailment
6710,703.3234857040125,curtailment
6711,1558.52930757386,curtailment
6712,2414.724000300136,curtailment
6713,3683.829343919625,curtailment
6714,5357.455822042455,curtailment
6715,7636.473329525388,curtailment
6716,10206.96841856542,curtailment
6717,12976.146454673057,curtailment
6718,16127.506013041897,curtailment
6719,19377.896030705255,curtailment
6720,22381.64965707497,curtailment
6721,24924.67859924469,curtailment
6722,25762.376140929257,curtailment
6723,25866.60614915421,curtailment
6724,25682.727497259864,curtailment
6725,24199.338253811133,curtailment
6726,21609.05258019171,curtailment
6727,22097.427723055996,curtailment
6728,22041.963026418103,curtailment
6729,20081.229717567774,curtailment
6730,18972.543712756687,curtailment
6731,19506.80657307266,curtailment
6732,20460.974062275796,curtailment
6733,22068.71363488439,curtailment
6734,22683.88736387385,curtailment
6735,20672.713568969404,curtailment
6736,17092.07792021964,curtailment
6737,15593.568799110766,curtailment
6738,16748.185913863555,curtailment
6739,18161.364611819976,curtailment
6740,19222.12302971951,curtailment
6741,19635.229624074396,curtailment
6742,19459.597160092726,curtailment
6743,19284.78860834008,curtailment
6744,19769.305696916763,curtailment
6745,20645.808311415465,curtailment
6746,21573.03347663596,curtailment
6747,23004.371996739716,curtailment
6748,24754.476025858057,curtailment
6749,25079.72554554742,curtailment
6750,23994.061442228412,curtailment
6751,22804.199232048006,curtailment
6752,21473.8194070532,curtailment
6753,21390.8299023991,curtailment
6754,22608.44468686563,curtailment
6755,23641.522053292883,curtailment
6756,22702.061661182343,curtailment
6757,20381.857065501757,curtailment
6758,17791.281088612544,curtailment
6759,16060.616106843663,curtailment
6760,14064.036070088056,curtailment
6761,11987.080627519685,curtailment
6762,10478.276189323506,curtailment
6763,9645.006737500014,curtailment
6764,9302.681455162217,curtailment
6765,9539.6918427888,curtailment
6766,10122.744587897294,curtailment
6767,10862.073461605896,curtailment
6768,11770.749643657473,curtailment
6769,12231.01828231142,curtailment
6770,12759.596530120656,curtailment
6771,13443.556712889895,curtailment
6772,13886.191149013648,curtailment
6773,14028.76546932004,curtailment
6774,14273.884556483503,curtailment
6775,15149.503068895929,curtailment
6776,15828.261408989598,curtailment
6777,16842.79134477657,curtailment
6778,19054.26437303946,curtailment
6779,22292.00259673063,curtailment
6780,25144.300984145753,curtailment
6781,27282.146454222857,curtailment
6782,28313.68068498954,curtailment
6783,27757.769981596808,curtailment
6784,27306.69963547683,curtailment
6785,28266.38959288368,curtailment
6786,29202.585680699434,curtailment
6787,30060.61462679042,curtailment
6788,30280.477313944262,curtailment
6789,31498.760228626663,curtailment
6790,32401.569569044605,curtailment
6791,31795.306714536535,curtailment
6792,31670.511605705386,curtailment
6793,32897.69480088012,curtailment
6794,35226.60539373693,curtailment
6795,37603.64918270638,curtailment
6796,38403.371730872386,curtailment
6797,39115.51284195834,curtailment
6798,39315.15226663146,curtailment
6799,39349.09454937736,curtailment
6800,39864.181205338,curtailment
6801,40524.757899852615,curtailment
6802,42327.0469739495,curtailment
6803,43318.48953180503,curtailment
6804,42081.21043613942,curtailment
6805,39802.19774908073,curtailment
6806,37506.15338799653,curtailment
6807,36556.89158472713,curtailment
6808,35875.594940322066,curtailment
6809,35535.579198614214,curtailment
6810,36134.700693659055,curtailment
6811,36646.78403307444,curtailment
6812,36769.9582301316,curtailment
6813,37337.38369318778,curtailment
6814,38045.82590334546,curtailment
6815,38753.26248287932,curtailment
6816,38880.944422790366,curtailment
6817,38522.850779153574,curtailment
6818,38602.137228772626,curtailment
6819,37010.636713975466,curtailment
6820,35602.38903264477,curtailment
6821,34768.39473870012,curtailment
6822,33923.70433084702,curtailment
6823,32612.359015468977,curtailment
6824,31314.42603295176,curtailment
6825,31415.387936430234,curtailment
6826,33709.320603276756,curtailment
6827,36372.28577151236,curtailment
6828,37458.946333275606,curtailment
6829,37726.018079683585,curtailment
6830,36991.846083860604,curtailment
6831,35650.60324291943,curtailment
6832,34358.89009381335,curtailment
6833,33112.31849316948,curtailment
6834,31987.24570654329,curtailment
6835,30291.727549625273,curtailment
6836,28608.45645652872,curtailment
6837,26103.063093669007,curtailment
6838,23486.724426653665,curtailment
6839,20676.946201395654,curtailment
6840,17819.474535641322,curtailment
6841,15331.080827126196,curtailment
6842,13269.711219463641,curtailment
6843,11096.884901811525,curtailment
6844,9188.409463621454,curtailment
6845,7503.969341589316,curtailment
6846,5791.695611388416,curtailment
6847,4568.215419315622,curtailment
6848,3153.844125035449,curtailment
6849,1671.8711570173755,curtailment
6850,781.2032729432494,curtailment
6851,1174.316261398004,curtailment
6852,2660.3094509595903,curtailment
6853,4841.51208536598,curtailment
6854,6817.246423628676,curtailment
6855,8975.218125008607,curtailment
6856,13481.82645189537,curtailment
6857,20312.596370721847,curtailment
6858,27940.743377485305,curtailment
6859,34904.38496290577,curtailment
6860,39236.7201737094,curtailment
6861,40238.85896351623,curtailment
6862,37756.25613453256,curtailment
6863,36794.351880705486,curtailment
6864,38191.521705258936,curtailment
6865,39580.113206171955,curtailment
6866,41360.97521177044,curtailment
6867,44681.541204609384,curtailment
6868,44862.79322371005,curtailment
6869,43133.790918865874,curtailment
6870,39957.10798192864,curtailment
6871,36505.76308646007,curtailment
6872,32409.140172769195,curtailment
6873,27919.88508554122,curtailment
6874,23090.51187962838,curtailment
6875,17513.14941949115,curtailment
6876,12124.80867761924,curtailment
6877,7392.8230792254635,curtailment
6878,4311.931813830612,curtailment
6879,2686.7049877109575,curtailment
6880,1885.776998964814,curtailment
6881,1188.9399982981367,curtailment
6882,2027.3654626801126,curtailment
6883,4156.073275766743,curtailment
6884,7177.356678817651,curtailment
6885,10880.212022943633,curtailment
6886,14348.410177121983,curtailment
6887,18305.739565526663,curtailment
6888,23112.046836895846,curtailment
6889,26785.289227027723,curtailment
6890,28509.92934231017,curtailment
6891,30446.196914924218,curtailment
6892,33117.05718418105,curtailment
6893,33911.82836541722,curtailment
6894,32613.52044630774,curtailment
6895,31055.485675768014,curtailment
6896,29096.13643692139,curtailment
6897,26422.617681917058,curtailment
6898,23148.771948308648,curtailment
6899,18883.254491812237,curtailment
6900,14805.616096161226,curtailment
6901,11142.700370587552,curtailment
6902,8158.651687578127,curtailment
6903,6050.231492238789,curtailment
6904,5354.732629550685,curtailment
6905,5647.6321602810085,curtailment
6906,5556.7384668895875,curtailment
6907,4910.178168075086,curtailment
6908,4635.7101859718305,curtailment
6909,4380.901887928199,curtailment
6910,3093.8585289121447,curtailment
6911,2317.419734413578,curtailment
6912,1957.3267910051918,curtailment
6913,1552.0271585524033,curtailment
6914,1452.263974126111,curtailment
6915,1346.3757741287986,curtailment
6916,628.8383228617295,curtailment
6917,0.0,curtailment
6918,0.0,curtailment
6919,0.0,curtailment
6920,0.0,curtailment
6921,0.0,curtailment
6922,0.0,curtailment
6923,0.0,curtailment
6924,0.0,curtailment
6925,510.8271437853946,curtailment
6926,1826.3904167498567,curtailment
6927,2505.846836371733,curtailment
6928,2601.9096586229116,curtailment
6929,3088.304288158075,curtailment
6930,4466.060694474132,curtailment
6931,6333.33611210675,curtailment
6932,8512.503094614687,curtailment
6933,10949.834179427264,curtailment
6934,13552.165057742764,curtailment
6935,15144.094581776835,curtailment
6936,16102.640464578053,curtailment
6937,16244.798676330885,curtailment
6938,15765.510049365483,curtailment
6939,14333.880173918413,curtailment
6940,13397.349162164788,curtailment
6941,12844.41660778211,curtailment
6942,11892.843164703818,curtailment
6943,11276.846210276017,curtailment
6944,9940.314489338823,curtailment
6945,9383.985379228114,curtailment
6946,10657.351924806855,curtailment
6947,12241.491725125936,curtailment
6948,13334.514188494253,curtailment
6949,13324.247718861534,curtailment
6950,12430.710026376733,curtailment
6951,11381.604751406881,curtailment
6952,10267.566770752308,curtailment
6953,9394.842521972016,curtailment
6954,8096.646507513427,curtailment
6955,6660.576524928265,curtailment
6956,5082.370807152669,curtailment
6957,4060.2132001408436,curtailment
6958,3936.703559281532,curtailment
6959,4306.439321791228,curtailment
6960,5006.458696321987,curtailment
6961,5795.10608197002,curtailment
6962,6826.140575857713,curtailment
6963,8236.330495555243,curtailment
6964,9800.877852244965,curtailment
6965,11309.91405365996,curtailment
6966,12251.855320959423,curtailment
6967,12963.608216750197,curtailment
6968,12841.402623534821,curtailment
6969,12456.599977188584,curtailment
6970,12298.590916833018,curtailment
6971,13453.331971558811,curtailment
6972,15160.060688882942,curtailment
6973,17438.471489731426,curtailment
6974,18507.668497254075,curtailment
6975,20086.074448409192,curtailment
6976,23377.89929782468,curtailment
6977,28368.806793622945,curtailment
6978,32430.70729652797,curtailment
6979,34401.16381558931,curtailment
6980,35320.69975874617,curtailment
6981,36696.616301847855,curtailment
6982,39130.39851758885,curtailment
6983,41860.73984634809,curtailment
6984,42316.37420313878,curtailment
6985,41282.81937076836,curtailment
6986,39212.651647983184,curtailment
6987,37589.10011270012,curtailment
6988,34724.13438049476,curtailment
6989,31555.545899053915,curtailment
6990,29092.65439961698,curtailment
6991,26710.238196137045,curtailment
6992,23559.583074554113,curtailment
6993,20825.725941857636,curtailment
6994,19399.897791861757,curtailment
6995,19495.819651782673,curtailment
6996,19228.057029977284,curtailment
6997,17447.02410981048,curtailment
6998,15097.333256181026,curtailment
6999,13047.62605972846,curtailment
7000,13062.946418897582,curtailment
7001,14177.112117262253,curtailment
7002,14379.03121405558,curtailment
7003,14395.151577786335,curtailment
7004,14086.239403966825,curtailment
7005,13495.96894301589,curtailment
7006,12642.809262016364,curtailment
7007,11457.928441456595,curtailment
7008,10556.097097656353,curtailment
7009,10085.275071283835,curtailment
7010,9980.345107914232,curtailment
7011,9568.481743986216,curtailment
7012,8980.206266843,curtailment
7013,8326.077752949972,curtailment
7014,7180.337907231396,curtailment
7015,6053.429198260809,curtailment
7016,4576.915562919612,curtailment
7017,3198.3060314788445,curtailment
7018,2219.455607539803,curtailment
7019,1373.0039480151408,curtailment
7020,528.4722753826,curtailment
7021,0.0,curtailment
7022,0.0,curtailment
7023,0.0,curtailment
7024,0.0,curtailment
7025,0.0,curtailment
7026,0.0,curtailment
7027,0.0,curtailment
7028,0.0,curtailment
7029,0.0,curtailment
7030,0.0,curtailment
7031,473.35846632191533,curtailment
7032,1967.354204811968,curtailment
7033,3887.44816720724,curtailment
7034,5991.996886951241,curtailment
7035,6436.777572735435,curtailment
7036,6842.959849797078,curtailment
7037,7025.355238751608,curtailment
7038,6558.721536315731,curtailment
7039,6635.599185800551,curtailment
7040,6011.125063839841,curtailment
7041,5132.100863283207,curtailment
7042,5061.96602598266,curtailment
7043,5033.504623446603,curtailment
7044,4911.642890568244,curtailment
7045,4661.520553087954,curtailment
7046,3728.7112587150277,curtailment
7047,2773.1410429245316,curtailment
7048,1974.2400984720252,curtailment
7049,1222.6144521250353,curtailment
7050,575.487330944512,curtailment
7051,427.47482604770084,curtailment
7052,1109.7395563232112,curtailment
7053,1973.067298306415,curtailment
7054,3013.669870092279,curtailment
7055,3777.280388551985,curtailment
7056,4239.643587267267,curtailment
7057,4691.631741813072,curtailment
7058,5234.085940269772,curtailment
7059,6005.647625816209,curtailment
7060,6246.001840100866,curtailment
7061,6643.703501947557,curtailment
7062,7860.296352705604,curtailment
7063,9636.984727851506,curtailment
7064,11016.588555389017,curtailment
7065,12315.10472611208,curtailment
7066,15655.13301369509,curtailment
7067,19803.07069408869,curtailment
7068,23401.936588603578,curtailment
7069,25596.142008474966,curtailment
7070,25983.697679141813,curtailment
7071,25034.57596740552,curtailment
7072,24748.670118391205,curtailment
7073,24321.789657751524,curtailment
7074,23938.369867242465,curtailment
7075,23635.63904458376,curtailment
7076,23332.663480319115,curtailment
7077,23727.723562339168,curtailment
7078,24304.830972943382,curtailment
7079,24368.051005427486,curtailment
7080,23920.75460925426,curtailment
7081,22642.542036375304,curtailment
7082,21339.62634541213,curtailment
7083,20872.57464746888,curtailment
7084,18917.56764207958,curtailment
7085,15719.958064585733,curtailment
7086,12582.958300563121,curtailment
7087,10936.637141850044,curtailment
7088,10410.108996022384,curtailment
7089,10420.205259562292,curtailment
7090,10455.084539355783,curtailment
7091,10377.713226500013,curtailment
7092,9488.37620526848,curtailment
7093,7641.333669407674,curtailment
7094,5716.844983768304,curtailment
7095,4795.683364473867,curtailment
7096,4713.962740110603,curtailment
7097,5440.862875479952,curtailment
7098,6632.457337801243,curtailment
7099,7558.818613459086,curtailment
7100,8258.168844691172,curtailment
7101,9159.680739234816,curtailment
7102,9988.63650645519,curtailment
7103,10741.355600066483,curtailment
7104,11496.77720810661,curtailment
7105,12480.621424899824,curtailment
7106,13700.695664799374,curtailment
7107,14418.64842852417,curtailment
7108,14769.771000006427,curtailment
7109,14059.370567643535,curtailment
7110,12946.602353732109,curtailment
7111,13063.345740849967,curtailment
7112,13033.958873790114,curtailment
7113,12680.178171153877,curtailment
7114,13487.549920814556,curtailment
7115,14787.188320503412,curtailment
7116,14708.202805090265,curtailment
7117,14741.621606216575,curtailment
7118,15057.480159513772,curtailment
7119,13681.29108784911,curtailment
7120,12976.010045270636,curtailment
7121,14357.136909845849,curtailment
7122,16314.729154989353,curtailment
7123,19199.80188433546,curtailment
7124,21311.2621252187,curtailment
7125,22594.44489722483,curtailment
7126,24385.085869790535,curtailment
7127,27288.923802553036,curtailment
7128,29917.505756512615,curtailment
7129,31385.349775593146,curtailment
7130,33381.351622811075,curtailment
7131,34680.36485699671,curtailment
7132,35094.621203912284,curtailment
7133,34578.64843528889,curtailment
7134,32571.703482457262,curtailment
7135,30054.620348507695,curtailment
7136,28168.33167290553,curtailment
7137,28173.77810645383,curtailment
7138,31160.37638999867,curtailment
7139,34592.130713926344,curtailment
7140,35787.00023655392,curtailment
7141,34309.50424108842,curtailment
7142,30602.1136414202,curtailment
7143,26523.492807585237,curtailment
7144,21835.22178996659,curtailment
7145,17806.11016958533,curtailment
7146,16427.908815163308,curtailment
7147,16858.0613723927,curtailment
7148,18286.800303843385,curtailment
7149,21883.735310245633,curtailment
7150,26979.764147589893,curtailment
7151,32136.58356156682,curtailment
7152,37461.63988934591,curtailment
7153,41609.182101138154,curtailment
7154,44709.99592619811,curtailment
7155,46147.799372220834,curtailment
7156,47478.501820932026,curtailment
7157,46156.24366745445,curtailment
7158,42307.165423947714,curtailment
7159,37088.22268308931,curtailment
7160,31740.41511338635,curtailment
7161,28266.820299516476,curtailment
7162,25775.289369684742,curtailment
7163,23353.494341122077,curtailment
7164,21126.98077203717,curtailment
7165,19404.753450450473,curtailment
7166,18144.020936331704,curtailment
7167,17614.22707739872,curtailment
7168,16893.810212019962,curtailment
7169,16911.02363864966,curtailment
7170,17370.959840287025,curtailment
7171,17649.523730282708,curtailment
7172,17910.388595041462,curtailment
7173,18386.844182525627,curtailment
7174,19925.163691056496,curtailment
7175,22288.83154052974,curtailment
7176,25795.74891104282,curtailment
7177,29210.371210731006,curtailment
7178,33117.991834507135,curtailment
7179,37359.02667742191,curtailment
7180,40747.73986305443,curtailment
7181,42591.37260953071,curtailment
7182,43103.5068399587,curtailment
7183,43135.483968206856,curtailment
7184,42446.85646060817,curtailment
7185,42159.94567931485,curtailment
7186,42105.14589059781,curtailment
7187,42747.220293474995,curtailment
7188,43109.5840396214,curtailment
7189,43019.73961066935,curtailment
7190,42363.56935953088,curtailment
7191,40950.4912093294,curtailment
7192,39272.103849461535,curtailment
7193,37285.91324577097,curtailment
7194,36379.23584379922,curtailment
7195,36450.19268526412,curtailment
7196,36857.60529416256,curtailment
7197,37128.28477583092,curtailment
7198,37241.910790052636,curtailment
7199,36798.000933109804,curtailment
7200,35952.10072771686,curtailment
7201,34463.672768820485,curtailment
7202,32677.952149797904,curtailment
7203,30621.83651787345,curtailment
7204,27771.9342192057,curtailment
7205,24837.008390229475,curtailment
7206,21681.51914845615,curtailment
7207,18878.224299740148,curtailment
7208,15717.126894817127,curtailment
7209,13336.152294692221,curtailment
7210,11862.845566403088,curtailment
7211,10770.89524409901,curtailment
7212,10218.246541417653,curtailment
7213,9928.019315606145,curtailment
7214,9326.101636597434,curtailment
7215,8480.935031014984,curtailment
7216,7488.320128435768,curtailment
7217,6552.308323622072,curtailment
7218,5920.381996754732,curtailment
7219,5213.652073686364,curtailment
7220,4473.057243638382,curtailment
7221,3833.2526857496714,curtailment
7222,3439.8454603483533,curtailment
7223,3265.2483143225536,curtailment
7224,3288.3699085578364,curtailment
7225,3143.008406136012,curtailment
7226,3298.3170297083025,curtailment
7227,3775.9099324100744,curtailment
7228,4472.266946725349,curtailment
7229,4876.924630232203,curtailment
7230,4257.697968702998,curtailment
7231,3590.9069846325838,curtailment
7232,2645.352810985998,curtailment
7233,1617.3842647635938,curtailment
7234,753.6853282563952,curtailment
7235,278.3766334205384,curtailment
7236,0.0,curtailment
7237,0.0,curtailment
7238,0.0,curtailment
7239,238.11689634091726,curtailment
7240,572.8959506797682,curtailment
7241,705.7629566962614,curtailment
7242,722.3538334747946,curtailment
7243,146.9997385955121,curtailment
7244,0.0,curtailment
7245,0.0,curtailment
7246,0.0,curtailment
7247,0.0,curtailment
7248,0.0,curtailment
7249,0.0,curtailment
7250,0.0,curtailment
7251,0.0,curtailment
7252,0.0,curtailment
7253,0.0,curtailment
7254,0.0,curtailment
7255,0.0,curtailment
7256,0.0,curtailment
7257,0.0,curtailment
7258,0.0,curtailment
7259,0.0,curtailment
7260,0.0,curtailment
7261,0.0,curtailment
7262,0.0,curtailment
7263,174.0299777027667,curtailment
7264,140.51761335597348,curtailment
7265,56.54163569420052,curtailment
7266,636.5424533197029,curtailment
7267,1406.9158973153162,curtailment
7268,2105.9151395506024,curtailment
7269,2946.874349078389,curtailment
7270,4289.110953920211,curtailment
7271,5630.782992283311,curtailment
7272,6737.001308941397,curtailment
7273,7605.239197804636,curtailment
7274,8450.898410514521,curtailment
7275,9182.789383555588,curtailment
7276,9087.300188982234,curtailment
7277,8368.633223980236,curtailment
7278,6904.493587974698,curtailment
7279,5603.507998075484,curtailment
7280,4513.565903097731,curtailment
7281,4019.4253625207602,curtailment
7282,3932.2751238434685,curtailment
7283,4018.682264315221,curtailment
7284,4317.2731110241075,curtailment
7285,4231.986218770626,curtailment
7286,3713.871093184848,curtailment
7287,2933.7841000008784,curtailment
7288,2249.9246646409374,curtailment
7289,1261.2973955793677,curtailment
7290,844.996894823902,curtailment
7291,711.5467217624946,curtailment
7292,970.1569807855412,curtailment
7293,1861.1753579346914,curtailment
7294,3090.8211170777204,curtailment
7295,4550.332933163101,curtailment
7296,6114.973792047958,curtailment
7297,7042.615375967813,curtailment
7298,8001.3545803639145,curtailment
7299,8526.503983669483,curtailment
7300,8791.836860074069,curtailment
7301,9510.813779761302,curtailment
7302,10400.660594173849,curtailment
7303,12467.362388281457,curtailment
7304,15262.06378879684,curtailment
7305,18196.01330943704,curtailment
7306,21005.14823659058,curtailment
7307,23239.249346539556,curtailment
7308,24121.748723689965,curtailment
7309,23639.752220917133,curtailment
7310,23129.208389903833,curtailment
7311,22726.404071460795,curtailment
7312,22520.648530188395,curtailment
7313,22541.43258181036,curtailment
7314,22361.40752242156,curtailment
7315,20781.61027405548,curtailment
7316,18515.726662949797,curtailment
7317,16079.402306117658,curtailment
7318,14157.658083482871,curtailment
7319,12880.344146825606,curtailment
7320,12821.240084359684,curtailment
7321,13689.866544096134,curtailment
7322,14619.95136872691,curtailment
7323,15500.99365855232,curtailment
7324,16500.915092221072,curtailment
7325,17265.74991961657,curtailment
7326,17196.13094569825,curtailment
7327,17359.434934764955,curtailment
7328,18213.71856424877,curtailment
7329,18783.34008236198,curtailment
7330,19587.323287106956,curtailment
7331,20047.93022121431,curtailment
7332,20258.97322463477,curtailment
7333,20184.806400614165,curtailment
7334,20553.157644406638,curtailment
7335,20940.50785359729,curtailment
7336,21581.421754093142,curtailment
7337,21267.702297200885,curtailment
7338,21087.574017096922,curtailment
7339,20410.954260329207,curtailment
7340,19676.51275787891,curtailment
7341,19786.914607498158,curtailment
7342,20110.86181203724,curtailment
7343,20023.76995656407,curtailment
7344,20100.172681237123,curtailment
7345,19877.589069977363,curtailment
7346,19570.041348265408,curtailment
7347,19511.194351092432,curtailment
7348,19179.732394776296,curtailment
7349,18630.18305305206,curtailment
7350,17071.362095371398,curtailment
7351,14771.27065717597,curtailment
7352,12817.116197562165,curtailment
7353,11763.865016772095,curtailment
7354,10700.403071045845,curtailment
7355,9861.634794880136,curtailment
7356,8956.527467275817,curtailment
7357,8305.692479163743,curtailment
7358,8000.268075034132,curtailment
7359,8375.696657408918,curtailment
7360,9632.347628346633,curtailment
7361,10924.081171351949,curtailment
7362,12158.907524406344,curtailment
7363,12815.94773502041,curtailment
7364,13509.078889296272,curtailment
7365,14837.493897061175,curtailment
7366,16360.093295444734,curtailment
7367,18377.291410739486,curtailment
7368,20728.255644041812,curtailment
7369,23104.32794286132,curtailment
7370,25339.741664397792,curtailment
7371,27976.696680352023,curtailment
7372,29560.835814923783,curtailment
7373,30782.672944162507,curtailment
7374,31585.48975195996,curtailment
7375,32232.963514732364,curtailment
7376,32192.116383393313,curtailment
7377,31866.870014160184,curtailment
7378,32004.104247240073,curtailment
7379,32369.606356510456,curtailment
7380,32045.65190442448,curtailment
7381,31634.847848592686,curtailment
7382,31395.127866400006,curtailment
7383,31464.31298978483,curtailment
7384,31675.626709713848,curtailment
7385,31837.562336221483,curtailment
7386,32059.46211162467,curtailment
7387,31774.065370245713,curtailment
7388,31458.740425427684,curtailment
7389,31097.169398730057,curtailment
7390,30634.490062494224,curtailment
7391,29580.19285124317,curtailment
7392,28863.66455681213,curtailment
7393,28035.581167655255,curtailment
7394,27103.737228634007,curtailment
7395,26182.128460784537,curtailment
7396,25386.399784856934,curtailment
7397,24417.402695543416,curtailment
7398,23085.244790694516,curtailment
7399,22160.339062134728,curtailment
7400,21429.737856357315,curtailment
7401,20642.785460873347,curtailment
7402,19045.444888554066,curtailment
7403,16440.199092134964,curtailment
7404,13852.724897969028,curtailment
7405,12093.562845940953,curtailment
7406,11445.327276586115,curtailment
7407,11828.151172683201,curtailment
7408,12571.705152054927,curtailment
7409,13009.722268509235,curtailment
7410,12939.495894492518,curtailment
7411,11893.369372307592,curtailment
7412,10334.134289614447,curtailment
7413,8928.645664931115,curtailment
7414,7969.330642580064,curtailment
7415,7274.198680786409,curtailment
7416,6935.842015990902,curtailment
7417,6659.335742629649,curtailment
7418,6573.326619384324,curtailment
7419,6438.178834299058,curtailment
7420,6027.5084522176785,curtailment
7421,5146.213787653631,curtailment
7422,3417.5383875437365,curtailment
7423,1953.4886271762862,curtailment
7424,871.6920743624032,curtailment
7425,0.0,curtailment
7426,0.0,curtailment
7427,0.0,curtailment
7428,0.0,curtailment
7429,0.0,curtailment
7430,0.0,curtailment
7431,0.0,curtailment
7432,0.0,curtailment
7433,0.0,curtailment
7434,0.0,curtailment
7435,0.0,curtailment
7436,0.0,curtailment
7437,0.0,curtailment
7438,0.0,curtailment
7439,0.0,curtailment
7440,0.0,curtailment
7441,0.0,curtailment
7442,0.0,curtailment
7443,0.0,curtailment
7444,0.0,curtailment
7445,0.0,curtailment
7446,0.0,curtailment
7447,0.0,curtailment
7448,0.0,curtailment
7449,0.0,curtailment
7450,0.0,curtailment
7451,0.0,curtailment
7452,0.0,curtailment
7453,0.0,curtailment
7454,0.0,curtailment
7455,1191.2191793064076,curtailment
7456,3080.6406593592383,curtailment
7457,4990.439119775607,curtailment
7458,7426.556552334965,curtailment
7459,9493.171285433991,curtailment
7460,11150.761301778019,curtailment
7461,12845.612341715545,curtailment
7462,14442.769851721963,curtailment
7463,15855.41401507167,curtailment
7464,17447.035402260924,curtailment
7465,18823.896001616227,curtailment
7466,19550.081026066273,curtailment
7467,19544.906125890637,curtailment
7468,19297.46430088712,curtailment
7469,19216.091240144073,curtailment
7470,18357.866195277024,curtailment
7471,16901.91507511744,curtailment
7472,15590.099422950465,curtailment
7473,13678.569407281706,curtailment
7474,11138.749723215282,curtailment
7475,8767.599363101506,curtailment
7476,6629.479126865545,curtailment
7477,4338.345231843987,curtailment
7478,2708.606936479313,curtailment
7479,1768.1998284184756,curtailment
7480,758.2190482447204,curtailment
7481,0.0,curtailment
7482,0.0,curtailment
7483,0.0,curtailment
7484,0.0,curtailment
7485,0.0,curtailment
7486,0.0,curtailment
7487,0.0,curtailment
7488,223.30333172713563,curtailment
7489,1013.4160894429042,curtailment
7490,1919.0167738894288,curtailment
7491,2830.507729578143,curtailment
7492,3369.841585930304,curtailment
7493,3071.003944413992,curtailment
7494,1704.5838787881712,curtailment
7495,650.5657059605037,curtailment
7496,201.6100965477517,curtailment
7497,0.0,curtailment
7498,0.0,curtailment
7499,0.0,curtailment
7500,232.05423668300227,curtailment
7501,549.7434035353654,curtailment
7502,870.1745256470049,curtailment
7503,1233.308390669702,curtailment
7504,1675.0460697132294,curtailment
7505,1888.6427887325135,curtailment
7506,2143.5441258595165,curtailment
7507,2092.9947219261558,curtailment
7508,1831.4393554800063,curtailment
7509,1725.7512256995205,curtailment
7510,1828.6143232683798,curtailment
7511,2122.442274108387,curtailment
7512,2604.8520507263056,curtailment
7513,2850.927601939982,curtailment
7514,3263.160349672019,curtailment
7515,3665.027056470696,curtailment
7516,3936.115490438362,curtailment
7517,3938.7023292910935,curtailment
7518,3000.298587215968,curtailment
7519,1726.4298914702813,curtailment
7520,560.9673178482926,curtailment
7521,0.0,curtailment
7522,0.0,curtailment
7523,0.0,curtailment
7524,0.0,curtailment
7525,0.0,curtailment
7526,0.0,curtailment
7527,0.0,curtailment
7528,0.0,curtailment
7529,0.0,curtailment
7530,0.0,curtailment
7531,663.8206101263067,curtailment
7532,2312.2083079998374,curtailment
7533,3917.4291289713638,curtailment
7534,5508.30995942927,curtailment
7535,7539.420838252452,curtailment
7536,9755.858567202842,curtailment
7537,11082.326738008003,curtailment
7538,12097.77102786777,curtailment
7539,12370.688860258968,curtailment
7540,11936.311350951091,curtailment
7541,11329.712509654693,curtailment
7542,11021.738062008966,curtailment
7543,11325.454310291698,curtailment
7544,12769.662439653868,curtailment
7545,14749.074196088513,curtailment
7546,16479.28599169594,curtailment
7547,18076.38659603284,curtailment
7548,19825.444489009144,curtailment
7549,21299.310011213587,curtailment
7550,22849.060973896347,curtailment
7551,24900.800982849025,curtailment
7552,28108.60375025692,curtailment
7553,31700.472397555917,curtailment
7554,35175.48289927438,curtailment
7555,37711.116881456684,curtailment
7556,39372.79821375498,curtailment
7557,40780.244849322524,curtailment
7558,41717.403200871675,curtailment
7559,42150.01099810219,curtailment
7560,41471.70949418392,curtailment
7561,39781.139541064374,curtailment
7562,37943.27269473136,curtailment
7563,36665.08347736336,curtailment
7564,35341.68718045429,curtailment
7565,34126.759663590376,curtailment
7566,32369.564302009345,curtailment
7567,31642.76236224023,curtailment
7568,32678.790109170004,curtailment
7569,33409.240844325555,curtailment
7570,33535.112432693706,curtailment
7571,33363.65732759004,curtailment
7572,32776.68928926099,curtailment
7573,31202.92613864971,curtailment
7574,28882.437995952205,curtailment
7575,26838.738784916335,curtailment
7576,25558.519426798666,curtailment
7577,24709.669284093765,curtailment
7578,24191.872256375747,curtailment
7579,23120.967507978203,curtailment
7580,21619.196068336012,curtailment
7581,20109.716300599714,curtailment
7582,18538.56669080768,curtailment
7583,17854.56370581741,curtailment
7584,17148.65513241542,curtailment
7585,15834.210321737472,curtailment
7586,15472.077390600178,curtailment
7587,14772.598806875627,curtailment
7588,14200.703531651003,curtailment
7589,14229.141621967352,curtailment
7590,14134.196881593343,curtailment
7591,14196.915111201906,curtailment
7592,15665.681753831108,curtailment
7593,18205.30335428944,curtailment
7594,19988.271929968876,curtailment
7595,20789.261574237942,curtailment
7596,20558.981787578257,curtailment
7597,19656.262975425627,curtailment
7598,18488.366140183396,curtailment
7599,17802.665046001,curtailment
7600,18252.536780371498,curtailment
7601,18713.236809916183,curtailment
7602,18850.83284821599,curtailment
7603,17113.85809826559,curtailment
7604,14705.768737272996,curtailment
7605,12308.603591609444,curtailment
7606,10156.23999114007,curtailment
7607,8333.208002687621,curtailment
7608,6997.601967904934,curtailment
7609,5909.758031601024,curtailment
7610,5455.817605031765,curtailment
7611,5465.3359399965575,curtailment
7612,5368.343286799945,curtailment
7613,5112.307809013328,curtailment
7614,3737.3017617035475,curtailment
7615,2218.1755949872495,curtailment
7616,1173.7072720996657,curtailment
7617,1061.7421180659085,curtailment
7618,1190.1382686173538,curtailment
7619,1052.7500106844718,curtailment
7620,539.3810269535006,curtailment
7621,0.0,curtailment
7622,0.0,curtailment
7623,0.0,curtailment
7624,921.6113929033572,curtailment
7625,2844.1012063477338,curtailment
7626,5316.8851261926475,curtailment
7627,7448.324186041478,curtailment
7628,9222.174746820216,curtailment
7629,10685.095519525139,curtailment
7630,11784.9414443568,curtailment
7631,12812.219917155604,curtailment
7632,14169.376907803393,curtailment
7633,15863.381230012452,curtailment
7634,18637.124218942692,curtailment
7635,22130.54393489609,curtailment
7636,26204.678535146966,curtailment
7637,30751.929978366406,curtailment
7638,33931.39544432774,curtailment
7639,35984.16092831431,curtailment
7640,38194.00578346801,curtailment
7641,40358.95907854796,curtailment
7642,42066.503509313145,curtailment
7643,42453.94169265342,curtailment
7644,42740.147481554115,curtailment
7645,42757.07373816,curtailment
7646,42742.4957036242,curtailment
7647,42927.83208988787,curtailment
7648,42667.46063953627,curtailment
7649,41493.65222873742,curtailment
7650,40476.409294117635,curtailment
7651,38782.17571554509,curtailment
7652,37013.75532330131,curtailment
7653,35597.23565070483,curtailment
7654,33524.460399758675,curtailment
7655,30554.304718186977,curtailment
7656,27576.414127009124,curtailment
7657,25065.64760720519,curtailment
7658,23594.70797302481,curtailment
7659,23488.604071046,curtailment
7660,22994.583333154056,curtailment
7661,20810.09930994514,curtailment
7662,18394.838745531742,curtailment
7663,16028.231415519596,curtailment
7664,14300.970021160663,curtailment
7665,12992.490310798163,curtailment
7666,11828.369764396315,curtailment
7667,11003.27257086146,curtailment
7668,10473.691585212224,curtailment
7669,10641.833094291193,curtailment
7670,11944.927294982755,curtailment
7671,14556.060766756142,curtailment
7672,18038.28129218212,curtailment
7673,20387.30297492066,curtailment
7674,22226.055914610493,curtailment
7675,23840.59477689332,curtailment
7676,25253.45725705842,curtailment
7677,26722.398886198393,curtailment
7678,27710.4422658092,curtailment
7679,27801.92000817694,curtailment
7680,26926.42467432886,curtailment
7681,25122.339196065088,curtailment
7682,22888.44784473902,curtailment
7683,21025.13840319772,curtailment
7684,18910.362999777462,curtailment
7685,17217.34872753915,curtailment
7686,14973.664121489765,curtailment
7687,12524.286038243707,curtailment
7688,9547.733496426774,curtailment
7689,6813.29850634088,curtailment
7690,4459.677113915339,curtailment
7691,1894.6608525064685,curtailment
7692,461.6344169594131,curtailment
7693,0.0,curtailment
7694,0.0,curtailment
7695,243.79661987669624,curtailment
7696,1752.187181051724,curtailment
7697,3399.414735473587,curtailment
7698,5645.084031552949,curtailment
7699,7601.983711568999,curtailment
7700,9153.9128912115,curtailment
7701,11224.38487644492,curtailment
7702,12429.556713414848,curtailment
7703,13825.481576260965,curtailment
7704,15372.09558187082,curtailment
7705,16311.791719047527,curtailment
7706,17108.903849216123,curtailment
7707,18049.830147546596,curtailment
7708,19945.666526582794,curtailment
7709,22386.8387762048,curtailment
7710,22973.43775092651,curtailment
7711,22401.978984628557,curtailment
7712,20942.66453628367,curtailment
7713,18893.334433213444,curtailment
7714,16611.16421784281,curtailment
7715,14960.742075489554,curtailment
7716,13760.47208326784,curtailment
7717,12968.378368748787,curtailment
7718,12876.135946711578,curtailment
7719,13622.743453917454,curtailment
7720,14478.614837017476,curtailment
7721,15374.584957313495,curtailment
7722,17095.91331302032,curtailment
7723,18920.68461645235,curtailment
7724,20248.000831795012,curtailment
7725,21761.46560204273,curtailment
7726,23417.050145982426,curtailment
7727,24456.869785422354,curtailment
7728,25332.582559231647,curtailment
7729,26495.486238285655,curtailment
7730,27400.571028907507,curtailment
7731,27446.842251755388,curtailment
7732,26269.919439011956,curtailment
7733,24466.55305450286,curtailment
7734,22522.502969617002,curtailment
7735,20568.75592562928,curtailment
7736,19238.301512847276,curtailment
7737,18737.965366990084,curtailment
7738,19413.63123304029,curtailment
7739,20543.777883617375,curtailment
7740,21311.9210464368,curtailment
7741,21831.70576237146,curtailment
7742,21622.064490430024,curtailment
7743,20828.619146516354,curtailment
7744,19861.301892903684,curtailment
7745,18438.60677876301,curtailment
7746,17204.000442542838,curtailment
7747,15679.035907934553,curtailment
7748,14126.07804794898,curtailment
7749,12679.501822000966,curtailment
7750,10766.807309190019,curtailment
7751,8092.401933780913,curtailment
7752,5343.591131223952,curtailment
7753,2907.5313449493124,curtailment
7754,915.7187064068903,curtailment
7755,0.0,curtailment
7756,0.0,curtailment
7757,0.0,curtailment
7758,0.0,curtailment
7759,0.0,curtailment
7760,0.0,curtailment
7761,0.0,curtailment
7762,0.0,curtailment
7763,0.0,curtailment
7764,0.0,curtailment
7765,0.0,curtailment
7766,0.0,curtailment
7767,524.0038250313883,curtailment
7768,2322.5784162295313,curtailment
7769,4184.852116213975,curtailment
7770,6227.818175305248,curtailment
7771,7934.71332384122,curtailment
7772,9289.551634841791,curtailment
7773,10380.038542526223,curtailment
7774,11332.834435990051,curtailment
7775,11572.556465365726,curtailment
7776,11446.721689338303,curtailment
7777,11294.591965995018,curtailment
7778,11117.218810994344,curtailment
7779,10486.308019702383,curtailment
7780,9379.018391555192,curtailment
7781,8404.397056235524,curtailment
7782,6911.180630627817,curtailment
7783,5792.035979801179,curtailment
7784,5750.694485235994,curtailment
7785,6360.017644689213,curtailment
7786,6666.444268509427,curtailment
7787,6522.358141006696,curtailment
7788,6354.816536911242,curtailment
7789,6416.98752730301,curtailment
7790,7639.420382370024,curtailment
7791,10314.88156739391,curtailment
7792,13894.14402787581,curtailment
7793,16787.079125548204,curtailment
7794,18872.45360374325,curtailment
7795,20341.370622975395,curtailment
7796,20752.411676303527,curtailment
7797,21161.055568294934,curtailment
7798,21971.272502030846,curtailment
7799,22745.560765126625,curtailment
7800,23388.23777867607,curtailment
7801,23431.921776389074,curtailment
7802,23404.29251920565,curtailment
7803,23188.876331804808,curtailment
7804,23574.067197767148,curtailment
7805,23883.91464829215,curtailment
7806,22964.172055280564,curtailment
7807,21670.720994155483,curtailment
7808,20390.522110991515,curtailment
7809,18924.77109635306,curtailment
7810,16872.276427571374,curtailment
7811,14393.535108694541,curtailment
7812,12619.408418734532,curtailment
7813,11604.471111021896,curtailment
7814,11375.730059236457,curtailment
7815,12400.135297655936,curtailment
7816,14170.006826449066,curtailment
7817,15519.672403352739,curtailment
7818,16850.84324560807,curtailment
7819,17393.225755733547,curtailment
7820,17401.44369093578,curtailment
7821,17372.46394042047,curtailment
7822,17841.207762111226,curtailment
7823,19194.482594695495,curtailment
7824,21594.13749827663,curtailment
7825,23600.552681504716,curtailment
7826,24887.71796632598,curtailment
7827,25759.74862282518,curtailment
7828,26194.899456711846,curtailment
7829,27204.188122186322,curtailment
7830,27907.31046100218,curtailment
7831,28451.25286787827,curtailment
7832,29340.973276384066,curtailment
7833,29878.759849491475,curtailment
7834,29760.573958836463,curtailment
7835,29151.768695886414,curtailment
7836,29182.719322795212,curtailment
7837,29925.7059027483,curtailment
7838,30911.488195171252,curtailment
7839,32171.853964757618,curtailment
7840,33619.16932624559,curtailment
7841,34579.28081515874,curtailment
7842,35224.36349051874,curtailment
7843,35034.81656024958,curtailment
7844,34262.38589798274,curtailment
7845,33223.5784225242,curtailment
7846,32771.455611595164,curtailment
7847,32693.528594734154,curtailment
7848,32990.59773372134,curtailment
7849,33421.412093632214,curtailment
7850,33976.04347887362,curtailment
7851,34487.139870483916,curtailment
7852,34817.760338871085,curtailment
7853,35546.12259496917,curtailment
7854,35437.19474130333,curtailment
7855,34852.76767505411,curtailment
7856,34118.808005089,curtailment
7857,33144.31012853822,curtailment
7858,31661.857236599964,curtailment
7859,30389.089843901053,curtailment
7860,29215.162699754328,curtailment
7861,28009.94021695346,curtailment
7862,27264.76505519867,curtailment
7863,26878.22398441987,curtailment
7864,27287.504129899822,curtailment
7865,27256.671551093175,curtailment
7866,26521.046338839547,curtailment
7867,25292.858192653264,curtailment
7868,23591.00140678387,curtailment
7869,21736.187673905282,curtailment
7870,20015.42685739394,curtailment
7871,18406.6927448687,curtailment
7872,16900.048832646098,curtailment
7873,15412.064592087616,curtailment
7874,14027.663395062667,curtailment
7875,12652.01781327332,curtailment
7876,12067.561692789504,curtailment
7877,12552.519170575515,curtailment
7878,12557.762985426327,curtailment
7879,12315.122250167906,curtailment
7880,11894.711877715754,curtailment
7881,11174.179127315187,curtailment
7882,10196.883928152358,curtailment
7883,8873.469219375102,curtailment
7884,7334.050960097422,curtailment
7885,6133.703942178317,curtailment
7886,5594.400756465215,curtailment
7887,5858.568599203163,curtailment
7888,6658.083881269465,curtailment
7889,7326.277782450088,curtailment
7890,8013.3997120602,curtailment
7891,8422.617899365345,curtailment
7892,8587.45397041027,curtailment
7893,8491.942073397408,curtailment
7894,8371.610023322435,curtailment
7895,8106.204377163258,curtailment
7896,7778.837054694677,curtailment
7897,7323.761449495053,curtailment
7898,7013.023115501261,curtailment
7899,6865.7791631352275,curtailment
7900,6717.325558619132,curtailment
7901,6866.270088408159,curtailment
7902,6815.526556817568,curtailment
7903,6847.900678140246,curtailment
7904,7704.151052087684,curtailment
7905,8117.523506825941,curtailment
7906,8031.353856015549,curtailment
7907,7624.2025003544095,curtailment
7908,6861.220844073967,curtailment
7909,5862.0218520897015,curtailment
7910,5510.098835572531,curtailment
7911,6097.87724143166,curtailment
7912,6927.530376364116,curtailment
7913,7252.174960666396,curtailment
7914,7654.821108951102,curtailment
7915,7971.7689281965795,curtailment
7916,8365.861254014235,curtailment
7917,8792.241621788144,curtailment
7918,9361.872865009937,curtailment
7919,9461.632574862393,curtailment
7920,9380.40179174322,curtailment
7921,9613.90135458853,curtailment
7922,10083.169610332938,curtailment
7923,10468.182624385452,curtailment
7924,10759.265475329883,curtailment
7925,10655.689251142816,curtailment
7926,9892.465353595937,curtailment
7927,9383.561155056796,curtailment
7928,10163.720148850134,curtailment
7929,11475.859497755611,curtailment
7930,12440.431724833872,curtailment
7931,13102.417653110713,curtailment
7932,13816.796073896838,curtailment
7933,15302.944993040643,curtailment
7934,17558.169947427,curtailment
7935,19837.06241950656,curtailment
7936,21533.453517371352,curtailment
7937,22192.900902214184,curtailment
7938,22007.687852197578,curtailment
7939,21728.735214040316,curtailment
7940,20654.770927633792,curtailment
7941,18657.0779603409,curtailment
7942,16195.62871022105,curtailment
7943,14225.564060869341,curtailment
7944,12697.891951661397,curtailment
7945,12108.769494351995,curtailment
7946,12266.957272426438,curtailment
7947,12728.185600982275,curtailment
7948,13487.775718803377,curtailment
7949,14723.992525433634,curtailment
7950,15249.283607594569,curtailment
7951,15110.084917581406,curtailment
7952,14288.289632845765,curtailment
7953,13558.604593929169,curtailment
7954,13712.7312818253,curtailment
7955,13743.400247701002,curtailment
7956,14281.98973929906,curtailment
7957,15022.425207186785,curtailment
7958,15863.574817426626,curtailment
7959,17382.39410509787,curtailment
7960,18636.63588192291,curtailment
7961,19031.771001836172,curtailment
7962,19723.16342551575,curtailment
7963,20999.181609332496,curtailment
7964,23240.090841126927,curtailment
7965,25784.00835828081,curtailment
7966,28364.015862187764,curtailment
7967,30624.319492550167,curtailment
7968,31943.61386228005,curtailment
7969,33744.79147001159,curtailment
7970,36545.22028172088,curtailment
7971,39049.75762059935,curtailment
7972,41265.035528861576,curtailment
7973,42463.9698800739,curtailment
7974,42211.102782968745,curtailment
7975,41659.13594853054,curtailment
7976,40805.19747128503,curtailment
7977,39589.77884164273,curtailment
7978,37711.49459806269,curtailment
7979,35236.46492910126,curtailment
7980,32879.62391979161,curtailment
7981,31430.76136309848,curtailment
7982,30945.320746137477,curtailment
7983,30693.528219030675,curtailment
7984,29463.02145030116,curtailment
7985,27490.782566865615,curtailment
7986,25841.668177399028,curtailment
7987,24561.15727223149,curtailment
7988,23306.463635181284,curtailment
7989,22305.012850718354,curtailment
7990,21667.89662913159,curtailment
7991,21359.134832231986,curtailment
7992,21552.55169087973,curtailment
7993,21540.420016907425,curtailment
7994,21352.4555740647,curtailment
7995,21189.013148315247,curtailment
7996,20227.70194343886,curtailment
7997,18720.06917737196,curtailment
7998,16597.360179077063,curtailment
7999,14545.852492099048,curtailment
8000,12896.45366828315,curtailment
8001,11461.512095509439,curtailment
8002,10665.534345827253,curtailment
8003,10287.25462026,curtailment
8004,10313.92600289069,curtailment
8005,10014.193001319247,curtailment
8006,9210.352506885029,curtailment
8007,8060.386788846057,curtailment
8008,6067.347618374548,curtailment
8009,4056.3766554330523,curtailment
8010,2817.6020329996354,curtailment
8011,1956.1272133758011,curtailment
8012,1322.8725448796677,curtailment
8013,957.1815257615672,curtailment
8014,868.8231848950409,curtailment
8015,955.1401893202001,curtailment
8016,1523.128698788656,curtailment
8017,1925.562619094212,curtailment
8018,2822.611939297797,curtailment
8019,3563.915212768831,curtailment
8020,4075.584663187068,curtailment
8021,4367.762949273471,curtailment
8022,3718.4630397012334,curtailment
8023,3014.3565832240984,curtailment
8024,2666.033897101279,curtailment
8025,2946.2369904453863,curtailment
8026,3978.9302055758635,curtailment
8027,5935.179148923387,curtailment
8028,8886.50450644867,curtailment
8029,12200.23168312407,curtailment
8030,15330.776886869246,curtailment
8031,17801.150181137527,curtailment
8032,19301.879216222318,curtailment
8033,19949.76033735666,curtailment
8034,19859.049346115415,curtailment
8035,19348.688499012864,curtailment
8036,18595.837481346134,curtailment
8037,18273.04006553854,curtailment
8038,19019.31986844883,curtailment
8039,20255.509646741586,curtailment
8040,21486.4347460095,curtailment
8041,22977.628765986177,curtailment
8042,23969.51845178208,curtailment
8043,24252.807539922138,curtailment
8044,23736.318761014765,curtailment
8045,23542.060275079744,curtailment
8046,23326.621931295427,curtailment
8047,23311.658341954528,curtailment
8048,22860.455517228882,curtailment
8049,22916.061094344706,curtailment
8050,22822.163589931686,curtailment
8051,22726.358128507345,curtailment
8052,22283.862056551825,curtailment
8053,21406.465631625557,curtailment
8054,19740.211218334276,curtailment
8055,17701.481192038686,curtailment
8056,15847.463282644705,curtailment
8057,13443.786796928622,curtailment
8058,10578.160642523888,curtailment
8059,7397.943732674235,curtailment
8060,4264.20276004601,curtailment
8061,1768.6992220718885,curtailment
8062,793.6720936705142,curtailment
8063,755.0303266412548,curtailment
8064,1000.676574244405,curtailment
8065,1773.2572416995627,curtailment
8066,2949.7227737007524,curtailment
8067,4596.786072399665,curtailment
8068,6034.246498238896,curtailment
8069,7483.435976121695,curtailment
8070,7923.167756514507,curtailment
8071,9745.827820347688,curtailment
8072,12595.687723384784,curtailment
8073,15260.253838821078,curtailment
8074,17338.693015161494,curtailment
8075,19385.736385964625,curtailment
8076,22009.84993662309,curtailment
8077,25402.683666282905,curtailment
8078,27458.039669441634,curtailment
8079,29282.108043643897,curtailment
8080,30344.401911547502,curtailment
8081,30279.467381349168,curtailment
8082,30104.03768084947,curtailment
8083,29525.527022549977,curtailment
8084,29489.516734319164,curtailment
8085,29432.84550049081,curtailment
8086,29227.10132513995,curtailment
8087,28068.07995000596,curtailment
8088,27040.48134964913,curtailment
8089,26093.505912062552,curtailment
8090,25584.29150644825,curtailment
8091,25095.377910013347,curtailment
8092,23920.104320792445,curtailment
8093,22468.60251246907,curtailment
8094,20653.054224477823,curtailment
8095,19297.135183444152,curtailment
8096,18356.039172511053,curtailment
8097,18170.2723704178,curtailment
8098,18175.22730606422,curtailment
8099,18891.28971254152,curtailment
8100,20346.570201018367,curtailment
8101,21716.173666108556,curtailment
8102,22361.461645235366,curtailment
8103,22461.527131565155,curtailment
8104,22330.75204367327,curtailment
8105,22278.881491527463,curtailment
8106,23060.832768304066,curtailment
8107,23610.817386694172,curtailment
8108,24584.371894055057,curtailment
8109,25602.916720642337,curtailment
8110,27169.26744995902,curtailment
8111,28487.120562928943,curtailment
8112,29506.867784970025,curtailment
8113,29737.521478800507,curtailment
8114,29881.37128741617,curtailment
8115,30210.339545047165,curtailment
8116,30527.48683043198,curtailment
8117,30790.050465310887,curtailment
8118,30540.827046345985,curtailment
8119,30455.421388131625,curtailment
8120,31071.591851759105,curtailment
8121,32190.824689484973,curtailment
8122,34010.919655197256,curtailment
8123,35842.47847311131,curtailment
8124,37139.36117375792,curtailment
8125,37886.03661794261,curtailment
8126,38679.44243837192,curtailment
8127,39816.28602642553,curtailment
8128,41691.097033577666,curtailment
8129,43894.164165817565,curtailment
8130,45971.06075385686,curtailment
8131,47419.08293304818,curtailment
8132,49163.05442970523,curtailment
8133,51170.9931116564,curtailment
8134,53387.525429218826,curtailment
8135,55288.17028500272,curtailment
8136,56919.25329452003,curtailment
8137,58137.48909831157,curtailment
8138,58756.00677453858,curtailment
8139,58723.767853829726,curtailment
8140,57755.741285441574,curtailment
8141,55520.486021261466,curtailment
8142,51634.36169792319,curtailment
8143,47337.71660645709,curtailment
8144,43800.1012960042,curtailment
8145,40806.345962155836,curtailment
8146,38056.83394799737,curtailment
8147,36116.42007912534,curtailment
8148,34441.046194329916,curtailment
8149,34787.80791656686,curtailment
8150,34963.46914372074,curtailment
8151,35287.297211029356,curtailment
8152,35251.03015206941,curtailment
8153,35479.24431630643,curtailment
8154,36131.5047087555,curtailment
8155,37380.935697034365,curtailment
8156,37803.01727499824,curtailment
8157,37260.43732797939,curtailment
8158,36563.19099335595,curtailment
8159,35911.25785742516,curtailment
8160,36000.69264815746,curtailment
8161,36621.136308869805,curtailment
8162,37148.3842124543,curtailment
8163,37342.06254619824,curtailment
8164,38137.02847867262,curtailment
8165,38642.360005937226,curtailment
8166,38777.60290928022,curtailment
8167,38079.841121566846,curtailment
8168,38242.33588625745,curtailment
8169,38327.03189622599,curtailment
8170,37935.90316131289,curtailment
8171,38971.6228075932,curtailment
8172,40453.78281968655,curtailment
8173,40232.251707031275,curtailment
8174,38550.94384715838,curtailment
8175,36097.82142684212,curtailment
8176,32381.162450737153,curtailment
8177,28007.529794230817,curtailment
8178,24619.11028099458,curtailment
8179,22024.61377937613,curtailment
8180,20153.788118621174,curtailment
8181,19644.383296885993,curtailment
8182,21668.107758000177,curtailment
8183,24369.73851869406,curtailment
8184,27896.316485449497,curtailment
8185,31897.22099569691,curtailment
8186,36862.28716247779,curtailment
8187,41493.727942038415,curtailment
8188,45959.86733267581,curtailment
8189,50453.98596240625,curtailment
8190,53423.69504509996,curtailment
8191,54921.71872753994,curtailment
8192,56098.00140600435,curtailment
8193,57187.99167251728,curtailment
8194,57051.71961419303,curtailment
8195,56354.503856805764,curtailment
8196,55164.72967399206,curtailment
8197,53302.02428096499,curtailment
8198,51404.276082252916,curtailment
8199,49422.37132035388,curtailment
8200,48007.65472137356,curtailment
8201,47502.493836276255,curtailment
8202,47331.51059279475,curtailment
8203,47769.25260823071,curtailment
8204,48368.72026578832,curtailment
8205,48647.80806789221,curtailment
8206,48779.84152500305,curtailment
8207,48382.62961557956,curtailment
8208,48375.32235493146,curtailment
8209,48394.3878374318,curtailment
8210,47516.542990899834,curtailment
8211,46570.458176203494,curtailment
8212,45775.42637793526,curtailment
8213,44932.67496491117,curtailment
8214,43494.22254006639,curtailment
8215,42535.61995263595,curtailment
8216,42157.6312826567,curtailment
8217,41908.894799159025,curtailment
8218,42262.66022016281,curtailment
8219,43431.87594309094,curtailment
8220,45006.59595714524,curtailment
8221,46122.957981452666,curtailment
8222,46679.40795869382,curtailment
8223,47229.00383763437,curtailment
8224,47493.70011850019,curtailment
8225,47870.659915421675,curtailment
8226,48248.107675595595,curtailment
8227,48718.708654505,curtailment
8228,48671.22711683847,curtailment
8229,47162.455883950664,curtailment
8230,44953.29900276324,curtailment
8231,42529.30679113557,curtailment
8232,39584.90821530277,curtailment
8233,35341.84679538363,curtailment
8234,31519.50055051486,curtailment
8235,27639.51442402196,curtailment
8236,22995.133271144434,curtailment
8237,17535.142051853043,curtailment
8238,11135.562371297116,curtailment
8239,6164.643702263328,curtailment
8240,4421.578272583069,curtailment
8241,6048.875544799319,curtailment
8242,8828.79129845549,curtailment
8243,12742.239267075918,curtailment
8244,17116.423738198355,curtailment
8245,20834.526107683792,curtailment
8246,24325.939835246645,curtailment
8247,28278.91389953193,curtailment
8248,31656.224744648694,curtailment
8249,35001.02290923237,curtailment
8250,38683.72135024413,curtailment
8251,42574.886819708176,curtailment
8252,45710.9020999279,curtailment
8253,48758.481453308654,curtailment
8254,51157.83812992773,curtailment
8255,52798.63282230742,curtailment
8256,54225.26287848739,curtailment
8257,54752.82651521254,curtailment
8258,54403.54395211441,curtailment
8259,53504.60518209361,curtailment
8260,51234.11210155793,curtailment
8261,47262.29466807958,curtailment
8262,41570.946773864496,curtailment
8263,35796.02333066957,curtailment
8264,30465.462428412568,curtailment
8265,26940.000938898917,curtailment
8266,24606.040278365184,curtailment
8267,22945.91115285419,curtailment
8268,21064.503020085365,curtailment
8269,18632.838618465506,curtailment
8270,16571.536419894728,curtailment
8271,15808.200606801533,curtailment
8272,15744.650005228406,curtailment
8273,15457.189643833848,curtailment
8274,15559.9481547717,curtailment
8275,15339.87161567606,curtailment
8276,14611.67770859096,curtailment
8277,13605.72158485312,curtailment
8278,12787.793379453331,curtailment
8279,12290.209720380297,curtailment
8280,12038.807547321685,curtailment
8281,11488.91391216546,curtailment
8282,11364.273397095585,curtailment
8283,11374.568832660403,curtailment
8284,11313.2418678047,curtailment
8285,11092.1294774992,curtailment
8286,10201.203093908778,curtailment
8287,9094.247049756723,curtailment
8288,8245.354956061647,curtailment
8289,8355.16858263268,curtailment
8290,9286.49046276086,curtailment
8291,10854.214850291239,curtailment
8292,12409.158125831455,curtailment
8293,13674.440972255215,curtailment
8294,14629.169255082232,curtailment
8295,15906.6953404617,curtailment
8296,16844.80709036658,curtailment
8297,17608.107161119984,curtailment
8298,18912.837981623088,curtailment
8299,20318.793953294415,curtailment
8300,22068.55580448301,curtailment
8301,24052.64037257737,curtailment
8302,26837.627500392515,curtailment
8303,29030.67341473693,curtailment
8304,31794.659043808228,curtailment
8305,34281.40015527732,curtailment
8306,36296.420267544076,curtailment
8307,37967.674162431125,curtailment
8308,39213.563490016066,curtailment
8309,39962.546740032805,curtailment
8310,39883.22510265585,curtailment
8311,39738.655548411036,curtailment
8312,39444.001316101,curtailment
8313,38644.936593856524,curtailment
8314,37005.12223344251,curtailment
8315,35117.97970608091,curtailment
8316,32814.97065391443,curtailment
8317,31018.779885539076,curtailment
8318,30506.836679315005,curtailment
8319,30814.227456927052,curtailment
8320,30506.210837051927,curtailment
8321,29553.138385479604,curtailment
8322,27551.473630256114,curtailment
8323,24845.32295881528,curtailment
8324,21995.175906566707,curtailment
8325,19482.99958935934,curtailment
8326,17402.24149191044,curtailment
8327,15675.85184155242,curtailment
8328,14753.474775687017,curtailment
8329,14740.789944023265,curtailment
8330,15793.999914172951,curtailment
8331,17117.3553223866,curtailment
8332,18273.091203689797,curtailment
8333,18737.907428144146,curtailment
8334,17735.356774303276,curtailment
8335,16111.694073362352,curtailment
8336,15031.278404538378,curtailment
8337,14510.686339720603,curtailment
8338,14495.545422303208,curtailment
8339,15088.321359105192,curtailment
8340,15977.830598116967,curtailment
8341,17111.582954206497,curtailment
8342,18660.496984839418,curtailment
8343,20685.14552919421,curtailment
8344,22971.570650543592,curtailment
8345,25054.45143398034,curtailment
8346,27349.65218558428,curtailment
8347,29749.553144680078,curtailment
8348,32578.999893593937,curtailment
8349,36314.722460132725,curtailment
8350,39879.790095336415,curtailment
8351,43389.877513718166,curtailment
8352,46079.00519192196,curtailment
8353,47850.284843744135,curtailment
8354,47030.38762471232,curtailment
8355,43292.572091380156,curtailment
8356,36312.37417277472,curtailment
8357,29940.92565369577,curtailment
8358,26488.34638207064,curtailment
8359,28170.472905281644,curtailment
8360,31954.691214713705,curtailment
8361,36790.532564543486,curtailment
8362,38244.928476309695,curtailment
8363,39115.02444059994,curtailment
8364,40037.121196174114,curtailment
8365,41068.238242446525,curtailment
8366,42117.135471810056,curtailment
8367,43253.6789165512,curtailment
8368,44515.8575072896,curtailment
8369,44290.678990568136,curtailment
8370,43592.585017581296,curtailment
8371,43020.28278883169,curtailment
8372,43072.219971418475,curtailment
8373,42966.9166109425,curtailment
8374,42225.25660295958,curtailment
8375,40598.47091444169,curtailment
8376,38041.67539530888,curtailment
8377,34923.50782444177,curtailment
8378,32602.432705626314,curtailment
8379,30813.69575958036,curtailment
8380,27752.4857097248,curtailment
8381,25531.32622893936,curtailment
8382,24860.524691489773,curtailment
8383,25831.717332151868,curtailment
8384,27099.373197139517,curtailment
8385,27953.6115216006,curtailment
8386,28461.12210625322,curtailment
8387,28633.775879706343,curtailment
8388,29194.315770789548,curtailment
8389,29586.585228544856,curtailment
8390,30501.567938659995,curtailment
8391,30523.962680696935,curtailment
8392,29127.059125490112,curtailment
8393,27114.954995474134,curtailment
8394,25982.708108527622,curtailment
8395,24830.103055108008,curtailment
8396,22926.54290688112,curtailment
8397,20138.93833960867,curtailment
8398,16685.79459041706,curtailment
8399,12456.906704007368,curtailment
8400,9305.848176640668,curtailment
8401,7048.401203739388,curtailment
8402,5242.773732906612,curtailment
8403,3994.6024350853495,curtailment
8404,3297.2392315153875,curtailment
8405,3270.7237560777376,curtailment
8406,3148.600067178314,curtailment
8407,3576.575130188139,curtailment
8408,4388.900460911636,curtailment
8409,5178.52791843478,curtailment
8410,5266.669179971441,curtailment
8411,4501.803790297835,curtailment
8412,3897.9170007180683,curtailment
8413,4082.351915459896,curtailment
8414,5364.424438161817,curtailment
8415,7417.53711770533,curtailment
8416,10070.476473396462,curtailment
8417,12852.308085655823,curtailment
8418,15431.62252778215,curtailment
8419,17391.34901411325,curtailment
8420,19130.025437273147,curtailment
8421,20575.71685197905,curtailment
8422,20928.488595602874,curtailment
8423,21492.554997928877,curtailment
8424,24734.222947511043,curtailment
8425,28742.13662208126,curtailment
8426,32654.876704525042,curtailment
8427,34693.31085640767,curtailment
8428,35987.83788104317,curtailment
8429,35028.020468755625,curtailment
8430,33340.14473400511,curtailment
8431,31053.02784663646,curtailment
8432,27826.919321153226,curtailment
8433,26811.2823062826,curtailment
8434,28161.83279993765,curtailment
8435,29471.13074048592,curtailment
8436,30311.314943397978,curtailment
8437,28977.11490973334,curtailment
8438,26744.672194887535,curtailment
8439,24816.21247319934,curtailment
8440,22727.866672627264,curtailment
8441,18983.7820393723,curtailment
8442,14359.724920243469,curtailment
8443,10958.330230346044,curtailment
8444,9421.385520146885,curtailment
8445,10104.958689793168,curtailment
8446,11457.567031878381,curtailment
8447,12712.557497062166,curtailment
8448,13458.79258620055,curtailment
8449,14032.627282310583,curtailment
8450,14542.577728234537,curtailment
8451,15560.241580755113,curtailment
8452,16920.31119574653,curtailment
8453,18996.78399111811,curtailment
8454,21765.511313561627,curtailment
8455,25021.475664615296,curtailment
8456,27747.514566857724,curtailment
8457,29855.87924762177,curtailment
8458,30935.961929521734,curtailment
8459,31251.82255464587,curtailment
8460,30040.105399095446,curtailment
8461,28673.41656971085,curtailment
8462,27757.43476749413,curtailment
8463,27402.326881487672,curtailment
8464,27542.231971201447,curtailment
8465,26961.74716823976,curtailment
8466,25629.828039062773,curtailment
8467,24443.18393118277,curtailment
8468,23720.159821369587,curtailment
8469,23200.381346923736,curtailment
8470,22595.900117357945,curtailment
8471,22275.435057160234,curtailment
8472,22390.6802353436,curtailment
8473,21756.325461110162,curtailment
8474,21242.140792520862,curtailment
8475,19799.758239475934,curtailment
8476,19331.315576998917,curtailment
8477,19108.43441897685,curtailment
8478,19378.753583302358,curtailment
8479,20613.819311532534,curtailment
8480,22980.97882098642,curtailment
8481,25639.305205596975,curtailment
8482,26933.736338262624,curtailment
8483,27021.548218083408,curtailment
8484,27121.76404662281,curtailment
8485,26466.16079427145,curtailment
8486,26555.383144814645,curtailment
8487,28127.62791376993,curtailment
8488,29743.446659329078,curtailment
8489,30404.490939340303,curtailment
8490,30086.903473204176,curtailment
8491,28910.122203897357,curtailment
8492,28239.428644675405,curtailment
8493,27108.2407007117,curtailment
8494,24579.458936000658,curtailment
8495,22265.177088621964,curtailment
8496,21107.66874588717,curtailment
8497,20484.106580803425,curtailment
8498,20185.72441817172,curtailment
8499,20033.110570226992,curtailment
8500,20094.054815918957,curtailment
8501,19843.10720694444,curtailment
8502,18476.078774433376,curtailment
8503,16876.93240751176,curtailment
8504,15076.366451707656,curtailment
8505,13478.979948402182,curtailment
8506,11826.713072352983,curtailment
8507,10428.557350121915,curtailment
8508,9593.460281443813,curtailment
8509,9172.119704784704,curtailment
8510,9059.020846842715,curtailment
8511,9184.780093356614,curtailment
8512,8976.995877835754,curtailment
8513,9147.159878002181,curtailment
8514,10459.961212803153,curtailment
8515,12092.365113960968,curtailment
8516,13128.872781829064,curtailment
8517,14146.109681054688,curtailment
8518,13999.862312657646,curtailment
8519,13681.945039932565,curtailment
8520,12857.783838254572,curtailment
8521,12104.278959343641,curtailment
8522,11710.473246295172,curtailment
8523,11501.368819249154,curtailment
8524,11625.161537352087,curtailment
8525,11329.033558567502,curtailment
8526,10410.753695605348,curtailment
8527,9715.536758654345,curtailment
8528,9267.639552244851,curtailment
8529,9521.628100109858,curtailment
8530,10054.321551071891,curtailment
8531,10586.515118019113,curtailment
8532,11106.068213521283,curtailment
8533,11496.623539497692,curtailment
8534,11793.248518167406,curtailment
8535,12224.776321489933,curtailment
8536,13162.296191601668,curtailment
8537,13959.620937208309,curtailment
8538,14416.396816731241,curtailment
8539,14193.287783153446,curtailment
8540,13711.367311152822,curtailment
8541,13054.040527921168,curtailment
8542,12584.405324726453,curtailment
8543,11636.108918907124,curtailment
8544,10900.01637608684,curtailment
8545,10214.291635318295,curtailment
8546,9133.714179615592,curtailment
8547,7917.05529908985,curtailment
8548,7158.728887567766,curtailment
8549,6757.461427353463,curtailment
8550,6032.413670066843,curtailment
8551,5856.374740538166,curtailment
8552,6095.080761396444,curtailment
8553,6680.015317378935,curtailment
8554,7208.144757705257,curtailment
8555,7920.417993704351,curtailment
8556,8552.014021937193,curtailment
8557,8822.240255662276,curtailment
8558,8838.617162667404,curtailment
8559,8645.820276584227,curtailment
8560,8378.08827414587,curtailment
8561,8435.08586910753,curtailment
8562,9071.236068336633,curtailment
8563,9895.579136279226,curtailment
8564,10677.3676958856,curtailment
8565,11577.873707389208,curtailment
8566,12511.700552747965,curtailment
8567,13333.075724808497,curtailment
8568,14706.449822446695,curtailment
8569,16232.499975564693,curtailment
8570,17128.86806024614,curtailment
8571,17485.593819935362,curtailment
8572,17022.411975919676,curtailment
8573,16044.199107494866,curtailment
8574,14830.419148802768,curtailment
8575,14126.02190875493,curtailment
8576,14026.643982963513,curtailment
8577,13883.750536293548,curtailment
8578,13401.420849260636,curtailment
8579,12670.429202472922,curtailment
8580,11103.300331408112,curtailment
8581,8766.694484948586,curtailment
8582,5930.492122442383,curtailment
8583,3399.553778161262,curtailment
8584,1337.7317762985367,curtailment
8585,0.0,curtailment
8586,0.0,curtailment
8587,0.0,curtailment
8588,0.0,curtailment
8589,0.0,curtailment
8590,0.0,curtailment
8591,0.0,curtailment
8592,0.0,curtailment
8593,0.0,curtailment
8594,0.0,curtailment
8595,0.0,curtailment
8596,35.04738514607743,curtailment
8597,389.724565221808,curtailment
8598,330.7462779107782,curtailment
8599,455.1706485604227,curtailment
8600,872.7527240009786,curtailment
8601,1734.5885032299611,curtailment
8602,2687.740462373433,curtailment
8603,3762.894611594542,curtailment
8604,5080.203752114474,curtailment
8605,6529.1437879822515,curtailment
8606,8284.574847892187,curtailment
8607,10166.834096335642,curtailment
8608,11437.033246192972,curtailment
8609,12347.30717645502,curtailment
8610,13249.900192787085,curtailment
8611,13637.192899696449,curtailment
8612,13824.777763854347,curtailment
8613,14118.116709856962,curtailment
8614,14933.986515590634,curtailment
8615,15516.601781385394,curtailment
8616,15577.50926900101,curtailment
8617,14836.248685304992,curtailment
8618,13866.32075076091,curtailment
8619,12627.724832584598,curtailment
8620,10832.668450973613,curtailment
8621,8471.192613413838,curtailment
8622,5617.708320975665,curtailment
8623,3130.1786694045313,curtailment
8624,1028.6718944817922,curtailment
8625,0.0,curtailment
8626,0.0,curtailment
8627,0.0,curtailment
8628,0.0,curtailment
8629,0.0,curtailment
8630,0.0,curtailment
8631,0.0,curtailment
8632,0.0,curtailment
8633,0.0,curtailment
8634,0.0,curtailment
8635,0.0,curtailment
8636,0.0,curtailment
8637,0.0,curtailment
8638,0.0,curtailment
8639,489.58681223772874,curtailment
8640,1951.3007801657732,curtailment
8641,3329.807319332992,curtailment
8642,4957.258648676686,curtailment
8643,6205.667146671489,curtailment
8644,7031.881774966519,curtailment
8645,7498.966202209997,curtailment
8646,7254.177452905973,curtailment
8647,6941.888474986996,curtailment
8648,6472.9051621289855,curtailment
8649,5987.33469892317,curtailment
8650,4924.939396864667,curtailment
8651,3752.1074557089796,curtailment
8652,3141.0975495054417,curtailment
8653,3101.7388263530274,curtailment
8654,3596.7263773273708,curtailment
8655,4382.123377741568,curtailment
8656,4793.089985726209,curtailment
8657,4682.9047450067665,curtailment
8658,4522.383730034597,curtailment
8659,4480.0527409103815,curtailment
8660,4577.714357717053,curtailment
8661,4831.69917129868,curtailment
8662,5471.376495444388,curtailment
8663,5581.41910160728,curtailment
8664,5328.538827983091,curtailment
8665,5130.734364260412,curtailment
8666,5268.51755249887,curtailment
8667,5496.207910389602,curtailment
8668,5391.887748055538,curtailment
8669,5146.150604782858,curtailment
8670,4507.491498395024,curtailment
8671,4301.891857295786,curtailment
8672,4803.327486922926,curtailment
8673,6335.357490622415,curtailment
8674,8040.659192782803,curtailment
8675,9527.300808587286,curtailment
8676,10836.068074466242,curtailment
8677,11824.564260446052,curtailment
8678,12260.924865319808,curtailment
8679,12532.051003912775,curtailment
8680,12649.36179036858,curtailment
8681,13271.36647450315,curtailment
8682,14607.705483424814,curtailment
8683,16531.744706002,curtailment
8684,18173.34412020012,curtailment
8685,19623.622454621735,curtailment
8686,20714.84368986926,curtailment
8687,21416.386577015248,curtailment
8688,23129.092107103526,curtailment
8689,24267.501026067854,curtailment
8690,24598.199877783125,curtailment
8691,25006.580413228745,curtailment
8692,25160.91852400625,curtailment
8693,24830.725678146242,curtailment
8694,24858.829982182968,curtailment
8695,25180.354839995307,curtailment
8696,25588.67174214358,curtailment
8697,26479.026089541014,curtailment
8698,27604.712303368862,curtailment
8699,29620.604410671076,curtailment
8700,31736.583799027572,curtailment
8701,32846.20727076428,curtailment
8702,33534.692183331834,curtailment
8703,35553.2716899357,curtailment
8704,36003.351413312725,curtailment
8705,35003.6568571275,curtailment
8706,35548.8932371622,curtailment
8707,36696.17115666823,curtailment
8708,37080.956164302646,curtailment
8709,38108.98223406985,curtailment
8710,38943.592680118556,curtailment
8711,39249.41992767563,curtailment
8712,39979.9204159666,curtailment
8713,40937.08938584641,curtailment
8714,41233.58937811418,curtailment
8715,41618.00357040083,curtailment
8716,42187.72047464655,curtailment
8717,42262.03334198548,curtailment
8718,41878.414438104075,curtailment
8719,41062.234350264596,curtailment
8720,40578.99111754508,curtailment
8721,40045.86799916564,curtailment
8722,39550.08164974436,curtailment
8723,39029.16443908007,curtailment
8724,38694.38751780421,curtailment
8725,38157.854479962996,curtailment
8726,36569.01281045328,curtailment
8727,35244.598902702564,curtailment
8728,33963.153172876926,curtailment
8729,32938.41155852864,curtailment
8730,32661.103110691372,curtailment
8731,34445.7068254522,curtailment
8732,36709.24943570744,curtailment
8733,39181.12081356872,curtailment
8734,40853.76460936466,curtailment
8735,43300.97371778378,curtailment
8736,45863.24530349905,curtailment
8737,48007.0483909787,curtailment
8738,50257.388521105975,curtailment
8739,51967.54433933591,curtailment
8740,53028.66982881361,curtailment
8741,52936.40806178782,curtailment
8742,51686.47873723927,curtailment
8743,49428.1955476647,curtailment
8744,46702.29777050975,curtailment
8745,43643.226987958304,curtailment
8746,39838.88271782865,curtailment
8747,36257.32505173366,curtailment
8748,34158.69779192215,curtailment
8749,32346.05535710347,curtailment
8750,29953.670592023205,curtailment
8751,27263.586510384783,curtailment
8752,24816.355440196618,curtailment
8753,22121.743402250177,curtailment
8754,19611.24994952926,curtailment
8755,17289.7640512777,curtailment
8756,15026.005417395301,curtailment
8757,13615.995673025498,curtailment
8758,14187.814888334344,curtailment
8759,16296.77954236459,curtailment
8760,19014.93818969513,curtailment
1,4834.108621688991,demand
2,4675.022638681862,demand
3,4582.597881412101,demand
4,4523.577533407546,demand
5,4496.025740263449,demand
6,5128.5648386224075,demand
7,5935.790712921192,demand
8,6522.268631031656,demand
9,6559.36754217089,demand
10,6419.858622689326,demand
11,6276.062005956233,demand
12,6157.607672276708,demand
13,6144.043969031232,demand
14,6129.664281342557,demand
15,6160.332732113873,demand
16,6528.8256752041125,demand
17,6974.134528326829,demand
18,6904.291316710069,demand
19,6794.2131722802005,demand
20,6614.739199387161,demand
21,6304.750434762762,demand
22,5918.177145526589,demand
23,5620.811980366386,demand
24,5274.28864361177,demand
25,5527.099274665585,demand
26,5421.049857507106,demand
27,5382.434299261998,demand
28,5415.265232495132,demand
29,5639.154886348173,demand
30,6593.523935755819,demand
31,7488.051465694259,demand
32,8055.060336481514,demand
33,8072.975862765161,demand
34,7809.363593223588,demand
35,7540.835530718314,demand
36,7302.147847228505,demand
37,7203.4645078101385,demand
38,7116.002744681512,demand
39,7097.145588176308,demand
40,7489.541223240595,demand
41,7963.928049458635,demand
42,7943.794392230942,demand
43,7819.7928836534065,demand
44,7597.06878115057,demand
45,7215.927965561663,demand
46,6770.392884796209,demand
47,6372.9131806877085,demand
48,5953.058272673721,demand
49,5985.722664305099,demand
50,5842.083179061777,demand
51,5806.762104701769,demand
52,5876.106626700654,demand
53,6155.354600222606,demand
54,7258.233344004576,demand
55,8266.20471496899,demand
56,8814.345339810578,demand
57,8751.46441384706,demand
58,8432.474004760621,demand
59,8019.957478722788,demand
60,7719.976206395914,demand
61,7629.044953997389,demand
62,7530.077610317383,demand
63,7542.3760656961,demand
64,7937.270973793655,demand
65,8384.979548060273,demand
66,8370.914715914445,demand
67,8196.523904970325,demand
68,7907.236356387037,demand
69,7409.73128144269,demand
70,6816.929721183941,demand
71,6407.701978420861,demand
72,5950.619379227293,demand
73,5385.945329419532,demand
74,5219.038692676704,demand
75,5134.159046325545,demand
76,5174.464467984173,demand
77,5440.330638029784,demand
78,6465.360846994841,demand
79,7390.304099611772,demand
80,7862.802773891068,demand
81,7774.417810395296,demand
82,7576.188976072097,demand
83,7299.853968029687,demand
84,7077.36701939116,demand
85,6957.7937105424335,demand
86,6837.239394852638,demand
87,6826.8800677197905,demand
88,7116.633796041384,demand
89,7504.9016749924995,demand
90,7417.611531226517,demand
91,7243.213635070304,demand
92,6972.100556150342,demand
93,6553.227159247896,demand
94,6042.451367272,demand
95,5648.405438725137,demand
96,5234.344678558683,demand
97,5101.2009392977125,demand
98,4970.829728953355,demand
99,4921.153585514475,demand
100,4989.459118915995,demand
101,5256.382226284477,demand
102,6257.85740595874,demand
103,7176.248095595003,demand
104,7664.130842577154,demand
105,7577.6182151475095,demand
106,7349.215130691845,demand
107,6992.742384272444,demand
108,6652.705381579843,demand
109,6481.658908687796,demand
110,6383.028013387744,demand
111,6441.943357880064,demand
112,6841.896083905089,demand
113,7374.438341021268,demand
114,7393.123358503012,demand
115,7269.761952896533,demand
116,7067.737633314557,demand
117,6752.393976809587,demand
118,6369.267508694601,demand
119,6113.504750998054,demand
120,5687.782364828356,demand
121,5684.640026081668,demand
122,5533.006296785061,demand
123,5466.898947897635,demand
124,5399.396054930379,demand
125,5297.984317548782,demand
126,5904.460860392444,demand
127,6674.323438038433,demand
128,7226.820225706388,demand
129,7252.015633040194,demand
130,7127.715933893851,demand
131,6879.607587126331,demand
132,6589.02141881854,demand
133,6460.7483745626705,demand
134,6406.13587621512,demand
135,6446.025576727795,demand
136,6707.560232238622,demand
137,7158.102718917198,demand
138,7136.260875162596,demand
139,6989.461152045384,demand
140,6784.199731539344,demand
141,6462.888892276551,demand
142,6078.27779181841,demand
143,5744.322785653074,demand
144,5348.882391640991,demand
145,4955.934302091759,demand
146,4790.697069816562,demand
147,4679.934934286963,demand
148,4597.118208697588,demand
149,4514.554519142487,demand
150,5101.527462471815,demand
151,5863.4854075671155,demand
152,6419.651627059015,demand
153,6465.0832189030625,demand
154,6410.6427680179,demand
155,6259.807281021605,demand
156,6078.570096419478,demand
157,6040.314814387214,demand
158,6090.48315766274,demand
159,6233.030237983739,demand
160,6560.162619827787,demand
161,7036.508594032258,demand
162,7059.968417288548,demand
163,6924.060653782383,demand
164,6661.719776476501,demand
165,6275.648380718158,demand
166,5874.43540886718,demand
167,5557.088431484249,demand
168,5221.166897886298,demand
169,5124.860185789408,demand
170,5028.28849312198,demand
171,5011.690522946881,demand
172,5043.529962524098,demand
173,5324.246417460628,demand
174,6413.882135407435,demand
175,7402.6619010272425,demand
176,7908.68466076097,demand
177,7894.958104401301,demand
178,7779.80157700519,demand
179,7611.344507192836,demand
180,7428.67211854075,demand
181,7424.838502364497,demand
182,7415.509996433586,demand
183,7423.119411391715,demand
184,7666.380568010324,demand
185,8059.348171021578,demand
186,8002.63756404625,demand
187,7846.926668521444,demand
188,7584.996241224064,demand
189,7161.00296426111,demand
190,6633.569162895907,demand
191,6281.980033625756,demand
192,5880.647109100866,demand
193,5888.460436774056,demand
194,5777.433248990319,demand
195,5750.009927442033,demand
196,5823.67770393874,demand
197,6105.621823594514,demand
198,7166.104838092519,demand
199,8127.227305914562,demand
200,8642.49418805905,demand
201,8597.325989961628,demand
202,8340.287484100572,demand
203,8008.880537979506,demand
204,7764.196683716251,demand
205,7689.42809228525,demand
206,7580.0404320691305,demand
207,7512.604133041759,demand
208,7798.083412503647,demand
209,8317.43290771211,demand
210,8259.651211521119,demand
211,8105.166753677742,demand
212,7854.987946058842,demand
213,7444.687508881173,demand
214,6947.119651965911,demand
215,6561.475574736731,demand
216,6165.804112660593,demand
217,6098.03311743621,demand
218,5988.171991404,demand
219,5933.619141930136,demand
220,6029.317932677478,demand
221,6332.879832696368,demand
222,7447.1926810554105,demand
223,8451.22228072932,demand
224,9021.858898659979,demand
225,8959.770686099917,demand
226,8610.700004262637,demand
227,8276.027895078027,demand
228,8009.076680147122,demand
229,7890.577374789897,demand
230,7817.780389024127,demand
231,7744.924647969889,demand
232,7952.338606771056,demand
233,8331.779046982105,demand
234,8245.510854527147,demand
235,8034.787892985866,demand
236,7726.920002225802,demand
237,7259.512904428089,demand
238,6699.203178640759,demand
239,6208.608985614212,demand
240,5775.732197570827,demand
241,5285.991340395796,demand
242,5146.971979486771,demand
243,5098.973736508489,demand
244,5151.349008964175,demand
245,5423.673865464034,demand
246,6446.991341382889,demand
247,7381.177063796117,demand
248,7830.10690097471,demand
249,7764.740176227968,demand
250,7557.782106257015,demand
251,7296.975973818458,demand
252,7079.460427182867,demand
253,6985.726979318022,demand
254,6893.844154115525,demand
255,6859.374196628171,demand
256,7134.114955784278,demand
257,7658.459734049005,demand
258,7585.126711638706,demand
259,7430.239847583705,demand
260,7203.311801118643,demand
261,6827.932896157867,demand
262,6357.5723622227415,demand
263,6002.92421565416,demand
264,5611.1567013829645,demand
265,5511.835074754207,demand
266,5388.069513219798,demand
267,5329.047917973556,demand
268,5382.184779140247,demand
269,5655.164890862046,demand
270,6647.953272624613,demand
271,7565.207078044496,demand
272,8027.340029602165,demand
273,7909.945976561936,demand
274,7696.0632939117095,demand
275,7433.679577588471,demand
276,7135.4784757148445,demand
277,6990.936001489211,demand
278,6863.991960104523,demand
279,6825.71932405625,demand
280,6968.968280739977,demand
281,7407.215688852411,demand
282,7341.170762179967,demand
283,7135.327708909386,demand
284,6870.711878207298,demand
285,6504.421451647029,demand
286,6068.510465000999,demand
287,5690.330152686044,demand
288,5266.923536283994,demand
289,5020.529148966232,demand
290,4885.460161161574,demand
291,4830.81311636039,demand
292,4750.842025754608,demand
293,4697.189830311504,demand
294,5300.698390894898,demand
295,6052.048069700379,demand
296,6607.959630718615,demand
297,6670.060473543698,demand
298,6633.368498251852,demand
299,6443.478109445288,demand
300,6205.661143131615,demand
301,6120.169177416089,demand
302,6063.851150305187,demand
303,6138.366230466958,demand
304,6404.070405529386,demand
305,6933.62403359,demand
306,6938.801582436637,demand
307,6826.156125950718,demand
308,6693.137502524822,demand
309,6436.634524687608,demand
310,6090.504192298001,demand
311,5882.4537630732175,demand
312,5586.075925966772,demand
313,5745.352225921458,demand
314,5653.098538420282,demand
315,5612.126127632404,demand
316,5578.7448952758095,demand
317,5531.566109044738,demand
318,6149.536874479766,demand
319,6929.7387740460235,demand
320,7499.92651489519,demand
321,7589.918027033658,demand
322,7418.656714199153,demand
323,7161.979944541964,demand
324,6908.915668751179,demand
325,6808.438723814511,demand
326,6781.885491098235,demand
327,6839.388341656436,demand
328,7175.498968100604,demand
329,7807.977987358787,demand
330,7816.791338794072,demand
331,7680.427009251206,demand
332,7472.36922199918,demand
333,7124.713447305934,demand
334,6654.531094926473,demand
335,6275.753540219988,demand
336,5879.562527908654,demand
337,5432.0046084525675,demand
338,5310.238053007742,demand
339,5273.158751440005,demand
340,5327.473008970295,demand
341,5567.013507109679,demand
342,6629.452256174007,demand
343,7596.733558799465,demand
344,8088.755135542563,demand
345,8026.963523894629,demand
346,7813.521738541531,demand
347,7617.19556030752,demand
348,7486.509154503103,demand
349,7455.208004178653,demand
350,7306.234206543739,demand
351,7118.853981503551,demand
352,7257.995367377151,demand
353,7702.3302539134675,demand
354,7596.103011365141,demand
355,7401.6169341064815,demand
356,7112.7583482077935,demand
357,6674.093907027373,demand
358,6138.0758408659785,demand
359,5710.740765838766,demand
360,5300.422416486567,demand
361,4999.631545278666,demand
362,4868.347540374215,demand
363,4843.114403565598,demand
364,4911.715856878274,demand
365,5233.730724516716,demand
366,6303.909513159548,demand
367,7258.327978312476,demand
368,7706.309263480429,demand
369,7657.29024998414,demand
370,7507.091239702817,demand
371,7356.864416385035,demand
372,7194.454417336289,demand
373,7123.1765124327185,demand
374,7021.884980613061,demand
375,6975.393081715574,demand
376,7134.694530453417,demand
377,7509.719064231795,demand
378,7430.544462669721,demand
379,7248.96975257496,demand
380,6993.835923095288,demand
381,6607.799676690158,demand
382,6125.349563733118,demand
383,5724.635554341402,demand
384,5341.806713345376,demand
385,5527.78923070626,demand
386,5418.334741708042,demand
387,5381.180459024681,demand
388,5460.928627195909,demand
389,5765.024314236463,demand
390,6855.208062923393,demand
391,7873.3446059480575,demand
392,8405.507667135716,demand
393,8373.338350729568,demand
394,8179.797582031668,demand
395,7936.117190676693,demand
396,7731.34707742863,demand
397,7680.88087939702,demand
398,7631.3888061663865,demand
399,7647.379944722199,demand
400,7888.966540303736,demand
401,8399.949457253466,demand
402,8365.292716212574,demand
403,8239.918406552148,demand
404,8008.3281364934,demand
405,7616.771130014807,demand
406,7128.317887026717,demand
407,6757.3744660855045,demand
408,6343.906953119786,demand
409,6413.369845700792,demand
410,6328.265107535256,demand
411,6319.707038448172,demand
412,6419.526958070497,demand
413,6697.46090212875,demand
414,7822.042853624169,demand
415,8879.952823484457,demand
416,9459.32333450684,demand
417,9417.923282629275,demand
418,8931.661407682617,demand
419,8447.261971275826,demand
420,8093.77931238545,demand
421,7908.649024478862,demand
422,7740.179875240754,demand
423,7652.029958200446,demand
424,7931.488471795485,demand
425,8599.19484142369,demand
426,8603.380392029332,demand
427,8449.778056392799,demand
428,8218.377302925375,demand
429,7789.298523746126,demand
430,7255.504751447969,demand
431,6849.809289272247,demand
432,6424.107505286517,demand
433,6249.741128296757,demand
434,6156.897753664994,demand
435,6157.2273336698545,demand
436,6249.569951045986,demand
437,6544.971089104667,demand
438,7686.237729856859,demand
439,8734.419759816466,demand
440,9320.817474630561,demand
441,9222.904696797847,demand
442,8787.075830785558,demand
443,8308.666728044784,demand
444,7890.127152589483,demand
445,7635.951111764642,demand
446,7462.205054919181,demand
447,7414.032623881015,demand
448,7642.618765948044,demand
449,8294.17352647177,demand
450,8298.523996093774,demand
451,8156.698023544583,demand
452,7943.635347316869,demand
453,7599.4928202599585,demand
454,7173.941597179462,demand
455,6808.023029211512,demand
456,6389.02866652939,demand
457,6200.846896483918,demand
458,6062.177218047383,demand
459,5985.292394249377,demand
460,5932.9181682827875,demand
461,5907.775610172871,demand
462,6632.911356308225,demand
463,7515.356533350743,demand
464,8142.386081049337,demand
465,8207.059354519364,demand
466,7898.258024226828,demand
467,7528.19822387195,demand
468,7194.157913096615,demand
469,7006.76081709424,demand
470,6912.1714357242945,demand
471,6913.547060719017,demand
472,7173.586130436646,demand
473,7888.246033431982,demand
474,7927.117236416001,demand
475,7801.634175617218,demand
476,7626.692027567852,demand
477,7333.002654527238,demand
478,6935.962164790506,demand
479,6589.060901215473,demand
480,6208.496760672351,demand
481,5891.8959192574475,demand
482,5739.749879460478,demand
483,5638.32562786497,demand
484,5582.82671766729,demand
485,5517.55516741219,demand
486,6157.137945240549,demand
487,6940.977904310412,demand
488,7479.129313620924,demand
489,7547.346870149965,demand
490,7392.519981303036,demand
491,7152.687596879832,demand
492,6859.643395674995,demand
493,6715.985883224721,demand
494,6645.264831168977,demand
495,6650.017741607244,demand
496,6925.971591065558,demand
497,7633.671305098209,demand
498,7704.685960177458,demand
499,7634.225498176393,demand
500,7481.655685444728,demand
501,7174.891436139767,demand
502,6768.816717450396,demand
503,6435.024322936779,demand
504,6084.9620866588175,demand
505,6001.892130052167,demand
506,5917.101846507331,demand
507,5904.164787805363,demand
508,5993.5786661191,demand
509,6287.185074381439,demand
510,7424.3575806299295,demand
511,8470.611687768105,demand
512,9016.238791817374,demand
513,8980.552977426141,demand
514,8754.0294541573,demand
515,8492.43231189686,demand
516,8247.60312876748,demand
517,8151.708532490869,demand
518,8024.2893118874035,demand
519,7911.222119572015,demand
520,8080.626443779367,demand
521,8641.339925984947,demand
522,8589.811796433794,demand
523,8445.60480087869,demand
524,8187.286814798068,demand
525,7777.956982423957,demand
526,7250.425301189553,demand
527,6852.234387690796,demand
528,6465.639549561172,demand
529,6484.812060119963,demand
530,6396.118322690393,demand
531,6403.418760884606,demand
532,6504.910035710898,demand
533,6821.0430148722935,demand
534,7982.855900395859,demand
535,9069.667907278335,demand
536,9668.18329715056,demand
537,9616.968870450193,demand
538,9291.840739936155,demand
539,8966.984029720605,demand
540,8676.774749068092,demand
541,8553.150788093415,demand
542,8431.72687399943,demand
543,8322.199875317538,demand
544,8487.63679154136,demand
545,9117.089474662618,demand
546,9148.741119584942,demand
547,9017.275556095885,demand
548,8781.24395684888,demand
549,8369.374852328267,demand
550,7827.740531658394,demand
551,7366.500056459039,demand
552,6896.6139910766215,demand
553,6815.740338538215,demand
554,6688.178596596859,demand
555,6653.480163061405,demand
556,6750.7687065309,demand
557,7076.6024695622655,demand
558,8248.404576090412,demand
559,9361.938160922016,demand
560,9975.111143488311,demand
561,9945.958134786822,demand
562,9676.778308169682,demand
563,9371.07513295747,demand
564,9125.407305029914,demand
565,9008.760135088822,demand
566,8880.353706128126,demand
567,8797.189062478205,demand
568,8880.096836139786,demand
569,9394.786074614705,demand
570,9343.519382091123,demand
571,9195.104061759524,demand
572,8947.156245396807,demand
573,8501.387761269882,demand
574,7939.842525010647,demand
575,7491.259271981756,demand
576,7034.598442329738,demand
577,6883.4916372474745,demand
578,6774.502321135499,demand
579,6755.974632837331,demand
580,6849.088277739396,demand
581,7173.897237632049,demand
582,8357.82322206957,demand
583,9486.121406973893,demand
584,10110.077857852431,demand
585,10074.889798480968,demand
586,9751.504177249895,demand
587,9419.540671350316,demand
588,9149.583637330277,demand
589,9017.241028768372,demand
590,8875.234538461253,demand
591,8789.303810606565,demand
592,8874.87087116506,demand
593,9391.107605450488,demand
594,9359.355954929557,demand
595,9214.33558249956,demand
596,8979.630504926998,demand
597,8543.66335988907,demand
598,7976.381036185316,demand
599,7490.878138107446,demand
600,7018.694468150627,demand
601,6525.363503809487,demand
602,6373.534182318408,demand
603,6306.226018275048,demand
604,6362.15749691491,demand
605,6621.34928930296,demand
606,7701.46859534228,demand
607,8716.73222248584,demand
608,9220.213728956505,demand
609,9112.982998461814,demand
610,8786.884314860179,demand
611,8418.856635687418,demand
612,8041.93149002187,demand
613,7830.453351134232,demand
614,7684.835189704578,demand
615,7626.59391501402,demand
616,7778.915580735855,demand
617,8274.196860118356,demand
618,8233.19415686421,demand
619,8038.8302725207095,demand
620,7776.148687378369,demand
621,7393.819254138446,demand
622,6927.5496564925015,demand
623,6573.967922988808,demand
624,6137.465733798068,demand
625,5789.684381647966,demand
626,5632.059481568237,demand
627,5531.278567530217,demand
628,5457.8155576223335,demand
629,5400.175075719926,demand
630,6050.990704504247,demand
631,6875.480690956042,demand
632,7432.8708321314425,demand
633,7492.881818094102,demand
634,7410.126144590084,demand
635,7234.488793864115,demand
636,7011.8138556297035,demand
637,6915.177664495118,demand
638,6847.158148559176,demand
639,6820.152835625897,demand
640,6966.53692996069,demand
641,7431.972493097172,demand
642,7430.418730320149,demand
643,7299.119599297919,demand
644,7104.0746996731905,demand
645,6796.197589716379,demand
646,6407.578440423267,demand
647,6078.341103115903,demand
648,5671.694901776744,demand
649,5581.902909729293,demand
650,5435.250164706395,demand
651,5360.791125625493,demand
652,5311.8196668216515,demand
653,5275.624771104256,demand
654,5950.503953512246,demand
655,6788.931282140335,demand
656,7386.0501151259305,demand
657,7471.019588570103,demand
658,7392.629132755433,demand
659,7228.095410200423,demand
660,6982.526877616664,demand
661,6953.485290930483,demand
662,6944.4654503189695,demand
663,6949.126665202059,demand
664,7180.5632858456665,demand
665,7812.37109269935,demand
666,7898.839076902952,demand
667,7832.5962619031225,demand
668,7649.2917876559295,demand
669,7329.831425374587,demand
670,6919.757018991246,demand
671,6583.032165160059,demand
672,6236.64157407592,demand
673,6192.197331466899,demand
674,6129.496347506854,demand
675,6130.905424263192,demand
676,6248.584604833977,demand
677,6586.439619605258,demand
678,7761.937302536852,demand
679,8857.692261861008,demand
680,9426.107650593764,demand
681,9329.572561257115,demand
682,8835.245593226335,demand
683,8416.618856719406,demand
684,8089.697495109742,demand
685,7921.756424642497,demand
686,7753.436368429855,demand
687,7635.0714019872175,demand
688,7807.977833943922,demand
689,8449.191261390908,demand
690,8477.30302166265,demand
691,8310.070148577386,demand
692,8043.37599889653,demand
693,7608.9902709781045,demand
694,7043.365782528203,demand
695,6618.127536265594,demand
696,6207.604764237129,demand
697,5983.44951217347,demand
698,5897.236019063837,demand
699,5910.107546783145,demand
700,6051.586203789758,demand
701,6385.683957309084,demand
702,7567.535518650328,demand
703,8636.757105349625,demand
704,9183.174551921633,demand
705,9071.632362459983,demand
706,8672.501669232732,demand
707,8307.84829031646,demand
708,8022.767772043423,demand
709,7911.36864071438,demand
710,7786.000876729227,demand
711,7670.583679407879,demand
712,7815.76417465074,demand
713,8444.97400267368,demand
714,8468.801248802112,demand
715,8322.608161740838,demand
716,8072.985738971409,demand
717,7650.077512569042,demand
718,7119.387448878864,demand
719,6708.040528201272,demand
720,6287.060358471517,demand
721,6123.458715761299,demand
722,6021.089177928881,demand
723,6001.427801033953,demand
724,6074.761575151096,demand
725,6378.855000857673,demand
726,7504.110988943688,demand
727,8534.159698237605,demand
728,9075.567800956325,demand
729,9029.15731341984,demand
730,8782.48697735426,demand
731,8536.035089961217,demand
732,8276.583840920457,demand
733,8132.395353606692,demand
734,8009.786842197057,demand
735,7863.943323600659,demand
736,7923.491829773871,demand
737,8442.261912919188,demand
738,8454.016710365177,demand
739,8306.177238517093,demand
740,8055.731483931577,demand
741,7646.839963642,demand
742,7089.348082802298,demand
743,6674.475950177324,demand
744,6240.186272074646,demand
745,5687.911640383178,demand
746,5564.418729837749,demand
747,5525.135418997837,demand
748,5614.211938523161,demand
749,5925.170376071263,demand
750,7061.929665467802,demand
751,8044.033378876089,demand
752,8495.664272469696,demand
753,8489.09080180857,demand
754,8176.269164062133,demand
755,7883.846033716158,demand
756,7607.730757793144,demand
757,7488.413881242496,demand
758,7364.176102378767,demand
759,7244.2500110304245,demand
760,7309.4928840262555,demand
761,7925.3927381683825,demand
762,8011.798805060649,demand
763,7849.831915723476,demand
764,7568.704333343503,demand
765,7132.686942391346,demand
766,6592.698476221236,demand
767,6169.553569949992,demand
768,5747.294801166386,demand
769,5586.985447827824,demand
770,5466.604735617834,demand
771,5435.650324857674,demand
772,5508.715488564135,demand
773,5781.521545112004,demand
774,6891.126329931711,demand
775,7849.448717356899,demand
776,8298.251619419267,demand
777,8297.142827401967,demand
778,8054.1545192178255,demand
779,7744.695673351495,demand
780,7411.662080759341,demand
781,7192.556926677371,demand
782,7078.373623342857,demand
783,7022.939725376894,demand
784,7123.417760816392,demand
785,7664.113178960593,demand
786,7711.7660679169185,demand
787,7519.840942774408,demand
788,7262.243751637521,demand
789,6891.754021941053,demand
790,6443.6793616682335,demand
791,6045.850036963184,demand
792,5609.623910707369,demand
793,5469.621808918317,demand
794,5322.293670179251,demand
795,5240.568893148923,demand
796,5184.791922570597,demand
797,5135.267421535361,demand
798,5831.11825780164,demand
799,6655.565677112719,demand
800,7218.6447262487,demand
801,7315.9924309890375,demand
802,7061.434458007202,demand
803,6817.280703943916,demand
804,6559.141849743821,demand
805,6430.651449718411,demand
806,6367.585220660287,demand
807,6319.803919244539,demand
808,6438.453221555458,demand
809,7193.690509701002,demand
810,7423.701718992753,demand
811,7301.706457877652,demand
812,7135.415692016041,demand
813,6831.609121463052,demand
814,6456.876865577178,demand
815,6128.712775622034,demand
816,5747.275051554166,demand
817,5560.089748063676,demand
818,5418.271474169699,demand
819,5314.72903663048,demand
820,5231.39981178351,demand
821,5143.69260898539,demand
822,5784.231481776707,demand
823,6554.669805666739,demand
824,7100.425441799076,demand
825,7185.288952800205,demand
826,7087.85790570606,demand
827,6946.134338064195,demand
828,6716.442521334693,demand
829,6612.4984122118985,demand
830,6585.8184191488635,demand
831,6645.813078965768,demand
832,6843.954796660008,demand
833,7463.672322236567,demand
834,7596.466164506678,demand
835,7487.956576754685,demand
836,7267.083691943184,demand
837,6894.043021108766,demand
838,6427.352216415634,demand
839,6040.297887561734,demand
840,5652.4609297739935,demand
841,5321.388993170417,demand
842,5207.568908022794,demand
843,5152.791037479518,demand
844,5202.466002948492,demand
845,5483.887083474532,demand
846,6551.496356648489,demand
847,7475.07216213094,demand
848,7882.02563557378,demand
849,7861.568776437068,demand
850,7537.139373503462,demand
851,7246.133021133064,demand
852,7030.341469250263,demand
853,6885.099587232011,demand
854,6760.124644885487,demand
855,6618.358920700417,demand
856,6664.953284224808,demand
857,7317.067176708295,demand
858,7472.545219982392,demand
859,7318.437431853804,demand
860,7055.227983299219,demand
861,6653.178272335187,demand
862,6154.522471373222,demand
863,5771.173344357593,demand
864,5373.612881727175,demand
865,5312.194035871906,demand
866,5188.821361385908,demand
867,5145.27555854405,demand
868,5224.929313764995,demand
869,5520.22012978088,demand
870,6639.300616867826,demand
871,7602.428287068676,demand
872,8081.414213854818,demand
873,8166.070234574877,demand
874,8065.003260562106,demand
875,7828.47294157531,demand
876,7613.806999570183,demand
877,7508.660971778763,demand
878,7338.850672825192,demand
879,7140.564785533426,demand
880,7140.260468380152,demand
881,7504.303778954648,demand
882,7504.780543115773,demand
883,7320.254268825151,demand
884,7036.802942544772,demand
885,6613.00100831778,demand
886,6100.788094580294,demand
887,5682.406126422216,demand
888,5279.141867176286,demand
889,5077.812785507011,demand
890,4970.912873810338,demand
891,4942.816425349896,demand
892,5027.640619831557,demand
893,5332.987935270912,demand
894,6432.271069137825,demand
895,7373.036962385899,demand
896,7805.024488901415,demand
897,7872.188895070834,demand
898,7770.497709960558,demand
899,7568.156177544131,demand
900,7392.4799389196105,demand
901,7344.355400585868,demand
902,7187.013491374055,demand
903,7013.984966840237,demand
904,6940.708132064891,demand
905,7385.822738490604,demand
906,7473.088085629079,demand
907,7353.83471640622,demand
908,7142.452973273342,demand
909,6741.080612979716,demand
910,6243.455874189739,demand
911,5844.013895814265,demand
912,5432.330349017254,demand
913,5217.283267050868,demand
914,5101.371469307021,demand
915,5039.733673226279,demand
916,5090.790691925269,demand
917,5347.255669475358,demand
918,6374.212587289439,demand
919,7259.971117965566,demand
920,7648.077222969767,demand
921,7592.48336917306,demand
922,7305.4382510312935,demand
923,7052.36457265615,demand
924,6849.957326075704,demand
925,6818.6567627207805,demand
926,6774.488387109632,demand
927,6771.279318624378,demand
928,6876.230311825873,demand
929,7308.432733236385,demand
930,7343.390901798764,demand
931,7179.864411429335,demand
932,6929.591968185881,demand
933,6530.750212289742,demand
934,6038.218704206183,demand
935,5656.872742839572,demand
936,5281.527722620625,demand
937,5108.279908348968,demand
938,4988.722356898548,demand
939,4927.432967588443,demand
940,4964.097199319113,demand
941,5213.87151419628,demand
942,6248.515249953375,demand
943,7099.737073729297,demand
944,7457.216045526272,demand
945,7421.907699748428,demand
946,7195.269876516202,demand
947,6893.687992817448,demand
948,6615.665425123065,demand
949,6512.36731176954,demand
950,6475.228598945099,demand
951,6509.305749303285,demand
952,6594.561001583428,demand
953,7025.0013644123555,demand
954,7060.945929059861,demand
955,6847.785212325096,demand
956,6588.857824571552,demand
957,6254.851460064325,demand
958,5848.646886149356,demand
959,5501.128149585258,demand
960,5096.147119567038,demand
961,5014.308361777577,demand
962,4879.293703577881,demand
963,4787.393887500371,demand
964,4700.564113355439,demand
965,4621.677983603694,demand
966,5248.822671207185,demand
967,5972.65869037952,demand
968,6460.78275958763,demand
969,6486.491862636119,demand
970,6295.360356117186,demand
971,6083.959788076135,demand
972,5875.34507937204,demand
973,5831.6885175026455,demand
974,5820.93164805834,demand
975,5842.037536417874,demand
976,5975.870093294955,demand
977,6538.370160960775,demand
978,6670.168920243696,demand
979,6550.597252064082,demand
980,6362.23216886266,demand
981,6053.600972087537,demand
982,5692.199285107614,demand
983,5358.0696467191665,demand
984,4979.464575880176,demand
985,4908.0053901527135,demand
986,4776.453827191236,demand
987,4721.718205739016,demand
988,4689.243767534555,demand
989,4637.864556118977,demand
990,5280.46560957064,demand
991,6036.679611924505,demand
992,6608.209994481458,demand
993,6636.482053099037,demand
994,6407.597593717951,demand
995,6230.799537717843,demand
996,6009.592335136858,demand
997,5901.38895606595,demand
998,5848.692497286114,demand
999,5844.184797018683,demand
1000,5981.1509075900885,demand
1001,6723.762597487295,demand
1002,7095.024210671361,demand
1003,6996.977788275541,demand
1004,6800.754868418712,demand
1005,6466.797753264153,demand
1006,6062.294033429413,demand
1007,5732.610935342228,demand
1008,5359.345262523232,demand
1009,5202.311672970673,demand
1010,5088.987538424831,demand
1011,5031.006381805149,demand
1012,5087.862023678528,demand
1013,5364.296705060443,demand
1014,6448.474581752429,demand
1015,7417.85841377537,demand
1016,7981.877485969515,demand
1017,7847.987340686623,demand
1018,7472.280407106649,demand
1019,7160.252145206607,demand
1020,6885.278247588665,demand
1021,6750.984524986812,demand
1022,6612.072409457741,demand
1023,6489.476697187014,demand
1024,6551.942199829556,demand
1025,7148.5211418701,demand
1026,7362.116307970906,demand
1027,7176.601679305219,demand
1028,6910.802486988698,demand
1029,6527.607935313068,demand
1030,6035.690698068199,demand
1031,5604.729760523105,demand
1032,5206.207841081839,demand
1033,4861.1325032930035,demand
1034,4727.890124952218,demand
1035,4687.575740467041,demand
1036,4727.0884133374,demand
1037,4976.165817798655,demand
1038,5960.891511265832,demand
1039,6792.383202651865,demand
1040,7211.977537087194,demand
1041,7178.27154699673,demand
1042,6920.288871096989,demand
1043,6650.901899971472,demand
1044,6414.786389999672,demand
1045,6305.191074904649,demand
1046,6184.71868991968,demand
1047,6078.556797364736,demand
1048,6149.096292355147,demand
1049,6730.460364341373,demand
1050,6890.772726486603,demand
1051,6723.202545356542,demand
1052,6451.147981097931,demand
1053,6043.156394948588,demand
1054,5571.349726000836,demand
1055,5174.762323133855,demand
1056,4785.841222297427,demand
1057,4705.9569405329075,demand
1058,4590.736085676529,demand
1059,4540.867059094251,demand
1060,4600.659262201012,demand
1061,4850.447910447193,demand
1062,5849.559442971211,demand
1063,6727.723699681132,demand
1064,7203.294552711153,demand
1065,7229.960632825965,demand
1066,7025.258642446845,demand
1067,6807.731011994367,demand
1068,6591.093911620996,demand
1069,6492.160298463109,demand
1070,6351.025173276315,demand
1071,6206.59696630811,demand
1072,6198.559196574059,demand
1073,6699.684181041204,demand
1074,6943.466825151229,demand
1075,6807.3517520997975,demand
1076,6560.060556138547,demand
1077,6188.213282803438,demand
1078,5718.625739306099,demand
1079,5325.777702616036,demand
1080,4945.8284446379785,demand
1081,4863.38503976734,demand
1082,4763.84380598224,demand
1083,4736.238069836696,demand
1084,4818.195412253676,demand
1085,5095.283603283039,demand
1086,6157.105867207814,demand
1087,7095.823329436908,demand
1088,7604.628546844446,demand
1089,7476.454302723783,demand
1090,7124.911037947482,demand
1091,6742.085894037509,demand
1092,6401.491488238855,demand
1093,6204.996785434138,demand
1094,6006.265337195593,demand
1095,5873.618325721178,demand
1096,5904.942466473927,demand
1097,6477.733861121234,demand
1098,6919.736960937402,demand
1099,6844.362165500717,demand
1100,6644.587619874905,demand
1101,6283.601320430218,demand
1102,5837.346578692852,demand
1103,5419.756283765315,demand
1104,5043.372094212856,demand
1105,4843.930615352799,demand
1106,4725.389754168439,demand
1107,4687.442089202796,demand
1108,4736.840175201112,demand
1109,4996.468211010451,demand
1110,6008.224435742955,demand
1111,6902.827380285451,demand
1112,7375.967779065271,demand
1113,7182.95979618798,demand
1114,6829.37354798595,demand
1115,6434.3187663585495,demand
1116,6060.117729926401,demand
1117,5848.356207227544,demand
1118,5697.35410224134,demand
1119,5623.688099835303,demand
1120,5671.339298520645,demand
1121,6205.916496280344,demand
1122,6526.443341018245,demand
1123,6356.555832507379,demand
1124,6116.208537117074,demand
1125,5784.742462028191,demand
1126,5401.780291915412,demand
1127,5072.356319563298,demand
1128,4667.922477571148,demand
1129,4524.740847106397,demand
1130,4380.472308667336,demand
1131,4295.929780396694,demand
1132,4245.493138431758,demand
1133,4217.330430877676,demand
1134,4884.742098075865,demand
1135,5618.215696109091,demand
1136,6112.283914972635,demand
1137,6130.43200062073,demand
1138,5939.7974681033,demand
1139,5708.396365852506,demand
1140,5433.761857417772,demand
1141,5308.562864095399,demand
1142,5230.4517031408195,demand
1143,5177.224243885895,demand
1144,5219.0761899876725,demand
1145,5791.462966279631,demand
1146,6188.567202432863,demand
1147,6127.493061892816,demand
1148,5976.247428837622,demand
1149,5686.183095434679,demand
1150,5358.803901463993,demand
1151,5070.807851462458,demand
1152,4706.629512073012,demand
1153,4610.567718371801,demand
1154,4479.019436064615,demand
1155,4407.448144099655,demand
1156,4357.731062120617,demand
1157,4314.887036827638,demand
1158,4989.223763864752,demand
1159,5725.595227194479,demand
1160,6247.468822521547,demand
1161,6138.385732891811,demand
1162,5905.568303659308,demand
1163,5636.693761764449,demand
1164,5360.831577299655,demand
1165,5230.2629803901755,demand
1166,5161.740274723553,demand
1167,5153.840184714087,demand
1168,5268.399367459154,demand
1169,5898.216033855428,demand
1170,6341.731030002678,demand
1171,6299.47664800438,demand
1172,6127.188508060895,demand
1173,5809.333580905621,demand
1174,5390.50500656243,demand
1175,5059.834835574973,demand
1176,4716.821369897119,demand
1177,4547.760864553139,demand
1178,4453.582488114915,demand
1179,4432.39897534657,demand
1180,4491.195958021953,demand
1181,4757.805117232299,demand
1182,5795.335976872401,demand
1183,6697.786950749874,demand
1184,7184.661401556166,demand
1185,7170.865874855776,demand
1186,6981.686307478101,demand
1187,6744.81103267007,demand
1188,6544.731733911859,demand
1189,6439.429532032168,demand
1190,6341.161320297423,demand
1191,6224.395563190422,demand
1192,6265.278304646616,demand
1193,6715.41065503479,demand
1194,6992.823397522715,demand
1195,6840.823040463583,demand
1196,6589.918160710845,demand
1197,6216.945101398393,demand
1198,5751.620452165114,demand
1199,5386.45742969344,demand
1200,5011.614390459373,demand
1201,4875.715689798296,demand
1202,4750.909231403649,demand
1203,4691.5719650670835,demand
1204,4724.292544632243,demand
1205,4959.847024079649,demand
1206,5961.331889699322,demand
1207,6821.304032490514,demand
1208,7269.394474343491,demand
1209,7135.709327773688,demand
1210,6868.8858601127595,demand
1211,6601.557533879588,demand
1212,6390.90658248616,demand
1213,6309.054130100545,demand
1214,6195.4755701140675,demand
1215,6106.6732402506605,demand
1216,6171.054108703493,demand
1217,6661.384422391568,demand
1218,6823.159469979865,demand
1219,6676.084192986475,demand
1220,6423.367894896101,demand
1221,6033.245125200091,demand
1222,5570.411374635041,demand
1223,5195.428367760478,demand
1224,4810.231961582816,demand
1225,4655.559407967813,demand
1226,4545.035094492739,demand
1227,4500.302479745452,demand
1228,4544.688894621253,demand
1229,4797.147682697194,demand
1230,5791.473784080345,demand
1231,6629.557507044328,demand
1232,7079.08067558702,demand
1233,7050.632506445481,demand
1234,6850.829878160677,demand
1235,6634.425085139859,demand
1236,6477.43977418561,demand
1237,6383.04067893828,demand
1238,6240.558302795915,demand
1239,6156.826465341797,demand
1240,6178.732516783695,demand
1241,6606.499928666032,demand
1242,6728.851227217987,demand
1243,6590.74314505555,demand
1244,6367.4865480668705,demand
1245,6016.880029098469,demand
1246,5604.348254545286,demand
1247,5254.878216581262,demand
1248,4910.499978984319,demand
1249,5077.493286708086,demand
1250,4986.230523938334,demand
1251,4965.890589325836,demand
1252,5061.387797115514,demand
1253,5352.757180584378,demand
1254,6420.70153415636,demand
1255,7359.06830823577,demand
1256,7874.050547365536,demand
1257,7840.897238515362,demand
1258,7623.754270046415,demand
1259,7345.251503215401,demand
1260,7096.6325929782615,demand
1261,6965.746904462482,demand
1262,6793.815999341335,demand
1263,6636.032769235057,demand
1264,6642.810415409524,demand
1265,7087.04035132748,demand
1266,7401.772579439357,demand
1267,7309.462704601121,demand
1268,7113.324399156712,demand
1269,6716.146490326139,demand
1270,6237.53922276512,demand
1271,5847.95718231883,demand
1272,5462.316218503823,demand
1273,5305.450268927261,demand
1274,5199.972359058186,demand
1275,5163.187700081551,demand
1276,5240.198255616965,demand
1277,5495.559897857123,demand
1278,6549.178481619832,demand
1279,7455.770156146541,demand
1280,7926.90959801516,demand
1281,7738.620351188647,demand
1282,7428.457277870828,demand
1283,7035.22715633018,demand
1284,6640.169537638225,demand
1285,6369.947301970375,demand
1286,6145.605570564955,demand
1287,6033.672758106573,demand
1288,6046.353315312256,demand
1289,6513.885444202739,demand
1290,6964.55780082007,demand
1291,6896.853851017298,demand
1292,6697.570681476815,demand
1293,6385.538183764988,demand
1294,5981.349108030599,demand
1295,5624.354646465792,demand
1296,5209.18240117961,demand
1297,4965.34242914795,demand
1298,4829.409759919035,demand
1299,4757.144587747071,demand
1300,4724.029469074379,demand
1301,4722.097772188116,demand
1302,5439.489976746612,demand
1303,6177.610165961663,demand
1304,6663.89974701475,demand
1305,6331.462658419245,demand
1306,6013.345645367837,demand
1307,5682.066199189761,demand
1308,5370.932154776532,demand
1309,5229.2644108260865,demand
1310,5143.72949648682,demand
1311,5117.853272842562,demand
1312,5209.258982215083,demand
1313,5738.180234070748,demand
1314,6211.069446782974,demand
1315,6207.013385661034,demand
1316,6062.548481740874,demand
1317,5791.781168345766,demand
1318,5466.516403283461,demand
1319,5196.597658617987,demand
1320,4852.424676148345,demand
1321,4728.977765146664,demand
1322,4606.433542946594,demand
1323,4547.657419385484,demand
1324,4511.321807632916,demand
1325,4490.398605300185,demand
1326,5174.443982342398,demand
1327,5877.536380298927,demand
1328,6391.37382995345,demand
1329,6361.17082596008,demand
1330,6167.473013292083,demand
1331,5881.486178796664,demand
1332,5567.139238932265,demand
1333,5405.704843209679,demand
1334,5307.8009272791205,demand
1335,5253.273346815363,demand
1336,5361.378608325213,demand
1337,5888.522064504625,demand
1338,6344.526642197464,demand
1339,6354.089738666771,demand
1340,6190.803518167448,demand
1341,5864.725754883317,demand
1342,5454.097682767887,demand
1343,5141.460703773372,demand
1344,4787.0510157165445,demand
1345,4490.996985738604,demand
1346,4375.392672867774,demand
1347,4350.404516951974,demand
1348,4430.4477981394275,demand
1349,4729.104903794283,demand
1350,5795.213874099947,demand
1351,6673.867206279026,demand
1352,7108.575794850299,demand
1353,6989.391409687794,demand
1354,6686.776118397846,demand
1355,6371.341075695776,demand
1356,6073.112814759823,demand
1357,5918.016352993394,demand
1358,5771.655629045965,demand
1359,5619.018797714014,demand
1360,5643.738592193486,demand
1361,6093.180480610991,demand
1362,6526.672069271128,demand
1363,6525.93410724581,demand
1364,6338.220903929519,demand
1365,6003.8971528224265,demand
1366,5572.364744067908,demand
1367,5208.696674930859,demand
1368,4866.664051767729,demand
1369,4762.639829866894,demand
1370,4680.777507720881,demand
1371,4667.511680762856,demand
1372,4745.8781402160585,demand
1373,5041.868373778068,demand
1374,6110.104504454416,demand
1375,6957.509679781211,demand
1376,7321.496648273736,demand
1377,7048.779071359533,demand
1378,6686.306712859011,demand
1379,6286.734775762263,demand
1380,6011.557246220655,demand
1381,5887.341816320158,demand
1382,5735.979686413271,demand
1383,5601.633885063596,demand
1384,5664.1440186095115,demand
1385,6162.895450833709,demand
1386,6579.9006488571,demand
1387,6572.548237570534,demand
1388,6371.3650074008965,demand
1389,6019.891796787733,demand
1390,5583.314396406765,demand
1391,5227.777175745065,demand
1392,4868.623425170096,demand
1393,4848.189445184407,demand
1394,4743.906005069261,demand
1395,4699.96672371613,demand
1396,4764.480444462592,demand
1397,5074.113030148863,demand
1398,6113.301458538703,demand
1399,6959.009632633566,demand
1400,7348.117120709241,demand
1401,7135.777337466546,demand
1402,6835.042368588236,demand
1403,6511.355826170311,demand
1404,6271.738113405151,demand
1405,6159.087566711933,demand
1406,6008.483942731791,demand
1407,5878.625053799138,demand
1408,5930.207368019369,demand
1409,6398.1514828122945,demand
1410,6842.591484123185,demand
1411,6880.330957228947,demand
1412,6734.723992735924,demand
1413,6400.0815989929615,demand
1414,5956.26560531161,demand
1415,5590.094617124595,demand
1416,5211.025151460557,demand
1417,5455.410864474813,demand
1418,5344.958415321658,demand
1419,5294.505784022488,demand
1420,5389.905719207338,demand
1421,5692.675609858231,demand
1422,6664.142153939258,demand
1423,7542.724984934084,demand
1424,8087.564742013305,demand
1425,7899.596648019815,demand
1426,7608.312716875049,demand
1427,7226.477475603888,demand
1428,6901.490245204496,demand
1429,6722.479524272321,demand
1430,6553.037904284554,demand
1431,6412.900089783338,demand
1432,6408.040134979607,demand
1433,6846.119673625835,demand
1434,7362.001977630388,demand
1435,7434.365253698026,demand
1436,7271.354401122613,demand
1437,6920.998889264743,demand
1438,6464.360519623782,demand
1439,6110.317694698533,demand
1440,5730.564443877204,demand
1441,5594.4207550991905,demand
1442,5496.932083874381,demand
1443,5493.814257139376,demand
1444,5555.6634409119815,demand
1445,5818.711755861502,demand
1446,6773.9476822286515,demand
1447,7655.169164779092,demand
1448,8175.128536067037,demand
1449,8033.7400264282405,demand
1450,7659.24329064415,demand
1451,7264.925736303856,demand
1452,6872.799162469959,demand
1453,6634.604545128664,demand
1454,6459.270561958498,demand
1455,6370.730221659835,demand
1456,6405.050539576795,demand
1457,6865.464080591919,demand
1458,7143.887672496845,demand
1459,7022.1743741559585,demand
1460,6775.2647834820455,demand
1461,6411.761955921635,demand
1462,5993.9761150880695,demand
1463,5612.557184339803,demand
1464,5185.639297297535,demand
1465,4792.634099165628,demand
1466,4647.981882296834,demand
1467,4570.145750913371,demand
1468,4532.262442987453,demand
1469,4504.287540384028,demand
1470,5019.282231188408,demand
1471,5640.948060050292,demand
1472,6197.187906922274,demand
1473,6183.941641621173,demand
1474,5960.346762977817,demand
1475,5679.974508813841,demand
1476,5467.6096420002195,demand
1477,5374.100346795224,demand
1478,5314.207771062191,demand
1479,5298.653469387784,demand
1480,5366.82548322925,demand
1481,5838.373882336835,demand
1482,6276.192202971135,demand
1483,6270.517312970755,demand
1484,6064.159343030827,demand
1485,5753.377374342437,demand
1486,5387.021896874198,demand
1487,5059.463446298788,demand
1488,4679.1445913212665,demand
1489,4542.542753794097,demand
1490,4416.570440935552,demand
1491,4339.19027856314,demand
1492,4246.35013909178,demand
1493,4173.83478795639,demand
1494,4687.405388288311,demand
1495,5292.057748515092,demand
1496,5844.895860831519,demand
1497,5910.27074239424,demand
1498,5876.955373492197,demand
1499,5771.139022952981,demand
1500,5598.015632484097,demand
1501,5567.153116542356,demand
1502,5615.936500113974,demand
1503,5590.144609499572,demand
1504,5668.222009284364,demand
1505,6174.386997614806,demand
1506,6559.304084499121,demand
1507,6527.615720948852,demand
1508,6341.612676235057,demand
1509,6035.198548864376,demand
1510,5654.287141458159,demand
1511,5366.6411535588995,demand
1512,5051.615679667244,demand
1513,5071.77912370311,demand
1514,4960.4598577757915,demand
1515,4905.52831362566,demand
1516,4959.646062690472,demand
1517,5246.217350391248,demand
1518,6248.550586240812,demand
1519,7128.618138241138,demand
1520,7668.769314574357,demand
1521,7657.6966606663045,demand
1522,7347.33442976177,demand
1523,7071.825330848195,demand
1524,6860.935574610338,demand
1525,6779.96222658572,demand
1526,6632.928276336043,demand
1527,6493.413352365596,demand
1528,6534.213018600698,demand
1529,6927.97993351374,demand
1530,7155.616118650476,demand
1531,7087.782201379408,demand
1532,6863.498697623142,demand
1533,6440.480292084645,demand
1534,5951.038537724363,demand
1535,5535.301013244922,demand
1536,5175.835479310692,demand
1537,5022.757631384636,demand
1538,4937.395859652791,demand
1539,4895.007823938143,demand
1540,4970.368030270122,demand
1541,5277.258922013332,demand
1542,6305.685576958838,demand
1543,7168.58699617857,demand
1544,7631.906139586357,demand
1545,7528.080983734778,demand
1546,7297.213684022507,demand
1547,7040.015412196612,demand
1548,6860.545643188791,demand
1549,6846.149643128923,demand
1550,6776.23400607405,demand
1551,6743.864649974044,demand
1552,6779.724677464463,demand
1553,7099.2479174251075,demand
1554,7215.927985983781,demand
1555,7060.631146944096,demand
1556,6757.019558225961,demand
1557,6302.989785425354,demand
1558,5789.360896654613,demand
1559,5355.307291436365,demand
1560,4951.085090872844,demand
1561,4655.374305767273,demand
1562,4530.816269594048,demand
1563,4491.783268590521,demand
1564,4550.584734453439,demand
1565,4836.515660468621,demand
1566,5807.361302714626,demand
1567,6617.252536793552,demand
1568,7109.599072129718,demand
1569,7130.70121422688,demand
1570,6930.606127318093,demand
1571,6713.697303624227,demand
1572,6570.9941936315445,demand
1573,6609.439191722871,demand
1574,6552.7607038157,demand
1575,6527.48027616332,demand
1576,6459.79427510206,demand
1577,6705.9040554916555,demand
1578,6965.025360005371,demand
1579,6907.396350161749,demand
1580,6636.134054243088,demand
1581,6244.632741360059,demand
1582,5757.819408962144,demand
1583,5400.696099308578,demand
1584,5012.293313203636,demand
1585,4981.922893531202,demand
1586,4842.22256252223,demand
1587,4796.343790511457,demand
1588,4865.6042086201305,demand
1589,5190.9067835998485,demand
1590,6236.845445777746,demand
1591,7134.939354001855,demand
1592,7679.242572949578,demand
1593,7647.284197348852,demand
1594,7431.8097471745305,demand
1595,7109.945853906114,demand
1596,6893.675330017399,demand
1597,6752.211576125006,demand
1598,6614.23094320814,demand
1599,6504.52195696849,demand
1600,6491.977955325485,demand
1601,6785.578334158621,demand
1602,7075.72780465687,demand
1603,7115.242542915864,demand
1604,6858.0219479404295,demand
1605,6440.227436769303,demand
1606,5945.613291637215,demand
1607,5573.515360324767,demand
1608,5191.576942834404,demand
1609,5062.655025838504,demand
1610,4948.420899753934,demand
1611,4919.452702130892,demand
1612,5010.892132128799,demand
1613,5343.27796491835,demand
1614,6353.250206830771,demand
1615,7224.493841361194,demand
1616,7761.195381811294,demand
1617,7719.254796955645,demand
1618,7386.2412109986435,demand
1619,7006.526613716452,demand
1620,6672.225474481271,demand
1621,6468.1831553663305,demand
1622,6292.712396640794,demand
1623,6208.71241956719,demand
1624,6228.322428462106,demand
1625,6574.206847674041,demand
1626,6927.613497035963,demand
1627,6993.151201727189,demand
1628,6788.03114366981,demand
1629,6453.39532970306,demand
1630,6041.536086799909,demand
1631,5703.987106210124,demand
1632,5321.78499131174,demand
1633,5289.6076316436365,demand
1634,5135.975667835587,demand
1635,4990.538634646913,demand
1636,4912.392501553036,demand
1637,4859.28782742224,demand
1638,5410.818215295941,demand
1639,6077.120854037822,demand
1640,6586.305521485414,demand
1641,6553.783295579693,demand
1642,6352.935652234087,demand
1643,6101.366837455684,demand
1644,5861.9815751903825,demand
1645,5747.964420636582,demand
1646,5682.47837129537,demand
1647,5694.634105715471,demand
1648,5774.736186411905,demand
1649,6208.594682354022,demand
1650,6628.9400847328125,demand
1651,6828.251396049622,demand
1652,6726.370705651856,demand
1653,6478.300689366781,demand
1654,6148.4657315446275,demand
1655,5867.949884345009,demand
1656,5504.638916799764,demand
1657,5544.876541769952,demand
1658,5403.854314204926,demand
1659,5321.5369280053255,demand
1660,5306.207421691628,demand
1661,5288.664888259122,demand
1662,5908.326193345046,demand
1663,6592.085148476919,demand
1664,7038.107566551975,demand
1665,6908.326181529035,demand
1666,6604.543842799044,demand
1667,6297.668297303084,demand
1668,5999.69564617152,demand
1669,5859.915283695603,demand
1670,5785.6594411198475,demand
1671,5746.840263450758,demand
1672,5826.17261059864,demand
1673,6317.260453412684,demand
1674,6789.557936637801,demand
1675,7097.544128425545,demand
1676,6983.335262791412,demand
1677,6681.843101261293,demand
1678,6264.625183285962,demand
1679,5971.622521397384,demand
1680,5617.921085935668,demand
1681,5355.952787044261,demand
1682,5227.097756108541,demand
1683,5148.960368057524,demand
1684,5214.674638141713,demand
1685,5572.740647354062,demand
1686,6632.0526082916385,demand
1687,7504.502392115024,demand
1688,7918.754518047419,demand
1689,7817.044859744847,demand
1690,7551.074746477756,demand
1691,7301.948215325957,demand
1692,7144.491707950033,demand
1693,7070.869777617506,demand
1694,7057.038351598796,demand
1695,7042.13080261988,demand
1696,7199.332322279927,demand
1697,7478.410766267716,demand
1698,7575.180192111053,demand
1699,7472.81503996985,demand
1700,7211.200470727574,demand
1701,6790.597850823475,demand
1702,6278.102119839865,demand
1703,5878.804044523379,demand
1704,5504.1350966293685,demand
1705,5268.721488718262,demand
1706,5153.329820183428,demand
1707,5097.473970860741,demand
1708,5108.493222936141,demand
1709,5429.1316213868395,demand
1710,6462.972154014457,demand
1711,7295.6302656143625,demand
1712,7731.895970875094,demand
1713,7694.794164256971,demand
1714,7465.363873565122,demand
1715,7215.56260770268,demand
1716,6972.175389245758,demand
1717,6811.149803365241,demand
1718,6641.075086957313,demand
1719,6526.024789990552,demand
1720,6499.421002063362,demand
1721,6736.404585691692,demand
1722,6984.12487482124,demand
1723,7028.870820164377,demand
1724,6778.394333190434,demand
1725,6347.931218188956,demand
1726,5857.258383182906,demand
1727,5545.885771485449,demand
1728,5187.590005065689,demand
1729,5087.40820687171,demand
1730,4999.9248499183905,demand
1731,4974.820146142292,demand
1732,5035.9421751033005,demand
1733,5355.138737613474,demand
1734,6354.422863985789,demand
1735,7149.542380865019,demand
1736,7557.253159312724,demand
1737,7462.117405479301,demand
1738,7278.305421939687,demand
1739,7040.004143418841,demand
1740,6905.342756035923,demand
1741,6838.074172657726,demand
1742,6788.863803708235,demand
1743,6656.461159159984,demand
1744,6672.028435109723,demand
1745,6966.690626669777,demand
1746,7095.227447608317,demand
1747,7012.1919097126265,demand
1748,6761.787744297979,demand
1749,6335.06215808506,demand
1750,5815.139284136852,demand
1751,5425.303832259666,demand
1752,5062.116223843044,demand
1753,4955.3285080869955,demand
1754,4867.106859628984,demand
1755,4836.125761193008,demand
1756,4932.988723708814,demand
1757,5279.98584344579,demand
1758,6293.9598700786555,demand
1759,7127.410313439057,demand
1760,7551.36993701529,demand
1761,7475.6962180522205,demand
1762,7219.179271209697,demand
1763,6960.237230293065,demand
1764,6802.406819208346,demand
1765,6732.685650474293,demand
1766,6696.304666850421,demand
1767,6635.869546372896,demand
1768,6720.45833738796,demand
1769,6953.915356255691,demand
1770,7169.895440560023,demand
1771,7219.164114099025,demand
1772,7011.319418497022,demand
1773,6612.667077194099,demand
1774,6099.542573938602,demand
1775,5727.856493506815,demand
1776,5310.868414148511,demand
1777,5127.232138793161,demand
1778,5033.980903016437,demand
1779,4995.218037541304,demand
1780,5057.0942827176395,demand
1781,5364.138467024737,demand
1782,6322.010115735059,demand
1783,7081.8900963690685,demand
1784,7438.970583747561,demand
1785,7313.477541095879,demand
1786,7051.075680235631,demand
1787,6717.301135100357,demand
1788,6414.510279304981,demand
1789,6244.668178400798,demand
1790,6121.429033396254,demand
1791,6105.808881548823,demand
1792,6257.465367633805,demand
1793,6676.736876316316,demand
1794,6934.592627847553,demand
1795,6858.044999666251,demand
1796,6630.025171808284,demand
1797,6257.956879496466,demand
1798,5785.099279404161,demand
1799,5384.317657591268,demand
1800,4995.456900196346,demand
1801,4816.368642006645,demand
1802,4724.336764580199,demand
1803,4634.333073946156,demand
1804,4576.38856496886,demand
1805,4580.019887009601,demand
1806,5136.755098749233,demand
1807,5748.653765201538,demand
1808,6301.211914167739,demand
1809,6412.606823199096,demand
1810,6246.945601728508,demand
1811,6027.566463802545,demand
1812,5788.00098207661,demand
1813,5671.6908323972675,demand
1814,5594.018141532264,demand
1815,5607.096576793761,demand
1816,5660.247304987458,demand
1817,6010.655267919416,demand
1818,6316.098462013063,demand
1819,6494.737835761158,demand
1820,6350.88405198458,demand
1821,6062.0493868401845,demand
1822,5717.314203044922,demand
1823,5455.5908824835315,demand
1824,5105.041458900661,demand
1825,5057.738432503366,demand
1826,4917.31048449041,demand
1827,4830.908652570803,demand
1828,4756.465430728324,demand
1829,4713.590955634803,demand
1830,5243.863689592513,demand
1831,5806.661898072717,demand
1832,6232.091290544555,demand
1833,6247.025457826519,demand
1834,6052.464676318366,demand
1835,5924.4750853659625,demand
1836,5691.439779995857,demand
1837,5577.860357855715,demand
1838,5496.287585496351,demand
1839,5444.052418021697,demand
1840,5528.44416840105,demand
1841,5912.647038103797,demand
1842,6246.14294610771,demand
1843,6522.064308467018,demand
1844,6367.861079215002,demand
1845,6047.865575469103,demand
1846,5668.616297471049,demand
1847,5382.743610851616,demand
1848,5085.460323934066,demand
1849,5093.472528617018,demand
1850,5050.431737277513,demand
1851,5067.487734160236,demand
1852,5221.032734206302,demand
1853,5619.675040268073,demand
1854,6711.244399955871,demand
1855,7543.414511093485,demand
1856,7799.410316694175,demand
1857,7569.998839907152,demand
1858,7199.373753101662,demand
1859,6869.48221090602,demand
1860,6619.567131094818,demand
1861,6480.684420811415,demand
1862,6324.842291934866,demand
1863,6183.60594810782,demand
1864,6205.113560439087,demand
1865,6519.169336794595,demand
1866,6802.889725612595,demand
1867,7157.611641854577,demand
1868,7016.23467866807,demand
1869,6634.252480644809,demand
1870,6136.499909820318,demand
1871,5752.642739757504,demand
1872,5383.347112947829,demand
1873,5044.52756296756,demand
1874,4936.710511987683,demand
1875,4877.0260202717545,demand
1876,4939.678924046707,demand
1877,5266.328100782603,demand
1878,6226.44626491559,demand
1879,6939.213664931532,demand
1880,7343.799026353112,demand
1881,7331.08457513468,demand
1882,7069.084244385533,demand
1883,6744.439424674947,demand
1884,6489.196904916958,demand
1885,6322.739916149033,demand
1886,6119.502975794484,demand
1887,5971.305236571276,demand
1888,5990.949172741743,demand
1889,6261.559710101061,demand
1890,6462.915834718022,demand
1891,6619.552104342598,demand
1892,6418.252617551387,demand
1893,6022.621315648414,demand
1894,5527.553153196554,demand
1895,5141.177597080603,demand
1896,4778.471664844472,demand
1897,4549.711872132753,demand
1898,4459.540970385833,demand
1899,4436.93150178746,demand
1900,4540.038792182291,demand
1901,4899.222954100316,demand
1902,5879.284635993883,demand
1903,6600.94995153769,demand
1904,6985.479845925412,demand
1905,6951.249369215856,demand
1906,6693.54074807683,demand
1907,6428.862426849177,demand
1908,6218.899726167652,demand
1909,6108.446722763427,demand
1910,5943.109155013678,demand
1911,5863.992440648897,demand
1912,5878.869148237765,demand
1913,6126.956605687048,demand
1914,6325.960396397442,demand
1915,6396.906305030926,demand
1916,6181.487606871786,demand
1917,5775.056537909287,demand
1918,5287.566164214873,demand
1919,4938.605745835766,demand
1920,4602.543272985985,demand
1921,4647.7935932976125,demand
1922,4581.503770343075,demand
1923,4606.035181966314,demand
1924,4739.239981153816,demand
1925,5153.144387465925,demand
1926,6194.474736183896,demand
1927,6935.59015636185,demand
1928,7276.533137707711,demand
1929,7192.37309720078,demand
1930,6908.282258569903,demand
1931,6583.510747317733,demand
1932,6392.130586300477,demand
1933,6311.2857998387935,demand
1934,6158.436000684793,demand
1935,6079.624973408912,demand
1936,6118.618409718035,demand
1937,6336.117935332679,demand
1938,6550.571275777054,demand
1939,6604.674142812146,demand
1940,6386.1475907468,demand
1941,5968.2490743153885,demand
1942,5469.688274556816,demand
1943,5091.48814448339,demand
1944,4735.980351297703,demand
1945,4596.585686268409,demand
1946,4494.1554330231465,demand
1947,4468.138973124104,demand
1948,4556.955780875513,demand
1949,4900.215529657664,demand
1950,5881.2255857300315,demand
1951,6629.587617552246,demand
1952,7011.939404304593,demand
1953,6941.290301055573,demand
1954,6657.761745557176,demand
1955,6345.603907333425,demand
1956,6009.742087103014,demand
1957,5799.29651058842,demand
1958,5655.765792048858,demand
1959,5588.155732632106,demand
1960,5634.474369454071,demand
1961,5917.918178647685,demand
1962,6149.30068595217,demand
1963,6359.416351291458,demand
1964,6214.176093293977,demand
1965,5895.394145781946,demand
1966,5511.932907304379,demand
1967,5187.903768575345,demand
1968,4829.688657060014,demand
1969,4824.037457169895,demand
1970,4709.451122453027,demand
1971,4645.478467954803,demand
1972,4602.771837416318,demand
1973,4612.382156162297,demand
1974,5210.381123947648,demand
1975,5789.644464563024,demand
1976,6244.446754120969,demand
1977,6254.0490889679,demand
1978,5998.257022217918,demand
1979,5723.698376496715,demand
1980,5474.797178557354,demand
1981,5370.402545710567,demand
1982,5307.539978650576,demand
1983,5282.311912061343,demand
1984,5357.507057277265,demand
1985,5707.419990633263,demand
1986,5954.961938152312,demand
1987,6188.624747929483,demand
1988,6102.1432766192465,demand
1989,5826.500255600644,demand
1990,5481.641806663335,demand
1991,5200.682835731492,demand
1992,4892.438532069526,demand
1993,4820.859690490241,demand
1994,4714.058033195177,demand
1995,4665.288777816756,demand
1996,4617.201763631164,demand
1997,4614.120283422113,demand
1998,5189.254908374898,demand
1999,5731.646968690502,demand
2000,6151.598563355647,demand
2001,6176.956624954482,demand
2002,6008.6114429175905,demand
2003,5855.57034333534,demand
2004,5652.36280756204,demand
2005,5496.270734634686,demand
2006,5376.607166054669,demand
2007,5335.377114667338,demand
2008,5430.40998684602,demand
2009,5734.724549703091,demand
2010,6009.685796242999,demand
2011,6358.997594585886,demand
2012,6310.5025221002,demand
2013,6013.3455148662615,demand
2014,5629.259896002837,demand
2015,5371.078987832018,demand
2016,5074.076962343984,demand
2017,4866.80967767067,demand
2018,4778.566480194079,demand
2019,4745.4844545733395,demand
2020,4816.846679917823,demand
2021,5138.118720612865,demand
2022,6073.731831357186,demand
2023,6781.19608326904,demand
2024,7134.191868082553,demand
2025,7144.589816922453,demand
2026,6838.282509397611,demand
2027,6555.2182720528435,demand
2028,6319.737670814859,demand
2029,6174.710292634174,demand
2030,6028.220964261426,demand
2031,5889.231648755931,demand
2032,5940.9365888636075,demand
2033,6213.100308151063,demand
2034,6407.013685046687,demand
2035,6593.852267194999,demand
2036,6427.030189257413,demand
2037,6048.0654621878275,demand
2038,5581.00190358456,demand
2039,5229.131020895361,demand
2040,4883.718107329001,demand
2041,4614.502562222024,demand
2042,4460.835495638493,demand
2043,4408.968196423977,demand
2044,4476.6811483135425,demand
2045,4787.524226943535,demand
2046,5698.806496295628,demand
2047,6386.324199125705,demand
2048,6865.536092238528,demand
2049,6874.89153953606,demand
2050,6610.780668044701,demand
2051,6333.774834101804,demand
2052,6138.58879111179,demand
2053,5995.5769964942865,demand
2054,5867.423520424638,demand
2055,5779.251577762846,demand
2056,5823.029628569613,demand
2057,6026.158909022282,demand
2058,6221.244555110348,demand
2059,6297.822240444742,demand
2060,6105.471008811575,demand
2061,5721.663123698957,demand
2062,5261.325669026778,demand
2063,4918.855136466866,demand
2064,4570.64612375448,demand
2065,4386.10530094523,demand
2066,4277.937436290313,demand
2067,4237.396940876191,demand
2068,4312.82217694648,demand
2069,4624.376621052485,demand
2070,5530.013123833046,demand
2071,6202.6148485995855,demand
2072,6635.9901482766345,demand
2073,6644.188718239491,demand
2074,6399.781367282523,demand
2075,6104.713728173006,demand
2076,5922.355697514178,demand
2077,5780.457330553423,demand
2078,5612.633303692144,demand
2079,5449.690000751934,demand
2080,5439.550078784088,demand
2081,5651.556462478175,demand
2082,5827.835372207585,demand
2083,6046.515310491246,demand
2084,5950.021561371064,demand
2085,5603.518436889905,demand
2086,5178.180127533442,demand
2087,4863.174839890002,demand
2088,4549.451215246231,demand
2089,4425.943940038847,demand
2090,4337.03079057203,demand
2091,4289.092402300308,demand
2092,4286.970692602112,demand
2093,4393.762918429711,demand
2094,5062.248880822298,demand
2095,5603.3747440944535,demand
2096,5910.376180542452,demand
2097,5869.906661459271,demand
2098,5657.561474628887,demand
2099,5395.63048406682,demand
2100,5180.341230397629,demand
2101,5052.250290814168,demand
2102,4963.8151915403505,demand
2103,4912.333680326498,demand
2104,4955.569746865113,demand
2105,5173.420179400223,demand
2106,5361.620650628907,demand
2107,5693.900986807679,demand
2108,5699.510846164578,demand
2109,5418.980725364338,demand
2110,5056.758143703136,demand
2111,4766.985791035499,demand
2112,4459.469079191055,demand
2113,4475.980547746942,demand
2114,4369.979408882165,demand
2115,4319.9660196752575,demand
2116,4314.593298378191,demand
2117,4414.879284972924,demand
2118,5101.519219503657,demand
2119,5657.592433300237,demand
2120,5959.803569108199,demand
2121,5867.070660129049,demand
2122,5535.713107468951,demand
2123,5231.005651544606,demand
2124,4922.8419661045555,demand
2125,4727.071136649415,demand
2126,4641.734286295269,demand
2127,4614.737771497415,demand
2128,4718.8005201590095,demand
2129,4989.069171822997,demand
2130,5158.6987008532615,demand
2131,5458.452421206456,demand
2132,5444.17853094491,demand
2133,5208.651120104031,demand
2134,4926.112489006647,demand
2135,4675.028196300803,demand
2136,4350.775656071268,demand
2137,4680.072907285684,demand
2138,4624.487600893197,demand
2139,4622.6829863275125,demand
2140,4644.989308776128,demand
2141,4727.856834789039,demand
2142,5358.1506944604,demand
2143,5890.330642531083,demand
2144,6275.6664198302005,demand
2145,6312.208837902004,demand
2146,6070.6729471746075,demand
2147,5782.863902089244,demand
2148,5543.022685180495,demand
2149,5399.795420406049,demand
2150,5299.26796192868,demand
2151,5286.10671871454,demand
2152,5389.317263379218,demand
2153,5676.444866225185,demand
2154,5909.995128781366,demand
2155,6243.9840304194295,demand
2156,6323.913765030797,demand
2157,6096.5833286468005,demand
2158,5794.790039837052,demand
2159,5584.261694676277,demand
2160,5307.378566037594,demand
2161,4476.125944764359,demand
2162,4402.979524834953,demand
2163,4354.825053545425,demand
2164,4317.529391827176,demand
2165,4091.4181144257163,demand
2166,4440.965302032913,demand
2167,4681.456112719674,demand
2168,4738.988696344897,demand
2169,4730.007508668261,demand
2170,4497.184914997147,demand
2171,4301.510463574207,demand
2172,4121.658417464221,demand
2173,4006.230602222729,demand
2174,4030.2161653910616,demand
2175,4173.092131655142,demand
2176,4472.115514565459,demand
2177,4640.198762213806,demand
2178,4748.234206855854,demand
2179,5143.100397853708,demand
2180,5270.405500090952,demand
2181,5037.759174258343,demand
2182,4725.274930420538,demand
2183,4548.8778234460915,demand
2184,4291.825788470098,demand
2185,4146.261760411804,demand
2186,4059.0242120150942,demand
2187,4039.032506176418,demand
2188,4130.800715553666,demand
2189,4321.053777018027,demand
2190,5124.097823450284,demand
2191,5546.999908231433,demand
2192,5766.484290146868,demand
2193,5712.579986356759,demand
2194,5423.3229669364355,demand
2195,5137.549170974102,demand
2196,4964.4451981521,demand
2197,4843.916544214118,demand
2198,4774.147184821776,demand
2199,4821.483065925422,demand
2200,5045.921209555314,demand
2201,5100.304221952656,demand
2202,5117.0069330644055,demand
2203,5366.769943807438,demand
2204,5334.398124055876,demand
2205,4977.90026307766,demand
2206,4572.233291737662,demand
2207,4316.88548485681,demand
2208,4046.335725988876,demand
2209,4055.635407149496,demand
2210,3989.219002836534,demand
2211,4006.527646354758,demand
2212,4186.837063246998,demand
2213,4622.5342046852165,demand
2214,5694.917583015168,demand
2215,6246.106036268693,demand
2216,6415.885004195168,demand
2217,6291.082668876799,demand
2218,5977.906544814938,demand
2219,5690.421694701697,demand
2220,5543.888206263242,demand
2221,5423.991330534508,demand
2222,5301.160859101001,demand
2223,5310.383610552802,demand
2224,5536.387391061504,demand
2225,5567.859345563935,demand
2226,5536.073899071449,demand
2227,5659.495465385038,demand
2228,5542.51150984815,demand
2229,5126.849269914788,demand
2230,4658.140239263026,demand
2231,4372.224720022121,demand
2232,4096.338613157732,demand
2233,4019.079809376358,demand
2234,3980.440617538092,demand
2235,4009.885867312384,demand
2236,4198.223187860935,demand
2237,4648.8897649130595,demand
2238,5723.348347333597,demand
2239,6248.132727411865,demand
2240,6404.036623973312,demand
2241,6263.049601785281,demand
2242,5944.596567833939,demand
2243,5644.133528834688,demand
2244,5481.565035385143,demand
2245,5333.414831255975,demand
2246,5168.312387283831,demand
2247,5136.04489519574,demand
2248,5321.110574902369,demand
2249,5337.123964530424,demand
2250,5329.558134852564,demand
2251,5523.646300774676,demand
2252,5492.012020618486,demand
2253,5084.6756268248755,demand
2254,4610.635591677213,demand
2255,4317.823527629535,demand
2256,4035.812227734634,demand
2257,3948.1003803265803,demand
2258,3901.3551108022657,demand
2259,3934.1139013575694,demand
2260,4138.195990173645,demand
2261,4590.381354466633,demand
2262,5671.882381819881,demand
2263,6180.126592585248,demand
2264,6301.07467813429,demand
2265,6153.968023827233,demand
2266,5839.66174474014,demand
2267,5523.041542554512,demand
2268,5364.531538032537,demand
2269,5206.155895074627,demand
2270,5050.237177229258,demand
2271,5030.950274561197,demand
2272,5228.823291817386,demand
2273,5267.30575655992,demand
2274,5293.645317942521,demand
2275,5493.094677540299,demand
2276,5443.900374489921,demand
2277,5030.974325684805,demand
2278,4560.507104184137,demand
2279,4238.925491347237,demand
2280,3960.1911613739985,demand
2281,3876.145791147984,demand
2282,3823.3860198836564,demand
2283,3845.7947097010397,demand
2284,4035.933236119628,demand
2285,4484.991351879396,demand
2286,5537.829249431018,demand
2287,6067.780379385262,demand
2288,6225.403166229638,demand
2289,6080.408068828434,demand
2290,5764.0548763960705,demand
2291,5400.332532158587,demand
2292,5137.89113328275,demand
2293,4880.195284601927,demand
2294,4686.881785719483,demand
2295,4674.491376651205,demand
2296,4873.94674090249,demand
2297,4915.024820638304,demand
2298,4923.404140059529,demand
2299,5093.1935788419405,demand
2300,5109.451454352654,demand
2301,4780.347492873663,demand
2302,4415.457272673365,demand
2303,4157.202699071779,demand
2304,3877.9586833308613,demand
2305,3833.389357575195,demand
2306,3768.9734719832304,demand
2307,3754.9854853527722,demand
2308,3838.549902478094,demand
2309,3972.443542844375,demand
2310,4633.986340593159,demand
2311,4935.557602609884,demand
2312,5157.310221706059,demand
2313,5101.906503884065,demand
2314,4815.769809808432,demand
2315,4538.293486405764,demand
2316,4361.919477597693,demand
2317,4204.279526676721,demand
2318,4113.34611511328,demand
2319,4197.550373619608,demand
2320,4452.800176218176,demand
2321,4536.752494843172,demand
2322,4592.01409327518,demand
2323,4803.563535723603,demand
2324,4896.308823133695,demand
2325,4626.720671513653,demand
2326,4317.475744033072,demand
2327,4118.4000594680365,demand
2328,3858.365453932901,demand
2329,3918.717400762731,demand
2330,3842.618998106511,demand
2331,3839.745846638984,demand
2332,3916.406641591562,demand
2333,4048.807999233156,demand
2334,4677.623446042999,demand
2335,4965.913688317873,demand
2336,5233.485099158459,demand
2337,5231.770571999676,demand
2338,4996.108492289821,demand
2339,4777.090332865939,demand
2340,4642.364805023329,demand
2341,4538.35331756116,demand
2342,4479.384785213681,demand
2343,4567.029684967264,demand
2344,4880.920502405239,demand
2345,4975.763714202563,demand
2346,5025.889729247302,demand
2347,5272.7148376870955,demand
2348,5352.497644742034,demand
2349,5036.571926811745,demand
2350,4686.386488444308,demand
2351,4458.843061204199,demand
2352,4228.354901411562,demand
2353,4298.476416676424,demand
2354,4267.448875326991,demand
2355,4331.844924735132,demand
2356,4543.644925516621,demand
2357,5033.34786365313,demand
2358,6161.212403417972,demand
2359,6659.258117995003,demand
2360,6881.72716144287,demand
2361,6793.91050601421,demand
2362,6479.827818896228,demand
2363,6150.102859783363,demand
2364,5978.697288856707,demand
2365,5832.748653797205,demand
2366,5646.221239918471,demand
2367,5610.433925481966,demand
2368,5823.402295824742,demand
2369,5861.083621528971,demand
2370,5853.914231117122,demand
2371,6048.8861682317165,demand
2372,6120.01066323835,demand
2373,5719.720369168925,demand
2374,5253.661055401787,demand
2375,4999.3475072781,demand
2376,4732.690065330693,demand
2377,4720.023187389593,demand
2378,4688.788741676415,demand
2379,4715.914933572407,demand
2380,4921.752491125605,demand
2381,5398.134308092807,demand
2382,6487.440328649673,demand
2383,6959.37555857064,demand
2384,7127.870194931018,demand
2385,7005.849589108309,demand
2386,6686.207840480121,demand
2387,6387.096101505014,demand
2388,6212.980813633612,demand
2389,6093.160178179351,demand
2390,5921.134011034497,demand
2391,5899.929616376747,demand
2392,6101.431361292817,demand
2393,6050.461387071813,demand
2394,5993.629187431863,demand
2395,6156.111430893801,demand
2396,6162.029218861964,demand
2397,5770.017908427151,demand
2398,5300.418464464056,demand
2399,4991.2422865883855,demand
2400,4708.325320614727,demand
2401,4654.465863698325,demand
2402,4615.875442267496,demand
2403,4641.321266791654,demand
2404,4834.969538936592,demand
2405,5327.288654831191,demand
2406,6421.1393222281895,demand
2407,6950.836998962621,demand
2408,7181.450663587504,demand
2409,7049.893503056226,demand
2410,6727.948561714172,demand
2411,6405.618878904039,demand
2412,6231.627410609764,demand
2413,6056.109741827615,demand
2414,5850.801144367691,demand
2415,5796.218069197281,demand
2416,5993.008554796137,demand
2417,5970.302635246748,demand
2418,5918.1485788586615,demand
2419,6097.032108345056,demand
2420,6172.575504415117,demand
2421,5806.733919680878,demand
2422,5338.847084419626,demand
2423,5046.788568664663,demand
2424,4783.101511519543,demand
2425,4750.143314672694,demand
2426,4707.623998837576,demand
2427,4725.394172259305,demand
2428,4925.587891068248,demand
2429,5429.615739844619,demand
2430,6511.715895839276,demand
2431,7004.04653463551,demand
2432,7164.904297378398,demand
2433,7016.7970957953785,demand
2434,6693.818246460274,demand
2435,6311.520152290472,demand
2436,6155.230169994511,demand
2437,6001.89427901284,demand
2438,5831.3074239970465,demand
2439,5800.520883588681,demand
2440,6010.243941261677,demand
2441,5956.16389498317,demand
2442,5920.1093157195355,demand
2443,6087.468976799048,demand
2444,6199.333464549406,demand
2445,5820.919518065465,demand
2446,5364.380977575553,demand
2447,5093.521923535145,demand
2448,4823.409089415674,demand
2449,4774.65820837976,demand
2450,4735.319640050303,demand
2451,4765.988729362938,demand
2452,4973.491522936058,demand
2453,5474.26905676151,demand
2454,6488.453000290958,demand
2455,6949.538731164634,demand
2456,7093.0838717110255,demand
2457,6938.567902818913,demand
2458,6568.080132283944,demand
2459,6189.247522952867,demand
2460,5943.3159655362615,demand
2461,5707.579612303825,demand
2462,5515.399974748115,demand
2463,5512.962933106494,demand
2464,5725.640681476954,demand
2465,5705.432353968825,demand
2466,5654.205837812151,demand
2467,5759.724682660139,demand
2468,5811.324369141362,demand
2469,5492.851073353944,demand
2470,5100.156150516745,demand
2471,4864.748103860196,demand
2472,4572.179383493087,demand
2473,4409.2982382450955,demand
2474,4331.374377452336,demand
2475,4315.964982914302,demand
2476,4408.361690983293,demand
2477,4572.466214546814,demand
2478,5177.214200159945,demand
2479,5516.403286123208,demand
2480,5802.696171118361,demand
2481,5783.816597743749,demand
2482,5466.158610016162,demand
2483,5162.840109055711,demand
2484,4945.373460330551,demand
2485,4762.262118827697,demand
2486,4645.084265028081,demand
2487,4715.652935236173,demand
2488,4972.995541293972,demand
2489,5002.583422930022,demand
2490,5010.669935615804,demand
2491,5189.90973494926,demand
2492,5360.170404169907,demand
2493,5091.691981294197,demand
2494,4763.629803367365,demand
2495,4578.61846169045,demand
2496,4340.100832253678,demand
2497,4275.280544008355,demand
2498,4214.742690976664,demand
2499,4192.983588100584,demand
2500,4291.840568465666,demand
2501,4467.737564311979,demand
2502,5013.042613277083,demand
2503,5293.541338893774,demand
2504,5542.018044832649,demand
2505,5494.762992625694,demand
2506,5228.94434147699,demand
2507,4971.730466180388,demand
2508,4797.301406304122,demand
2509,4664.341440605068,demand
2510,4575.57340038671,demand
2511,4652.207004283828,demand
2512,4954.051178050839,demand
2513,5039.55321696013,demand
2514,5085.485502428597,demand
2515,5296.5930338492435,demand
2516,5461.457396363209,demand
2517,5168.127000098581,demand
2518,4801.653489643324,demand
2519,4601.884765182243,demand
2520,4374.344273117443,demand
2521,4316.651799716814,demand
2522,4297.008765215421,demand
2523,4345.163520087498,demand
2524,4564.915535629107,demand
2525,5091.852345963759,demand
2526,6095.62608086726,demand
2527,6605.865551775504,demand
2528,6755.94142260073,demand
2529,6594.342248872301,demand
2530,6234.33396638759,demand
2531,5920.625095270759,demand
2532,5785.041863186605,demand
2533,5621.763060936568,demand
2534,5484.837161892943,demand
2535,5435.426071189035,demand
2536,5642.651629308006,demand
2537,5603.643321423072,demand
2538,5524.714865560036,demand
2539,5650.9527095447465,demand
2540,5754.555549522179,demand
2541,5382.105613737296,demand
2542,4922.040938545898,demand
2543,4659.424249926576,demand
2544,4394.680809806157,demand
2545,4232.510644332475,demand
2546,4191.597110366492,demand
2547,4230.81740435873,demand
2548,4432.104235330327,demand
2549,4941.206972675781,demand
2550,5910.930937000729,demand
2551,6372.9553340174425,demand
2552,6470.769541573083,demand
2553,6294.48252536035,demand
2554,5922.839395422793,demand
2555,5579.873133135876,demand
2556,5428.566331677122,demand
2557,5286.895974515769,demand
2558,5134.687492422736,demand
2559,5108.27814766673,demand
2560,5311.702246517085,demand
2561,5285.205719505533,demand
2562,5229.2921092028155,demand
2563,5366.482744940891,demand
2564,5487.340463114735,demand
2565,5132.478021990931,demand
2566,4692.445882214848,demand
2567,4411.437331834037,demand
2568,4147.601900920679,demand
2569,4045.430158157683,demand
2570,4023.461010465696,demand
2571,4061.6187171520533,demand
2572,4262.534066543714,demand
2573,4764.652649012485,demand
2574,5681.105403591081,demand
2575,6113.19298993677,demand
2576,6205.1038585945735,demand
2577,6063.73898068746,demand
2578,5733.109017339613,demand
2579,5412.877143381742,demand
2580,5288.055065173317,demand
2581,5154.628229240631,demand
2582,5007.935740007333,demand
2583,4985.920571915969,demand
2584,5187.968161606744,demand
2585,5157.913897254431,demand
2586,5103.292726353095,demand
2587,5228.592065788536,demand
2588,5351.637814485655,demand
2589,5018.416258692725,demand
2590,4576.476688348962,demand
2591,4313.063044638011,demand
2592,4074.198207001778,demand
2593,4028.1481508606157,demand
2594,4011.699652292831,demand
2595,4049.08769739004,demand
2596,4258.856537919923,demand
2597,4770.6414497567,demand
2598,5653.080798893303,demand
2599,6069.791940250415,demand
2600,6158.9582731693135,demand
2601,6019.580158736548,demand
2602,5696.2813801826105,demand
2603,5378.378960597342,demand
2604,5244.065191420452,demand
2605,5098.189119719487,demand
2606,4945.361423210747,demand
2607,4924.546123697188,demand
2608,5105.325052855781,demand
2609,5070.860466744432,demand
2610,5027.58007925573,demand
2611,5162.01116213344,demand
2612,5306.503299292401,demand
2613,4986.836731433323,demand
2614,4570.439440777649,demand
2615,4308.1017358809095,demand
2616,4059.832675149905,demand
2617,4016.106285599407,demand
2618,4002.755633087442,demand
2619,4063.236235797059,demand
2620,4280.855288538426,demand
2621,4790.426959342026,demand
2622,5666.604774992375,demand
2623,6030.763941760553,demand
2624,6058.718953631716,demand
2625,5897.827894677976,demand
2626,5558.096909279592,demand
2627,5211.68864064413,demand
2628,4988.340646110126,demand
2629,4751.799252158768,demand
2630,4576.336362134843,demand
2631,4592.106753853302,demand
2632,4802.592644843665,demand
2633,4798.310379779941,demand
2634,4747.854868781475,demand
2635,4828.047456445156,demand
2636,4965.988776601051,demand
2637,4693.668179736824,demand
2638,4363.867107853564,demand
2639,4150.902551325433,demand
2640,3904.318222236136,demand
2641,3842.66318240658,demand
2642,3806.370074351124,demand
2643,3804.74023528644,demand
2644,3876.763274204479,demand
2645,4073.4278684757883,demand
2646,4517.778157759019,demand
2647,4701.337853696748,demand
2648,4865.03922096889,demand
2649,4849.430358828866,demand
2650,4588.075980316336,demand
2651,4326.506879226808,demand
2652,4190.831382850554,demand
2653,4043.1990340441616,demand
2654,3968.954012228003,demand
2655,4049.625705428402,demand
2656,4295.751254203347,demand
2657,4342.841872931316,demand
2658,4334.878532408738,demand
2659,4455.36513036392,demand
2660,4638.367043321397,demand
2661,4393.363715948097,demand
2662,4110.952086955684,demand
2663,3969.951663882949,demand
2664,3755.457001248741,demand
2665,3730.832489066932,demand
2666,3664.1247410064934,demand
2667,3620.5465167440525,demand
2668,3665.0152721696095,demand
2669,3816.378474136455,demand
2670,4206.556899344916,demand
2671,4465.89368663829,demand
2672,4716.129111366184,demand
2673,4738.613813960395,demand
2674,4530.561558988302,demand
2675,4329.548927785637,demand
2676,4236.362248271905,demand
2677,4128.068184905965,demand
2678,4091.908676583478,demand
2679,4203.51330622506,demand
2680,4531.599305420977,demand
2681,4610.373715274143,demand
2682,4637.648673285422,demand
2683,4776.239645258413,demand
2684,4934.868315240748,demand
2685,4647.12871608187,demand
2686,4266.344661865689,demand
2687,4099.081270545887,demand
2688,3854.748784066589,demand
2689,3708.693679423624,demand
2690,3649.300176687672,demand
2691,3656.440586840028,demand
2692,3827.4806885894377,demand
2693,4361.11141857424,demand
2694,5239.560425503183,demand
2695,5782.956399828576,demand
2696,5973.767039474185,demand
2697,5941.902799992113,demand
2698,5682.279978964968,demand
2699,5443.1296378868265,demand
2700,5381.179826154776,demand
2701,5262.386721325514,demand
2702,5120.491309192317,demand
2703,5105.206574191115,demand
2704,5319.834299035632,demand
2705,5240.731501142629,demand
2706,5187.01747633381,demand
2707,5243.786303134905,demand
2708,5285.895824594648,demand
2709,4900.909440051768,demand
2710,4428.763353903811,demand
2711,4194.208905969132,demand
2712,3928.3695443311635,demand
2713,3863.461032918102,demand
2714,3820.1887173167524,demand
2715,3829.587405359813,demand
2716,3989.081358261761,demand
2717,4496.735272371121,demand
2718,5435.530596787396,demand
2719,5922.594954853559,demand
2720,6090.8197346913785,demand
2721,6039.001809525647,demand
2722,5766.557644042045,demand
2723,5491.517946797605,demand
2724,5395.543928929998,demand
2725,5273.218968828922,demand
2726,5104.659259935874,demand
2727,5069.204940410205,demand
2728,5254.250222563041,demand
2729,5166.326276502971,demand
2730,5065.075004538315,demand
2731,5123.837716739159,demand
2732,5184.787146674896,demand
2733,4805.578867420823,demand
2734,4348.326806576299,demand
2735,4082.6481425918873,demand
2736,3817.9252968930914,demand
2737,3704.7437793001927,demand
2738,3662.939330752568,demand
2739,3664.0405604673733,demand
2740,3794.213466425937,demand
2741,4284.957069911069,demand
2742,5133.146151278481,demand
2743,5667.0361511736955,demand
2744,5865.092396843838,demand
2745,5801.890216812771,demand
2746,5531.675902755265,demand
2747,5258.914023722675,demand
2748,5158.72719683215,demand
2749,5028.340275567595,demand
2750,4839.541024704338,demand
2751,4791.72099150438,demand
2752,4985.514537939667,demand
2753,4934.215805302195,demand
2754,4846.856740813289,demand
2755,4912.803477004551,demand
2756,4998.52069554978,demand
2757,4652.866675868928,demand
2758,4214.190830344654,demand
2759,3936.097654025998,demand
2760,3692.5597271946463,demand
2761,3639.777604205392,demand
2762,3595.437381931984,demand
2763,3596.2390827151,demand
2764,3752.1833462455443,demand
2765,4266.557868578833,demand
2766,5168.057851494708,demand
2767,5705.620693415251,demand
2768,5881.604117430727,demand
2769,5774.032979426228,demand
2770,5500.699541454155,demand
2771,5268.962289793728,demand
2772,5184.690326400539,demand
2773,5049.798327783294,demand
2774,4896.32996618141,demand
2775,4877.501418320022,demand
2776,5077.498562557154,demand
2777,5021.4400795204765,demand
2778,4932.23132777454,demand
2779,5022.3732803232815,demand
2780,5021.301642476662,demand
2781,4638.614590828113,demand
2782,4197.719316667066,demand
2783,3920.2488914727383,demand
2784,3669.282372454374,demand
2785,3609.406313856851,demand
2786,3532.0325446730976,demand
2787,3493.293734402215,demand
2788,3540.6577501833663,demand
2789,3766.8468036455324,demand
2790,4426.297231139055,demand
2791,4889.308318415209,demand
2792,5196.008562438115,demand
2793,5265.938721441116,demand
2794,4995.859271776748,demand
2795,4655.859958068586,demand
2796,4403.949927452861,demand
2797,4164.356964861876,demand
2798,4035.687610620186,demand
2799,4099.237995212827,demand
2800,4353.067289937754,demand
2801,4295.18160839755,demand
2802,4224.0929505488075,demand
2803,4320.368932773384,demand
2804,4496.655003656209,demand
2805,4267.803514385869,demand
2806,3985.097991891353,demand
2807,3796.784690471827,demand
2808,3529.659295362254,demand
2809,3612.1516771859747,demand
2810,3522.359762855424,demand
2811,3477.7276146498525,demand
2812,3503.949851709831,demand
2813,3682.2289434759878,demand
2814,4250.720483057197,demand
2815,4665.910250950983,demand
2816,4992.347318589312,demand
2817,5038.027997340953,demand
2818,4797.340034634322,demand
2819,4546.176371784867,demand
2820,4417.384651571997,demand
2821,4264.942545509368,demand
2822,4170.80278883914,demand
2823,4252.981149865577,demand
2824,4510.899874979505,demand
2825,4482.169589463804,demand
2826,4440.840222143933,demand
2827,4528.980983202277,demand
2828,4633.483660099839,demand
2829,4362.93453213155,demand
2830,4047.047645252002,demand
2831,3840.317385728189,demand
2832,3586.961710930701,demand
2833,3464.263722453843,demand
2834,3374.6125819266063,demand
2835,3329.068296453589,demand
2836,3357.949402465798,demand
2837,3508.677666466136,demand
2838,3997.619653976403,demand
2839,4387.819784272322,demand
2840,4701.187868493186,demand
2841,4730.486262700466,demand
2842,4508.887166074019,demand
2843,4266.517104074423,demand
2844,4146.702470201209,demand
2845,4015.190344794705,demand
2846,3939.486103378772,demand
2847,4027.663631581475,demand
2848,4314.109495456056,demand
2849,4349.036402076201,demand
2850,4354.106114430077,demand
2851,4450.745399902853,demand
2852,4600.140166519743,demand
2853,4390.816510653132,demand
2854,4091.10127461083,demand
2855,3891.9097961985044,demand
2856,3672.38569501275,demand
2857,3638.521528345588,demand
2858,3612.148270163316,demand
2859,3643.029001769558,demand
2860,3802.41596681842,demand
2861,4261.992935465174,demand
2862,5176.582341326614,demand
2863,5672.644666415596,demand
2864,5857.559434683613,demand
2865,5775.5237539841855,demand
2866,5508.827811750054,demand
2867,5247.748030076502,demand
2868,5162.329270498353,demand
2869,5022.397472396814,demand
2870,4863.89502386559,demand
2871,4848.9691576829555,demand
2872,5076.769557834432,demand
2873,5014.551911226277,demand
2874,4925.75677431426,demand
2875,4993.873643634413,demand
2876,5034.068190120941,demand
2877,4722.694899293551,demand
2878,4289.705411594816,demand
2879,4019.595812358829,demand
2880,3768.298319604598,demand
2881,3669.357853515167,demand
2882,3617.204312116408,demand
2883,3636.4256856078146,demand
2884,3751.164721137381,demand
2885,4314.573508930065,demand
2886,5205.49623858645,demand
2887,5790.163764871631,demand
2888,6027.4755958052465,demand
2889,5994.5545212272,demand
2890,5735.096096334285,demand
2891,5482.549506389778,demand
2892,5368.651324107859,demand
2893,5259.118562553691,demand
2894,5133.187400653553,demand
2895,5144.4229394511385,demand
2896,5349.176024772278,demand
2897,5336.184604479706,demand
2898,5251.720121806237,demand
2899,5291.526458917769,demand
2900,5346.30889423272,demand
2901,5003.247556674945,demand
2902,4577.511764357633,demand
2903,4244.49618576575,demand
2904,4018.121208321595,demand
2905,4001.372034597916,demand
2906,3959.551999972413,demand
2907,3967.680789286588,demand
2908,4077.7302702834686,demand
2909,4625.021062428374,demand
2910,5494.6922121571815,demand
2911,6058.153485468668,demand
2912,6280.822524918749,demand
2913,6240.434480346888,demand
2914,5968.704293264682,demand
2915,5728.077977516459,demand
2916,5596.836746233689,demand
2917,5441.568308333643,demand
2918,5283.009483532178,demand
2919,5248.066935891102,demand
2920,5413.173456984431,demand
2921,5379.869892420937,demand
2922,5297.689887606282,demand
2923,5296.694037161778,demand
2924,5378.938528560523,demand
2925,5091.506099775615,demand
2926,4648.91915111134,demand
2927,4380.463610598037,demand
2928,4064.918652921482,demand
2929,4087.517776884506,demand
2930,4034.521084361319,demand
2931,4032.199950562409,demand
2932,4135.551144193136,demand
2933,4617.458256215238,demand
2934,5485.641842380139,demand
2935,5987.137638613674,demand
2936,6233.171310352926,demand
2937,6192.05930304643,demand
2938,5950.908256367766,demand
2939,5695.959921739189,demand
2940,5571.604318756477,demand
2941,5481.831793562413,demand
2942,5332.529518870014,demand
2943,5340.2131063487395,demand
2944,5541.144961256862,demand
2945,5546.322165531183,demand
2946,5495.78512162359,demand
2947,5555.528499141441,demand
2948,5636.345098038968,demand
2949,5345.35449773748,demand
2950,4889.280946977048,demand
2951,4579.094389970001,demand
2952,4281.733550879013,demand
2953,4204.496834829564,demand
2954,4136.311026700585,demand
2955,4117.520566005097,demand
2956,4205.9834652373465,demand
2957,4684.496642698211,demand
2958,5606.591291593028,demand
2959,6155.891454692962,demand
2960,6363.871842024116,demand
2961,6259.71798842793,demand
2962,5945.771929021822,demand
2963,5616.113306219796,demand
2964,5368.559392893697,demand
2965,5149.185321718297,demand
2966,4972.871064682304,demand
2967,4981.889585013412,demand
2968,5168.763575891248,demand
2969,5140.398880342254,demand
2970,5064.759289911977,demand
2971,5048.563819646279,demand
2972,5179.802407868342,demand
2973,5025.731827678999,demand
2974,4680.851925254722,demand
2975,4438.079140884509,demand
2976,4148.1170066788345,demand
2977,3983.080783519651,demand
2978,3890.525032526391,demand
2979,3847.716945576599,demand
2980,3815.2648441804704,demand
2981,3924.48594068668,demand
2982,4397.717200342814,demand
2983,4711.523280359089,demand
2984,5002.709223735956,demand
2985,4997.0608784595715,demand
2986,4740.836231724307,demand
2987,4518.338428249992,demand
2988,4386.919199926684,demand
2989,4288.7276478371605,demand
2990,4257.6944512840055,demand
2991,4370.973744743136,demand
2992,4626.122080771656,demand
2993,4647.520246441549,demand
2994,4644.803487335705,demand
2995,4669.0997569872725,demand
2996,4809.919117727401,demand
2997,4627.501123613549,demand
2998,4323.70445220998,demand
2999,4124.3584566011505,demand
3000,3870.487749439132,demand
3001,3806.192291854866,demand
3002,3727.840461079385,demand
3003,3676.7505179043183,demand
3004,3627.391937387823,demand
3005,3736.1575414872277,demand
3006,4248.0295786282795,demand
3007,4603.302088098287,demand
3008,4957.548444130161,demand
3009,5017.558486461863,demand
3010,4822.121238893764,demand
3011,4660.238339928915,demand
3012,4565.538751119473,demand
3013,4480.330893091606,demand
3014,4416.540654559962,demand
3015,4495.330277164009,demand
3016,4758.887552391439,demand
3017,4866.429858607579,demand
3018,4874.134336429726,demand
3019,4892.02929034533,demand
3020,4989.916160431177,demand
3021,4816.005354714836,demand
3022,4455.557875164125,demand
3023,4221.224967707728,demand
3024,3983.017843441705,demand
3025,3957.0456582480947,demand
3026,3929.598215509394,demand
3027,3939.5537750042604,demand
3028,4035.6469924879957,demand
3029,4490.4625918852935,demand
3030,5448.315472914521,demand
3031,5999.583389780205,demand
3032,6263.316665181787,demand
3033,6194.990769040565,demand
3034,5914.0593975827105,demand
3035,5589.642886632065,demand
3036,5480.161789406604,demand
3037,5371.299261249984,demand
3038,5239.155907588578,demand
3039,5212.813625639692,demand
3040,5405.984458193116,demand
3041,5384.611953111078,demand
3042,5304.579349450394,demand
3043,5291.57001471542,demand
3044,5353.671780516486,demand
3045,5149.316646538148,demand
3046,4705.05738750157,demand
3047,4406.978833160236,demand
3048,4131.6386677737955,demand
3049,4005.054355844758,demand
3050,3941.470243640005,demand
3051,3944.226373005079,demand
3052,4023.813104937207,demand
3053,4507.838998489079,demand
3054,5512.7887778164895,demand
3055,6049.801944132575,demand
3056,6225.643324443568,demand
3057,6158.32570263678,demand
3058,5847.710556890118,demand
3059,5533.384280308158,demand
3060,5400.145221265191,demand
3061,5260.529376275314,demand
3062,5125.885449479192,demand
3063,5164.518126406148,demand
3064,5382.835839816484,demand
3065,5339.309933628847,demand
3066,5265.977887493045,demand
3067,5315.046700463359,demand
3068,5319.471346800533,demand
3069,4934.216997896524,demand
3070,4490.266282741772,demand
3071,4177.289752797786,demand
3072,3899.896997371051,demand
3073,3733.951349080496,demand
3074,3662.832430767144,demand
3075,3636.0821406339364,demand
3076,3714.023597321776,demand
3077,4291.642947447686,demand
3078,5319.951735075681,demand
3079,5828.636412085224,demand
3080,6005.824545006206,demand
3081,5962.11688346112,demand
3082,5658.701046197424,demand
3083,5355.240256558557,demand
3084,5219.776855990691,demand
3085,5085.632897607578,demand
3086,4935.730276227309,demand
3087,4915.677494013141,demand
3088,5104.510603593404,demand
3089,5065.596240843837,demand
3090,4955.658899817898,demand
3091,4954.303338415239,demand
3092,4988.624894051704,demand
3093,4749.118817057063,demand
3094,4304.774130234128,demand
3095,4014.2002841799413,demand
3096,3744.295980002464,demand
3097,3607.250694230728,demand
3098,3517.5943718637154,demand
3099,3466.2945098569953,demand
3100,3453.4840967340406,demand
3101,3646.7105457280886,demand
3102,4322.959859155948,demand
3103,4765.904000479395,demand
3104,5046.456697763152,demand
3105,5070.550167540303,demand
3106,4832.897362741234,demand
3107,4606.69528411914,demand
3108,4522.732380371528,demand
3109,4411.976982438467,demand
3110,4370.734431659078,demand
3111,4421.732157834858,demand
3112,4611.362217174278,demand
3113,4571.428265510285,demand
3114,4501.803009709443,demand
3115,4584.37223193544,demand
3116,4684.577714686432,demand
3117,4559.230944292537,demand
3118,4227.488077981758,demand
3119,4005.995082656128,demand
3120,3759.5010304161033,demand
3121,3872.992354344314,demand
3122,3826.4252070068414,demand
3123,3815.866542731005,demand
3124,3889.060122568652,demand
3125,4267.799390474608,demand
3126,5116.323522017582,demand
3127,5586.717889166334,demand
3128,5846.86165400734,demand
3129,5807.9510278685175,demand
3130,5489.722817010095,demand
3131,5154.66567085701,demand
3132,4926.167998294869,demand
3133,4689.809710582964,demand
3134,4539.262550436833,demand
3135,4562.997743545582,demand
3136,4770.689794633716,demand
3137,4769.430087714554,demand
3138,4729.8635702593565,demand
3139,4718.205009334283,demand
3140,4760.289487267267,demand
3141,4655.849053285211,demand
3142,4349.562991788962,demand
3143,4122.697175644907,demand
3144,3844.816161241901,demand
3145,3782.247490077063,demand
3146,3713.719611053776,demand
3147,3666.8106704786383,demand
3148,3609.296704525037,demand
3149,3715.3728763019762,demand
3150,4263.445795346791,demand
3151,4636.821472182989,demand
3152,4939.086548060536,demand
3153,4983.247917752547,demand
3154,4712.143906115525,demand
3155,4435.765224825,demand
3156,4293.59222277147,demand
3157,4152.165654267087,demand
3158,4097.411074124134,demand
3159,4199.067111925201,demand
3160,4439.065772391669,demand
3161,4494.285134816461,demand
3162,4483.665720394619,demand
3163,4516.479317989992,demand
3164,4611.637134939904,demand
3165,4544.451004129637,demand
3166,4252.133812579931,demand
3167,4060.5802305395428,demand
3168,3813.2489575179607,demand
3169,3753.462776765847,demand
3170,3687.2741052195015,demand
3171,3632.758141524677,demand
3172,3576.617068339498,demand
3173,3677.2817659486236,demand
3174,4179.678240653957,demand
3175,4500.323102705572,demand
3176,4775.98205747547,demand
3177,4798.99489880293,demand
3178,4589.576587421964,demand
3179,4383.551252052275,demand
3180,4279.773802321274,demand
3181,4180.052850073673,demand
3182,4162.990290934503,demand
3183,4261.996255192073,demand
3184,4539.280408049408,demand
3185,4591.245399269066,demand
3186,4596.9715158772415,demand
3187,4647.861010370712,demand
3188,4714.744075209443,demand
3189,4626.220462761059,demand
3190,4284.049284779254,demand
3191,4086.148215246995,demand
3192,3868.008730270346,demand
3193,3833.666705572442,demand
3194,3808.1586948762233,demand
3195,3816.2071403853797,demand
3196,3918.9147401707733,demand
3197,4413.184338637435,demand
3198,5347.572326319281,demand
3199,5825.406121406168,demand
3200,5985.495201905961,demand
3201,5880.9483942124625,demand
3202,5582.720342095981,demand
3203,5326.287190541376,demand
3204,5231.980054801696,demand
3205,5112.2575558843055,demand
3206,4953.623899573172,demand
3207,4943.095205373501,demand
3208,5157.688869947508,demand
3209,5143.276803107275,demand
3210,5064.788340263101,demand
3211,5066.651619725193,demand
3212,5081.614907910984,demand
3213,4920.502577221838,demand
3214,4501.649679350639,demand
3215,4245.8046836675385,demand
3216,3992.363042464535,demand
3217,3902.8627436223223,demand
3218,3872.351651116891,demand
3219,3878.5838822187698,demand
3220,3953.257820892775,demand
3221,4435.819522468909,demand
3222,5382.485749616647,demand
3223,5843.878088132726,demand
3224,5948.2250758722475,demand
3225,5831.650852060382,demand
3226,5537.797505418097,demand
3227,5244.701123472865,demand
3228,5130.671998577973,demand
3229,5053.811844853371,demand
3230,4918.630560853108,demand
3231,4915.269798508021,demand
3232,5118.206831544872,demand
3233,5071.375847945799,demand
3234,4980.323706635412,demand
3235,4977.195100703856,demand
3236,4997.956736275043,demand
3237,4833.270730491284,demand
3238,4407.62709788284,demand
3239,4145.259535350939,demand
3240,3878.779299664309,demand
3241,3734.5769436384608,demand
3242,3668.030711046648,demand
3243,3639.136887176509,demand
3244,3714.999745980015,demand
3245,4225.167608988385,demand
3246,5184.273593934874,demand
3247,5660.509867772268,demand
3248,5825.8359406677355,demand
3249,5731.703061726776,demand
3250,5481.171219906948,demand
3251,5216.596676223472,demand
3252,5119.557562805707,demand
3253,4991.766924836762,demand
3254,4846.27772751876,demand
3255,4819.436174156139,demand
3256,4986.848172125195,demand
3257,4950.776636663479,demand
3258,4893.590939405245,demand
3259,4894.717383011057,demand
3260,4890.335081193299,demand
3261,4697.60939360339,demand
3262,4259.622567523664,demand
3263,3961.0959590970124,demand
3264,3702.158039131772,demand
3265,3703.115305534312,demand
3266,3654.1298846610707,demand
3267,3643.082301994412,demand
3268,3708.867227642087,demand
3269,4202.275102659552,demand
3270,5301.498039956334,demand
3271,5854.991071740174,demand
3272,6061.248228183917,demand
3273,6065.563292698715,demand
3274,5882.270551998006,demand
3275,5603.820235566568,demand
3276,5505.242350496013,demand
3277,5384.5500543234775,demand
3278,5242.209114419675,demand
3279,5240.031236636124,demand
3280,5466.7278410762765,demand
3281,5410.83788704856,demand
3282,5289.249462803955,demand
3283,5231.744503610413,demand
3284,5160.450318813839,demand
3285,4774.964540154474,demand
3286,4318.0121240429235,demand
3287,4012.7988670768054,demand
3288,3731.713605430277,demand
3289,3577.5256478514875,demand
3290,3509.27164381116,demand
3291,3488.76291908206,demand
3292,3548.495999382952,demand
3293,4016.546516477003,demand
3294,5103.4854251503075,demand
3295,5629.127576843421,demand
3296,5827.648225388113,demand
3297,5758.127553352472,demand
3298,5468.215339689623,demand
3299,5153.127218188358,demand
3300,4921.803589038681,demand
3301,4683.35452563697,demand
3302,4491.958890165699,demand
3303,4507.429834418033,demand
3304,4674.147785918319,demand
3305,4661.934120468154,demand
3306,4580.165979558856,demand
3307,4547.0474605204345,demand
3308,4548.18158596451,demand
3309,4414.908187327282,demand
3310,4052.716311014835,demand
3311,3791.532697110964,demand
3312,3507.521508819932,demand
3313,3335.314550911381,demand
3314,3246.0178282133256,demand
3315,3178.752266067358,demand
3316,3112.281769814247,demand
3317,3332.6121799916164,demand
3318,3875.168642913559,demand
3319,4233.182950697381,demand
3320,4605.561122836184,demand
3321,4654.240065301643,demand
3322,4413.579601799589,demand
3323,4184.2659433662175,demand
3324,4033.591996976184,demand
3325,3903.857706693584,demand
3326,3829.3040305785853,demand
3327,3907.310568882489,demand
3328,4133.321534318261,demand
3329,4153.119910283651,demand
3330,4128.926106829667,demand
3331,4146.20030313464,demand
3332,4203.478606894791,demand
3333,4102.90107133773,demand
3334,3791.313693539531,demand
3335,3576.926198664766,demand
3336,3321.358117578082,demand
3337,3081.307976186465,demand
3338,2960.4194148889674,demand
3339,2841.4038279973893,demand
3340,2654.3194939812083,demand
3341,2566.0909969996283,demand
3342,2757.68159253033,demand
3343,2983.69354125699,demand
3344,3385.732265317325,demand
3345,3544.965236508395,demand
3346,3398.050566733861,demand
3347,3265.7434506130357,demand
3348,3192.0818654795958,demand
3349,3097.0389397478402,demand
3350,3142.235933449172,demand
3351,3319.4670236975753,demand
3352,3613.589412524992,demand
3353,3687.9498123323883,demand
3354,3670.848404924399,demand
3355,3774.6441921791993,demand
3356,3851.693641435128,demand
3357,3801.339713819255,demand
3358,3529.668393650251,demand
3359,3356.1710906692824,demand
3360,3136.3861976328826,demand
3361,3169.095248150857,demand
3362,3080.807572974916,demand
3363,3012.5985589586808,demand
3364,2973.702913504581,demand
3365,3204.607551924584,demand
3366,3882.728282499472,demand
3367,4303.903820795205,demand
3368,4612.604517537641,demand
3369,4658.534031619906,demand
3370,4490.08405607288,demand
3371,4300.4708628595035,demand
3372,4245.277936892993,demand
3373,4134.248373943479,demand
3374,4061.938329110204,demand
3375,4125.512074211009,demand
3376,4365.185936534701,demand
3377,4351.262122026295,demand
3378,4258.208058764845,demand
3379,4333.934254657529,demand
3380,4347.83991125743,demand
3381,4138.642460437692,demand
3382,3792.65654510605,demand
3383,3557.790824045632,demand
3384,3311.734463273626,demand
3385,3539.0641471895738,demand
3386,3480.524784728713,demand
3387,3467.375686703985,demand
3388,3529.525778365106,demand
3389,4014.663360447415,demand
3390,5150.125891633099,demand
3391,5709.266437703767,demand
3392,5926.154951827,demand
3393,5923.343958909137,demand
3394,5701.022647255993,demand
3395,5508.932300638247,demand
3396,5441.94462437152,demand
3397,5334.179446220605,demand
3398,5195.7806756636965,demand
3399,5177.415951849778,demand
3400,5311.001054137129,demand
3401,5221.427788226061,demand
3402,5081.269605146474,demand
3403,5018.760207219938,demand
3404,4955.47088799984,demand
3405,4752.5480982308345,demand
3406,4313.919494549911,demand
3407,4014.509461337709,demand
3408,3739.56262445104,demand
3409,3621.694530644758,demand
3410,3563.325552847078,demand
3411,3542.68880728486,demand
3412,3628.726871343931,demand
3413,4200.56974903434,demand
3414,5126.641242948347,demand
3415,5605.164335109583,demand
3416,5760.546053682656,demand
3417,5668.1797615382275,demand
3418,5396.059753058682,demand
3419,5168.767700293782,demand
3420,5101.506191595721,demand
3421,4994.1398920606025,demand
3422,4848.62371533602,demand
3423,4823.55732049434,demand
3424,4972.346598055214,demand
3425,4942.412256614836,demand
3426,4854.054686772174,demand
3427,4845.089654511799,demand
3428,4806.65972572428,demand
3429,4640.354905983698,demand
3430,4204.719114081904,demand
3431,3922.0097904613312,demand
3432,3660.8453483264775,demand
3433,3629.54003184297,demand
3434,3577.953099117055,demand
3435,3558.014933669802,demand
3436,3636.0319272826937,demand
3437,4181.154118779971,demand
3438,5122.524506256801,demand
3439,5615.6918623449965,demand
3440,5837.443378541199,demand
3441,5822.21927424718,demand
3442,5580.054214586067,demand
3443,5359.889625176449,demand
3444,5305.440584160453,demand
3445,5201.192975427848,demand
3446,5073.303365940857,demand
3447,5040.299618641984,demand
3448,5217.840115125066,demand
3449,5111.215275718894,demand
3450,4984.398147797988,demand
3451,4947.188584555909,demand
3452,4919.605110894464,demand
3453,4717.650480348719,demand
3454,4275.4631246206845,demand
3455,3982.424374983549,demand
3456,3705.5313878499837,demand
3457,3622.194692766984,demand
3458,3552.0573250914968,demand
3459,3517.068426443341,demand
3460,3615.4466557883125,demand
3461,4121.12949688147,demand
3462,5041.828464034403,demand
3463,5561.920308568089,demand
3464,5795.6966781498395,demand
3465,5762.798447101352,demand
3466,5486.695498473736,demand
3467,5178.169972844734,demand
3468,4983.747341820654,demand
3469,4784.926614894479,demand
3470,4624.246215650043,demand
3471,4646.2051113598645,demand
3472,4852.383593328653,demand
3473,4848.4697326036185,demand
3474,4786.814127127983,demand
3475,4746.156502344464,demand
3476,4674.604774185955,demand
3477,4522.761048327814,demand
3478,4163.18975632293,demand
3479,3902.573963963245,demand
3480,3625.8410600345687,demand
3481,3541.002643978059,demand
3482,3459.869190048218,demand
3483,3389.243339372118,demand
3484,3347.0655241395343,demand
3485,3427.934683972913,demand
3486,4164.117176795513,demand
3487,4558.931857675681,demand
3488,4879.51782077995,demand
3489,4964.458631175495,demand
3490,4753.192437291992,demand
3491,4520.233866984387,demand
3492,4344.788590023957,demand
3493,4175.498120683356,demand
3494,4089.845231567847,demand
3495,4223.152959812085,demand
3496,4551.734380736996,demand
3497,4565.246663660013,demand
3498,4490.690970010616,demand
3499,4490.459214093983,demand
3500,4511.336216566925,demand
3501,4248.064208741593,demand
3502,3944.077935893242,demand
3503,3729.006512156907,demand
3504,3465.525681967789,demand
3505,3361.849059133453,demand
3506,3272.2304159681507,demand
3507,3198.452093943548,demand
3508,3141.637501300032,demand
3509,3242.264011263861,demand
3510,3895.6367550925243,demand
3511,4273.538785836525,demand
3512,4570.774287254907,demand
3513,4663.356638699148,demand
3514,4510.059769261921,demand
3515,4327.6721626905,demand
3516,4248.269199150602,demand
3517,4136.225344367747,demand
3518,4102.791932639159,demand
3519,4223.035327901216,demand
3520,4484.873184597944,demand
3521,4520.666773632156,demand
3522,4489.780061350305,demand
3523,4466.161772729003,demand
3524,4461.07330629461,demand
3525,4329.550403533858,demand
3526,3976.448136166669,demand
3527,3756.957031513568,demand
3528,3523.466578898971,demand
3529,3531.448525114096,demand
3530,3490.884807509796,demand
3531,3474.060866168137,demand
3532,3666.007119451595,demand
3533,4155.616813964051,demand
3534,5127.158779580358,demand
3535,5653.152146976696,demand
3536,5889.096359700063,demand
3537,5844.85759237924,demand
3538,5595.79547061727,demand
3539,5350.4377043150635,demand
3540,5241.537101021125,demand
3541,5137.945342030809,demand
3542,4988.822340527583,demand
3543,4976.208425619634,demand
3544,5159.784800422569,demand
3545,5115.026058444434,demand
3546,5045.85491089279,demand
3547,5038.117704946362,demand
3548,4986.114735162479,demand
3549,4841.413851671867,demand
3550,4429.259396107786,demand
3551,4126.015195467137,demand
3552,3866.2514536601693,demand
3553,3830.677496809716,demand
3554,3775.8360309284253,demand
3555,3757.5528818829002,demand
3556,3943.3389337096633,demand
3557,4391.6257401724415,demand
3558,5339.995738982049,demand
3559,5809.803051003996,demand
3560,5971.8996599202455,demand
3561,5914.124115466517,demand
3562,5646.047854354837,demand
3563,5403.837063928555,demand
3564,5294.189841887137,demand
3565,5188.998830380704,demand
3566,5066.384320629497,demand
3567,5024.888911665457,demand
3568,5187.726506276263,demand
3569,5085.079482150348,demand
3570,4988.573754759189,demand
3571,4992.103140731881,demand
3572,4960.484576594335,demand
3573,4844.758231551809,demand
3574,4435.322948796676,demand
3575,4151.475585383912,demand
3576,3880.422977848312,demand
3577,3741.6139231422612,demand
3578,3692.62585934069,demand
3579,3677.2874888426313,demand
3580,3871.085224683346,demand
3581,4277.272250212569,demand
3582,5298.572645517603,demand
3583,5859.430332869112,demand
3584,6076.374081941194,demand
3585,6091.8962232602735,demand
3586,5898.779649393285,demand
3587,5661.824514412897,demand
3588,5595.351447995037,demand
3589,5464.742719643363,demand
3590,5370.0112064379655,demand
3591,5341.192985790614,demand
3592,5495.096571125145,demand
3593,5356.387626403562,demand
3594,5178.579465448456,demand
3595,5106.5190301752755,demand
3596,4915.997602192252,demand
3597,4680.7835992725495,demand
3598,4228.421967594615,demand
3599,3922.476913769036,demand
3600,3644.444562234873,demand
3601,3514.910316625017,demand
3602,3448.1523111176084,demand
3603,3407.754683368405,demand
3604,3581.457579680306,demand
3605,4019.835977441176,demand
3606,5032.7855023276625,demand
3607,5542.534246903607,demand
3608,5799.107706826034,demand
3609,5762.048887347837,demand
3610,5475.635678741046,demand
3611,5184.104915931604,demand
3612,5074.721904375644,demand
3613,4951.197870225338,demand
3614,4803.410292006534,demand
3615,4772.2409214339605,demand
3616,4920.639654759072,demand
3617,4856.220928220966,demand
3618,4789.212782120326,demand
3619,4779.504328866332,demand
3620,4749.37085940995,demand
3621,4578.601103241998,demand
3622,4150.210530100108,demand
3623,3852.410841733613,demand
3624,3580.27046600177,demand
3625,3537.968404107371,demand
3626,3463.302677242823,demand
3627,3400.785310227289,demand
3628,3469.151466852967,demand
3629,4031.073986395615,demand
3630,4937.611793714361,demand
3631,5498.168573598287,demand
3632,5764.10989498245,demand
3633,5746.426856428051,demand
3634,5488.313241228278,demand
3635,5173.767721786779,demand
3636,5021.241509107922,demand
3637,4795.764874762781,demand
3638,4619.932280735836,demand
3639,4616.803448120413,demand
3640,4784.176351120269,demand
3641,4712.932316138969,demand
3642,4601.951832030034,demand
3643,4539.623211891641,demand
3644,4460.974800159838,demand
3645,4324.476004571397,demand
3646,4008.822283216139,demand
3647,3813.845765925606,demand
3648,3527.643415336098,demand
3649,3350.010986788592,demand
3650,3245.933832551428,demand
3651,3126.98827830731,demand
3652,3105.041690554229,demand
3653,3320.054140858356,demand
3654,3839.576232983247,demand
3655,4181.89617593129,demand
3656,4504.091512907396,demand
3657,4573.7619737168225,demand
3658,4357.974578652882,demand
3659,4126.557536133283,demand
3660,4016.5620655496623,demand
3661,3900.031999173839,demand
3662,3867.532965920745,demand
3663,3943.710658278699,demand
3664,4155.101695750686,demand
3665,4164.247207915222,demand
3666,4151.837201396418,demand
3667,4150.665421636168,demand
3668,4139.996056567807,demand
3669,4047.511737903676,demand
3670,3820.77420659892,demand
3671,3679.461031407473,demand
3672,3415.8461009835864,demand
3673,3253.347499004777,demand
3674,3131.03121271764,demand
3675,2990.802946438125,demand
3676,2938.53047065926,demand
3677,3134.293372761612,demand
3678,3586.728634479225,demand
3679,3900.4249156519127,demand
3680,4220.554608035578,demand
3681,4316.618747698264,demand
3682,4195.0750380462005,demand
3683,4058.643833595931,demand
3684,4041.313845754348,demand
3685,3964.7427509109048,demand
3686,3965.145156359279,demand
3687,4035.4302270717844,demand
3688,4253.086240212249,demand
3689,4295.192944183789,demand
3690,4281.948948051919,demand
3691,4318.706235056038,demand
3692,4183.228596147133,demand
3693,4048.4422250386992,demand
3694,3720.663144485441,demand
3695,3548.036393402797,demand
3696,3311.2734875238857,demand
3697,3362.939497751675,demand
3698,3302.57866144115,demand
3699,3242.205582120926,demand
3700,3371.911114889067,demand
3701,3900.98290000944,demand
3702,4873.748825737472,demand
3703,5393.737527401928,demand
3704,5553.649773055875,demand
3705,5520.262573632785,demand
3706,5308.669371124031,demand
3707,5067.602980841306,demand
3708,5022.685394154728,demand
3709,4918.107727806477,demand
3710,4781.551605717823,demand
3711,4790.757341051583,demand
3712,4972.400469838768,demand
3713,4907.429509877298,demand
3714,4781.9569777635215,demand
3715,4714.633329278358,demand
3716,4654.883768019992,demand
3717,4473.430717869099,demand
3718,4088.475399282378,demand
3719,3882.750720600527,demand
3720,3661.066954163743,demand
3721,3436.7291400341,demand
3722,3375.465982162878,demand
3723,3329.272637298859,demand
3724,3405.396003456262,demand
3725,3967.738217752258,demand
3726,4878.360328662928,demand
3727,5326.914439401849,demand
3728,5464.482332273281,demand
3729,5424.283623081794,demand
3730,5223.117012821817,demand
3731,5008.408865004289,demand
3732,4945.962960930241,demand
3733,4831.043529979438,demand
3734,4696.242571900836,demand
3735,4672.561969101379,demand
3736,4823.252912241456,demand
3737,4769.577344282529,demand
3738,4693.871314524598,demand
3739,4672.853000093906,demand
3740,4594.728509824244,demand
3741,4437.329536639297,demand
3742,4039.899747713983,demand
3743,3786.0193202640803,demand
3744,3527.036689617633,demand
3745,3464.768763039522,demand
3746,3388.085139991562,demand
3747,3316.945482477587,demand
3748,3411.4733084779173,demand
3749,3963.707337841504,demand
3750,4869.20934810059,demand
3751,5329.37603915808,demand
3752,5475.514436167434,demand
3753,5482.48478383958,demand
3754,5335.139044065296,demand
3755,5097.50746162377,demand
3756,5024.74746006404,demand
3757,4924.314510180697,demand
3758,4787.902838298969,demand
3759,4785.674855906727,demand
3760,4934.795031180685,demand
3761,4864.299038630725,demand
3762,4746.947336257238,demand
3763,4720.471126218609,demand
3764,4622.669896096575,demand
3765,4373.775322342342,demand
3766,3979.9155537988736,demand
3767,3716.355107469447,demand
3768,3431.45854173482,demand
3769,3522.250789518666,demand
3770,3444.469967499259,demand
3771,3367.2613533416106,demand
3772,3477.546544142972,demand
3773,3986.711236830936,demand
3774,4956.717700820791,demand
3775,5485.962618843698,demand
3776,5647.711693555827,demand
3777,5615.62185491925,demand
3778,5376.397955440115,demand
3779,5134.502370227785,demand
3780,5031.976349709041,demand
3781,4897.505169388345,demand
3782,4738.584277271626,demand
3783,4731.026766536969,demand
3784,4874.847492925787,demand
3785,4823.694963478072,demand
3786,4741.224157569607,demand
3787,4748.808466851213,demand
3788,4667.166156706662,demand
3789,4511.976957288551,demand
3790,4149.284993843804,demand
3791,3887.238807586865,demand
3792,3627.6447635965596,demand
3793,3543.048810561692,demand
3794,3465.512738575748,demand
3795,3391.3646010130283,demand
3796,3453.976139349271,demand
3797,3835.947749797136,demand
3798,4883.198038256903,demand
3799,5441.997135224035,demand
3800,5629.97950589253,demand
3801,5619.691657645195,demand
3802,5414.9350011217275,demand
3803,5136.068608605552,demand
3804,4954.770597087994,demand
3805,4805.104782404722,demand
3806,4673.229855672059,demand
3807,4735.015874052351,demand
3808,4902.768711831635,demand
3809,4829.70690644163,demand
3810,4694.762195998021,demand
3811,4624.9451216998095,demand
3812,4561.551048938819,demand
3813,4419.058388558578,demand
3814,4172.4904675862035,demand
3815,3998.416355825426,demand
3816,3720.32677475781,demand
3817,3601.790225571449,demand
3818,3510.662692101221,demand
3819,3369.552012965418,demand
3820,3317.249181558662,demand
3821,3501.81654240209,demand
3822,3972.812845929637,demand
3823,4338.678694921693,demand
3824,4678.077424838456,demand
3825,4748.618281676995,demand
3826,4522.884822031319,demand
3827,4304.752902648329,demand
3828,4169.68563193028,demand
3829,4032.440444936815,demand
3830,3949.892105385619,demand
3831,4015.244600325977,demand
3832,4197.863465615438,demand
3833,4179.41046584072,demand
3834,4118.747016090688,demand
3835,4136.946106565582,demand
3836,4121.267110059733,demand
3837,4070.4317578563196,demand
3838,3877.507845909705,demand
3839,3667.1566953061983,demand
3840,3402.8830505008536,demand
3841,3312.655390509257,demand
3842,3206.515933452606,demand
3843,3078.768192713029,demand
3844,3071.907262959523,demand
3845,3220.451281436669,demand
3846,3736.4593499358807,demand
3847,4086.909531442192,demand
3848,4373.697415767146,demand
3849,4443.958566569204,demand
3850,4297.193040820346,demand
3851,4135.050350580019,demand
3852,4092.641842901715,demand
3853,4004.1245286674703,demand
3854,3954.088719538031,demand
3855,4061.5425059045383,demand
3856,4339.025903940082,demand
3857,4364.3194840725555,demand
3858,4313.5307319874355,demand
3859,4335.942151157373,demand
3860,4269.525810734599,demand
3861,4142.581448106985,demand
3862,3927.634369697089,demand
3863,3695.641005005121,demand
3864,3456.451660221803,demand
3865,3315.5801400522,demand
3866,3270.198524259341,demand
3867,3184.309088288109,demand
3868,3280.728473370506,demand
3869,3795.584077639356,demand
3870,4717.900028130867,demand
3871,5251.712211164403,demand
3872,5554.801405415645,demand
3873,5538.067984379797,demand
3874,5345.991692727379,demand
3875,5120.948477343921,demand
3876,5052.580173148104,demand
3877,4988.427966157069,demand
3878,4857.508172139118,demand
3879,4812.127399136982,demand
3880,4995.965750405114,demand
3881,4908.390244324641,demand
3882,4759.252222211366,demand
3883,4688.298839433515,demand
3884,4589.716076337592,demand
3885,4380.576576673692,demand
3886,4069.158132916563,demand
3887,3775.2179058210204,demand
3888,3510.5092142790836,demand
3889,3414.0555469988262,demand
3890,3319.7830633192916,demand
3891,3241.817854654822,demand
3892,3335.168703029333,demand
3893,3828.7154427231853,demand
3894,4908.230534973547,demand
3895,5497.365931723782,demand
3896,5698.439799913559,demand
3897,5699.499239077432,demand
3898,5496.758960068599,demand
3899,5255.942625875287,demand
3900,5151.323353783326,demand
3901,5015.166518473177,demand
3902,4878.572936364004,demand
3903,4865.423068368973,demand
3904,5063.642260606175,demand
3905,4982.618432525111,demand
3906,4863.918857941607,demand
3907,4837.589586076832,demand
3908,4817.647309416436,demand
3909,4488.40985721449,demand
3910,4143.405374778953,demand
3911,3851.935532965008,demand
3912,3576.470757744013,demand
3913,3476.866737803633,demand
3914,3393.156031521815,demand
3915,3313.472776069209,demand
3916,3443.732007876665,demand
3917,3943.466106616535,demand
3918,4874.557393789917,demand
3919,5369.470640487726,demand
3920,5542.64565400698,demand
3921,5517.031541539039,demand
3922,5328.460412547052,demand
3923,5127.94893613955,demand
3924,5037.584663181253,demand
3925,4943.556199308926,demand
3926,4800.837285465492,demand
3927,4765.328867901551,demand
3928,4921.61235680337,demand
3929,4837.789495438031,demand
3930,4742.359304458216,demand
3931,4727.979717950844,demand
3932,4648.370405046799,demand
3933,4480.352848870696,demand
3934,4122.92992902168,demand
3935,3803.39212036677,demand
3936,3524.8775520075983,demand
3937,3416.79858574469,demand
3938,3337.595857038758,demand
3939,3257.36868161474,demand
3940,3384.902719927034,demand
3941,3877.6693522988307,demand
3942,4818.445563435893,demand
3943,5311.161360117089,demand
3944,5493.698138576895,demand
3945,5447.652047101205,demand
3946,5243.7773219466235,demand
3947,5025.830811054512,demand
3948,4993.248701180812,demand
3949,4862.8419168321125,demand
3950,4724.964191791245,demand
3951,4747.35855195347,demand
3952,4980.204451948909,demand
3953,4892.404039682666,demand
3954,4765.416130664599,demand
3955,4707.522869245734,demand
3956,4637.108447713445,demand
3957,4462.39633488187,demand
3958,4105.197323879605,demand
3959,3781.319753983775,demand
3960,3502.9348027998303,demand
3961,3424.979581366486,demand
3962,3339.61163883454,demand
3963,3261.0711515713238,demand
3964,3370.6573991722607,demand
3965,3880.600007555492,demand
3966,4798.908556270773,demand
3967,5304.826342600266,demand
3968,5520.75436288859,demand
3969,5514.770696797582,demand
3970,5305.416113681335,demand
3971,5063.578783078582,demand
3972,4953.036066746653,demand
3973,4784.688095763011,demand
3974,4666.188318160008,demand
3975,4610.0454555534125,demand
3976,4817.703935361929,demand
3977,4772.766201149407,demand
3978,4644.445087120319,demand
3979,4547.868538935054,demand
3980,4458.954430616729,demand
3981,4186.129107555653,demand
3982,3958.775587446322,demand
3983,3683.822453299581,demand
3984,3399.712244201479,demand
3985,3279.123781016681,demand
3986,3168.374647453429,demand
3987,3046.170621002084,demand
3988,3018.95557276477,demand
3989,3201.238906256401,demand
3990,3736.847601901776,demand
3991,4103.819095468697,demand
3992,4391.30758914631,demand
3993,4456.552778550567,demand
3994,4256.213070044863,demand
3995,4046.929535153366,demand
3996,3980.381487238823,demand
3997,3879.543357697524,demand
3998,3835.226479877042,demand
3999,3929.3623513835482,demand
4000,4129.262773086139,demand
4001,4138.6969780409545,demand
4002,4082.484464922652,demand
4003,4079.238738975625,demand
4004,4062.2360845858757,demand
4005,3982.593131406442,demand
4006,3769.38476383331,demand
4007,3542.0615692401443,demand
4008,3276.045729077896,demand
4009,3137.5662374964213,demand
4010,3026.39479112732,demand
4011,2896.581943608912,demand
4012,2858.294162682885,demand
4013,3027.540181560409,demand
4014,3530.821676224552,demand
4015,3863.00334947972,demand
4016,4174.660122441172,demand
4017,4247.54105166473,demand
4018,4122.639073294415,demand
4019,3980.1025262164003,demand
4020,3932.174013317511,demand
4021,3820.975869083658,demand
4022,3775.096749430657,demand
4023,3874.024094498197,demand
4024,4102.922124241239,demand
4025,4160.358209521013,demand
4026,4164.022718906506,demand
4027,4211.682332749486,demand
4028,4164.712614013194,demand
4029,4025.841038397989,demand
4030,3770.960806018088,demand
4031,3522.4463322316888,demand
4032,3285.403798210619,demand
4033,3172.330831202418,demand
4034,3120.579662679891,demand
4035,3073.117987834083,demand
4036,3213.142623284202,demand
4037,3717.851402372371,demand
4038,4638.365732903656,demand
4039,5152.428487822183,demand
4040,5380.541104712186,demand
4041,5379.522321744149,demand
4042,5202.257451056425,demand
4043,5000.22146127925,demand
4044,4953.420372491897,demand
4045,4847.922105615685,demand
4046,4709.514608863708,demand
4047,4679.92842565107,demand
4048,4828.763247248495,demand
4049,4809.782623688547,demand
4050,4690.8092635260455,demand
4051,4643.843167442477,demand
4052,4553.544427955111,demand
4053,4375.786055036532,demand
4054,4034.554946712764,demand
4055,3691.540973324808,demand
4056,3408.051523264232,demand
4057,3309.96842659103,demand
4058,3208.623318801408,demand
4059,3130.49953099662,demand
4060,3236.062707393622,demand
4061,3772.4892215648742,demand
4062,4732.9763621670345,demand
4063,5214.770037425193,demand
4064,5416.816163149716,demand
4065,5400.800067743694,demand
4066,5229.456661125019,demand
4067,5031.591604594719,demand
4068,4992.313151233446,demand
4069,4873.458369018868,demand
4070,4749.973305885346,demand
4071,4713.171624251838,demand
4072,4822.852975655949,demand
4073,4751.558418501234,demand
4074,4678.227486093745,demand
4075,4643.664334124909,demand
4076,4574.469797317808,demand
4077,4424.518226717653,demand
4078,4084.1703437043498,demand
4079,3756.917144587339,demand
4080,3474.99735618698,demand
4081,3404.657469136496,demand
4082,3313.870512358832,demand
4083,3231.01175661375,demand
4084,3341.298722190551,demand
4085,3853.732244504103,demand
4086,4737.928494089181,demand
4087,5280.41223305162,demand
4088,5517.780520424914,demand
4089,5504.079708992145,demand
4090,5315.122125299986,demand
4091,5103.569214624284,demand
4092,5037.477366760313,demand
4093,4903.006393882989,demand
4094,4751.677977102941,demand
4095,4702.899553151907,demand
4096,4829.112896339859,demand
4097,4759.480931913404,demand
4098,4653.3958487468935,demand
4099,4638.2193864740275,demand
4100,4550.287265915255,demand
4101,4387.633164079357,demand
4102,4062.581497300621,demand
4103,3741.60183236696,demand
4104,3463.777149989664,demand
4105,3472.507997917606,demand
4106,3392.171235457894,demand
4107,3315.621929517174,demand
4108,3443.294452219405,demand
4109,3920.97524201534,demand
4110,4855.303915322276,demand
4111,5353.961459602394,demand
4112,5530.372849252693,demand
4113,5518.110108836422,demand
4114,5333.207999979258,demand
4115,5112.471179845052,demand
4116,5042.890516341261,demand
4117,4915.805741661254,demand
4118,4772.127514383063,demand
4119,4751.537428642694,demand
4120,4897.4590275326755,demand
4121,4828.671394658564,demand
4122,4732.383466851484,demand
4123,4721.534352296,demand
4124,4663.847037407688,demand
4125,4473.2345528681,demand
4126,4167.6362284279,demand
4127,3848.989453432903,demand
4128,3578.618434320494,demand
4129,3513.540861553546,demand
4130,3434.950196515091,demand
4131,3358.829437466252,demand
4132,3465.987717322063,demand
4133,3926.299117162143,demand
4134,4860.744790020539,demand
4135,5357.9296692478,demand
4136,5519.150212852573,demand
4137,5469.594534069485,demand
4138,5228.291469650028,demand
4139,4961.417720751799,demand
4140,4781.889573483336,demand
4141,4566.557907990693,demand
4142,4388.283636085875,demand
4143,4391.836223410495,demand
4144,4526.913108805507,demand
4145,4497.726881396025,demand
4146,4453.271892574753,demand
4147,4458.088044194982,demand
4148,4375.014378972618,demand
4149,4261.614020691738,demand
4150,4063.1759993187216,demand
4151,3765.187554420394,demand
4152,3480.8121674807135,demand
4153,3291.498158006814,demand
4154,3187.07279255689,demand
4155,3070.6522377038673,demand
4156,3049.10924012861,demand
4157,3198.657111257408,demand
4158,3695.09984027825,demand
4159,4032.074415052581,demand
4160,4352.938184007702,demand
4161,4416.58159621581,demand
4162,4220.290961158966,demand
4163,4021.697016471944,demand
4164,3929.924353871413,demand
4165,3832.648989787609,demand
4166,3768.571180019294,demand
4167,3842.785388557053,demand
4168,4037.4682549341887,demand
4169,4036.199846700725,demand
4170,4022.4657639326415,demand
4171,4042.664567217513,demand
4172,4000.897777761257,demand
4173,3947.3438884359784,demand
4174,3798.107615976566,demand
4175,3547.403717211237,demand
4176,3287.014830658545,demand
4177,3074.894569235615,demand
4178,2966.5431132048298,demand
4179,2839.165489082013,demand
4180,2840.2101098648964,demand
4181,2973.255570129905,demand
4182,3470.809138756365,demand
4183,3805.617347592293,demand
4184,4120.281476268156,demand
4185,4201.03765177738,demand
4186,4058.245080581324,demand
4187,3896.557929030701,demand
4188,3839.0172870364886,demand
4189,3755.0585772041923,demand
4190,3713.319432768848,demand
4191,3806.765826147795,demand
4192,4053.112108630238,demand
4193,4114.700609498547,demand
4194,4113.938794580291,demand
4195,4147.179725854035,demand
4196,4111.916219789155,demand
4197,4000.2161865674198,demand
4198,3785.520703923711,demand
4199,3522.696595204958,demand
4200,3297.0919438387236,demand
4201,3192.121574261151,demand
4202,3110.841301100019,demand
4203,3033.649888778127,demand
4204,3174.938675469407,demand
4205,3660.629701780038,demand
4206,4579.20485590434,demand
4207,5104.082257866414,demand
4208,5323.900133010402,demand
4209,5312.046407033033,demand
4210,5130.290651927888,demand
4211,4948.2351392477885,demand
4212,4912.610488052078,demand
4213,4820.993211291122,demand
4214,4705.483697344722,demand
4215,4650.253711597052,demand
4216,4795.86915729713,demand
4217,4747.276000764226,demand
4218,4659.815431139468,demand
4219,4635.044302528322,demand
4220,4564.673371198359,demand
4221,4400.9965400107685,demand
4222,4080.481194202802,demand
4223,3762.329433477773,demand
4224,3494.9403729992446,demand
4225,3381.700444763779,demand
4226,3279.801661603631,demand
4227,3198.227653688321,demand
4228,3327.425790683773,demand
4229,3820.045493432869,demand
4230,4746.330357815113,demand
4231,5232.132143070261,demand
4232,5390.717417577928,demand
4233,5356.280028443115,demand
4234,5193.625139129438,demand
4235,5023.09754481081,demand
4236,4952.288223676095,demand
4237,4849.272412472326,demand
4238,4754.388104633416,demand
4239,4701.523819649499,demand
4240,4825.603551416433,demand
4241,4783.209105164991,demand
4242,4682.592306754554,demand
4243,4672.204495022516,demand
4244,4561.07568368438,demand
4245,4408.35573660888,demand
4246,4109.116417032108,demand
4247,3764.386181031601,demand
4248,3519.45464096088,demand
4249,3593.333290260657,demand
4250,3515.582797148331,demand
4251,3451.982408524609,demand
4252,3578.5623574595447,demand
4253,4026.964262985161,demand
4254,4941.398934034368,demand
4255,5392.3023485771555,demand
4256,5551.648009001161,demand
4257,5519.739587890216,demand
4258,5296.988948813392,demand
4259,5053.9880286456955,demand
4260,4960.059103072039,demand
4261,4854.532935209472,demand
4262,4703.619132286241,demand
4263,4669.59226347219,demand
4264,4808.73680170602,demand
4265,4772.831938111148,demand
4266,4678.292448587154,demand
4267,4686.370929355636,demand
4268,4597.734796788447,demand
4269,4439.149695469998,demand
4270,4126.711705837878,demand
4271,3781.803962059783,demand
4272,3511.191786490759,demand
4273,3375.916224749296,demand
4274,3290.998656279579,demand
4275,3211.0176380772136,demand
4276,3345.2906585059372,demand
4277,3807.5428574116477,demand
4278,4739.09216426537,demand
4279,5240.433367478319,demand
4280,5425.205793671474,demand
4281,5397.970183545192,demand
4282,5191.356800824939,demand
4283,4970.960981910694,demand
4284,4881.341386840379,demand
4285,4761.242502069135,demand
4286,4611.810644368103,demand
4287,4586.740914155756,demand
4288,4717.330219534904,demand
4289,4680.417546035582,demand
4290,4631.793734122237,demand
4291,4647.644066864808,demand
4292,4566.515936644383,demand
4293,4392.204042643654,demand
4294,4053.201491671536,demand
4295,3726.951538813135,demand
4296,3450.5528672363357,demand
4297,3317.3227937673482,demand
4298,3230.227932923756,demand
4299,3158.026314572429,demand
4300,3280.318628319114,demand
4301,3734.387917904514,demand
4302,4659.996841545018,demand
4303,5154.959890745868,demand
4304,5332.126231363014,demand
4305,5290.55363539196,demand
4306,5078.697874848876,demand
4307,4807.631878879255,demand
4308,4650.667513046762,demand
4309,4460.882238287867,demand
4310,4304.795929319057,demand
4311,4312.419489224828,demand
4312,4466.9777742186,demand
4313,4448.585279166481,demand
4314,4397.065889693253,demand
4315,4391.44033773821,demand
4316,4308.05017380386,demand
4317,4174.640513179485,demand
4318,3882.274891983621,demand
4319,3595.612789586059,demand
4320,3304.144777048541,demand
4321,3120.767889653971,demand
4322,3003.691625995062,demand
4323,2881.5065260618544,demand
4324,2891.1842515638114,demand
4325,3062.723595816707,demand
4326,3580.626948938082,demand
4327,3939.85324431641,demand
4328,4264.218294726624,demand
4329,4350.979234186343,demand
4330,4215.51357250551,demand
4331,4074.005610848737,demand
4332,4004.724636343069,demand
4333,3914.30318119694,demand
4334,3921.023632488509,demand
4335,3992.956753229213,demand
4336,4113.557207590779,demand
4337,4105.373776936523,demand
4338,4063.1709957887942,demand
4339,4054.468712146748,demand
4340,4038.555970486824,demand
4341,3952.7088102797143,demand
4342,3725.5540162074158,demand
4343,3484.78749562939,demand
4344,3239.129088029166,demand
4345,3175.344734170943,demand
4346,3081.604844650432,demand
4347,2963.8797467319378,demand
4348,2983.922381856738,demand
4349,3012.702924479654,demand
4350,3467.192023950637,demand
4351,3788.494157012596,demand
4352,4108.528036822172,demand
4353,4208.486710984494,demand
4354,4109.814283144457,demand
4355,3961.772599168774,demand
4356,3943.511771917375,demand
4357,3884.195275490442,demand
4358,3860.132020028265,demand
4359,3961.3620800859044,demand
4360,4160.164089846144,demand
4361,4222.450078259528,demand
4362,4175.47962085522,demand
4363,4208.538885921562,demand
4364,4183.302928809751,demand
4365,4104.630467876946,demand
4366,3858.8839014597706,demand
4367,3587.731331602212,demand
4368,3382.790753628862,demand
4369,3394.62241685045,demand
4370,3343.410574465085,demand
4371,3292.606183603002,demand
4372,3448.6526284000392,demand
4373,3765.730078081922,demand
4374,4592.136092372391,demand
4375,5129.410102282112,demand
4376,5392.9636291377665,demand
4377,5410.278421970703,demand
4378,5198.663871594243,demand
4379,4998.162038914218,demand
4380,4927.119422554349,demand
4381,4830.862933660815,demand
4382,4706.272847763723,demand
4383,4659.072796795864,demand
4384,4787.764585714894,demand
4385,4756.391206902881,demand
4386,4662.899153541751,demand
4387,4650.114183031358,demand
4388,4566.44813082602,demand
4389,4420.665237139923,demand
4390,4112.53751997572,demand
4391,3784.29985122808,demand
4392,3520.2426374120932,demand
4393,3446.1423134925512,demand
4394,3356.468279530619,demand
4395,3280.2078309122,demand
4396,3413.449087653814,demand
4397,3724.3251835728443,demand
4398,4584.53350086119,demand
4399,5086.266562606469,demand
4400,5314.193712684716,demand
4401,5338.998065244302,demand
4402,5144.345766310189,demand
4403,4914.066456809911,demand
4404,4832.359906753641,demand
4405,4772.716536095174,demand
4406,4663.313599107873,demand
4407,4643.344815571467,demand
4408,4800.589195247465,demand
4409,4746.073929789872,demand
4410,4662.55103344754,demand
4411,4643.935639413125,demand
4412,4551.884810518937,demand
4413,4440.310052526253,demand
4414,4157.407137101053,demand
4415,3839.562198393827,demand
4416,3574.2358657528084,demand
4417,3490.2324442122845,demand
4418,3407.13448080354,demand
4419,3317.037515377047,demand
4420,3425.135827108485,demand
4421,3722.0759924654267,demand
4422,4601.375802430868,demand
4423,5198.890616405791,demand
4424,5492.665784016164,demand
4425,5583.381691465596,demand
4426,5416.155603660651,demand
4427,5206.421700110972,demand
4428,5129.682149623304,demand
4429,5035.045562090462,demand
4430,4903.381532953529,demand
4431,4867.822973215924,demand
4432,5108.247671062663,demand
4433,5008.883534768435,demand
4434,4907.413261414007,demand
4435,4883.341921336367,demand
4436,4768.471589391442,demand
4437,4493.710469394181,demand
4438,4213.48144286757,demand
4439,3870.016745172989,demand
4440,3589.959065925609,demand
4441,3470.134752924576,demand
4442,3371.9362422172753,demand
4443,3267.6334413580926,demand
4444,3363.247938683498,demand
4445,3674.7649124518366,demand
4446,4483.0421973797565,demand
4447,4967.626552665736,demand
4448,5230.687425690391,demand
4449,5222.4661881542615,demand
4450,4999.439924461214,demand
4451,4754.4707241658725,demand
4452,4652.631151623849,demand
4453,4548.217367633581,demand
4454,4416.089214190979,demand
4455,4392.628466611693,demand
4456,4528.586334302802,demand
4457,4521.594651112292,demand
4458,4476.82082997652,demand
4459,4494.387152981347,demand
4460,4427.103596070614,demand
4461,4314.305757509885,demand
4462,4010.3475533863093,demand
4463,3699.076245880474,demand
4464,3423.621868511815,demand
4465,3357.612799784244,demand
4466,3267.83189664791,demand
4467,3191.516240993632,demand
4468,3244.1882381162004,demand
4469,3497.1789549518753,demand
4470,4541.163929397796,demand
4471,5075.438211824588,demand
4472,5337.906906329319,demand
4473,5399.563910616708,demand
4474,5210.007226489256,demand
4475,4903.520090149056,demand
4476,4716.888795735947,demand
4477,4525.559036231951,demand
4478,4342.009140520442,demand
4479,4339.277332433061,demand
4480,4530.718436487994,demand
4481,4506.783915072461,demand
4482,4432.139600880091,demand
4483,4372.6562834409415,demand
4484,4293.162139067144,demand
4485,4214.0711532740825,demand
4486,4008.567563276435,demand
4487,3748.7000014521736,demand
4488,3455.204691974529,demand
4489,3372.0775647043974,demand
4490,3257.2139224401617,demand
4491,3144.394611607478,demand
4492,3136.2852686338156,demand
4493,3194.3988735586818,demand
4494,3684.972716594367,demand
4495,4061.866157181502,demand
4496,4373.10435966967,demand
4497,4422.04955118569,demand
4498,4241.470534198139,demand
4499,4059.676908101359,demand
4500,3934.1070142238814,demand
4501,3814.5651801235426,demand
4502,3763.033506375638,demand
4503,3856.743615860317,demand
4504,4073.959588734691,demand
4505,4073.691503130497,demand
4506,4046.957556492675,demand
4507,4043.830445552952,demand
4508,4031.9581327658852,demand
4509,3987.4865675382516,demand
4510,3801.005728250958,demand
4511,3532.356298134872,demand
4512,3263.312390654417,demand
4513,3199.985974963794,demand
4514,3103.785915906788,demand
4515,3005.542762713735,demand
4516,3015.970263145293,demand
4517,3103.632905522517,demand
4518,3600.610521030687,demand
4519,3950.6244323969167,demand
4520,4239.829671791202,demand
4521,4271.533561002326,demand
4522,4092.496997375331,demand
4523,3898.530909740344,demand
4524,3801.5906766473454,demand
4525,3694.3034553382777,demand
4526,3671.52245192511,demand
4527,3768.880030421009,demand
4528,4040.056130132195,demand
4529,4120.536220080243,demand
4530,4111.326589427884,demand
4531,4155.111524522577,demand
4532,4137.7025324380265,demand
4533,4047.335003685357,demand
4534,3805.405371117551,demand
4535,3541.8594842104394,demand
4536,3305.563828412086,demand
4537,3193.277381358578,demand
4538,3128.8990101293402,demand
4539,3073.791163441951,demand
4540,3207.786621069637,demand
4541,3605.675426395891,demand
4542,4458.33770063331,demand
4543,4956.720665331014,demand
4544,5190.762551683742,demand
4545,5194.416326847807,demand
4546,4978.764817792477,demand
4547,4738.474200989793,demand
4548,4637.620717729649,demand
4549,4518.089069988398,demand
4550,4418.910130477497,demand
4551,4389.595621699113,demand
4552,4561.650637071519,demand
4553,4541.029847713987,demand
4554,4459.800718110984,demand
4555,4444.983957923652,demand
4556,4368.037720989678,demand
4557,4265.17275172113,demand
4558,3960.576276041573,demand
4559,3649.1561016608352,demand
4560,3387.73111111181,demand
4561,3309.1742223807987,demand
4562,3237.910959777708,demand
4563,3181.477086599603,demand
4564,3287.68434971147,demand
4565,3680.242467739289,demand
4566,4507.632333385627,demand
4567,4988.6945815610125,demand
4568,5199.529377284138,demand
4569,5174.15759124764,demand
4570,4930.21554366825,demand
4571,4696.8040113498755,demand
4572,4594.363670696892,demand
4573,4489.948582803016,demand
4574,4377.930846390881,demand
4575,4347.502962648317,demand
4576,4502.227675192093,demand
4577,4500.691172931333,demand
4578,4446.954499621187,demand
4579,4451.0109413661885,demand
4580,4399.895724861348,demand
4581,4267.371703237989,demand
4582,3967.488706134687,demand
4583,3661.6660028393953,demand
4584,3385.9395570214965,demand
4585,3311.346782024307,demand
4586,3234.670795770856,demand
4587,3171.991117877292,demand
4588,3263.675946686826,demand
4589,3667.4046964664167,demand
4590,4465.22115763217,demand
4591,4925.827368294895,demand
4592,5198.799644638635,demand
4593,5206.705026210101,demand
4594,4990.811823588621,demand
4595,4773.093068019797,demand
4596,4705.418645205093,demand
4597,4616.028477709031,demand
4598,4495.333640242459,demand
4599,4485.1163103355375,demand
4600,4628.713540935658,demand
4601,4567.91778180305,demand
4602,4492.5208943606285,demand
4603,4461.131893717308,demand
4604,4369.772523147035,demand
4605,4214.452532522745,demand
4606,3881.1639946564283,demand
4607,3620.4024968046688,demand
4608,3349.591183935051,demand
4609,3228.115996224446,demand
4610,3146.902422901367,demand
4611,3084.1317050541247,demand
4612,3113.538868562056,demand
4613,3439.871076380112,demand
4614,4402.456327854685,demand
4615,4940.576723545505,demand
4616,5157.818386683659,demand
4617,5156.477138890843,demand
4618,4956.820365497655,demand
4619,4730.178019407502,demand
4620,4652.852025939734,demand
4621,4545.831917848996,demand
4622,4440.563848978125,demand
4623,4403.16385946278,demand
4624,4518.367176854041,demand
4625,4479.852781819334,demand
4626,4393.066923503954,demand
4627,4375.422099241313,demand
4628,4323.814895171364,demand
4629,4194.574835335644,demand
4630,3831.772438257005,demand
4631,3568.23867233537,demand
4632,3293.735284647876,demand
4633,3240.407892871513,demand
4634,3154.080454539371,demand
4635,3093.03210653405,demand
4636,3127.368861908653,demand
4637,3556.361162877127,demand
4638,4335.320073029527,demand
4639,4831.167724539465,demand
4640,5061.2506828485075,demand
4641,5072.450585315139,demand
4642,4839.302547710424,demand
4643,4547.528237023051,demand
4644,4378.063874535471,demand
4645,4196.5252127750555,demand
4646,4044.395435059689,demand
4647,4061.4782081471913,demand
4648,4219.691964423901,demand
4649,4222.2552107177835,demand
4650,4158.096639331363,demand
4651,4116.997458776988,demand
4652,4046.66319494598,demand
4653,3988.6427718463483,demand
4654,3702.789155285447,demand
4655,3490.878792791706,demand
4656,3204.3987568731463,demand
4657,3164.287378615789,demand
4658,3055.945273760617,demand
4659,2956.283953301866,demand
4660,2867.650523418433,demand
4661,3021.0647332245007,demand
4662,3485.3993001465687,demand
4663,3883.8561372748873,demand
4664,4279.0027636641225,demand
4665,4338.861044668267,demand
4666,4138.967586725052,demand
4667,3927.890303790197,demand
4668,3805.481567657822,demand
4669,3686.919745618087,demand
4670,3633.1123360716383,demand
4671,3695.4083504310256,demand
4672,3889.774470871669,demand
4673,3922.99975808844,demand
4674,3892.5508048635847,demand
4675,3912.564701700516,demand
4676,3905.6904386667657,demand
4677,3856.343092310993,demand
4678,3612.998950717212,demand
4679,3419.242042512653,demand
4680,3161.645080074445,demand
4681,3094.742915618715,demand
4682,2991.494061304616,demand
4683,2892.640755631663,demand
4684,2789.0721963928227,demand
4685,2921.7700512948795,demand
4686,3364.6084631910817,demand
4687,3748.3039089918193,demand
4688,4123.916137280708,demand
4689,4184.914714065386,demand
4690,4028.529402843945,demand
4691,3857.600436404026,demand
4692,3760.688567577993,demand
4693,3668.6448785545263,demand
4694,3637.586266233997,demand
4695,3723.07256058848,demand
4696,3971.09264685362,demand
4697,4042.30780377171,demand
4698,4027.9829197321287,demand
4699,4067.169180504325,demand
4700,4052.806467776316,demand
4701,3966.373147705629,demand
4702,3653.9257149080922,demand
4703,3450.8990623212594,demand
4704,3217.524981900588,demand
4705,3093.724918793583,demand
4706,3023.8767986508683,demand
4707,2971.777959114572,demand
4708,2982.293027596882,demand
4709,3408.0276584619323,demand
4710,4214.73372012232,demand
4711,4758.634204101571,demand
4712,5082.770032036018,demand
4713,5101.4602466648685,demand
4714,4890.241078596988,demand
4715,4670.30229516693,demand
4716,4583.324983067112,demand
4717,4479.116834819133,demand
4718,4361.067772320623,demand
4719,4325.356679400249,demand
4720,4470.594015132976,demand
4721,4457.4958375888245,demand
4722,4380.73751228445,demand
4723,4366.70133102588,demand
4724,4295.252996376979,demand
4725,4191.670572230826,demand
4726,3829.8550752504307,demand
4727,3576.95167243598,demand
4728,3310.374088806966,demand
4729,3221.115224171434,demand
4730,3137.324772374549,demand
4731,3082.044196774673,demand
4732,3078.885989868329,demand
4733,3515.051643751909,demand
4734,4304.712710310359,demand
4735,4813.697184899239,demand
4736,5080.003808355456,demand
4737,5091.9545701973,demand
4738,4876.888074931724,demand
4739,4653.959755908405,demand
4740,4577.36629217506,demand
4741,4500.817778070004,demand
4742,4389.136856020323,demand
4743,4357.474968038653,demand
4744,4485.895594622579,demand
4745,4460.1200384285985,demand
4746,4390.889434362643,demand
4747,4386.780886628396,demand
4748,4313.36670341983,demand
4749,4200.941211020832,demand
4750,3844.062016951241,demand
4751,3579.701174984011,demand
4752,3305.193588269854,demand
4753,3195.9703456874768,demand
4754,3117.0810450108766,demand
4755,3056.006939158105,demand
4756,3049.639132902974,demand
4757,3494.804426749314,demand
4758,4306.3379594970975,demand
4759,4802.148038367168,demand
4760,5040.426473503448,demand
4761,5049.971142682509,demand
4762,4845.88222018636,demand
4763,4639.01945156946,demand
4764,4577.1765959253225,demand
4765,4506.945807395171,demand
4766,4391.529691973043,demand
4767,4393.667279023315,demand
4768,4543.845021426304,demand
4769,4503.82772268854,demand
4770,4417.614574202587,demand
4771,4385.433800256792,demand
4772,4316.368859191368,demand
4773,4176.839160341633,demand
4774,3836.9739516898558,demand
4775,3575.2547971257873,demand
4776,3309.2833547196396,demand
4777,3230.4896661334787,demand
4778,3144.775831651038,demand
4779,3081.261583861004,demand
4780,3067.815100240236,demand
4781,3411.48078761537,demand
4782,4286.213460356492,demand
4783,4840.266709355745,demand
4784,5110.349305320153,demand
4785,5117.650386473344,demand
4786,4915.38756174503,demand
4787,4714.312759804548,demand
4788,4640.567607151017,demand
4789,4526.555982507962,demand
4790,4399.604136049412,demand
4791,4366.847397526055,demand
4792,4467.528249012723,demand
4793,4422.801644499663,demand
4794,4357.064270030758,demand
4795,4363.651801761927,demand
4796,4298.405348798079,demand
4797,4158.751623684547,demand
4798,3805.7517437283386,demand
4799,3528.643836685553,demand
4800,3252.3333835486774,demand
4801,3158.469444039264,demand
4802,3073.335871931375,demand
4803,3014.801386631109,demand
4804,3000.52422571877,demand
4805,3351.674371819725,demand
4806,4196.257064258654,demand
4807,4758.925785156492,demand
4808,5057.154119173928,demand
4809,5068.396342010246,demand
4810,4835.825658545173,demand
4811,4585.13803049044,demand
4812,4426.358283399622,demand
4813,4264.688885720681,demand
4814,4158.785696660358,demand
4815,4165.193902129631,demand
4816,4339.868054984682,demand
4817,4344.438973694166,demand
4818,4224.93079567936,demand
4819,4163.86445014649,demand
4820,4080.591599498054,demand
4821,3943.592012194668,demand
4822,3670.260430658776,demand
4823,3451.847848470261,demand
4824,3174.265263740441,demand
4825,3121.510997191179,demand
4826,3012.0079997485027,demand
4827,2917.213387619057,demand
4828,2803.3086579636406,demand
4829,2855.5283374785013,demand
4830,3386.706906555044,demand
4831,3808.926159542077,demand
4832,4122.6522269968145,demand
4833,4224.835013440664,demand
4834,4049.136420944259,demand
4835,3894.336995211228,demand
4836,3805.5059168321172,demand
4837,3714.317422426888,demand
4838,3672.819132765311,demand
4839,3742.473100088936,demand
4840,3897.8932210444323,demand
4841,3921.360355735672,demand
4842,3873.826456931078,demand
4843,3889.969598201098,demand
4844,3860.557359932356,demand
4845,3805.096936448726,demand
4846,3557.443537522444,demand
4847,3353.3425666994117,demand
4848,3091.4823617585307,demand
4849,3062.673700875886,demand
4850,2957.690913110344,demand
4851,2859.560332875194,demand
4852,2747.9497377913694,demand
4853,2782.77179326236,demand
4854,3291.6256556917797,demand
4855,3706.2518662150187,demand
4856,4049.8069473200308,demand
4857,4141.243576351245,demand
4858,4053.867896626968,demand
4859,3931.4220491235164,demand
4860,3884.630791874745,demand
4861,3839.294444895543,demand
4862,3895.344353036059,demand
4863,4052.21573006804,demand
4864,4309.93684682527,demand
4865,4337.255519829105,demand
4866,4311.213133481928,demand
4867,4255.296935589476,demand
4868,4122.459291888857,demand
4869,3924.539879269075,demand
4870,3633.1208584136393,demand
4871,3429.30974396474,demand
4872,3211.468345579586,demand
4873,3058.755738055265,demand
4874,2976.316055181921,demand
4875,2919.445014849768,demand
4876,2920.915521856725,demand
4877,3283.4209079861976,demand
4878,4107.250306098958,demand
4879,4658.25803125894,demand
4880,4939.407054304488,demand
4881,4951.00366679938,demand
4882,4773.515577975735,demand
4883,4577.039334304488,demand
4884,4513.8935509827315,demand
4885,4407.245488344045,demand
4886,4310.280978563322,demand
4887,4284.956529906038,demand
4888,4425.123991329333,demand
4889,4428.244320062886,demand
4890,4379.725186510732,demand
4891,4367.169250535018,demand
4892,4291.462563993009,demand
4893,4152.208662445072,demand
4894,3789.2201655505614,demand
4895,3503.851226639521,demand
4896,3223.929118427577,demand
4897,3147.0053719477964,demand
4898,3055.610721401987,demand
4899,2999.592598896116,demand
4900,3002.320629579745,demand
4901,3352.366629731083,demand
4902,4184.087173919824,demand
4903,4715.335290215925,demand
4904,4978.927511464036,demand
4905,4993.722392477095,demand
4906,4811.624835315453,demand
4907,4612.4051085682495,demand
4908,4534.386475848776,demand
4909,4439.906266959588,demand
4910,4339.63961430276,demand
4911,4317.357121551399,demand
4912,4436.655860599567,demand
4913,4434.322732315059,demand
4914,4392.294312743744,demand
4915,4384.396961733948,demand
4916,4323.103644011448,demand
4917,4201.592284090926,demand
4918,3859.04560823714,demand
4919,3599.340021218216,demand
4920,3335.2495981569955,demand
4921,3251.783267494218,demand
4922,3161.060287716182,demand
4923,3095.7502911001966,demand
4924,3095.537828621379,demand
4925,3429.225984011564,demand
4926,4206.764508371013,demand
4927,4719.0885961689,demand
4928,4979.548311081313,demand
4929,4995.654358447104,demand
4930,4825.496288699545,demand
4931,4639.211357420537,demand
4932,4580.447697930888,demand
4933,4485.900110223876,demand
4934,4387.286713364904,demand
4935,4350.248077695827,demand
4936,4451.143957518665,demand
4937,4439.896897651251,demand
4938,4391.988993976108,demand
4939,4389.696282753167,demand
4940,4328.080391911665,demand
4941,4203.618657415739,demand
4942,3854.953214397581,demand
4943,3584.149469585594,demand
4944,3315.070073658295,demand
4945,3231.986640182694,demand
4946,3119.776539736125,demand
4947,3015.689810542778,demand
4948,3003.039129529504,demand
4949,3354.665777606514,demand
4950,4194.813112114742,demand
4951,4738.364793497997,demand
4952,5001.119522929415,demand
4953,5000.967209700555,demand
4954,4828.9712284803645,demand
4955,4647.86318444971,demand
4956,4584.507446092352,demand
4957,4498.1649368374265,demand
4958,4400.634572016278,demand
4959,4365.651716616256,demand
4960,4454.027171930623,demand
4961,4450.083033586543,demand
4962,4404.712972738515,demand
4963,4400.614320645567,demand
4964,4339.613430249532,demand
4965,4222.090162607423,demand
4966,3867.386862823563,demand
4967,3607.066636393549,demand
4968,3345.7899344233588,demand
4969,3249.406828194665,demand
4970,3146.598344088753,demand
4971,3077.538159327386,demand
4972,2954.483653676076,demand
4973,3388.8191390737375,demand
4974,4156.661425719751,demand
4975,4674.54200753052,demand
4976,4947.358865014349,demand
4977,4969.690174995765,demand
4978,4803.732866138424,demand
4979,4607.722944701955,demand
4980,4474.182524247289,demand
4981,4306.292102584807,demand
4982,4182.247268048862,demand
4983,4150.148796469085,demand
4984,4250.213423826466,demand
4985,4254.517518095084,demand
4986,4188.669687159632,demand
4987,4116.832078024678,demand
4988,4076.5623301149963,demand
4989,4011.3660155967536,demand
4990,3755.208809028034,demand
4991,3533.998374599779,demand
4992,3256.6361934171064,demand
4993,3160.695697482788,demand
4994,3046.4644169666517,demand
4995,2956.567459972908,demand
4996,2859.258444078781,demand
4997,2887.530064220336,demand
4998,3334.7634215905828,demand
4999,3758.91269273284,demand
5000,4082.556854606913,demand
5001,4160.207504394797,demand
5002,4030.5373522804966,demand
5003,3875.502848881598,demand
5004,3767.5643045458346,demand
5005,3688.029934717524,demand
5006,3652.3515095297707,demand
5007,3699.524613278767,demand
5008,3865.303968860372,demand
5009,3914.2862116240894,demand
5010,3847.6800128463956,demand
5011,3828.6967112692,demand
5012,3857.759425439645,demand
5013,3815.4784306451465,demand
5014,3574.660777874241,demand
5015,3374.072239535858,demand
5016,3124.328869383426,demand
5017,3029.046488185223,demand
5018,2911.8973155532276,demand
5019,2815.730637261471,demand
5020,2720.3274981436634,demand
5021,2733.6031575926363,demand
5022,3154.547624919205,demand
5023,3529.07218515692,demand
5024,3876.1344606578023,demand
5025,3968.132271418042,demand
5026,3859.7204142461287,demand
5027,3751.202997832652,demand
5028,3699.121616827539,demand
5029,3618.6417149097233,demand
5030,3619.069376586396,demand
5031,3696.6349357117424,demand
5032,3922.72397955655,demand
5033,4013.2899013141696,demand
5034,4001.363136257268,demand
5035,3998.845136163718,demand
5036,4004.757815465276,demand
5037,3911.257114966632,demand
5038,3621.218273823505,demand
5039,3411.3990249740027,demand
5040,3180.530059259491,demand
5041,3074.260704678468,demand
5042,2990.8362671953982,demand
5043,2939.190714957822,demand
5044,2961.776082422165,demand
5045,3285.800491800557,demand
5046,4086.988370170444,demand
5047,4629.297953486447,demand
5048,4925.888490976216,demand
5049,4965.915633197283,demand
5050,4817.600438315644,demand
5051,4634.719539282143,demand
5052,4577.469363838872,demand
5053,4491.354615113392,demand
5054,4386.3343712628,demand
5055,4344.98394860174,demand
5056,4507.841028310593,demand
5057,4492.288328169071,demand
5058,4410.216823451123,demand
5059,4392.455897977133,demand
5060,4345.457999411286,demand
5061,4109.6406238694435,demand
5062,3778.173437368207,demand
5063,3487.3780873329833,demand
5064,3175.88214661524,demand
5065,3197.2573599439847,demand
5066,3102.728127691661,demand
5067,3055.4116903759714,demand
5068,3078.5646985473686,demand
5069,3465.4257617180738,demand
5070,4256.948053534246,demand
5071,4794.049276047845,demand
5072,5045.409214356329,demand
5073,5088.579605544364,demand
5074,4905.9520181539665,demand
5075,4715.492769186085,demand
5076,4608.821282320925,demand
5077,4537.566894522337,demand
5078,4411.982453268254,demand
5079,4388.631470935303,demand
5080,4539.884037023852,demand
5081,4539.090043564947,demand
5082,4418.491313319486,demand
5083,4381.559344752731,demand
5084,4379.071195979035,demand
5085,4115.569152878965,demand
5086,3789.066973517765,demand
5087,3528.878133119334,demand
5088,3261.55180096117,demand
5089,3293.497098105325,demand
5090,3211.4688593649225,demand
5091,3179.129208735578,demand
5092,3228.3143945007073,demand
5093,3544.559849567129,demand
5094,4505.260695340952,demand
5095,5029.998131233773,demand
5096,5327.121988758556,demand
5097,5387.415486170959,demand
5098,5197.975399128622,demand
5099,4976.659375247706,demand
5100,4891.626382449043,demand
5101,4781.036830489146,demand
5102,4631.5195604282235,demand
5103,4591.999347898275,demand
5104,4740.1885203854945,demand
5105,4672.657422952002,demand
5106,4549.418367942071,demand
5107,4495.224460485537,demand
5108,4497.518047264366,demand
5109,4312.62674235413,demand
5110,3911.629518675988,demand
5111,3636.84352174789,demand
5112,3371.190476854533,demand
5113,3236.9603790744604,demand
5114,3156.430512675409,demand
5115,3122.7274715634708,demand
5116,3172.18951343157,demand
5117,3435.384738799937,demand
5118,4360.215475073121,demand
5119,4905.482054427025,demand
5120,5189.378882652634,demand
5121,5240.305648748943,demand
5122,5049.674530507051,demand
5123,4852.444911900406,demand
5124,4799.651995262043,demand
5125,4685.027009358945,demand
5126,4568.964752283192,demand
5127,4538.190538575489,demand
5128,4667.251175991948,demand
5129,4603.866879622702,demand
5130,4493.351413480115,demand
5131,4480.507534280783,demand
5132,4472.089337275014,demand
5133,4283.779614417367,demand
5134,3873.0703904910324,demand
5135,3592.3767109638347,demand
5136,3324.3015532868676,demand
5137,3213.514322401932,demand
5138,3125.817284342811,demand
5139,3095.065073662865,demand
5140,3144.559769313536,demand
5141,3390.766878516475,demand
5142,4300.058733695767,demand
5143,4847.808431993984,demand
5144,5131.983956637444,demand
5145,5171.826059729603,demand
5146,4954.0578764972615,demand
5147,4726.6782489027155,demand
5148,4575.370814837734,demand
5149,4370.218666548132,demand
5150,4218.478880873522,demand
5151,4233.488060011787,demand
5152,4384.652038437491,demand
5153,4329.473890358194,demand
5154,4236.908669468699,demand
5155,4175.924618743222,demand
5156,4177.150878099749,demand
5157,4043.936346067929,demand
5158,3713.3754710687217,demand
5159,3473.4716929417327,demand
5160,3190.994265449795,demand
5161,3146.0600292253857,demand
5162,3042.4771670597383,demand
5163,2977.515078884418,demand
5164,2929.4885267172967,demand
5165,2935.7300975431795,demand
5166,3506.256119198427,demand
5167,3935.9141244416705,demand
5168,4299.337635784606,demand
5169,4420.709112430381,demand
5170,4258.462747528574,demand
5171,4074.640075219617,demand
5172,3993.0697682197715,demand
5173,3871.206844076973,demand
5174,3816.296890278244,demand
5175,3914.7882911637616,demand
5176,4122.022994083082,demand
5177,4121.009714208865,demand
5178,4024.972894987464,demand
5179,4020.5404150671548,demand
5180,4089.6988836639057,demand
5181,3934.7424930567972,demand
5182,3640.527535568704,demand
5183,3429.808450407543,demand
5184,3175.731603834519,demand
5185,3053.754085534677,demand
5186,2948.689530967714,demand
5187,2881.773174152374,demand
5188,2832.2897232923415,demand
5189,2850.1528551815063,demand
5190,3381.931309438005,demand
5191,3795.12039656554,demand
5192,4161.093243199026,demand
5193,4255.415152116586,demand
5194,4124.731473394145,demand
5195,3985.585170051544,demand
5196,3927.793695129293,demand
5197,3825.255724788648,demand
5198,3791.961032428352,demand
5199,3876.661140171705,demand
5200,4140.712502906519,demand
5201,4187.950726647353,demand
5202,4143.372925218811,demand
5203,4189.780201615291,demand
5204,4204.491440663501,demand
5205,4002.294151335107,demand
5206,3653.724584442657,demand
5207,3431.7564428989062,demand
5208,3212.3238159536368,demand
5209,3088.440263238783,demand
5210,3018.0925409449046,demand
5211,2997.797079696626,demand
5212,3074.477648799017,demand
5213,3417.706500505651,demand
5214,4286.515977881565,demand
5215,4856.249966118108,demand
5216,5140.151045152676,demand
5217,5209.56216219814,demand
5218,5017.467455293445,demand
5219,4825.952584491489,demand
5220,4798.911416748709,demand
5221,4679.357411985933,demand
5222,4568.337726703497,demand
5223,4496.3110303500525,demand
5224,4658.669554331764,demand
5225,4640.979207059905,demand
5226,4513.861767947836,demand
5227,4475.012380601316,demand
5228,4450.969722071759,demand
5229,4249.2151067076875,demand
5230,3831.5314287224237,demand
5231,3550.2405084795128,demand
5232,3291.6173825844817,demand
5233,3237.1006177739473,demand
5234,3151.59211146639,demand
5235,3126.628572299836,demand
5236,3196.5224217564737,demand
5237,3515.418410947492,demand
5238,4363.546615884477,demand
5239,4918.521484826153,demand
5240,5221.292367428647,demand
5241,5272.52515520666,demand
5242,5081.004593389932,demand
5243,4901.245989086451,demand
5244,4855.950525100245,demand
5245,4754.930577985525,demand
5246,4614.838392681243,demand
5247,4587.622704537263,demand
5248,4731.236487388611,demand
5249,4655.636890251278,demand
5250,4524.614121519342,demand
5251,4494.995033707103,demand
5252,4493.916529380807,demand
5253,4280.36867125816,demand
5254,3880.0642640047718,demand
5255,3610.1080067250577,demand
5256,3349.0552505313426,demand
5257,3283.644992646173,demand
5258,3207.8694987944427,demand
5259,3182.795416719184,demand
5260,3261.301358763989,demand
5261,3595.273719173544,demand
5262,4421.735686816247,demand
5263,4977.775764506019,demand
5264,5248.5029831915435,demand
5265,5306.053193821236,demand
5266,5117.837667212274,demand
5267,4921.864044647763,demand
5268,4861.467465609093,demand
5269,4763.0425415827885,demand
5270,4622.639256114802,demand
5271,4605.09581241494,demand
5272,4798.01325692023,demand
5273,4721.733302340246,demand
5274,4600.916785371717,demand
5275,4570.582621128329,demand
5276,4554.270097891839,demand
5277,4316.200132241065,demand
5278,3909.3872941680793,demand
5279,3650.9868325506195,demand
5280,3390.129148369212,demand
5281,3251.0456878211107,demand
5282,3167.52879290426,demand
5283,3137.391472431092,demand
5284,3213.528847203652,demand
5285,3550.734545543375,demand
5286,4358.132340026133,demand
5287,4897.962556944653,demand
5288,5187.979360701736,demand
5289,5250.215027164969,demand
5290,5053.293802931128,demand
5291,4846.266511009503,demand
5292,4772.498446516338,demand
5293,4654.481152394013,demand
5294,4530.951010908648,demand
5295,4531.112185409655,demand
5296,4702.116349780292,demand
5297,4684.380745348422,demand
5298,4593.221907381426,demand
5299,4629.990562403099,demand
5300,4632.704631214612,demand
5301,4304.735073258045,demand
5302,3919.373358739167,demand
5303,3722.173421642648,demand
5304,3488.158178831677,demand
5305,3337.697276053179,demand
5306,3246.814635017634,demand
5307,3224.542830756869,demand
5308,3295.858213965351,demand
5309,3678.0275964600796,demand
5310,4493.789999932653,demand
5311,4972.984502554129,demand
5312,5234.1525555107255,demand
5313,5258.755522433628,demand
5314,5039.278852806704,demand
5315,4802.370921386273,demand
5316,4684.047415793779,demand
5317,4512.368009756668,demand
5318,4395.188594743832,demand
5319,4433.321118052934,demand
5320,4612.086042303445,demand
5321,4547.04735707462,demand
5322,4421.864857925139,demand
5323,4346.54958247125,demand
5324,4367.697199149551,demand
5325,4198.724828363455,demand
5326,3896.965660291623,demand
5327,3752.1205461788,demand
5328,3510.147075579117,demand
5329,3453.887064793942,demand
5330,3359.8985829259473,demand
5331,3283.365654183434,demand
5332,3238.053157084893,demand
5333,3306.502853076542,demand
5334,3711.8129360903768,demand
5335,4116.970432456209,demand
5336,4467.154431785254,demand
5337,4589.613819583323,demand
5338,4422.100296903163,demand
5339,4235.811472374686,demand
5340,4164.404209341947,demand
5341,4003.19480341444,demand
5342,3978.372497258284,demand
5343,4053.7939113177927,demand
5344,4194.781235903198,demand
5345,4178.180588397083,demand
5346,4072.074259751793,demand
5347,4073.499348380843,demand
5348,4134.533120515789,demand
5349,3919.752506061731,demand
5350,3610.4055928611488,demand
5351,3422.379997474113,demand
5352,3190.656376594174,demand
5353,3143.17012300646,demand
5354,3030.65488317792,demand
5355,2975.114877861507,demand
5356,2945.044585205719,demand
5357,3045.043853496022,demand
5358,3485.487026131218,demand
5359,3858.185125242848,demand
5360,4201.156625171838,demand
5361,4317.307677801762,demand
5362,4190.577720264325,demand
5363,4025.098664131904,demand
5364,3963.826422981566,demand
5365,3884.146785069106,demand
5366,3846.147988653259,demand
5367,3896.909070199156,demand
5368,4140.092077070918,demand
5369,4185.841150893429,demand
5370,4129.199030898981,demand
5371,4150.185320451117,demand
5372,4217.357020590185,demand
5373,3981.3758954458763,demand
5374,3619.60928225746,demand
5375,3399.02886737778,demand
5376,3173.764369941822,demand
5377,3218.8111491055815,demand
5378,3162.060737619999,demand
5379,3160.7444102152904,demand
5380,3285.883944641684,demand
5381,3738.29722171532,demand
5382,4665.225527440232,demand
5383,5244.05668220517,demand
5384,5451.987546130053,demand
5385,5461.65597311467,demand
5386,5253.5091040200405,demand
5387,5057.886144819655,demand
5388,4984.153489082312,demand
5389,4893.392362312584,demand
5390,4760.859684292174,demand
5391,4746.790203807169,demand
5392,4954.658729827074,demand
5393,4905.507984843001,demand
5394,4766.299750698726,demand
5395,4726.435798612102,demand
5396,4737.28719078622,demand
5397,4441.552212221974,demand
5398,3995.731550633231,demand
5399,3718.7051042828098,demand
5400,3462.5256542463176,demand
5401,3385.4023250575992,demand
5402,3317.543047741924,demand
5403,3314.173224590225,demand
5404,3438.3142438991654,demand
5405,3889.7811109371432,demand
5406,4780.130858844612,demand
5407,5316.110511277158,demand
5408,5497.819872621176,demand
5409,5493.0552134589525,demand
5410,5278.886006163388,demand
5411,5064.074526028125,demand
5412,4984.999209721921,demand
5413,4869.932678714227,demand
5414,4718.47126724294,demand
5415,4714.8065697719,demand
5416,4877.313351085685,demand
5417,4814.26831496829,demand
5418,4691.319479705123,demand
5419,4692.095757948391,demand
5420,4754.742626048546,demand
5421,4452.622960340752,demand
5422,4016.2638510046027,demand
5423,3732.0714079376576,demand
5424,3471.8475933180735,demand
5425,3359.848365825646,demand
5426,3290.336332122284,demand
5427,3283.404247941192,demand
5428,3414.6252218816,demand
5429,3875.8486016077113,demand
5430,4818.12392634312,demand
5431,5341.942801290574,demand
5432,5548.621998965141,demand
5433,5538.767982653724,demand
5434,5347.718488752586,demand
5435,5164.009571005268,demand
5436,5099.970388526548,demand
5437,5021.443712598259,demand
5438,4874.68558804971,demand
5439,4864.43219840433,demand
5440,5036.68646090135,demand
5441,4918.243165915529,demand
5442,4778.61485140386,demand
5443,4810.853287934143,demand
5444,4797.74470424418,demand
5445,4421.674545135416,demand
5446,3979.626495975079,demand
5447,3696.719257045882,demand
5448,3444.881378325046,demand
5449,3342.98421638148,demand
5450,3271.673984161165,demand
5451,3264.8462473287163,demand
5452,3392.681654855242,demand
5453,3851.1071585770906,demand
5454,4729.741746218593,demand
5455,5251.994449249213,demand
5456,5456.55271055495,demand
5457,5444.726788483082,demand
5458,5228.997297851179,demand
5459,5021.757722818667,demand
5460,4944.646140112355,demand
5461,4826.939819601113,demand
5462,4683.208026686107,demand
5463,4665.1850719280255,demand
5464,4838.944601575951,demand
5465,4777.1769585147385,demand
5466,4665.008892397336,demand
5467,4697.749540481318,demand
5468,4741.1544986397985,demand
5469,4390.0343543541485,demand
5470,3949.639523421234,demand
5471,3681.997320625081,demand
5472,3458.596511482818,demand
5473,3399.9964060390002,demand
5474,3357.698028373604,demand
5475,3378.763015033681,demand
5476,3525.91634164394,demand
5477,3983.4398490497733,demand
5478,4967.3188591792805,demand
5479,5421.86357752587,demand
5480,5638.043159051862,demand
5481,5722.7921037333235,demand
5482,5473.86908285401,demand
5483,5229.8359416614585,demand
5484,5003.685698749348,demand
5485,4702.261497417856,demand
5486,4570.0129307963825,demand
5487,4541.055471505402,demand
5488,4667.070879690136,demand
5489,4584.21776386049,demand
5490,4452.662192706096,demand
5491,4416.145184823525,demand
5492,4461.669562615316,demand
5493,4165.97692978866,demand
5494,3797.317345400209,demand
5495,3551.888221066254,demand
5496,3281.8858701045,demand
5497,3195.974255616474,demand
5498,3096.448632468184,demand
5499,3045.544448739674,demand
5500,3051.8973298712917,demand
5501,3183.826411656104,demand
5502,3657.2143327772847,demand
5503,4040.6591256073652,demand
5504,4397.796150692327,demand
5505,4505.606816190494,demand
5506,4364.109178811725,demand
5507,4212.616114456943,demand
5508,4124.73472655528,demand
5509,4043.368074666855,demand
5510,4028.053044132482,demand
5511,4076.7240053116793,demand
5512,4330.988068561204,demand
5513,4335.529754159811,demand
5514,4236.133897432158,demand
5515,4212.745866482036,demand
5516,4225.733766371126,demand
5517,3972.9190309128508,demand
5518,3663.443900348367,demand
5519,3467.450792354759,demand
5520,3219.403170236696,demand
5521,3120.4241199985117,demand
5522,3025.480386284451,demand
5523,2975.227008794862,demand
5524,2988.463078270038,demand
5525,3108.7210209891427,demand
5526,3544.1914521654935,demand
5527,3891.980768400854,demand
5528,4212.283384793269,demand
5529,4329.274569236837,demand
5530,4162.632104667737,demand
5531,4029.899262331932,demand
5532,3950.6889398442536,demand
5533,3868.61541049662,demand
5534,3816.0831562254807,demand
5535,3920.067091820313,demand
5536,4211.542300022002,demand
5537,4249.120800604833,demand
5538,4214.085131183426,demand
5539,4263.731303401242,demand
5540,4356.316792465424,demand
5541,4047.742145190031,demand
5542,3680.086503660833,demand
5543,3469.020695123958,demand
5544,3247.7754639134773,demand
5545,3200.5424392278646,demand
5546,3142.1574360073073,demand
5547,3146.3110729346117,demand
5548,3297.756053315025,demand
5549,3765.73805851354,demand
5550,4663.160554787176,demand
5551,5196.993735280687,demand
5552,5396.604972303533,demand
5553,5394.752215760668,demand
5554,5195.10697257801,demand
5555,4983.119692137879,demand
5556,4921.661531456088,demand
5557,4821.664851598418,demand
5558,4683.26391269606,demand
5559,4656.106945121259,demand
5560,4857.674931192315,demand
5561,4811.015434578686,demand
5562,4688.612962891686,demand
5563,4694.3945692498655,demand
5564,4758.965024138186,demand
5565,4388.981843691858,demand
5566,3939.186219992204,demand
5567,3663.026196837366,demand
5568,3413.097125712052,demand
5569,3361.957073749152,demand
5570,3296.625936183713,demand
5571,3301.56303730282,demand
5572,3451.6248226814087,demand
5573,3917.0150162473665,demand
5574,4827.152242683722,demand
5575,5310.343572227415,demand
5576,5481.581656195864,demand
5577,5460.253962256997,demand
5578,5250.5362542274,demand
5579,5038.3946420128395,demand
5580,4962.611630389934,demand
5581,4870.189451224745,demand
5582,4735.729479015411,demand
5583,4720.3435253848875,demand
5584,4902.167240094222,demand
5585,4823.368115619072,demand
5586,4703.719055923292,demand
5587,4711.627674443123,demand
5588,4798.7605561274795,demand
5589,4443.164897191455,demand
5590,4002.3956204543456,demand
5591,3719.305017987504,demand
5592,3464.8076267069546,demand
5593,3318.7281788298237,demand
5594,3257.948541531874,demand
5595,3257.97124093862,demand
5596,3411.664348849074,demand
5597,3874.7287500679677,demand
5598,4785.547910163398,demand
5599,5263.49693974218,demand
5600,5447.543783295453,demand
5601,5439.9234588639865,demand
5602,5252.103606477943,demand
5603,5074.532939992205,demand
5604,5011.300104321657,demand
5605,4915.286112004875,demand
5606,4785.49397485818,demand
5607,4769.451193531353,demand
5608,4926.085994221532,demand
5609,4845.595111907636,demand
5610,4728.178345207309,demand
5611,4747.767422108644,demand
5612,4781.896954295082,demand
5613,4391.668291841439,demand
5614,3940.1313748616103,demand
5615,3660.0922199389033,demand
5616,3413.792561588503,demand
5617,3308.0149608003558,demand
5618,3245.424403585004,demand
5619,3251.786629600564,demand
5620,3413.755701698803,demand
5621,3889.809274600927,demand
5622,4790.4089841108325,demand
5623,5266.770304741434,demand
5624,5476.228377737144,demand
5625,5480.609242780634,demand
5626,5277.256682300479,demand
5627,5033.094253422923,demand
5628,4961.623335164657,demand
5629,4847.156514721769,demand
5630,4683.034813167815,demand
5631,4674.6654737881,demand
5632,4837.4455320717,demand
5633,4757.983222700413,demand
5634,4646.206125825322,demand
5635,4668.612441010861,demand
5636,4743.740433039068,demand
5637,4352.3614890175195,demand
5638,3893.202121839903,demand
5639,3596.673652024355,demand
5640,3338.4864967548474,demand
5641,3267.004239465375,demand
5642,3188.900342624016,demand
5643,3185.915508986763,demand
5644,3332.584039510485,demand
5645,3777.808937716014,demand
5646,4696.969128241439,demand
5647,5181.710366505667,demand
5648,5372.865762916078,demand
5649,5337.2987448435015,demand
5650,5107.376071407892,demand
5651,4839.15442208077,demand
5652,4674.384665067715,demand
5653,4476.837126782048,demand
5654,4321.870993283486,demand
5655,4339.919172709925,demand
5656,4513.039371862239,demand
5657,4482.636382697006,demand
5658,4399.698277849182,demand
5659,4391.215934396008,demand
5660,4468.708617637018,demand
5661,4133.328495620013,demand
5662,3761.3367486112147,demand
5663,3514.436638998162,demand
5664,3244.168247419364,demand
5665,3116.2242115557046,demand
5666,3013.1106766234943,demand
5667,2961.8684187213303,demand
5668,2986.679964659093,demand
5669,3107.0647694118043,demand
5670,3578.256741879147,demand
5671,3937.2514893536463,demand
5672,4261.6274754700935,demand
5673,4361.275857433631,demand
5674,4192.9445105518935,demand
5675,4011.391441656806,demand
5676,3931.9770297234827,demand
5677,3817.762771416446,demand
5678,3771.687072473098,demand
5679,3871.0541461434022,demand
5680,4082.552848240208,demand
5681,4110.437656564616,demand
5682,4069.019155713626,demand
5683,4102.394073060028,demand
5684,4222.576448664406,demand
5685,3938.596057729421,demand
5686,3623.8206901794747,demand
5687,3416.700574697481,demand
5688,3166.450033971451,demand
5689,3054.746973221947,demand
5690,2947.02336161771,demand
5691,2893.3708189099543,demand
5692,2912.357194727345,demand
5693,3018.4079849112322,demand
5694,3478.061162442789,demand
5695,3799.39754653928,demand
5696,4125.276670504926,demand
5697,4227.087539760334,demand
5698,4081.507102804263,demand
5699,3944.391216426357,demand
5700,3899.981716698128,demand
5701,3798.624753810926,demand
5702,3772.870097190942,demand
5703,3882.390127910551,demand
5704,4129.56736119071,demand
5705,4190.397336450588,demand
5706,4179.10593510043,demand
5707,4251.88095684597,demand
5708,4358.0171009600635,demand
5709,4035.319460743331,demand
5710,3666.452419852325,demand
5711,3452.0290517364174,demand
5712,3232.6827448776507,demand
5713,3167.347887633415,demand
5714,3090.3075263364863,demand
5715,3071.572553533082,demand
5716,3226.274306525076,demand
5717,3679.621202381356,demand
5718,4584.765855011315,demand
5719,5111.972817676428,demand
5720,5344.705177018115,demand
5721,5354.441990186288,demand
5722,5188.425882610946,demand
5723,5004.751056367522,demand
5724,4933.255413353754,demand
5725,4815.47335473874,demand
5726,4690.477126946096,demand
5727,4681.34717469322,demand
5728,4852.5410762778465,demand
5729,4819.143937925137,demand
5730,4724.811620078856,demand
5731,4759.370357772614,demand
5732,4799.009143793433,demand
5733,4409.337939239237,demand
5734,3976.6389496367947,demand
5735,3685.105241255479,demand
5736,3436.9665138735063,demand
5737,3344.8119864242763,demand
5738,3261.269391193021,demand
5739,3260.027339915212,demand
5740,3417.136496111557,demand
5741,3877.3798493729873,demand
5742,4770.137695389409,demand
5743,5223.512595876877,demand
5744,5394.72879831084,demand
5745,5398.544061376819,demand
5746,5203.012757541128,demand
5747,5001.13433888828,demand
5748,4948.301362537736,demand
5749,4838.755274485414,demand
5750,4703.376593382846,demand
5751,4687.328442668032,demand
5752,4838.4214362194525,demand
5753,4800.545654054353,demand
5754,4707.147539546094,demand
5755,4744.615253148981,demand
5756,4793.589774226174,demand
5757,4414.5542658788545,demand
5758,3986.420649419585,demand
5759,3702.413006104789,demand
5760,3454.295290253018,demand
5761,3379.0476329145113,demand
5762,3297.196095613788,demand
5763,3283.497165670788,demand
5764,3440.0106003902392,demand
5765,3881.590499770636,demand
5766,4796.902499892056,demand
5767,5259.592687412388,demand
5768,5459.07536930975,demand
5769,5491.654704801069,demand
5770,5291.1366672215045,demand
5771,5045.319545327075,demand
5772,4974.599321962169,demand
5773,4872.874351276939,demand
5774,4740.327271946375,demand
5775,4701.030626351264,demand
5776,4865.425307181965,demand
5777,4795.228211364734,demand
5778,4688.839254214297,demand
5779,4735.410939011939,demand
5780,4754.412468958308,demand
5781,4346.011687505024,demand
5782,3894.4190435468,demand
5783,3581.26721581572,demand
5784,3301.025402970662,demand
5785,3301.62100023259,demand
5786,3226.784277979888,demand
5787,3222.041670685864,demand
5788,3382.095706968322,demand
5789,3816.702435987186,demand
5790,4759.972271554756,demand
5791,5215.745599779718,demand
5792,5422.747512586621,demand
5793,5416.342408934985,demand
5794,5232.225187940857,demand
5795,5048.538424042522,demand
5796,4990.748406612838,demand
5797,4882.738387928635,demand
5798,4747.3701747501345,demand
5799,4714.682262339156,demand
5800,4871.132663504751,demand
5801,4797.308702635538,demand
5802,4698.446501359009,demand
5803,4753.774084146242,demand
5804,4761.335067256655,demand
5805,4358.761691939659,demand
5806,3916.749772931714,demand
5807,3629.9938914258,demand
5808,3381.092075899508,demand
5809,3274.488707342337,demand
5810,3197.559424596921,demand
5811,3191.797443396514,demand
5812,3349.7887099308873,demand
5813,3772.324902945361,demand
5814,4695.360770936951,demand
5815,5148.014374581139,demand
5816,5353.724776248879,demand
5817,5334.846844020004,demand
5818,5120.6338605469955,demand
5819,4877.467412383736,demand
5820,4717.090746590372,demand
5821,4526.91517009104,demand
5822,4382.179480531847,demand
5823,4408.020099131687,demand
5824,4587.306472211336,demand
5825,4556.826838001083,demand
5826,4476.250489209598,demand
5827,4501.178468907787,demand
5828,4526.491394543392,demand
5829,4195.656277813533,demand
5830,3849.952242690989,demand
5831,3621.870074839927,demand
5832,3381.504253219584,demand
5833,3274.7455119477763,demand
5834,3152.210106302905,demand
5835,3062.3897272739814,demand
5836,3083.3196766489637,demand
5837,3309.572063909744,demand
5838,3726.1348609594843,demand
5839,4038.9520389611407,demand
5840,4329.386163539567,demand
5841,4435.135694910691,demand
5842,4258.230185856264,demand
5843,4078.817199014214,demand
5844,3983.328929956452,demand
5845,3867.631621183861,demand
5846,3813.6739208380377,demand
5847,3905.711598091886,demand
5848,4157.662001727239,demand
5849,4128.882793303623,demand
5850,4073.94586002424,demand
5851,4180.627328703281,demand
5852,4170.800714189962,demand
5853,3862.112325127987,demand
5854,3564.679387643655,demand
5855,3382.288547306352,demand
5856,3150.351584959075,demand
5857,3209.9931332032756,demand
5858,3127.6579827558908,demand
5859,3075.133610057323,demand
5860,3110.137850323952,demand
5861,3313.840420007152,demand
5862,3739.605893005198,demand
5863,4009.165857509609,demand
5864,4329.652664231522,demand
5865,4418.393848194471,demand
5866,4252.076375971614,demand
5867,4089.522333214143,demand
5868,4017.350157002171,demand
5869,3927.374119139282,demand
5870,3894.7733188174043,demand
5871,3979.4903451664577,demand
5872,4269.099332957738,demand
5873,4270.202888639268,demand
5874,4261.859562290196,demand
5875,4432.107145527942,demand
5876,4436.624839805373,demand
5877,4091.5271587180277,demand
5878,3741.54210565539,demand
5879,3548.4685652009803,demand
5880,3349.250849518096,demand
5881,3276.598501835034,demand
5882,3252.366062916233,demand
5883,3275.685741949842,demand
5884,3466.223468409793,demand
5885,4024.677612036439,demand
5886,4927.950837013468,demand
5887,5392.898970934989,demand
5888,5628.8556141831505,demand
5889,5599.8546971134,demand
5890,5352.531956546978,demand
5891,5114.198146709989,demand
5892,5013.664470975309,demand
5893,4897.183108928181,demand
5894,4757.297165519711,demand
5895,4760.455452297353,demand
5896,4950.7148579125405,demand
5897,4875.43579365223,demand
5898,4789.383705493539,demand
5899,4882.757867289732,demand
5900,4810.501093326802,demand
5901,4389.401495187627,demand
5902,3946.1313425001217,demand
5903,3690.88488660586,demand
5904,3451.589311547415,demand
5905,3360.416515316715,demand
5906,3292.8079398309856,demand
5907,3290.5174559650222,demand
5908,3464.902726732842,demand
5909,4029.702861900043,demand
5910,4917.090243018769,demand
5911,5375.129044831209,demand
5912,5566.375896061127,demand
5913,5573.492327177667,demand
5914,5365.909571118433,demand
5915,5173.136392606508,demand
5916,5125.417461950363,demand
5917,5045.335055084488,demand
5918,4936.257591933609,demand
5919,4991.065468342279,demand
5920,5227.335810324103,demand
5921,5128.01877016219,demand
5922,5037.9878552003065,demand
5923,5002.502374931755,demand
5924,4823.872484972833,demand
5925,4422.625282817399,demand
5926,3994.330810189648,demand
5927,3724.2151860410686,demand
5928,3481.7466329414256,demand
5929,3483.4851430589447,demand
5930,3421.272060334712,demand
5931,3421.632248803455,demand
5932,3605.170524413928,demand
5933,4161.301426532555,demand
5934,5049.858898852223,demand
5935,5508.954343114751,demand
5936,5706.605718136399,demand
5937,5676.342783591202,demand
5938,5446.86650424983,demand
5939,5243.6140463818565,demand
5940,5206.429277244086,demand
5941,5126.030835100274,demand
5942,4997.984731112993,demand
5943,5021.474172621025,demand
5944,5223.83536436968,demand
5945,5145.592059819715,demand
5946,5059.385554604459,demand
5947,5184.034753925872,demand
5948,5099.120047901078,demand
5949,4676.361769909614,demand
5950,4214.468194793103,demand
5951,3958.400951457559,demand
5952,3686.862917491714,demand
5953,3591.675513309993,demand
5954,3502.7142203117564,demand
5955,3476.275392560686,demand
5956,3650.029893589765,demand
5957,4209.052536734747,demand
5958,5122.627678910883,demand
5959,5586.280407925173,demand
5960,5773.317378016909,demand
5961,5768.273027414585,demand
5962,5560.559326234369,demand
5963,5299.926643833056,demand
5964,5217.946531877821,demand
5965,5136.159913730695,demand
5966,5012.140840659731,demand
5967,5031.546343988816,demand
5968,5252.353466874258,demand
5969,5207.1143506659555,demand
5970,5189.573358365564,demand
5971,5179.911266824383,demand
5972,5000.302704920341,demand
5973,4585.582971972418,demand
5974,4142.3681079407725,demand
5975,3871.894790973507,demand
5976,3608.7298701891887,demand
5977,3494.149427499456,demand
5978,3426.587456529484,demand
5979,3418.805784727514,demand
5980,3591.9356233623876,demand
5981,4133.453099570109,demand
5982,5022.926446175086,demand
5983,5461.973472956961,demand
5984,5633.152487414641,demand
5985,5566.385842794206,demand
5986,5301.992305616356,demand
5987,5021.444369131961,demand
5988,4839.440177438813,demand
5989,4628.8732599766045,demand
5990,4477.489423836131,demand
5991,4503.48082143017,demand
5992,4720.509794295461,demand
5993,4655.5619197304895,demand
5994,4620.763810442189,demand
5995,4725.780903252091,demand
5996,4626.916369034818,demand
5997,4267.38252452095,demand
5998,3907.700501089971,demand
5999,3678.1932411208327,demand
6000,3422.28569845219,demand
6001,3342.067852259087,demand
6002,3265.726075381308,demand
6003,3224.271004075647,demand
6004,3283.7135663926583,demand
6005,3518.110219757824,demand
6006,4024.9085504434033,demand
6007,4317.391531115919,demand
6008,4619.862852737986,demand
6009,4665.084938124413,demand
6010,4420.798277489306,demand
6011,4184.860954312001,demand
6012,4080.675093120023,demand
6013,3953.018072995783,demand
6014,3892.7789249524885,demand
6015,4001.244309088778,demand
6016,4267.410476531722,demand
6017,4252.265138062721,demand
6018,4267.870718909717,demand
6019,4467.52118301099,demand
6020,4406.054300036103,demand
6021,4089.931243372129,demand
6022,3768.0956724842517,demand
6023,3576.4295738738983,demand
6024,3335.9583455741904,demand
6025,3244.942064108574,demand
6026,3162.766756742941,demand
6027,3110.8735474526193,demand
6028,3174.345826586241,demand
6029,3400.980527717289,demand
6030,3888.2759703161228,demand
6031,4170.81048944107,demand
6032,4469.226713953562,demand
6033,4539.700799164746,demand
6034,4348.649044327611,demand
6035,4135.92304818706,demand
6036,4106.809044718601,demand
6037,4030.3278020509338,demand
6038,4010.2512136781033,demand
6039,4159.062359652549,demand
6040,4498.847726514361,demand
6041,4534.066118211631,demand
6042,4588.566412620698,demand
6043,4645.311349778142,demand
6044,4504.716597946568,demand
6045,4147.04752712912,demand
6046,3767.7639902665223,demand
6047,3558.215103561991,demand
6048,3346.4702182179317,demand
6049,3267.251068404864,demand
6050,3215.34213181655,demand
6051,3225.04721091368,demand
6052,3426.198735644747,demand
6053,4002.473563698277,demand
6054,4919.79385554641,demand
6055,5402.941149609689,demand
6056,5657.486344977732,demand
6057,5698.359355488158,demand
6058,5517.465272780248,demand
6059,5290.766218769402,demand
6060,5228.722954956782,demand
6061,5102.713676503205,demand
6062,4986.800750651825,demand
6063,4993.439471593024,demand
6064,5223.549241022134,demand
6065,5195.12493123985,demand
6066,5132.683033329471,demand
6067,5141.223323796787,demand
6068,4932.646262136998,demand
6069,4502.2162029358315,demand
6070,4038.915289158846,demand
6071,3790.416162827939,demand
6072,3544.860527270275,demand
6073,3486.614926904842,demand
6074,3422.348819964936,demand
6075,3425.6223524661227,demand
6076,3610.601698286016,demand
6077,4177.196271062853,demand
6078,5102.407362244053,demand
6079,5552.827388517848,demand
6080,5737.305502777547,demand
6081,5719.558972547352,demand
6082,5546.374593363621,demand
6083,5367.9689831201395,demand
6084,5347.252620213406,demand
6085,5271.412190548038,demand
6086,5236.0510513578265,demand
6087,5319.462808030579,demand
6088,5554.093884776714,demand
6089,5435.988987132908,demand
6090,5296.376659663885,demand
6091,5211.536161307932,demand
6092,4996.015935522573,demand
6093,4563.418054457219,demand
6094,4102.341790223603,demand
6095,3810.365971294135,demand
6096,3554.8313572821,demand
6097,3455.667566475041,demand
6098,3386.387599603663,demand
6099,3388.3986780947753,demand
6100,3587.1186978011065,demand
6101,4149.969248944315,demand
6102,5059.471729442598,demand
6103,5498.218022832407,demand
6104,5651.431258258104,demand
6105,5620.3071884948,demand
6106,5433.120223225208,demand
6107,5190.171069350228,demand
6108,5128.571877734811,demand
6109,5044.818070350277,demand
6110,4908.995196916239,demand
6111,4924.62666006419,demand
6112,5115.98602871256,demand
6113,5033.473683673736,demand
6114,4989.755527357964,demand
6115,5091.11445018511,demand
6116,4910.991647466931,demand
6117,4484.570908596353,demand
6118,4026.59135228162,demand
6119,3748.1695920697202,demand
6120,3499.936750872803,demand
6121,3466.192964642782,demand
6122,3409.664495204223,demand
6123,3430.153801260373,demand
6124,3642.045390367146,demand
6125,4223.469747358611,demand
6126,5138.395439980346,demand
6127,5605.49803891617,demand
6128,5772.030188325505,demand
6129,5762.690212449752,demand
6130,5531.692190750147,demand
6131,5270.058257199739,demand
6132,5174.627597842529,demand
6133,5067.454430503712,demand
6134,4936.485439070049,demand
6135,4937.694632924403,demand
6136,5127.797987840257,demand
6137,5062.910691051631,demand
6138,5012.587372275455,demand
6139,5177.146369331318,demand
6140,5013.722277596549,demand
6141,4591.305291507519,demand
6142,4135.67344341981,demand
6143,3863.399200720827,demand
6144,3609.745390088352,demand
6145,3553.628223605473,demand
6146,3492.257268689408,demand
6147,3486.894548658361,demand
6148,3665.475378074565,demand
6149,4211.790976440826,demand
6150,5128.105434049678,demand
6151,5579.025271485055,demand
6152,5721.214289212504,demand
6153,5652.750208585485,demand
6154,5402.952031562352,demand
6155,5118.274907930981,demand
6156,4941.461466278777,demand
6157,4749.046137152463,demand
6158,4604.877792135383,demand
6159,4639.232002275406,demand
6160,4851.141675511991,demand
6161,4808.610625428621,demand
6162,4772.770853651071,demand
6163,4918.33182210759,demand
6164,4777.268927905645,demand
6165,4448.648393854519,demand
6166,4122.151745021703,demand
6167,3947.018860677037,demand
6168,3729.97017129374,demand
6169,3637.883917796439,demand
6170,3581.268690363247,demand
6171,3529.629368421477,demand
6172,3582.874241721722,demand
6173,3796.240415269828,demand
6174,4230.275344049764,demand
6175,4488.84270709552,demand
6176,4818.308117855423,demand
6177,4897.859187008659,demand
6178,4712.451948820621,demand
6179,4490.780430610681,demand
6180,4415.174767950709,demand
6181,4269.913151208708,demand
6182,4230.541788091687,demand
6183,4404.9541606667135,demand
6184,4749.027159555119,demand
6185,4709.493329995607,demand
6186,4686.944948307189,demand
6187,4772.6651982732865,demand
6188,4649.689772777333,demand
6189,4339.801335297328,demand
6190,4017.274103518658,demand
6191,3825.6889719688743,demand
6192,3558.749330136663,demand
6193,3507.421462701509,demand
6194,3414.609845885937,demand
6195,3357.4344084664563,demand
6196,3414.333896327542,demand
6197,3610.865646833036,demand
6198,4079.1108520251273,demand
6199,4371.404156782546,demand
6200,4628.965362778684,demand
6201,4717.647637824533,demand
6202,4558.95964825566,demand
6203,4375.203011503601,demand
6204,4297.890469576336,demand
6205,4201.0746400808475,demand
6206,4149.14905456727,demand
6207,4273.979536635644,demand
6208,4574.805583880153,demand
6209,4613.960139433809,demand
6210,4652.509164448889,demand
6211,4827.542578782157,demand
6212,4672.364199993684,demand
6213,4316.513990763808,demand
6214,3951.041658031657,demand
6215,3741.507896945201,demand
6216,3549.356330999126,demand
6217,3603.143971140569,demand
6218,3573.344580008495,demand
6219,3600.65536688425,demand
6220,3820.03654547158,demand
6221,4397.250574599548,demand
6222,5369.949975040739,demand
6223,5897.561301120169,demand
6224,6080.097681889749,demand
6225,6074.437032242706,demand
6226,5847.974976746027,demand
6227,5617.065568413139,demand
6228,5540.79100616752,demand
6229,5432.149177787906,demand
6230,5300.699704604057,demand
6231,5295.796873645997,demand
6232,5498.941547636758,demand
6233,5395.969008079865,demand
6234,5347.700813759951,demand
6235,5475.952079324312,demand
6236,5251.531243771911,demand
6237,4808.723133802115,demand
6238,4336.24852934881,demand
6239,4095.8226421818717,demand
6240,3829.463610771966,demand
6241,3743.59390498969,demand
6242,3682.436294638823,demand
6243,3698.496250713782,demand
6244,3901.168732428312,demand
6245,4479.364570038534,demand
6246,5423.145550539295,demand
6247,5883.156114014365,demand
6248,6000.0478635346135,demand
6249,5951.881515378474,demand
6250,5684.458610786238,demand
6251,5440.930651378954,demand
6252,5316.376126479119,demand
6253,5198.374382011393,demand
6254,5066.466441790119,demand
6255,5042.023581175714,demand
6256,5267.46685733602,demand
6257,5229.156763038153,demand
6258,5220.587706530292,demand
6259,5388.57397092433,demand
6260,5197.242467635178,demand
6261,4782.138606193324,demand
6262,4322.862520365474,demand
6263,4064.565130961827,demand
6264,3783.2056401380078,demand
6265,3716.897760847998,demand
6266,3666.281361256342,demand
6267,3669.866448454405,demand
6268,3883.1957774545963,demand
6269,4449.29425716033,demand
6270,5423.590187905051,demand
6271,5905.262633803476,demand
6272,5992.415562045482,demand
6273,5879.268153739945,demand
6274,5612.472275038021,demand
6275,5346.884601153397,demand
6276,5242.768973115553,demand
6277,5132.884685685746,demand
6278,4994.735483169491,demand
6279,4987.441786160743,demand
6280,5226.002245295268,demand
6281,5193.614402400803,demand
6282,5215.506906810252,demand
6283,5378.950182218447,demand
6284,5193.916455578519,demand
6285,4781.649141848982,demand
6286,4314.0390385140245,demand
6287,4006.9951396578317,demand
6288,3744.8385344879352,demand
6289,3603.8932953626736,demand
6290,3537.531540902931,demand
6291,3526.5968621833267,demand
6292,3730.439822550683,demand
6293,4275.23987152384,demand
6294,5201.01199921204,demand
6295,5696.789484082491,demand
6296,5900.200162092713,demand
6297,5870.131882672611,demand
6298,5630.018410952684,demand
6299,5371.504796251437,demand
6300,5279.964280315309,demand
6301,5146.48817980184,demand
6302,5026.55522743631,demand
6303,5028.326188163252,demand
6304,5261.195650825276,demand
6305,5188.444088178655,demand
6306,5201.018001235611,demand
6307,5271.089687440501,demand
6308,5055.346449336203,demand
6309,4628.00923617062,demand
6310,4163.70752575651,demand
6311,3879.8138965655417,demand
6312,3629.961717323552,demand
6313,3534.41188864388,demand
6314,3466.5184566536877,demand
6315,3465.8331564171403,demand
6316,3665.306350305096,demand
6317,4203.95015170587,demand
6318,5121.30728063051,demand
6319,5619.98853095009,demand
6320,5772.108712124139,demand
6321,5680.457267583893,demand
6322,5409.366324786961,demand
6323,5097.744061711415,demand
6324,4891.007302040737,demand
6325,4669.428594134197,demand
6326,4513.467682960658,demand
6327,4534.648108120533,demand
6328,4750.079819637341,demand
6329,4767.41768489507,demand
6330,4819.979446060291,demand
6331,4964.584790630899,demand
6332,4771.977150649048,demand
6333,4418.265590429087,demand
6334,4045.13659152544,demand
6335,3806.497584558842,demand
6336,3537.249041564594,demand
6337,3436.075830263724,demand
6338,3350.5161958642984,demand
6339,3295.422617665162,demand
6340,3372.684638945616,demand
6341,3598.648892395226,demand
6342,4146.836899675035,demand
6343,4508.236755939328,demand
6344,4758.849117827576,demand
6345,4769.321239889992,demand
6346,4513.904195502684,demand
6347,4243.640186412656,demand
6348,4122.972284271074,demand
6349,3997.272377955966,demand
6350,3951.61668584211,demand
6351,4042.5764759580125,demand
6352,4301.63653156203,demand
6353,4373.202876955183,demand
6354,4472.734226695179,demand
6355,4632.1498272895515,demand
6356,4488.505449134087,demand
6357,4183.807565350562,demand
6358,3874.2419555382075,demand
6359,3711.995764416558,demand
6360,3491.870382130889,demand
6361,3412.91148875237,demand
6362,3325.072950152913,demand
6363,3266.943094346491,demand
6364,3328.065935327674,demand
6365,3520.717705904469,demand
6366,3983.588789720533,demand
6367,4308.366697063951,demand
6368,4632.746209977922,demand
6369,4708.54814527539,demand
6370,4521.135864002422,demand
6371,4307.647765935568,demand
6372,4193.438517609287,demand
6373,4087.8448503213267,demand
6374,4042.2165495961654,demand
6375,4170.786786319057,demand
6376,4504.943098526288,demand
6377,4577.120675284434,demand
6378,4711.007614824117,demand
6379,4801.233088290509,demand
6380,4614.565235379121,demand
6381,4249.113099912055,demand
6382,3863.0856251393798,demand
6383,3639.306723366586,demand
6384,3415.525301952283,demand
6385,3367.3244001958146,demand
6386,3309.3180155710425,demand
6387,3312.430882556562,demand
6388,3521.89855884469,demand
6389,4079.54267468934,demand
6390,5013.120360580532,demand
6391,5549.833555862608,demand
6392,5794.060184095149,demand
6393,5769.099748846632,demand
6394,5557.505971031409,demand
6395,5331.790403654826,demand
6396,5229.366079718569,demand
6397,5127.600011168491,demand
6398,4952.958504526574,demand
6399,4929.346395659447,demand
6400,5169.400125389759,demand
6401,5186.831148960642,demand
6402,5221.508695395472,demand
6403,5223.012845311641,demand
6404,4998.664057576513,demand
6405,4573.4051046241475,demand
6406,4103.808041384767,demand
6407,3818.760753689323,demand
6408,3566.955778619784,demand
6409,3485.8154120010395,demand
6410,3417.49594253273,demand
6411,3419.3648775335478,demand
6412,3620.9504645209718,demand
6413,4167.904570534802,demand
6414,5087.664362836387,demand
6415,5608.218433636513,demand
6416,5807.9530041949065,demand
6417,5769.306311970882,demand
6418,5566.105465190969,demand
6419,5311.279691185008,demand
6420,5231.368838885694,demand
6421,5126.678852621428,demand
6422,5002.16102034379,demand
6423,5002.927880111641,demand
6424,5222.904774307127,demand
6425,5218.783501960923,demand
6426,5282.029135630412,demand
6427,5251.449477581917,demand
6428,5022.89567031705,demand
6429,4599.108533672189,demand
6430,4138.505505101076,demand
6431,3849.655345719534,demand
6432,3590.235580588826,demand
6433,3509.91898358199,demand
6434,3443.293537180884,demand
6435,3439.067663762298,demand
6436,3642.192663161106,demand
6437,4179.836383111804,demand
6438,5096.025720495634,demand
6439,5617.975824520419,demand
6440,5852.9925388513,demand
6441,5839.681221938328,demand
6442,5600.332011061992,demand
6443,5352.465502150763,demand
6444,5254.705386568764,demand
6445,5157.23296307702,demand
6446,5028.495496415917,demand
6447,5024.744097938558,demand
6448,5251.138434596338,demand
6449,5224.766541635085,demand
6450,5293.145652264407,demand
6451,5264.09211438598,demand
6452,5051.307655109342,demand
6453,4643.899670948684,demand
6454,4197.960364998946,demand
6455,3930.364415813002,demand
6456,3649.872047687755,demand
6457,3549.180131303495,demand
6458,3455.928865198618,demand
6459,3430.446378681213,demand
6460,3611.750673298983,demand
6461,4143.807320360399,demand
6462,5045.179915678422,demand
6463,5580.555013143457,demand
6464,5810.772652288249,demand
6465,5772.5817575910805,demand
6466,5528.13660583198,demand
6467,5228.226749165207,demand
6468,5140.0000747482445,demand
6469,5017.850016471155,demand
6470,4888.845117960049,demand
6471,4910.982378644821,demand
6472,5117.281266281951,demand
6473,5108.366715512486,demand
6474,5204.025120328275,demand
6475,5213.688927155576,demand
6476,4998.148624394435,demand
6477,4580.534949185132,demand
6478,4119.446597601128,demand
6479,3835.5411051767114,demand
6480,3578.8786552740007,demand
6481,3546.5586559016238,demand
6482,3489.4124234414667,demand
6483,3499.025818562593,demand
6484,3683.75847458896,demand
6485,4203.06088956975,demand
6486,5111.4229770043385,demand
6487,5633.081922947875,demand
6488,5812.948392189158,demand
6489,5751.04829573447,demand
6490,5498.868691409966,demand
6491,5211.341047992007,demand
6492,5031.046096711896,demand
6493,4830.490197308012,demand
6494,4701.03197856748,demand
6495,4743.636159319072,demand
6496,4976.032055171244,demand
6497,5002.78980039831,demand
6498,5107.343401081092,demand
6499,5035.230721148775,demand
6500,4824.404190376588,demand
6501,4471.423932119364,demand
6502,4103.202894041417,demand
6503,3831.740678295124,demand
6504,3545.954033771909,demand
6505,3455.596100720936,demand
6506,3356.79953849893,demand
6507,3301.132332722168,demand
6508,3361.298367044643,demand
6509,3554.498752104917,demand
6510,4052.6814281991674,demand
6511,4442.98961588397,demand
6512,4746.087652687587,demand
6513,4809.3035788816815,demand
6514,4629.489036689655,demand
6515,4406.796641868382,demand
6516,4320.631047616088,demand
6517,4215.903835213052,demand
6518,4179.568707818307,demand
6519,4319.6573249576995,demand
6520,4599.7275479508735,demand
6521,4745.842036864066,demand
6522,4752.01217306243,demand
6523,4679.173911427518,demand
6524,4518.044143577246,demand
6525,4196.076159127738,demand
6526,3866.745196149617,demand
6527,3653.4832045362464,demand
6528,3401.181550191242,demand
6529,3361.379974445139,demand
6530,3262.622433289134,demand
6531,3207.0937700661198,demand
6532,3278.033791095316,demand
6533,3473.3672518029043,demand
6534,3984.672911297309,demand
6535,4383.163475040848,demand
6536,4786.970021498041,demand
6537,4900.634694173314,demand
6538,4732.066017626039,demand
6539,4511.397672789796,demand
6540,4446.674661832549,demand
6541,4382.4909735989295,demand
6542,4363.097748331222,demand
6543,4486.810803694215,demand
6544,4820.055287491445,demand
6545,4908.870493826076,demand
6546,5084.287265982683,demand
6547,5090.872464733278,demand
6548,4885.90490872372,demand
6549,4519.573568769504,demand
6550,4121.290942998962,demand
6551,3881.3150403784575,demand
6552,3637.4748684334672,demand
6553,3773.439955815333,demand
6554,3719.593534787438,demand
6555,3717.00183802405,demand
6556,3931.4099726070244,demand
6557,4533.106640634149,demand
6558,5587.692303544269,demand
6559,6065.225627292519,demand
6560,6250.4513975346945,demand
6561,6254.161722588036,demand
6562,5991.657866152598,demand
6563,5726.960951289619,demand
6564,5635.990361812352,demand
6565,5523.555488265154,demand
6566,5391.638006418555,demand
6567,5384.509597269525,demand
6568,5656.447158550885,demand
6569,5682.621014389562,demand
6570,5714.006002283808,demand
6571,5682.224123360236,demand
6572,5471.355399852925,demand
6573,5047.682102634764,demand
6574,4583.322627633591,demand
6575,4331.101475359648,demand
6576,4058.525176325582,demand
6577,3996.0183790591154,demand
6578,3936.984362309051,demand
6579,3953.541379244713,demand
6580,4166.817007543372,demand
6581,4763.925021600668,demand
6582,5802.117311763592,demand
6583,6236.108530107769,demand
6584,6325.7385752748705,demand
6585,6226.525020195506,demand
6586,5941.764972167011,demand
6587,5659.9714764983355,demand
6588,5569.952100246183,demand
6589,5475.345118619344,demand
6590,5360.855238461061,demand
6591,5397.8826469644255,demand
6592,5671.737597187799,demand
6593,5718.453590461388,demand
6594,5769.973357910566,demand
6595,5712.671326589703,demand
6596,5516.888279197083,demand
6597,5106.158943605192,demand
6598,4639.606904480922,demand
6599,4355.467266528779,demand
6600,4076.2441802819576,demand
6601,4034.474360338345,demand
6602,3974.057179799142,demand
6603,3981.1777013963674,demand
6604,4191.135154595157,demand
6605,4783.327365645237,demand
6606,5827.647804500949,demand
6607,6290.784312031739,demand
6608,6443.088174542411,demand
6609,6378.252285542056,demand
6610,6079.092626671595,demand
6611,5802.212601175346,demand
6612,5696.1397057802005,demand
6613,5597.931800116158,demand
6614,5431.365185799715,demand
6615,5436.135649302692,demand
6616,5680.1994633120685,demand
6617,5728.863076719972,demand
6618,5830.152522765979,demand
6619,5784.502310927002,demand
6620,5583.332179213062,demand
6621,5139.705823510187,demand
6622,4661.621607515575,demand
6623,4370.498510713568,demand
6624,4100.065116775969,demand
6625,4036.824857386116,demand
6626,3980.5259291462953,demand
6627,3978.552477162183,demand
6628,4189.676267427909,demand
6629,4785.41187237992,demand
6630,5824.538904399721,demand
6631,6301.501746845856,demand
6632,6467.834823502786,demand
6633,6409.500540501444,demand
6634,6132.099335384308,demand
6635,5859.323938722148,demand
6636,5722.819032346685,demand
6637,5609.228013159681,demand
6638,5475.060102816837,demand
6639,5472.0270553034115,demand
6640,5736.212537890544,demand
6641,5812.624503020637,demand
6642,5886.757412664461,demand
6643,5810.723053191978,demand
6644,5605.606225785015,demand
6645,5173.7086379598695,demand
6646,4696.616756416453,demand
6647,4406.72703828263,demand
6648,4141.056917580248,demand
6649,4151.064433374006,demand
6650,4100.877476514589,demand
6651,4124.14429351337,demand
6652,4345.506393012235,demand
6653,4938.7543381451305,demand
6654,5999.816845875016,demand
6655,6494.082096837783,demand
6656,6666.009616894289,demand
6657,6583.008140887647,demand
6658,6233.347743846102,demand
6659,5866.510219420022,demand
6660,5631.923442861044,demand
6661,5408.809607919359,demand
6662,5229.995746625539,demand
6663,5262.284213383698,demand
6664,5552.815112639175,demand
6665,5638.593206323453,demand
6666,5869.50619658529,demand
6667,5834.955502598762,demand
6668,5663.860120750533,demand
6669,5308.719227514578,demand
6670,4914.306064816875,demand
6671,4679.496654653057,demand
6672,4376.80064225666,demand
6673,4327.569132325234,demand
6674,4254.928361239611,demand
6675,4226.23283889167,demand
6676,4293.0161870951415,demand
6677,4536.230688670211,demand
6678,5203.02810896419,demand
6679,5551.854169187251,demand
6680,5750.398921057857,demand
6681,5673.097234361775,demand
6682,5349.467944234965,demand
6683,5052.386624857417,demand
6684,4908.3213431107415,demand
6685,4779.061188278858,demand
6686,4713.208014621735,demand
6687,4850.989288340184,demand
6688,5165.804603351917,demand
6689,5347.813608123523,demand
6690,5548.252416329975,demand
6691,5536.944767748758,demand
6692,5428.392923751364,demand
6693,5145.017009718852,demand
6694,4810.276752455794,demand
6695,4617.825545592774,demand
6696,4342.316978969911,demand
6697,4287.527381415615,demand
6698,4235.241006201695,demand
6699,4218.032689425125,demand
6700,4291.808836806042,demand
6701,4557.316975186396,demand
6702,5217.014268847077,demand
6703,5577.638872183536,demand
6704,5762.8404095128335,demand
6705,5657.74248767932,demand
6706,5316.22705593211,demand
6707,5042.361238923404,demand
6708,4899.49657501201,demand
6709,4793.146463651989,demand
6710,4720.912499992949,demand
6711,4872.437583139786,demand
6712,5256.555407763469,demand
6713,5504.60101980542,demand
6714,5739.4266544585225,demand
6715,5721.827472943534,demand
6716,5573.061195559785,demand
6717,5177.577965663798,demand
6718,4732.128824828141,demand
6719,4462.809371342505,demand
6720,4195.238320170986,demand
6721,3877.938101566383,demand
6722,3826.783478434242,demand
6723,3829.8063129812062,demand
6724,4038.920437053736,demand
6725,4638.0577318203705,demand
6726,5686.201398406663,demand
6727,6169.460689851063,demand
6728,6436.87579801836,demand
6729,6416.413856336917,demand
6730,6086.108353429929,demand
6731,5712.055970581014,demand
6732,5535.870226594403,demand
6733,5387.821676851937,demand
6734,5231.912056827963,demand
6735,5228.7182550294765,demand
6736,5515.614592900496,demand
6737,5613.7936678151345,demand
6738,5756.73142797668,demand
6739,5649.992112662795,demand
6740,5421.749718431311,demand
6741,4982.800917431754,demand
6742,4493.890320666461,demand
6743,4189.27733817703,demand
6744,3915.125744655942,demand
6745,3819.9723410288952,demand
6746,3759.6899262570387,demand
6747,3775.044068163984,demand
6748,3988.059343963111,demand
6749,4591.398341796824,demand
6750,5647.875000829037,demand
6751,6140.099486811674,demand
6752,6276.837222902618,demand
6753,6196.291826366478,demand
6754,5916.124828355096,demand
6755,5634.179156749382,demand
6756,5533.937325752315,demand
6757,5437.397054160855,demand
6758,5351.551139104595,demand
6759,5375.138151157712,demand
6760,5660.80244321944,demand
6761,5790.004367674483,demand
6762,5773.442250423703,demand
6763,5645.512215002075,demand
6764,5420.8379381798495,demand
6765,4995.384215159147,demand
6766,4520.269195410657,demand
6767,4219.16660816092,demand
6768,3938.213129263252,demand
6769,3880.110966634048,demand
6770,3828.127936722921,demand
6771,3831.54432691717,demand
6772,4043.176554828672,demand
6773,4630.861141513904,demand
6774,5681.835574403417,demand
6775,6184.490185107852,demand
6776,6339.799570505988,demand
6777,6230.437213887752,demand
6778,5940.042689996476,demand
6779,5650.707597698048,demand
6780,5529.112356182363,demand
6781,5437.9639519274915,demand
6782,5308.620729101739,demand
6783,5359.360546113077,demand
6784,5640.802021805142,demand
6785,5767.197750680476,demand
6786,5815.622815587672,demand
6787,5679.6553758743685,demand
6788,5453.631927956077,demand
6789,5030.476613412095,demand
6790,4552.882504891172,demand
6791,4241.257389620643,demand
6792,3958.1115311661815,demand
6793,3807.415753399721,demand
6794,3757.426722516556,demand
6795,3772.2858413437452,demand
6796,3996.113575398337,demand
6797,4592.052992490404,demand
6798,5590.900764578668,demand
6799,6041.245207241021,demand
6800,6259.121415774096,demand
6801,6195.748359762289,demand
6802,5923.792223491038,demand
6803,5664.543352699479,demand
6804,5614.116710429732,demand
6805,5609.145128634829,demand
6806,5562.7921995420475,demand
6807,5567.373394964263,demand
6808,5740.091942801634,demand
6809,5844.2512718475955,demand
6810,5728.131848829629,demand
6811,5579.726270135984,demand
6812,5352.738427650451,demand
6813,4923.898731141068,demand
6814,4457.802366473253,demand
6815,4176.086769010159,demand
6816,3883.3112981828463,demand
6817,3808.404276807406,demand
6818,3724.360226475996,demand
6819,3721.159169936982,demand
6820,3910.633540868102,demand
6821,4486.931429905138,demand
6822,5507.315508319043,demand
6823,6003.75142842464,demand
6824,6194.217588598699,demand
6825,6165.348686281644,demand
6826,5883.156024923366,demand
6827,5603.8240771381,demand
6828,5402.49994844958,demand
6829,5159.009349057451,demand
6830,5025.689581901997,demand
6831,5044.787913707874,demand
6832,5277.005944428303,demand
6833,5419.3293537513155,demand
6834,5480.159832754847,demand
6835,5300.351448016958,demand
6836,5070.4177727474635,demand
6837,4693.215942142851,demand
6838,4295.88974980414,demand
6839,4030.054550104122,demand
6840,3725.954565533944,demand
6841,3622.4053294350997,demand
6842,3528.275781063201,demand
6843,3481.127428392354,demand
6844,3548.982262019069,demand
6845,3783.537783933442,demand
6846,4402.89931165789,demand
6847,4761.505525934281,demand
6848,5086.470541988955,demand
6849,5138.290302040455,demand
6850,4926.26900386543,demand
6851,4711.044971972431,demand
6852,4574.022787450002,demand
6853,4489.006907998507,demand
6854,4514.245342372111,demand
6855,4696.251196194081,demand
6856,5082.684734350582,demand
6857,5231.797027286672,demand
6858,5126.5648588476415,demand
6859,4991.600499826288,demand
6860,4846.731189797022,demand
6861,4556.697274492638,demand
6862,4272.433045875843,demand
6863,4102.356961605711,demand
6864,3873.356474625347,demand
6865,3825.772080983759,demand
6866,3770.066906041233,demand
6867,3721.7360174755704,demand
6868,3769.3883603672575,demand
6869,3969.270067769952,demand
6870,4510.48158054202,demand
6871,4772.089852350996,demand
6872,4996.4219547262655,demand
6873,4967.743824954169,demand
6874,4778.886975548825,demand
6875,4564.799277707711,demand
6876,4469.774831199281,demand
6877,4360.310688865533,demand
6878,4313.966227571524,demand
6879,4430.575571312855,demand
6880,4794.653829950712,demand
6881,5130.910357702288,demand
6882,5208.151478494114,demand
6883,5123.074162848012,demand
6884,4956.514991494893,demand
6885,4589.512521072549,demand
6886,4193.756010033994,demand
6887,3960.283507877405,demand
6888,3726.830455131226,demand
6889,3622.89918258342,demand
6890,3580.994428546549,demand
6891,3596.909578852018,demand
6892,3788.7499534542167,demand
6893,4329.830491315241,demand
6894,5296.510221854589,demand
6895,5768.6117307924615,demand
6896,5985.107765667597,demand
6897,5937.657730655783,demand
6898,5664.1866031000045,demand
6899,5386.816057170864,demand
6900,5261.892475846897,demand
6901,5136.640160008705,demand
6902,5031.28768054492,demand
6903,5023.707362630299,demand
6904,5288.848685286546,demand
6905,5486.618849299476,demand
6906,5515.271896713096,demand
6907,5362.955327820586,demand
6908,5151.44964927419,demand
6909,4756.755325305761,demand
6910,4319.38255940394,demand
6911,4038.9565298484904,demand
6912,3757.535443968858,demand
6913,3691.340525357443,demand
6914,3615.041687347977,demand
6915,3601.981813427836,demand
6916,3765.439015419438,demand
6917,4273.41254894663,demand
6918,5229.523294307311,demand
6919,5731.703253031148,demand
6920,6035.352549704137,demand
6921,6140.774885825225,demand
6922,5938.324959247396,demand
6923,5679.90618751706,demand
6924,5594.975739654993,demand
6925,5495.999534382387,demand
6926,5339.102292113568,demand
6927,5293.642579932392,demand
6928,5509.428304351659,demand
6929,5645.024352535285,demand
6930,5584.890278094923,demand
6931,5442.524861028061,demand
6932,5238.024218717997,demand
6933,4844.586609949797,demand
6934,4414.941180034824,demand
6935,4114.285614215789,demand
6936,3825.1453273963234,demand
6937,3750.613324174885,demand
6938,3679.91952978848,demand
6939,3665.8058524563066,demand
6940,3829.26525107495,demand
6941,4322.125311101433,demand
6942,5264.152868211573,demand
6943,5748.230810748558,demand
6944,6061.14008116889,demand
6945,6159.740593098236,demand
6946,5931.31929407156,demand
6947,5645.708524607194,demand
6948,5478.647796481952,demand
6949,5362.060784244746,demand
6950,5211.6105119958465,demand
6951,5195.999326921967,demand
6952,5459.797195192112,demand
6953,5625.577077748403,demand
6954,5612.32430740229,demand
6955,5478.466694189277,demand
6956,5284.926584438128,demand
6957,4892.166656773384,demand
6958,4454.117245807211,demand
6959,4154.872656466915,demand
6960,3873.12156890558,demand
6961,3790.810502182978,demand
6962,3719.571317589378,demand
6963,3677.8860441668676,demand
6964,3828.659788251448,demand
6965,4315.053924012895,demand
6966,5264.254000987186,demand
6967,5765.62505514387,demand
6968,6042.394736132264,demand
6969,6029.846134887164,demand
6970,5781.099695428395,demand
6971,5546.081330988992,demand
6972,5404.332112653864,demand
6973,5319.386372975847,demand
6974,5195.847262476036,demand
6975,5191.918836262754,demand
6976,5460.122298740236,demand
6977,5719.342279538872,demand
6978,5702.28208152959,demand
6979,5578.664476877826,demand
6980,5401.980320237878,demand
6981,5043.025694997518,demand
6982,4626.41383932745,demand
6983,4356.952917386912,demand
6984,4027.0598999898903,demand
6985,3931.872535162006,demand
6986,3856.708142113446,demand
6987,3835.478495236106,demand
6988,3988.6419402382007,demand
6989,4455.905353018952,demand
6990,5375.852021052284,demand
6991,5878.697164636491,demand
6992,6119.823841469133,demand
6993,6049.819897985575,demand
6994,5768.983726537389,demand
6995,5466.594053246365,demand
6996,5251.102955394398,demand
6997,5032.580170571511,demand
6998,4882.079971945377,demand
6999,4936.4506194139685,demand
7000,5277.8253483009885,demand
7001,5537.09071562013,demand
7002,5408.571974227675,demand
7003,5219.789131616163,demand
7004,5010.11526397264,demand
7005,4664.091927709266,demand
7006,4297.43182892888,demand
7007,4029.939412662472,demand
7008,3723.667108902764,demand
7009,3680.960216359502,demand
7010,3583.904667991153,demand
7011,3531.029088712882,demand
7012,3584.802287187329,demand
7013,3796.056673944981,demand
7014,4434.228719801099,demand
7015,4841.554486144866,demand
7016,5168.117863390549,demand
7017,5158.862405267605,demand
7018,4930.293510249496,demand
7019,4727.629575965839,demand
7020,4587.843438943287,demand
7021,4477.29454173697,demand
7022,4427.33216850448,demand
7023,4518.122542443277,demand
7024,4856.720509523253,demand
7025,5178.845637520655,demand
7026,5194.841192847876,demand
7027,5090.062432264908,demand
7028,4947.231578490239,demand
7029,4628.690431528383,demand
7030,4294.0367580085585,demand
7031,4068.495299774587,demand
7032,3795.4242783811387,demand
7033,3740.529937703263,demand
7034,3634.2186877755157,demand
7035,3566.641105018963,demand
7036,3608.740282215931,demand
7037,3789.796993078775,demand
7038,4408.068124563083,demand
7039,4790.367309941581,demand
7040,5161.344658820558,demand
7041,5215.273853432729,demand
7042,5001.130338182351,demand
7043,4835.9076173818685,demand
7044,4745.228793256283,demand
7045,4650.635673306568,demand
7046,4653.164601917526,demand
7047,4809.198401853222,demand
7048,5174.442691282935,demand
7049,5443.961036655244,demand
7050,5376.513990934982,demand
7051,5265.981642213588,demand
7052,5094.239352421908,demand
7053,4731.977112613953,demand
7054,4334.010981110125,demand
7055,4069.1071455116953,demand
7056,3809.596413954807,demand
7057,3675.266888008092,demand
7058,3606.171216384081,demand
7059,3601.7654273201624,demand
7060,3788.478606636771,demand
7061,4344.198700875491,demand
7062,5407.131839718406,demand
7063,5987.719063732322,demand
7064,6255.7310303954455,demand
7065,6209.861799250234,demand
7066,5976.742529310421,demand
7067,5704.980447964192,demand
7068,5579.797638333036,demand
7069,5469.0719525491,demand
7070,5346.95061415708,demand
7071,5328.139261728001,demand
7072,5631.327996492409,demand
7073,5907.063404827494,demand
7074,5830.364807524257,demand
7075,5670.329137957198,demand
7076,5442.60568250894,demand
7077,5014.450355587606,demand
7078,4540.7680735310605,demand
7079,4217.033566147531,demand
7080,3925.404262845761,demand
7081,3840.607313092504,demand
7082,3753.05112529094,demand
7083,3740.416224132607,demand
7084,3905.0923797118603,demand
7085,4441.060114731687,demand
7086,5506.622126681068,demand
7087,6069.685225773303,demand
7088,6298.881581902206,demand
7089,6202.795909785138,demand
7090,5949.227993611847,demand
7091,5694.653390716341,demand
7092,5576.887545288435,demand
7093,5466.112361298866,demand
7094,5332.26430888349,demand
7095,5306.989917946945,demand
7096,5562.997513986815,demand
7097,5870.304081845818,demand
7098,5817.319897489786,demand
7099,5686.674246663907,demand
7100,5468.39228575803,demand
7101,5043.019533054686,demand
7102,4578.244966604569,demand
7103,4248.513667794836,demand
7104,3938.6985982347787,demand
7105,3786.8089861758112,demand
7106,3700.656143877617,demand
7107,3681.012866514097,demand
7108,3849.226301568722,demand
7109,4380.928418960517,demand
7110,5442.025955138844,demand
7111,6002.8246246760755,demand
7112,6256.450221489962,demand
7113,6193.451790316392,demand
7114,5953.692339929731,demand
7115,5755.159686057845,demand
7116,5618.486626109132,demand
7117,5551.541731273372,demand
7118,5404.9476735392855,demand
7119,5455.481598538164,demand
7120,5718.3862774255795,demand
7121,5887.644626537272,demand
7122,5749.420290081129,demand
7123,5608.05253941614,demand
7124,5388.189333416929,demand
7125,4958.332616767999,demand
7126,4514.796449859785,demand
7127,4224.633506721128,demand
7128,3989.400328624925,demand
7129,3959.476566897793,demand
7130,3917.3943746836903,demand
7131,3893.2735845034017,demand
7132,4017.766093629244,demand
7133,4495.05959789404,demand
7134,5491.387635143924,demand
7135,6047.303986780917,demand
7136,6314.014185303,demand
7137,6260.0898756376355,demand
7138,6003.087027951104,demand
7139,5770.227770156658,demand
7140,5654.484921855379,demand
7141,5569.2239510464005,demand
7142,5403.951420618079,demand
7143,5366.6337261679955,demand
7144,5579.640638553192,demand
7145,5889.881034399581,demand
7146,5810.542137157082,demand
7147,5672.871284266169,demand
7148,5451.340537295703,demand
7149,5028.440255023184,demand
7150,4601.176297236858,demand
7151,4458.398048685667,demand
7152,4235.505657582438,demand
7153,4103.709355291951,demand
7154,4014.94767109894,demand
7155,3992.82638220867,demand
7156,4138.204376034602,demand
7157,4622.527520561737,demand
7158,5569.741633488719,demand
7159,6022.261661844862,demand
7160,6233.034141690268,demand
7161,6251.651933109677,demand
7162,6024.868494326132,demand
7163,5768.830800759376,demand
7164,5555.975826504517,demand
7165,5397.151155337623,demand
7166,5252.605802423389,demand
7167,5282.973155954865,demand
7168,5534.616288288809,demand
7169,5700.078221639807,demand
7170,5518.833283622238,demand
7171,5340.10087416937,demand
7172,5121.945002664514,demand
7173,4752.098321538454,demand
7174,4366.580768516028,demand
7175,4077.511346788737,demand
7176,3778.127098507111,demand
7177,3794.448297606198,demand
7178,3715.05887813959,demand
7179,3697.271906927871,demand
7180,3795.8490028902497,demand
7181,4009.324664720747,demand
7182,4673.976885190065,demand
7183,5120.994336703062,demand
7184,5503.488030345019,demand
7185,5453.396782092842,demand
7186,5190.4143959464345,demand
7187,4969.836132626658,demand
7188,4859.196005572586,demand
7189,4752.376697810013,demand
7190,4684.805861520879,demand
7191,4786.397116160867,demand
7192,5076.115858047612,demand
7193,5500.786147058702,demand
7194,5440.39251128271,demand
7195,5304.768776732504,demand
7196,5151.9209506400675,demand
7197,4841.959747849423,demand
7198,4514.340551748532,demand
7199,4277.912307336797,demand
7200,4014.007094153162,demand
7201,3981.2642544929313,demand
7202,3859.072754123332,demand
7203,3787.5039645481784,demand
7204,3797.710242719202,demand
7205,3963.4385274583265,demand
7206,4625.956278258222,demand
7207,5084.644194449288,demand
7208,5474.780082499499,demand
7209,5378.853936849015,demand
7210,5136.971509512808,demand
7211,4921.953763684759,demand
7212,4775.62754608793,demand
7213,4704.447578246072,demand
7214,4686.150333339861,demand
7215,4799.351181060443,demand
7216,5194.795157203943,demand
7217,5727.292028218024,demand
7218,5724.614405250949,demand
7219,5639.436105289453,demand
7220,5501.352469442175,demand
7221,5172.436905033078,demand
7222,4788.3083695836285,demand
7223,4524.871735008571,demand
7224,4258.293578516579,demand
7225,4313.206986754232,demand
7226,4283.578540823661,demand
7227,4315.590060527884,demand
7228,4513.100407216105,demand
7229,5082.622952473213,demand
7230,6274.940251682339,demand
7231,6999.014208102562,demand
7232,7317.60847007349,demand
7233,7019.707820913452,demand
7234,6592.986852169914,demand
7235,6196.123499094063,demand
7236,6017.267963731778,demand
7237,5906.465470244307,demand
7238,5786.009259921189,demand
7239,5765.849078900122,demand
7240,6075.456246840181,demand
7241,6547.747022705897,demand
7242,6520.853072848803,demand
7243,6460.95830489286,demand
7244,6285.8505315863,demand
7245,5895.810852355373,demand
7246,5420.277562281889,demand
7247,5088.0901911685905,demand
7248,4768.48955521943,demand
7249,4697.427100216148,demand
7250,4656.556072064064,demand
7251,4717.547836032875,demand
7252,4922.674403870145,demand
7253,5453.001719202597,demand
7254,6638.299099202205,demand
7255,7325.909506220993,demand
7256,7586.403004741258,demand
7257,7284.937207374766,demand
7258,6817.997605120365,demand
7259,6402.317108702042,demand
7260,6173.739575514566,demand
7261,6040.797418916314,demand
7262,5901.168870947208,demand
7263,5871.828799408469,demand
7264,6202.655504512695,demand
7265,6611.388677334129,demand
7266,6510.071030161514,demand
7267,6375.952573336711,demand
7268,6159.04347098028,demand
7269,5717.4997940294725,demand
7270,5221.061743393483,demand
7271,4884.434004921385,demand
7272,4554.9183163739,demand
7273,4348.550837833158,demand
7274,4278.030606920578,demand
7275,4284.327491097261,demand
7276,4468.750099067725,demand
7277,4987.229386216695,demand
7278,6119.022363370835,demand
7279,6766.277135970706,demand
7280,7077.01909735725,demand
7281,6887.3001133166,demand
7282,6542.567409746969,demand
7283,6173.223848647904,demand
7284,5979.598822735865,demand
7285,5858.392064897056,demand
7286,5729.2678058554275,demand
7287,5710.214003665794,demand
7288,6012.085139950206,demand
7289,6463.421661418077,demand
7290,6381.619722597241,demand
7291,6253.853843019648,demand
7292,6061.374688208543,demand
7293,5645.082434285113,demand
7294,5156.660542465624,demand
7295,4801.355216467875,demand
7296,4487.315610513166,demand
7297,4737.645641868648,demand
7298,4656.813739484335,demand
7299,4675.545483144475,demand
7300,4785.101938760282,demand
7301,5152.916522128292,demand
7302,6286.419533550397,demand
7303,7224.063303919618,demand
7304,7595.51438116749,demand
7305,7363.319512563472,demand
7306,7093.003280338234,demand
7307,6794.438854962532,demand
7308,6581.263602120711,demand
7309,6498.175406904736,demand
7310,6411.100207992372,demand
7311,6357.5868022371,demand
7312,6603.908082618098,demand
7313,7096.328554150179,demand
7314,7007.495205645224,demand
7315,6840.494265482474,demand
7316,6581.9872284737885,demand
7317,6152.8632823245225,demand
7318,5622.811571123522,demand
7319,5208.978984251232,demand
7320,4811.583323679999,demand
7321,4481.863661106294,demand
7322,4357.742055755337,demand
7323,4308.501161342405,demand
7324,4366.2112243574265,demand
7325,4662.912155428089,demand
7326,5727.526308684404,demand
7327,6599.344097804193,demand
7328,6950.028703068754,demand
7329,6913.359702684258,demand
7330,6755.019600009786,demand
7331,6448.636112085333,demand
7332,6177.46074105423,demand
7333,6043.208890311884,demand
7334,5970.346112119674,demand
7335,5919.821693365506,demand
7336,6071.880544766136,demand
7337,6397.504382611818,demand
7338,6274.609056884635,demand
7339,6061.840517784583,demand
7340,5798.624645190021,demand
7341,5442.008021201077,demand
7342,5015.466560187508,demand
7343,4672.4488396258785,demand
7344,4285.6655102141885,demand
7345,4075.616755948532,demand
7346,3933.2179808551637,demand
7347,3840.1362772119987,demand
7348,3776.914734166448,demand
7349,3745.8111346201977,demand
7350,4377.445189954393,demand
7351,5095.142154888971,demand
7352,5535.775909425157,demand
7353,5570.936913059771,demand
7354,5435.3951259176265,demand
7355,5255.4071195478955,demand
7356,5036.931941995489,demand
7357,4938.605912291319,demand
7358,4922.999882760679,demand
7359,4921.395843602097,demand
7360,5200.376839313497,demand
7361,5825.684632724018,demand
7362,5798.1922060328525,demand
7363,5656.8926010969335,demand
7364,5477.14596298228,demand
7365,5166.826169351401,demand
7366,4786.063231564579,demand
7367,4472.28173445881,demand
7368,4116.490320938626,demand
7369,4040.742797304893,demand
7370,3907.585832242299,demand
7371,3833.080147791359,demand
7372,3787.406197493903,demand
7373,3770.616970178483,demand
7374,4403.390938163342,demand
7375,5118.299108467467,demand
7376,5583.332687794292,demand
7377,5713.252097821369,demand
7378,5703.079586468584,demand
7379,5601.0106151751515,demand
7380,5439.747766581979,demand
7381,5419.893587514353,demand
7382,5442.594394576467,demand
7383,5520.310791760636,demand
7384,5781.7895415168805,demand
7385,6195.86132431367,demand
7386,6155.170107625281,demand
7387,6027.3897389771355,demand
7388,5825.036181613579,demand
7389,5482.797669632916,demand
7390,5060.96610220786,demand
7391,4777.554559000268,demand
7392,4433.691175957036,demand
7393,4487.142388543448,demand
7394,4395.611272884277,demand
7395,4380.273623789466,demand
7396,4471.034449638813,demand
7397,4800.790602996367,demand
7398,5929.796356416084,demand
7399,6880.507486507809,demand
7400,7309.665601558871,demand
7401,7299.433858417188,demand
7402,7142.586070733379,demand
7403,6936.048389047117,demand
7404,6744.079324863576,demand
7405,6679.3791870004125,demand
7406,6615.137473100582,demand
7407,6574.764907918414,demand
7408,6812.12199310188,demand
7409,7182.92269714726,demand
7410,7071.935806129406,demand
7411,6909.547101076238,demand
7412,6662.652042643867,demand
7413,6255.420102965366,demand
7414,5736.730022964148,demand
7415,5333.0789228342255,demand
7416,4941.470381610559,demand
7417,4886.418816494642,demand
7418,4780.665151124344,demand
7419,4757.9191033623365,demand
7420,4843.05260157705,demand
7421,5175.2086043857,demand
7422,6325.516233616783,demand
7423,7290.5903860325725,demand
7424,7707.744361973304,demand
7425,7668.67759330051,demand
7426,7507.03197456926,demand
7427,7206.287164849255,demand
7428,6963.151300756708,demand
7429,6847.799411428651,demand
7430,6771.835020721074,demand
7431,6671.265130542173,demand
7432,6933.025424225634,demand
7433,7324.61398874893,demand
7434,7214.540411004375,demand
7435,7063.412393435739,demand
7436,6816.361862983698,demand
7437,6401.395108760133,demand
7438,5883.536675973526,demand
7439,5468.765062680789,demand
7440,5083.3273272500755,demand
7441,4882.424508405996,demand
7442,4761.033626582263,demand
7443,4718.714192740417,demand
7444,4803.545504434154,demand
7445,5121.737806495603,demand
7446,6277.793614253472,demand
7447,7247.007914041678,demand
7448,7653.52110418978,demand
7449,7471.545830704204,demand
7450,7189.984611983902,demand
7451,6897.120494839879,demand
7452,6645.306508974261,demand
7453,6560.846672360952,demand
7454,6457.24484221618,demand
7455,6361.178144975972,demand
7456,6609.60165623192,demand
7457,7170.400307585558,demand
7458,7087.783311076648,demand
7459,6926.331446086058,demand
7460,6664.035725966534,demand
7461,6224.733197196065,demand
7462,5681.970985145124,demand
7463,5249.044317643329,demand
7464,4841.282914579496,demand
7465,4584.219038360895,demand
7466,4450.346193106304,demand
7467,4399.366090537015,demand
7468,4455.314148216313,demand
7469,4751.1304616049765,demand
7470,5839.403940753116,demand
7471,6761.458067492845,demand
7472,7163.004662422227,demand
7473,7034.74339374238,demand
7474,6836.313062611153,demand
7475,6573.637493619206,demand
7476,6349.50972963509,demand
7477,6277.904155329423,demand
7478,6184.356284764757,demand
7479,6136.005629471107,demand
7480,6393.862811334731,demand
7481,6943.490383236436,demand
7482,6895.214317586605,demand
7483,6770.734070275928,demand
7484,6539.551338074278,demand
7485,6133.764066236853,demand
7486,5642.350751471535,demand
7487,5254.4269804102805,demand
7488,4862.791194091781,demand
7489,4803.901008207571,demand
7490,4688.787139651684,demand
7491,4640.024630499043,demand
7492,4698.916450525601,demand
7493,5001.221040612321,demand
7494,6100.9769546854495,demand
7495,7048.9301191118375,demand
7496,7455.429775029756,demand
7497,7340.82640199304,demand
7498,7074.282477670887,demand
7499,6726.8946273616675,demand
7500,6397.3203333872,demand
7501,6204.780313794397,demand
7502,6078.043034567455,demand
7503,6060.921534013227,demand
7504,6321.024831550079,demand
7505,6825.541542414003,demand
7506,6742.477344883278,demand
7507,6543.877697992426,demand
7508,6316.176315859058,demand
7509,5986.501408876538,demand
7510,5552.296165024285,demand
7511,5194.528356958832,demand
7512,4800.464921794703,demand
7513,4675.290771364778,demand
7514,4549.121271786468,demand
7515,4488.365351206126,demand
7516,4430.135073312265,demand
7517,4417.309100229605,demand
7518,5124.5517798689725,demand
7519,5933.152019450283,demand
7520,6442.078110341385,demand
7521,6364.986218793554,demand
7522,6131.251914142787,demand
7523,5848.383185657931,demand
7524,5586.659024677392,demand
7525,5489.442398726433,demand
7526,5475.388508466251,demand
7527,5551.558680406815,demand
7528,5885.055519502164,demand
7529,6476.343358838391,demand
7530,6430.474517670396,demand
7531,6283.826900167289,demand
7532,6089.349160675292,demand
7533,5774.840745442856,demand
7534,5381.850905963441,demand
7535,5080.641611169773,demand
7536,4703.011847013212,demand
7537,4495.58054269823,demand
7538,4334.100971630468,demand
7539,4236.689503685131,demand
7540,4160.096044774495,demand
7541,4109.163298938956,demand
7542,4780.621951954068,demand
7543,5525.80947630568,demand
7544,5989.123392362023,demand
7545,5976.347511243406,demand
7546,5864.640180059706,demand
7547,5689.7946965757965,demand
7548,5491.127896324001,demand
7549,5437.902255638869,demand
7550,5461.97924715013,demand
7551,5546.329590071931,demand
7552,5937.207659115909,demand
7553,6590.849677241153,demand
7554,6588.694108399993,demand
7555,6471.908509648425,demand
7556,6274.557938899221,demand
7557,5940.126972606198,demand
7558,5517.243767281718,demand
7559,5190.80670851939,demand
7560,4827.633558320185,demand
7561,4643.984615762423,demand
7562,4549.642918345465,demand
7563,4534.633008911885,demand
7564,4632.702683448849,demand
7565,4930.498121931494,demand
7566,6027.874653265145,demand
7567,6957.917010341296,demand
7568,7344.828906912398,demand
7569,7303.012629449586,demand
7570,7090.49014847469,demand
7571,6854.358696476823,demand
7572,6687.734219679015,demand
7573,6603.845635236315,demand
7574,6504.018190784758,demand
7575,6417.124972007676,demand
7576,6670.141635542786,demand
7577,7137.626648624315,demand
7578,7012.3387715164445,demand
7579,6850.675761362914,demand
7580,6592.014334379274,demand
7581,6169.0177201382085,demand
7582,5650.9240941488715,demand
7583,5248.60822295601,demand
7584,4868.293873669828,demand
7585,4768.692519107099,demand
7586,4657.374967812345,demand
7587,4652.346068194288,demand
7588,4737.159942447133,demand
7589,5035.136933177541,demand
7590,6175.230973644073,demand
7591,7131.191010818732,demand
7592,7542.722911611432,demand
7593,7384.944176164592,demand
7594,7058.217402408054,demand
7595,6781.183982122683,demand
7596,6590.0439206746705,demand
7597,6550.570993216379,demand
7598,6527.592064463986,demand
7599,6486.252027784647,demand
7600,6776.394182237234,demand
7601,7216.38308736939,demand
7602,7088.359838131247,demand
7603,6900.923631845124,demand
7604,6613.807476602826,demand
7605,6183.825677942407,demand
7606,5661.097414669237,demand
7607,5240.410568228544,demand
7608,4849.579384715004,demand
7609,4682.999213702531,demand
7610,4584.878560454554,demand
7611,4564.841091204151,demand
7612,4652.557384794158,demand
7613,4946.042279981828,demand
7614,6091.556892899434,demand
7615,7037.2243490753135,demand
7616,7458.321799588117,demand
7617,7317.506620481966,demand
7618,7025.784023763884,demand
7619,6742.046985766443,demand
7620,6517.685341549464,demand
7621,6453.174545065226,demand
7622,6349.817326279133,demand
7623,6307.088110540315,demand
7624,6624.771126446025,demand
7625,7170.277026303591,demand
7626,7091.603777897036,demand
7627,6934.155067623524,demand
7628,6688.358316924994,demand
7629,6280.955945854324,demand
7630,5756.8251732416775,demand
7631,5326.499503193603,demand
7632,4926.875370182874,demand
7633,4678.673788081792,demand
7634,4559.566178724201,demand
7635,4538.639612551834,demand
7636,4592.348628686818,demand
7637,4892.268395796073,demand
7638,6006.977376316869,demand
7639,6950.9507728586,demand
7640,7314.378106550796,demand
7641,7240.499148946672,demand
7642,7064.999688958318,demand
7643,6853.375664502103,demand
7644,6674.583026494394,demand
7645,6604.905293167156,demand
7646,6539.864115987198,demand
7647,6488.224303188743,demand
7648,6665.613947855034,demand
7649,6998.034076570015,demand
7650,6871.231138330644,demand
7651,6694.574803980329,demand
7652,6440.73656722083,demand
7653,6005.856230898526,demand
7654,5466.966134660854,demand
7655,5021.199589124792,demand
7656,4627.038143007757,demand
7657,4385.840652807825,demand
7658,4245.524421412437,demand
7659,4187.701114925179,demand
7660,4229.640266407452,demand
7661,4496.509206200938,demand
7662,5548.335528788752,demand
7663,6444.103233072408,demand
7664,6804.865457100275,demand
7665,6797.393093667689,demand
7666,6692.650702520683,demand
7667,6459.08006875488,demand
7668,6219.8909922751645,demand
7669,6082.649071353633,demand
7670,5991.9692725885525,demand
7671,5972.856911427323,demand
7672,6167.716452532951,demand
7673,6494.424857693759,demand
7674,6408.95627169786,demand
7675,6229.342296097488,demand
7676,5998.947262959989,demand
7677,5653.119894030514,demand
7678,5230.870789638082,demand
7679,4893.617952683391,demand
7680,4521.086297690034,demand
7681,4460.219881817822,demand
7682,4302.685082726377,demand
7683,4206.926948573571,demand
7684,4130.837620834331,demand
7685,4080.745944904954,demand
7686,4751.816860594321,demand
7687,5529.5356293855775,demand
7688,6030.1863148790035,demand
7689,6060.1421082481265,demand
7690,5896.113923328772,demand
7691,5679.933895134321,demand
7692,5442.427513835763,demand
7693,5360.205406641639,demand
7694,5365.971169348724,demand
7695,5467.9825332048185,demand
7696,5831.583138850396,demand
7697,6326.940836670625,demand
7698,6280.621117354465,demand
7699,6145.784811942773,demand
7700,5959.445787552595,demand
7701,5647.003310652553,demand
7702,5259.276542938653,demand
7703,4914.481191341997,demand
7704,4531.247297475359,demand
7705,4244.0534820277235,demand
7706,4080.616189044208,demand
7707,3984.64834344925,demand
7708,3904.051974236055,demand
7709,3830.27020915122,demand
7710,4423.545734804883,demand
7711,5120.97873106818,demand
7712,5559.923889116488,demand
7713,5646.926129008241,demand
7714,5614.8508209014235,demand
7715,5467.954899510233,demand
7716,5291.600661520679,demand
7717,5260.347411327826,demand
7718,5299.477838965706,demand
7719,5354.975110330338,demand
7720,5654.833966876935,demand
7721,6088.620419907227,demand
7722,6068.993875714149,demand
7723,5952.2057341002765,demand
7724,5753.815457074228,demand
7725,5428.511087722496,demand
7726,5018.638586411974,demand
7727,4708.17766112882,demand
7728,4381.5218336839735,demand
7729,4289.826432049377,demand
7730,4194.254910608832,demand
7731,4180.917997990925,demand
7732,4276.450276074054,demand
7733,4585.703695566872,demand
7734,5701.406615282371,demand
7735,6656.097134093119,demand
7736,7072.660000699512,demand
7737,7054.404156334433,demand
7738,6874.653049600286,demand
7739,6633.457899295177,demand
7740,6447.300681864573,demand
7741,6370.110742023161,demand
7742,6307.017400050852,demand
7743,6259.296872670118,demand
7744,6518.39338082338,demand
7745,6871.78323742843,demand
7746,6754.14032188345,demand
7747,6582.339585816744,demand
7748,6320.388689894135,demand
7749,5910.4211653755665,demand
7750,5392.565061755765,demand
7751,5003.802529624292,demand
7752,4630.488765512505,demand
7753,4502.401899503412,demand
7754,4389.275180199357,demand
7755,4367.868527303328,demand
7756,4449.82409063331,demand
7757,4767.4135349426815,demand
7758,5909.411356616115,demand
7759,6890.73920696629,demand
7760,7300.603853097391,demand
7761,7236.151739435786,demand
7762,6962.618757848204,demand
7763,6674.915481620092,demand
7764,6433.365388954198,demand
7765,6372.896658934323,demand
7766,6315.705743038197,demand
7767,6311.81199864818,demand
7768,6580.873261214689,demand
7769,6941.898472376377,demand
7770,6835.208801917327,demand
7771,6668.388455173866,demand
7772,6412.58184295801,demand
7773,6003.214079679892,demand
7774,5485.657285808761,demand
7775,5070.440380180096,demand
7776,4680.331857850684,demand
7777,4474.889445354351,demand
7778,4363.840848727352,demand
7779,4330.316415073221,demand
7780,4403.253190042713,demand
7781,4699.756177781911,demand
7782,5803.775076725921,demand
7783,6747.800473911747,demand
7784,7153.407938006294,demand
7785,7137.964777732132,demand
7786,6944.759510971,demand
7787,6706.326592817919,demand
7788,6545.402745006292,demand
7789,6509.765714760912,demand
7790,6422.632990958947,demand
7791,6394.010286220197,demand
7792,6556.6677312940155,demand
7793,6850.053364408432,demand
7794,6719.533884369442,demand
7795,6538.4114534588,demand
7796,6283.306600615035,demand
7797,5873.514458091642,demand
7798,5365.328931308618,demand
7799,4968.3236706870575,demand
7800,4591.3549634568535,demand
7801,4360.016951992481,demand
7802,4233.438232139304,demand
7803,4191.842526377359,demand
7804,4249.9782855499325,demand
7805,4526.678488840547,demand
7806,5579.387662733077,demand
7807,6474.5827138538025,demand
7808,6837.689306838891,demand
7809,6851.976549682709,demand
7810,6729.797389624303,demand
7811,6496.1446906492665,demand
7812,6278.053312796913,demand
7813,6189.042052783367,demand
7814,6096.165491217727,demand
7815,6063.849600592931,demand
7816,6340.02046803301,demand
7817,6733.082841625416,demand
7818,6645.1707081268905,demand
7819,6483.212340235104,demand
7820,6232.132495623842,demand
7821,5824.985801593482,demand
7822,5313.389792994917,demand
7823,4895.9406340309415,demand
7824,4517.841409948696,demand
7825,4384.7039666849705,demand
7826,4255.966326038325,demand
7827,4213.26135292061,demand
7828,4278.053317253642,demand
7829,4567.665145951792,demand
7830,5638.746038816313,demand
7831,6569.578604603257,demand
7832,6974.500642024301,demand
7833,6971.702305139571,demand
7834,6809.961290847949,demand
7835,6556.6365444028725,demand
7836,6284.54931805067,demand
7837,6161.123047011501,demand
7838,6076.780454456677,demand
7839,6081.424006237438,demand
7840,6315.658336875483,demand
7841,6683.787208815602,demand
7842,6602.964257686428,demand
7843,6415.959786560926,demand
7844,6180.021758095877,demand
7845,5825.208770853702,demand
7846,5386.700355445022,demand
7847,4985.0929175696565,demand
7848,4602.026936845973,demand
7849,4477.732542187584,demand
7850,4339.609408205971,demand
7851,4263.134787204869,demand
7852,4197.549398293647,demand
7853,4132.535721368406,demand
7854,4763.733596445052,demand
7855,5503.423971567094,demand
7856,5986.703444453542,demand
7857,6094.082123025559,demand
7858,6006.768859692196,demand
7859,5848.150799100094,demand
7860,5613.146820250163,demand
7861,5567.833274765371,demand
7862,5570.824122232731,demand
7863,5636.7485574124385,demand
7864,5903.955131306724,demand
7865,6310.391856360926,demand
7866,6261.879062074902,demand
7867,6103.149355093681,demand
7868,5907.0238710751455,demand
7869,5594.265820587774,demand
7870,5213.0335848374525,demand
7871,4886.497809595958,demand
7872,4512.6812780000855,demand
7873,4346.723867971113,demand
7874,4194.304383704451,demand
7875,4097.042847464286,demand
7876,4017.2027758465233,demand
7877,3941.303063013352,demand
7878,4563.733510265845,demand
7879,5299.658613563866,demand
7880,5779.55680169353,demand
7881,5898.3134013684175,demand
7882,5890.826887366638,demand
7883,5774.735578514261,demand
7884,5611.793313859342,demand
7885,5579.505202650715,demand
7886,5591.447973123237,demand
7887,5682.228294024246,demand
7888,5963.261855501268,demand
7889,6392.316349449462,demand
7890,6384.826452314757,demand
7891,6273.903641753181,demand
7892,6079.790276670199,demand
7893,5750.189514324415,demand
7894,5326.422104605163,demand
7895,4986.306358080525,demand
7896,4636.335894458396,demand
7897,4432.4962071466425,demand
7898,4316.536247230002,demand
7899,4278.913187789579,demand
7900,4342.998132757923,demand
7901,4630.040096472707,demand
7902,5718.668555968391,demand
7903,6664.949978348512,demand
7904,7082.841705488259,demand
7905,7098.576611152503,demand
7906,7000.852914202428,demand
7907,6816.30618575651,demand
7908,6654.613163443701,demand
7909,6608.558619271014,demand
7910,6498.413484577324,demand
7911,6453.305836128225,demand
7912,6653.584049094651,demand
7913,6975.68524929958,demand
7914,6865.584448410898,demand
7915,6686.54889465568,demand
7916,6422.610676806627,demand
7917,6008.501929175932,demand
7918,5487.511460418123,demand
7919,5072.697301319151,demand
7920,4682.265079003881,demand
7921,4400.599200152588,demand
7922,4261.968432675495,demand
7923,4214.753990861971,demand
7924,4265.248872881841,demand
7925,4538.386656824936,demand
7926,5588.198924246318,demand
7927,6480.36097836787,demand
7928,6851.839269425393,demand
7929,6847.549186798382,demand
7930,6720.517405615521,demand
7931,6540.91956681209,demand
7932,6374.13571941565,demand
7933,6367.027724013116,demand
7934,6321.870937816112,demand
7935,6316.390034677124,demand
7936,6513.102757696919,demand
7937,6810.592089957303,demand
7938,6708.983322927383,demand
7939,6541.365563719566,demand
7940,6286.557195758824,demand
7941,5880.0168577934855,demand
7942,5376.969666991643,demand
7943,4966.0600535017165,demand
7944,4577.22507848153,demand
7945,4383.958673694511,demand
7946,4266.6493710305895,demand
7947,4220.778419852382,demand
7948,4273.659917560783,demand
7949,4540.389197546842,demand
7950,5575.581335298704,demand
7951,6458.091395780482,demand
7952,6827.82583663319,demand
7953,6837.5730617826985,demand
7954,6710.0830214065045,demand
7955,6491.137995901727,demand
7956,6323.559025259448,demand
7957,6319.417937984996,demand
7958,6269.125301752367,demand
7959,6244.0707008146055,demand
7960,6429.665122832586,demand
7961,6744.3111853184355,demand
7962,6665.605205401047,demand
7963,6524.526563592246,demand
7964,6307.498499167581,demand
7965,5940.049576551767,demand
7966,5473.1838375883435,demand
7967,5107.009854980533,demand
7968,4761.59487545943,demand
7969,4868.574176725357,demand
7970,4791.588202693008,demand
7971,4832.526393731284,demand
7972,4976.873103140332,demand
7973,5316.425990374605,demand
7974,6440.947878290336,demand
7975,7381.439526578039,demand
7976,7815.753744738364,demand
7977,7810.656761329513,demand
7978,7572.154907120574,demand
7979,7304.1202883317965,demand
7980,6993.194979298185,demand
7981,6849.672315542044,demand
7982,6719.486724583645,demand
7983,6682.771296562501,demand
7984,7034.047431638644,demand
7985,7450.831989693479,demand
7986,7403.606191119177,demand
7987,7276.132145175072,demand
7988,7063.709864956642,demand
7989,6672.463888159954,demand
7990,6155.695392646809,demand
7991,5716.496943397125,demand
7992,5329.039260280775,demand
7993,5190.789030350441,demand
7994,5084.557614036307,demand
7995,5057.112601659811,demand
7996,5109.590022104504,demand
7997,5380.443286309854,demand
7998,6476.67337912604,demand
7999,7447.390347637882,demand
8000,7903.2353348092865,demand
8001,7883.809074318307,demand
8002,7502.071953467226,demand
8003,7063.638683374453,demand
8004,6685.900254707513,demand
8005,6457.5195154732755,demand
8006,6332.359403706641,demand
8007,6398.428803328507,demand
8008,6837.01538860523,demand
8009,7274.358200071179,demand
8010,7235.359588462223,demand
8011,7083.74600993196,demand
8012,6886.116320563188,demand
8013,6576.752715535489,demand
8014,6135.414767637375,demand
8015,5754.879980308353,demand
8016,5346.868860974774,demand
8017,5504.942091857198,demand
8018,5332.34108738835,demand
8019,5239.116038069734,demand
8020,5212.193014347586,demand
8021,5201.505796909066,demand
8022,5953.359325921549,demand
8023,6822.31101122906,demand
8024,7401.834411161819,demand
8025,7428.432989780065,demand
8026,7124.464054287098,demand
8027,6806.514780967278,demand
8028,6481.021337169323,demand
8029,6351.9984555931715,demand
8030,6364.813717066265,demand
8031,6450.102746208756,demand
8032,6785.946151976148,demand
8033,7163.944075998659,demand
8034,7114.196106859473,demand
8035,6984.303207012577,demand
8036,6814.292589394188,demand
8037,6514.348999940443,demand
8038,6098.8733950880105,demand
8039,5772.164727198944,demand
8040,5355.942508433888,demand
8041,5166.042110845594,demand
8042,5023.582366375042,demand
8043,4926.694994633817,demand
8044,4851.895268611094,demand
8045,4801.155765728695,demand
8046,5500.233329079529,demand
8047,6334.707092600205,demand
8048,6904.380477345158,demand
8049,6927.501641429498,demand
8050,6689.9748442329665,demand
8051,6446.46892250643,demand
8052,6188.6518832973925,demand
8053,6144.882146621932,demand
8054,6177.972609950311,demand
8055,6298.10558425716,demand
8056,6793.881943765976,demand
8057,7289.885534653846,demand
8058,7341.086912706114,demand
8059,7269.5795373180645,demand
8060,7145.051627675146,demand
8061,6864.150661578654,demand
8062,6428.4545311663605,demand
8063,6068.8638336230815,demand
8064,5695.055873526908,demand
8065,5413.177772917397,demand
8066,5317.14948821592,demand
8067,5294.474988892388,demand
8068,5365.488542897319,demand
8069,5632.501307389264,demand
8070,6750.620721201205,demand
8071,7752.042845010305,demand
8072,8197.853360809822,demand
8073,8051.034199543585,demand
8074,7709.296782962834,demand
8075,7411.478417029054,demand
8076,7195.933686100363,demand
8077,7128.791194620889,demand
8078,7082.36526444954,demand
8079,7005.274770433414,demand
8080,7152.829835301693,demand
8081,7407.107202130414,demand
8082,7289.825689245956,demand
8083,7117.593067315514,demand
8084,6861.5314987244765,demand
8085,6449.503770676556,demand
8086,5907.155688051563,demand
8087,5496.502332178245,demand
8088,5083.631868670159,demand
8089,4770.820375069974,demand
8090,4627.629282324402,demand
8091,4573.990961622481,demand
8092,4643.366365920978,demand
8093,4944.950383411975,demand
8094,6047.5237660050225,demand
8095,7003.42440217022,demand
8096,7449.370782299075,demand
8097,7390.296400931884,demand
8098,7121.056599717187,demand
8099,6816.531049563602,demand
8100,6600.789375643128,demand
8101,6535.24854480676,demand
8102,6470.648790294395,demand
8103,6480.337097120913,demand
8104,6826.9984293834095,demand
8105,7166.454750225756,demand
8106,7081.329179819408,demand
8107,6948.275608733672,demand
8108,6714.589796798355,demand
8109,6311.06332289159,demand
8110,5795.900735511428,demand
8111,5375.38013197565,demand
8112,4975.700421525865,demand
8113,4840.408901548177,demand
8114,4713.460755960698,demand
8115,4657.441356862679,demand
8116,4719.187529070526,demand
8117,5025.219269279472,demand
8118,6126.814602092375,demand
8119,7082.837984559644,demand
8120,7531.901434194084,demand
8121,7479.611407616116,demand
8122,7243.645278258591,demand
8123,6958.074633609627,demand
8124,6759.087780774106,demand
8125,6708.439564284,demand
8126,6655.34714088044,demand
8127,6662.593998217753,demand
8128,6955.679492249297,demand
8129,7253.9901186751995,demand
8130,7166.51594269686,demand
8131,7037.381518101189,demand
8132,6832.361426181141,demand
8133,6471.907685831295,demand
8134,5985.112970589011,demand
8135,5620.811175007916,demand
8136,5253.337958365754,demand
8137,5053.436214670313,demand
8138,4926.765323780028,demand
8139,4834.165077483085,demand
8140,4842.066133685552,demand
8141,5095.473661716677,demand
8142,6093.583730270271,demand
8143,6931.046953984349,demand
8144,7310.862723297072,demand
8145,7209.526822663039,demand
8146,7002.9910639130885,demand
8147,6784.7461956307525,demand
8148,6661.98111526325,demand
8149,6642.754853513563,demand
8150,6592.750018781314,demand
8151,6598.196961707793,demand
8152,6768.298114783536,demand
8153,7025.533336221502,demand
8154,6939.962651018231,demand
8155,6803.653315474866,demand
8156,6584.72356614039,demand
8157,6180.610404320294,demand
8158,5642.303777908241,demand
8159,5210.555058566462,demand
8160,4805.64094597638,demand
8161,4732.500532827298,demand
8162,4602.313522606578,demand
8163,4552.527142992069,demand
8164,4621.965384216678,demand
8165,4950.322846243955,demand
8166,6032.854383568954,demand
8167,6975.170020115609,demand
8168,7432.237185380282,demand
8169,7426.078966362633,demand
8170,7137.114865387999,demand
8171,6804.007760066112,demand
8172,6485.774375592104,demand
8173,6330.2237341358195,demand
8174,6262.75693739136,demand
8175,6323.858926613868,demand
8176,6640.766828881497,demand
8177,6939.647967807601,demand
8178,6850.195763361908,demand
8179,6674.2856550092765,demand
8180,6444.873363664817,demand
8181,6088.63415474849,demand
8182,5630.762579738447,demand
8183,5230.543961440429,demand
8184,4799.986402593182,demand
8185,4605.196209266018,demand
8186,4476.6849621133915,demand
8187,4419.781978997492,demand
8188,4408.30935313192,demand
8189,4422.05850332648,demand
8190,5046.337170697454,demand
8191,5729.703423083457,demand
8192,6253.474917341058,demand
8193,6307.99077560152,demand
8194,6273.260709248889,demand
8195,6144.084509525524,demand
8196,5949.603323682365,demand
8197,5794.814924374601,demand
8198,5764.1778032517705,demand
8199,5807.302961838775,demand
8200,6094.80690540978,demand
8201,6443.819885427284,demand
8202,6436.155543978433,demand
8203,6335.6804200851275,demand
8204,6184.2003396451655,demand
8205,5931.871121744112,demand
8206,5587.1440924529925,demand
8207,5242.2760506785835,demand
8208,4868.100356485709,demand
8209,4796.479261755753,demand
8210,4631.72365294705,demand
8211,4545.742702775995,demand
8212,4476.1885144917505,demand
8213,4404.670971677437,demand
8214,5021.782039480222,demand
8215,5756.56490334917,demand
8216,6279.704483345877,demand
8217,6332.179201707671,demand
8218,6202.111987897722,demand
8219,6046.846907208671,demand
8220,5877.271344799863,demand
8221,5824.457455882709,demand
8222,5865.929581008957,demand
8223,6008.084555676674,demand
8224,6409.363063758397,demand
8225,6815.775500437905,demand
8226,6836.761969258958,demand
8227,6736.745765596483,demand
8228,6554.241730113466,demand
8229,6250.866567697655,demand
8230,5819.098549995009,demand
8231,5505.483843253232,demand
8232,5121.565675503912,demand
8233,5101.285239765528,demand
8234,4985.49384752245,demand
8235,4976.545395010557,demand
8236,5081.8303034787405,demand
8237,5417.096286935727,demand
8238,6615.320943938963,demand
8239,7676.072811749717,demand
8240,8279.364213062716,demand
8241,8240.096370698288,demand
8242,7830.7620827783685,demand
8243,7410.065275829503,demand
8244,7112.239048101903,demand
8245,7008.792573861836,demand
8246,6951.526545038005,demand
8247,6989.506472680439,demand
8248,7335.395411887373,demand
8249,7668.204108570399,demand
8250,7624.4607090269965,demand
8251,7491.336632246279,demand
8252,7275.458958296647,demand
8253,6899.154919083454,demand
8254,6398.574646647574,demand
8255,6018.24455899497,demand
8256,5626.773902036242,demand
8257,5318.268010427262,demand
8258,5190.526596661893,demand
8259,5125.945463714028,demand
8260,5152.340444723968,demand
8261,5380.545848094919,demand
8262,6332.1681986964195,demand
8263,7166.6046626500065,demand
8264,7585.758768856767,demand
8265,7530.901563095835,demand
8266,7326.522959089492,demand
8267,7048.701390471127,demand
8268,6816.229242846499,demand
8269,6760.738717044757,demand
8270,6694.089114243414,demand
8271,6700.084317258625,demand
8272,6975.545208127332,demand
8273,7252.9976040345355,demand
8274,7176.825066464571,demand
8275,7037.1893695029385,demand
8276,6808.906666054641,demand
8277,6418.265139116815,demand
8278,5907.124483705924,demand
8279,5512.199187783028,demand
8280,5094.6844753037985,demand
8281,5018.293078150307,demand
8282,4899.292212342548,demand
8283,4861.896147638324,demand
8284,4943.954661715302,demand
8285,5252.25698887573,demand
8286,6354.331798411833,demand
8287,7307.350129586762,demand
8288,7795.3851164751995,demand
8289,7753.7473643098365,demand
8290,7557.079464131647,demand
8291,7323.65394009208,demand
8292,7111.83185424874,demand
8293,7012.414717398606,demand
8294,6918.138532416791,demand
8295,6871.965083219775,demand
8296,7146.9440971636795,demand
8297,7437.6239525491,demand
8298,7374.750045756461,demand
8299,7267.23720780511,demand
8300,7061.753432570185,demand
8301,6677.617921073345,demand
8302,6172.49767394031,demand
8303,5781.445508286557,demand
8304,5386.472403150619,demand
8305,5268.15370403802,demand
8306,5152.992355622799,demand
8307,5122.61493389017,demand
8308,5205.140876129454,demand
8309,5518.186069002679,demand
8310,6594.0556331337575,demand
8311,7530.195402628813,demand
8312,8001.27675760575,demand
8313,7951.3216499085775,demand
8314,7712.281568266804,demand
8315,7410.003587643737,demand
8316,7175.217044998943,demand
8317,7095.063975458917,demand
8318,7018.572453018975,demand
8319,7019.1744937312305,demand
8320,7266.223621900264,demand
8321,7516.760244379479,demand
8322,7432.990808000877,demand
8323,7278.642982981471,demand
8324,7049.198906130923,demand
8325,6666.223743567298,demand
8326,6145.753268400548,demand
8327,5747.935530575419,demand
8328,5352.878954306206,demand
8329,5171.134127580325,demand
8330,5051.690156498878,demand
8331,5023.782460561607,demand
8332,5095.74763063401,demand
8333,5384.947633818847,demand
8334,6449.251237290917,demand
8335,7371.406810050245,demand
8336,7860.797339994686,demand
8337,7793.156456503373,demand
8338,7597.297799512466,demand
8339,7335.1752684476105,demand
8340,7035.864564598409,demand
8341,6827.575088543092,demand
8342,6695.854813367049,demand
8343,6688.812773620966,demand
8344,6905.461801631602,demand
8345,7174.729447392508,demand
8346,7103.613214663032,demand
8347,6936.945458670332,demand
8348,6727.531969414296,demand
8349,6403.336240212833,demand
8350,5997.818281126619,demand
8351,5634.407152896805,demand
8352,5245.704552704631,demand
8353,5005.552076264489,demand
8354,4861.784312464665,demand
8355,4759.507510444215,demand
8356,4669.49571218638,demand
8357,4565.442926510921,demand
8358,5181.082235217353,demand
8359,5986.580719066803,demand
8360,6599.873536516345,demand
8361,6688.128156382011,demand
8362,6656.274755354982,demand
8363,6574.820345145113,demand
8364,6374.572398619224,demand
8365,6188.863582658999,demand
8366,6092.464052659101,demand
8367,6182.240226999284,demand
8368,6509.251820477548,demand
8369,6824.807242188643,demand
8370,6762.162364972906,demand
8371,6594.436893364274,demand
8372,6397.546086433541,demand
8373,6094.817412698478,demand
8374,5717.773908710216,demand
8375,5395.635652515183,demand
8376,5025.574789340337,demand
8377,4798.452832152612,demand
8378,4645.593580111525,demand
8379,4548.667588938858,demand
8380,4474.28128966015,demand
8381,4411.917595350782,demand
8382,4979.589808672661,demand
8383,5678.665148795328,demand
8384,6237.423972346296,demand
8385,6343.232913676264,demand
8386,6286.123599200162,demand
8387,6162.375721502291,demand
8388,5947.533367442196,demand
8389,5843.766840240671,demand
8390,5831.901162379565,demand
8391,5897.735780166765,demand
8392,6210.279098842668,demand
8393,6568.399490933206,demand
8394,6582.094805124912,demand
8395,6478.238646921916,demand
8396,6281.625094036783,demand
8397,5959.622756946394,demand
8398,5542.100556403281,demand
8399,5216.047578238088,demand
8400,4865.005247214487,demand
8401,4639.725512096082,demand
8402,4531.982185709828,demand
8403,4494.782290610998,demand
8404,4569.006706587533,demand
8405,4870.928832016845,demand
8406,5921.33178933894,demand
8407,6828.940235027478,demand
8408,7310.066530497814,demand
8409,7264.167064015723,demand
8410,7127.61335779834,demand
8411,6941.570591148901,demand
8412,6759.7949238524825,demand
8413,6653.505952984342,demand
8414,6547.0989031834815,demand
8415,6553.494703513218,demand
8416,6757.436138902348,demand
8417,6999.782088560421,demand
8418,6903.223800386905,demand
8419,6729.738014361999,demand
8420,6476.86763272803,demand
8421,6079.941648009544,demand
8422,5558.477469746265,demand
8423,5187.364142133606,demand
8424,4816.001120020481,demand
8425,4696.232898386279,demand
8426,4606.109265090941,demand
8427,4642.446812034413,demand
8428,4737.963739955967,demand
8429,5047.277837654803,demand
8430,6087.806558627238,demand
8431,6951.708728512225,demand
8432,7427.274299136208,demand
8433,7399.758025373667,demand
8434,7180.282122427479,demand
8435,6939.736923806103,demand
8436,6700.742505121716,demand
8437,6590.547568205771,demand
8438,6508.4627707191885,demand
8439,6530.999034755681,demand
8440,6851.088677178055,demand
8441,7159.518692452371,demand
8442,7116.984942432836,demand
8443,7019.310054076149,demand
8444,6805.722670005629,demand
8445,6445.476685432519,demand
8446,5955.406540548386,demand
8447,5540.137496328547,demand
8448,5137.163114048634,demand
8449,4972.496079755482,demand
8450,4852.703793531061,demand
8451,4813.458007572337,demand
8452,4861.472400391463,demand
8453,5127.749968255579,demand
8454,6144.159130788721,demand
8455,7025.254242747091,demand
8456,7513.758550237835,demand
8457,7473.918841550736,demand
8458,7277.538304772466,demand
8459,6996.8719759339965,demand
8460,6756.174380711026,demand
8461,6633.076392540421,demand
8462,6526.93561053994,demand
8463,6542.290820644891,demand
8464,6819.045612212208,demand
8465,7099.977564970788,demand
8466,7031.400675103351,demand
8467,6896.8337505252985,demand
8468,6689.262296388261,demand
8469,6313.856133180655,demand
8470,5818.309330411078,demand
8471,5421.570826680641,demand
8472,5025.219227882649,demand
8473,4836.920321291237,demand
8474,4706.791352968376,demand
8475,4670.289120766417,demand
8476,4735.545613021293,demand
8477,5022.637710851624,demand
8478,6026.739227103144,demand
8479,6888.675346587603,demand
8480,7383.46738401459,demand
8481,7370.74042665569,demand
8482,7227.362171103186,demand
8483,7049.078278951891,demand
8484,6859.697468878179,demand
8485,6758.877061644005,demand
8486,6679.882412583813,demand
8487,6700.079985971146,demand
8488,6902.161518649105,demand
8489,7154.381345590355,demand
8490,7079.723231450661,demand
8491,6914.007607888814,demand
8492,6662.358106003194,demand
8493,6250.1258622441765,demand
8494,5740.84007909845,demand
8495,5332.495595709083,demand
8496,4925.179156612088,demand
8497,4684.0014046995875,demand
8498,4531.207584307497,demand
8499,4473.618949735274,demand
8500,4544.070803792865,demand
8501,4815.968730214592,demand
8502,5790.513495320793,demand
8503,6643.70791629174,demand
8504,7142.234906184722,demand
8505,7119.42388009615,demand
8506,6923.742109100078,demand
8507,6622.544825407607,demand
8508,6327.337430841362,demand
8509,6122.13848990161,demand
8510,6022.570199266847,demand
8511,6077.007099983016,demand
8512,6417.53544889768,demand
8513,6751.740130948549,demand
8514,6712.829406709659,demand
8515,6570.090508775942,demand
8516,6349.696356792002,demand
8517,6010.8489282564915,demand
8518,5590.216813889846,demand
8519,5253.426864040209,demand
8520,4849.84411252491,demand
8521,4745.123033886857,demand
8522,4589.57929432305,demand
8523,4508.112473231876,demand
8524,4450.5544162249025,demand
8525,4405.301957891689,demand
8526,4985.83947800512,demand
8527,5681.709928603957,demand
8528,6271.738833566005,demand
8529,6357.146558333524,demand
8530,6226.92416813223,demand
8531,6044.638438202179,demand
8532,5872.151171644238,demand
8533,5801.2350990484065,demand
8534,5822.496274298912,demand
8535,5926.620654315278,demand
8536,6190.738058132064,demand
8537,6496.23742214151,demand
8538,6481.529303808413,demand
8539,6371.4633126901645,demand
8540,6214.047589518705,demand
8541,5933.532816511948,demand
8542,5571.076229339087,demand
8543,5256.680523828716,demand
8544,4872.841472905739,demand
8545,4594.082590647994,demand
8546,4428.269750688579,demand
8547,4321.053322480393,demand
8548,4248.66057253391,demand
8549,4174.6207894965755,demand
8550,4697.764273132326,demand
8551,5338.213116765942,demand
8552,5902.877406561127,demand
8553,5984.373863515939,demand
8554,5964.509591925034,demand
8555,5859.509577736472,demand
8556,5709.184369564707,demand
8557,5609.376345330384,demand
8558,5628.3658216136755,demand
8559,5738.968174895201,demand
8560,6005.433698387742,demand
8561,6355.827936501065,demand
8562,6376.638950099257,demand
8563,6301.444955611275,demand
8564,6137.532513307417,demand
8565,5833.076707465426,demand
8566,5427.167493831121,demand
8567,5142.3625047814185,demand
8568,4795.481602948552,demand
8569,4508.721670553564,demand
8570,4373.161945838239,demand
8571,4287.198230874412,demand
8572,4261.271184671268,demand
8573,4280.29513183261,demand
8574,4934.255373066157,demand
8575,5669.130405363318,demand
8576,6237.816750220612,demand
8577,6289.01167652971,demand
8578,6146.601677520301,demand
8579,5950.309384169734,demand
8580,5788.400184409593,demand
8581,5700.095361593725,demand
8582,5725.8832701414485,demand
8583,5824.672108646904,demand
8584,6112.961689114225,demand
8585,6414.089877773564,demand
8586,6370.077986969904,demand
8587,6325.846389093089,demand
8588,6206.950900082364,demand
8589,5931.22144289871,demand
8590,5544.700854229708,demand
8591,5244.351516856719,demand
8592,4870.083091858335,demand
8593,4807.282869367681,demand
8594,4641.54369200194,demand
8595,4549.060826052144,demand
8596,4518.532977376256,demand
8597,4546.685984367673,demand
8598,5206.9096062165845,demand
8599,5919.41475260564,demand
8600,6469.405190528177,demand
8601,6511.606657578335,demand
8602,6350.721092949461,demand
8603,6140.670132264606,demand
8604,5943.307502921651,demand
8605,5852.076371302526,demand
8606,5826.955218340416,demand
8607,5927.404848891903,demand
8608,6229.897357646446,demand
8609,6528.405303798145,demand
8610,6478.149933482214,demand
8611,6436.058600272382,demand
8612,6302.613365355062,demand
8613,6019.000110941381,demand
8614,5638.712466449371,demand
8615,5325.618602371276,demand
8616,4940.8977368994565,demand
8617,4919.998312530229,demand
8618,4751.3948300784705,demand
8619,4664.911506409627,demand
8620,4646.134245450958,demand
8621,4673.587486208792,demand
8622,5345.696866957746,demand
8623,6064.23889482716,demand
8624,6682.407882245491,demand
8625,6756.150272199262,demand
8626,6622.715115787736,demand
8627,6423.138840366455,demand
8628,6198.678925874923,demand
8629,6106.606440134839,demand
8630,6117.494300048749,demand
8631,6229.667546767657,demand
8632,6544.821826952654,demand
8633,6862.891567040879,demand
8634,6869.498064028702,demand
8635,6855.580766982261,demand
8636,6753.913209154489,demand
8637,6484.507299183308,demand
8638,6088.40640542912,demand
8639,5747.454967288748,demand
8640,5363.085722819393,demand
8641,5434.941930762917,demand
8642,5309.51054965859,demand
8643,5236.239844428115,demand
8644,5284.641076443938,demand
8645,5527.302599470989,demand
8646,6452.70005770878,demand
8647,7301.518783280175,demand
8648,7919.787176492437,demand
8649,7982.008070074606,demand
8650,7741.260352691452,demand
8651,7457.137867656615,demand
8652,7241.74573114553,demand
8653,7140.689067298624,demand
8654,7075.9838453527345,demand
8655,7100.198936347207,demand
8656,7330.398281358451,demand
8657,7599.59312271803,demand
8658,7583.137435761419,demand
8659,7483.7162632073105,demand
8660,7305.524334564557,demand
8661,6968.763929374556,demand
8662,6519.500840840622,demand
8663,6178.947090069085,demand
8664,5797.613421898734,demand
8665,5652.749872393835,demand
8666,5537.803815614196,demand
8667,5524.63554485911,demand
8668,5618.7166256937635,demand
8669,5883.1546764278,demand
8670,6819.873597936285,demand
8671,7640.813260852672,demand
8672,8286.1192853852,demand
8673,8347.485624880184,demand
8674,8118.01286057025,demand
8675,7749.8724535356705,demand
8676,7434.522405404324,demand
8677,7191.539842994971,demand
8678,7077.24945919099,demand
8679,7103.392044230901,demand
8680,7318.752759511466,demand
8681,7561.995712438472,demand
8682,7519.067191750239,demand
8683,7361.394037903403,demand
8684,7158.083000876461,demand
8685,6840.113654636313,demand
8686,6438.846021635035,demand
8687,6113.8305331969605,demand
8688,5700.825992262734,demand
8689,5263.531526404972,demand
8690,5107.951246535029,demand
8691,5006.505727631453,demand
8692,4909.604987262428,demand
8693,4817.04460013594,demand
8694,5304.526299240836,demand
8695,5902.020359342467,demand
8696,6484.780166677122,demand
8697,6553.848518588453,demand
8698,6445.200729438768,demand
8699,6296.323129028971,demand
8700,6117.578756522609,demand
8701,6034.589578328048,demand
8702,6011.212455146102,demand
8703,6100.362798807431,demand
8704,6337.87962244822,demand
8705,6667.321413949944,demand
8706,6681.545477563857,demand
8707,6586.291696429848,demand
8708,6446.822802244513,demand
8709,6201.107578835278,demand
8710,5873.251893992665,demand
8711,5576.065585648393,demand
8712,5220.720610194785,demand
8713,4750.424717217738,demand
8714,4584.723917615311,demand
8715,4461.571609829656,demand
8716,4385.296012550186,demand
8717,4294.236628057616,demand
8718,4708.418235991614,demand
8719,5213.969957515042,demand
8720,5747.960388337906,demand
8721,5845.159201595111,demand
8722,5716.255663513792,demand
8723,5538.470790422774,demand
8724,5358.308583604181,demand
8725,5271.658148771492,demand
8726,5302.371896384497,demand
8727,5503.558434200302,demand
8728,5876.6997528808115,demand
8729,6287.43099088278,demand
8730,6305.883201816453,demand
8731,6205.203710031497,demand
8732,6038.344640588896,demand
8733,5765.599351112145,demand
8734,5411.640035339958,demand
8735,5146.197072326525,demand
8736,4847.532056212632,demand
8737,4717.995036490739,demand
8738,4653.033431138538,demand
8739,4641.392484638316,demand
8740,4712.503916577346,demand
8741,4943.907311887656,demand
8742,5727.875907967375,demand
8743,6445.883911224342,demand
8744,6997.817079073722,demand
8745,7074.132431328938,demand
8746,6865.216578944552,demand
8747,6562.285585055552,demand
8748,6360.863042447367,demand
8749,6248.114504343326,demand
8750,6175.965065146926,demand
8751,6240.436329199794,demand
8752,6584.139593390522,demand
8753,6953.803363209501,demand
8754,6962.110982378417,demand
8755,6847.067384065807,demand
8756,6643.609221787205,demand
8757,6304.7425275163205,demand
8758,5861.057980849286,demand
8759,5517.699287554327,demand
8760,5126.595271200384,demand
