Onshore turbines,Offshore trubines fixed,Utility scale PV,"Biogas, Basic plant, large",CCS
14649.828559999996,44252.26935124364,0.0,0.0,0.0
15288.148719999996,45322.16450017605,0.0,0.0,0.0
15755.479119999996,45880.77020207756,0.0,0.0,0.0
16188.540879999995,46526.466393229166,0.0,0.0,0.0
16636.5712,47200.26653442135,0.0,0.0,0.0
16923.891599999995,47442.31577363046,0.0,0.0,0.0
17051.246559999996,47418.03245239128,0.0,0.0,0.0
17195.235759999996,47405.67743198149,0.0,0.0,0.0
17369.398959999995,47653.25417831368,0.0,0.0,0.0
17553.894639999995,47950.2311588627,0.0,0.0,0.0
17723.323999999993,48146.74048750107,0.0,0.0,0.0
17858.744159999995,48210.06368849296,0.0,0.0,0.0
17907.522639999992,48223.02405528427,0.0,0.0,0.0
17882.247919999998,48193.13383723263,0.0,0.0,0.0
17797.140319999995,48084.94553802974,0.0,0.0,0.0
17602.970159999997,47897.43701542485,0.0,0.0,0.0
17280.027519999996,47661.65956167681,0.0,0.0,0.0
16911.799439999995,47343.53515261913,0.0,0.0,0.0
16573.294159999998,46915.465947481025,0.0,0.0,0.0
16370.885839999999,46455.640866590846,0.0,0.0,0.0
16219.203679999997,46130.609554557086,0.0,0.0,0.0
16213.300479999996,46311.44934325404,0.0,0.0,0.0
16260.50352,46530.91221583446,0.0,0.0,0.0
16286.725759999998,46585.552169550385,0.0,0.0,0.0
16202.528079999996,46504.822779161885,0.0,0.0,0.0
15966.166959999997,45909.46957478851,0.0,0.0,0.0
15600.653599999994,45137.32545587658,0.0,0.0,0.0
15259.79832,44118.557266905016,0.0,0.0,0.0
14907.903679999996,42980.178587170994,0.0,0.0,0.0
14396.773039999996,41608.71177941668,0.0,0.0,0.0
13745.883199999998,39984.66667489921,0.0,0.0,0.0
12854.135279999997,37983.758714893884,0.0,0.0,0.0
11904.889439999997,35989.42025168478,0.0,0.0,0.0
11070.639439999999,34473.56344637019,0.0,0.0,0.0
10273.135919999999,33267.405819327825,0.0,0.0,0.0
9768.882319999999,32834.3946060258,0.0,0.0,0.0
9292.091759999998,32530.69927301298,0.0,0.0,0.0
8901.53304,32169.44641519951,0.0,0.0,0.0
8475.822079999998,31534.269357890775,0.0,0.0,0.0
7784.940879999999,30263.69692162754,0.0,0.0,0.0
6773.192559999998,28168.90073021894,0.0,0.0,0.0
5590.54472,25659.33310664343,0.0,0.0,0.0
4664.23864,23267.37138417353,0.0,0.0,0.0
4052.4339999999993,21207.21886846822,0.0,0.0,0.0
3693.5307199999993,19573.984407404998,0.0,0.0,0.0
3566.626959999999,18966.08763210955,0.0,0.0,0.0
3686.014479999999,19462.43197011463,0.0,0.0,0.0
3980.324719999999,20557.16616811188,0.0,0.0,0.0
4236.064879999999,21307.636901823014,0.0,0.0,0.0
4366.454159999999,21202.07838608085,0.0,0.0,0.0
4432.17144,20813.8330338781,0.0,0.0,0.0
4406.453039999999,20026.088841002955,0.0,0.0,0.0
4320.435519999999,19121.850202673526,0.0,0.0,0.0
4161.752239999999,18333.10371496995,0.0,0.0,0.0
3901.7143999999994,17369.997621965093,0.0,0.0,0.0
3598.4440799999993,16115.799309136519,0.0,0.0,0.0
3270.01936,14576.750790811746,0.0,0.0,0.0
2895.4406399999993,13343.362500311954,0.0,0.0,0.0
2520.3580799999995,12309.33164355705,0.0,0.0,0.0
2165.3651999999997,11476.424641135736,0.0,0.0,0.0
2037.4650399999996,11465.578024824164,0.0,0.0,0.0
2264.0839999999994,12680.716610477679,0.0,0.0,0.0
2493.872639999999,13125.596582342036,0.0,0.0,0.0
2461.5253599999996,12462.067482213402,0.0,0.0,0.0
2516.5191199999995,12222.231230595788,0.0,0.0,0.0
2864.127359999999,12883.72596993405,0.0,0.0,0.0
3281.863359999999,13743.556000766428,0.0,0.0,0.0
3749.05088,14704.637656692094,0.0,0.0,0.0
4195.073359999999,15359.632365212352,0.0,0.0,0.0
4734.595759999999,16266.590100403055,0.0,0.0,0.0
5277.851839999999,17829.48529667541,0.0,0.0,0.0
5770.889359999998,19628.138099273474,0.0,0.0,0.0
6291.653119999999,21470.385765052448,0.0,0.0,0.0
6986.572559999999,23740.265992677927,0.0,0.0,0.0
7760.884399999999,26076.317526401817,0.0,0.0,0.0
8045.467519999998,27746.755980650832,0.0,0.0,0.0
7884.483119999997,28471.802166337962,0.0,0.0,0.0
7976.215839999998,29167.841344267785,0.0,0.0,0.0
8186.031359999999,29628.480169474118,0.0,0.0,0.0
8177.672879999998,29611.30222543448,0.0,0.0,0.0
8037.436159999998,29293.197663799143,0.0,0.0,0.0
7668.963679999998,28748.098132803443,0.0,0.0,0.0
7845.646079999999,29138.923649911045,0.0,0.0,0.0
8218.224479999997,29480.507712180577,0.0,0.0,0.0
8553.59016,29984.48338407733,0.0,0.0,0.0
9011.862719999997,30749.016016519934,0.0,0.0,0.0
9423.323279999997,31641.882081845648,0.0,0.0,0.0
9761.956399999997,32478.282230599696,0.0,0.0,0.0
9860.641359999998,32572.904816629736,0.0,0.0,0.0
10133.936959999999,32934.336301244315,0.0,0.0,0.0
10219.819119999996,33414.97140446329,0.0,0.0,0.0
10192.089119999997,33761.368466651504,0.0,0.0,0.0
9996.50896,33368.419275352964,0.0,0.0,0.0
9927.806239999998,33077.2377421287,0.0,0.0,0.0
9740.2048,32568.3299857792,0.0,0.0,0.0
9511.965279999999,32120.37366345136,0.0,0.0,0.0
9052.587279999998,31719.733595994127,0.0,0.0,0.0
8768.62832,31234.45419594641,0.0,0.0,0.0
8516.49776,30981.49879815871,0.0,0.0,0.0
8045.738239999998,30551.087597183898,0.0,0.0,0.0
7596.662639999997,29957.34203402047,0.0,0.0,0.0
6960.978239999998,28988.867213271278,0.0,0.0,0.0
6111.349839999999,26938.469705648564,0.0,0.0,0.0
5288.270799999998,24426.7883315933,0.0,0.0,0.0
4339.431039999999,21690.324975769152,0.0,0.0,0.0
3295.69264,18986.848035882475,0.0,0.0,0.0
2424.02688,16332.801101346153,0.0,0.0,0.0
1910.2303999999995,14488.390066531567,0.0,0.0,0.0
1613.8634399999996,13627.160792423869,0.0,0.0,0.0
1586.9907199999998,13326.47234389632,0.0,0.0,0.0
1828.9955999999995,13680.322113175087,0.0,0.0,0.0
2056.302639999999,14036.454336023544,0.0,0.0,0.0
2058.7955199999997,13740.062854433701,0.0,0.0,0.0
1822.1787199999994,13065.508511192387,0.0,0.0,0.0
1493.5509599999996,12119.739141605933,0.0,0.0,0.0
1180.2865599999998,11235.17922253162,0.0,0.0,0.0
928.5131999999999,10536.837743609767,0.0,0.0,0.0
786.26864,10336.636794415217,0.0,0.0,0.0
700.9579999999999,9945.57310823947,0.0,0.0,0.0
624.0772799999999,9409.930873991187,0.0,0.0,0.0
551.7574399999999,8962.133331042105,0.0,0.0,0.0
504.24607999999995,8618.415670870481,0.0,0.0,0.0
509.38223999999997,8666.128874187989,0.0,0.0,0.0
510.81103999999993,8495.758600778054,0.0,0.0,0.0
529.11848,8562.386397590397,0.0,0.0,0.0
579.4911999999998,8853.141211234248,0.0,0.0,0.0
641.8545599999998,9121.04171804777,0.0,0.0,0.0
765.0810399999998,9716.255990464731,0.0,0.0,0.0
960.2438399999996,10272.738018175321,0.0,0.0,0.0
1128.6767999999997,10260.859335901809,0.0,0.0,0.0
1260.1940799999998,10180.3482671591,0.0,0.0,0.0
1400.8293599999997,10468.929788056168,0.0,0.0,0.0
1657.7501599999998,11081.431165335667,0.0,0.0,0.0
2017.6423199999992,11735.572434695092,0.0,0.0,0.0
2472.3842399999994,12127.27123838588,0.0,0.0,0.0
2834.596319999999,11737.497634662563,0.0,0.0,0.0
2720.713439999999,10647.993232453235,0.0,0.0,0.0
2384.6258399999997,9837.970307995767,0.0,0.0,0.0
2393.25504,10128.377791748579,0.0,0.0,0.0
2633.8875199999998,10694.942310010458,0.0,0.0,0.0
2807.0279999999993,11346.354558797435,0.0,0.0,0.0
2863.8603999999996,11985.550719131032,0.0,0.0,0.0
2762.7803199999994,11965.375814317287,0.0,0.0,0.0
2610.9439999999995,12122.140679709684,0.0,0.0,0.0
2615.8846399999993,12231.321350029819,0.0,0.0,0.0
2649.68704,11941.539060080879,0.0,0.0,0.0
2644.501999999999,12022.38753500345,0.0,0.0,0.0
2661.8393599999995,11733.220515147203,0.0,0.0,0.0
2750.221919999999,11348.408767010147,0.0,0.0,0.0
2834.314319999999,11280.719133102344,0.0,0.0,0.0
3041.0879999999993,11451.595515782077,0.0,0.0,0.0
3293.959279999999,11762.564929084365,0.0,0.0,0.0
3435.4819199999993,12136.668992866265,0.0,0.0,0.0
3479.594239999999,12772.530786245892,0.0,0.0,0.0
3508.8207199999997,14480.173233680718,0.0,0.0,0.0
3682.487599999999,17217.539647221573,0.0,0.0,0.0
4349.113039999999,20855.085901222294,0.0,0.0,0.0
5587.487839999999,24526.839187634712,0.0,0.0,0.0
7059.196959999999,27493.60210863969,0.0,0.0,0.0
8033.563359999999,30007.27814864062,0.0,0.0,0.0
9340.798799999997,33168.456495226565,0.0,0.0,0.0
10711.822639999999,35923.90391052375,0.0,0.0,0.0
11290.324959999996,37428.58661705808,0.0,0.0,0.0
11606.99216,38139.46174319083,0.0,0.0,0.0
11848.989519999997,38508.43524829653,0.0,0.0,0.0
11795.007199999998,39154.05204975876,0.0,0.0,0.0
11456.16352,39112.183912321874,0.0,0.0,0.0
11232.169039999995,38365.90098472554,0.0,0.0,0.0
10855.183919999998,36552.898495771995,0.0,0.0,0.0
9668.832479999997,34531.438529928375,0.0,0.0,0.0
9032.065199999997,34821.92540337057,0.0,0.0,0.0
9472.902639999997,35622.27270943481,0.0,0.0,0.0
10288.973039999997,35088.90300504504,0.0,0.0,0.0
10518.396959999998,33437.63716078134,0.0,0.0,0.0
10161.28344,33582.63250472313,0.0,0.0,0.0
10064.993599999998,34941.42673331012,0.0,0.0,0.0
10291.4396,36050.01443210423,0.0,0.0,0.0
10369.707759999998,36896.61615594362,0.0,0.0,0.0
10528.511359999999,37488.724306763586,0.0,0.0,0.0
11367.156799999997,37916.06908098608,0.0,0.0,0.0
11966.967039999996,38017.37032463523,0.0,0.0,0.0
12493.998719999998,37730.51552948219,0.0,0.0,0.0
12968.1084,37426.27439235487,0.0,0.0,0.0
13340.765759999997,37370.314585053,0.0,0.0,0.0
13542.072399999995,37115.2255893632,0.0,0.0,0.0
13664.268639999998,37035.87559482768,0.0,0.0,0.0
13669.525119999998,36950.432441632234,0.0,0.0,0.0
13576.002639999997,36816.00585008919,0.0,0.0,0.0
13505.927519999997,36529.90525698526,0.0,0.0,0.0
13631.413759999998,36757.634580972386,0.0,0.0,0.0
13952.713279999996,37431.36525618638,0.0,0.0,0.0
14153.501039999997,37931.77831577219,0.0,0.0,0.0
14271.6064,38319.825193751494,0.0,0.0,0.0
14242.184399999996,38625.23732879717,0.0,0.0,0.0
14138.961119999996,39054.27905763017,0.0,0.0,0.0
13854.178719999998,39337.05520749131,0.0,0.0,0.0
13643.833039999998,39015.54681292381,0.0,0.0,0.0
13516.489359999998,38439.733395849136,0.0,0.0,0.0
13400.782879999995,37882.34831042185,0.0,0.0,0.0
13260.211519999997,37119.9591995925,0.0,0.0,0.0
12943.815039999998,36072.06491832958,0.0,0.0,0.0
12648.169999999996,35267.98629686445,0.0,0.0,0.0
12440.847359999998,34680.16518927102,0.0,0.0,0.0
12176.481759999997,34193.87357068372,0.0,0.0,0.0
12066.110719999997,33532.636847835936,0.0,0.0,0.0
11292.979519999997,32004.722733446742,0.0,0.0,0.0
10133.230079999998,30165.05523257262,0.0,0.0,0.0
9210.804319999997,28519.455827388432,0.0,0.0,0.0
8375.43008,26675.015021440333,0.0,0.0,0.0
7652.91224,24502.416934439123,0.0,0.0,0.0
6835.864239999998,22135.5324301022,0.0,0.0,0.0
5982.5247199999985,19935.60444253186,0.0,0.0,0.0
4845.68496,17028.80058443129,0.0,0.0,0.0
4170.746159999999,14703.893378354152,0.0,0.0,0.0
3466.7763999999997,12944.26060808646,0.0,0.0,0.0
2860.13424,11280.441269189516,0.0,0.0,0.0
2422.0904799999994,10277.431933559927,0.0,0.0,0.0
2101.253439999999,9506.657286789801,0.0,0.0,0.0
1814.8617599999998,8792.090540100866,0.0,0.0,0.0
1629.6967999999997,8121.803392663742,0.0,0.0,0.0
1455.5711999999996,7603.914677703107,0.0,0.0,0.0
1308.0927199999996,7036.5860336809465,0.0,0.0,0.0
1170.2473599999998,6344.20870517378,0.0,0.0,936.7662155555404
1010.84592,5557.704976195199,0.0,0.0,2453.3080024647807
998.2386399999997,5029.2673562581695,0.0,0.0,2932.2646898417483
1059.91016,4993.125200167829,0.0,0.0,2557.6646440948093
1120.8296799999998,5405.961508656099,0.0,0.0,1749.236706421929
1219.6499999999996,6187.731627405383,0.0,0.0,601.6950527417401
1398.1559999999997,6811.347561198115,0.0,0.0,0.0
1626.1736799999999,7427.421474499725,0.0,0.0,0.0
1922.6835199999998,8243.964277197541,0.0,0.0,0.0
2317.8444799999997,9155.367834993538,0.0,0.0,0.0
2614.9483999999993,10128.784663906652,0.0,0.0,0.0
2892.2295999999997,11633.695615797935,0.0,0.0,0.0
3312.5148799999997,12889.243553345974,0.0,0.0,0.0
3797.35184,14022.65045378256,0.0,0.0,0.0
4315.633999999999,15414.520411707597,0.0,0.0,0.0
4991.794799999999,17775.609468719766,0.0,0.0,0.0
5676.919439999999,20693.121011175484,0.0,0.0,0.0
6251.861039999999,23063.121560820593,0.0,0.0,0.0
6895.328639999999,25198.10878247792,0.0,0.0,0.0
7484.88912,27047.97785843739,0.0,0.0,0.0
7963.097199999998,29120.485394552496,0.0,0.0,0.0
8411.92088,30578.417497753027,0.0,0.0,0.0
8987.136959999998,31802.10039872609,0.0,0.0,0.0
9299.544079999998,32372.505393211737,0.0,0.0,0.0
9280.435759999998,33044.459724125845,0.0,0.0,0.0
9491.548479999996,33673.98026606623,0.0,0.0,0.0
9782.576239999999,34066.790525408345,0.0,0.0,0.0
9981.758479999999,34546.8500533793,0.0,0.0,0.0
10114.50152,34392.58596320238,0.0,0.0,0.0
10128.5564,33922.926484540236,0.0,0.0,0.0
10139.659679999997,33545.2201136027,0.0,0.0,0.0
10041.493599999998,32901.538435819115,0.0,0.0,0.0
9709.053199999995,31933.976596497796,0.0,0.0,0.0
9153.663599999998,30736.78008064421,0.0,0.0,0.0
8259.945439999998,28946.850220166798,0.0,0.0,0.0
7095.898319999999,26516.106634434662,0.0,0.0,0.0
6053.58872,24130.754103605665,0.0,0.0,0.0
5467.032479999999,22264.183421742837,0.0,0.0,0.0
5197.271279999999,20668.53997860114,0.0,0.0,0.0
4945.33248,18842.527504300422,0.0,0.0,0.0
4709.854959999999,16933.274940684554,0.0,0.0,0.0
4556.98464,15432.631184597456,0.0,0.0,0.0
4527.716799999999,14804.122861196667,0.0,0.0,0.0
4739.250639999998,15038.77893558223,0.0,0.0,0.0
5063.738639999999,15931.337365861596,0.0,0.0,0.0
5218.951439999998,16996.737073632856,0.0,0.0,0.0
5233.5477599999995,17639.327143187456,0.0,0.0,0.0
5358.748239999999,18423.3896392176,0.0,0.0,0.0
5260.901759999999,19514.065039345285,0.0,0.0,0.0
5634.991679999998,22332.399012342783,0.0,0.0,0.0
6225.6500799999985,25469.8894603599,0.0,0.0,0.0
6343.056079999999,27458.015680375003,0.0,0.0,0.0
7193.992959999998,29095.55703208711,0.0,0.0,0.0
7905.155599999997,28816.20456258049,0.0,0.0,0.0
8252.335199999998,29111.087640072114,0.0,0.0,0.0
8356.28416,29380.367542738615,0.0,0.0,0.0
7831.312959999998,29182.915461538858,0.0,0.0,0.0
7455.478399999998,29337.36810222806,0.0,0.0,0.0
7647.5805599999985,29777.891564887675,0.0,0.0,0.0
7536.081519999999,29532.319408212337,0.0,0.0,0.0
7287.631999999999,28114.965359996255,0.0,0.0,0.0
6866.354079999998,26861.491478083277,0.0,0.0,0.0
6261.309919999998,25826.894969791534,0.0,0.0,0.0
5921.451039999999,24547.847684186956,0.0,0.0,0.0
5847.003039999999,23471.61128381529,0.0,0.0,0.0
5896.65384,22490.602815855196,0.0,0.0,0.0
5738.12472,21897.422904228602,0.0,0.0,0.0
5848.969519999999,22035.283099837343,0.0,0.0,0.0
6223.833999999999,22275.84378237055,0.0,0.0,0.0
6863.658159999998,23215.172663406036,0.0,0.0,0.0
6977.853119999999,25265.45108649468,0.0,0.0,0.0
7174.512399999999,28676.190921647314,0.0,0.0,0.0
7887.727999999999,32009.734207588863,0.0,0.0,0.0
9207.153359999997,33199.61694830829,0.0,0.0,0.0
10399.092159999998,33491.512988736984,0.0,0.0,0.0
12007.650239999997,36191.685332803216,0.0,0.0,0.0
12950.616879999998,39648.79867026506,0.0,0.0,0.0
13585.590639999997,41702.01451186077,0.0,0.0,0.0
14149.962879999997,42549.12234496997,0.0,0.0,0.0
14486.836319999997,43099.18373155194,0.0,0.0,0.0
14653.60736,43573.90430291209,0.0,0.0,0.0
14647.237919999996,43825.281830623346,0.0,0.0,0.0
14538.224239999996,43710.51411091308,0.0,0.0,0.0
14555.159279999998,43405.59816142603,0.0,0.0,0.0
14594.729519999997,43354.788760222706,0.0,0.0,0.0
14292.745119999998,43372.820143423174,0.0,0.0,0.0
14131.914879999998,43406.70961707736,0.0,0.0,0.0
14360.383759999995,43435.32960009892,0.0,0.0,0.0
14437.294559999997,43159.89699650545,0.0,0.0,0.0
14128.406799999999,42790.58608521988,0.0,0.0,0.0
14109.084159999997,43306.172499188484,0.0,0.0,0.0
14709.830639999998,44328.60253758271,0.0,0.0,0.0
15062.778079999995,45308.50947360266,0.0,0.0,0.0
15023.079999999996,45611.410909721686,0.0,0.0,0.0
14668.654879999998,45394.40911751205,0.0,0.0,0.0
14414.241999999998,44981.572809023775,0.0,0.0,0.0
14229.122159999995,44506.07818819218,0.0,0.0,0.0
13995.032079999997,44101.16100121957,0.0,0.0,0.0
13729.722719999998,43684.811698976235,0.0,0.0,0.0
13746.582559999995,43684.15673403884,0.0,0.0,0.0
14035.361839999998,44001.209382289904,0.0,0.0,0.0
14504.967039999998,44266.17247059634,0.0,0.0,0.0
14915.671839999999,44725.977704064186,0.0,0.0,0.0
15176.367679999996,45247.14124371176,0.0,0.0,0.0
15244.089039999997,45452.442980448985,0.0,0.0,0.0
15066.432799999999,45193.910456982325,0.0,0.0,0.0
14664.755759999996,44469.73755787838,0.0,0.0,0.0
14280.649199999996,43462.59003468985,0.0,0.0,0.0
13837.773839999998,41961.41039819944,0.0,0.0,0.0
13160.657999999998,39942.35197045957,0.0,0.0,0.0
12141.446079999996,37733.75065932443,0.0,0.0,0.0
11207.672639999997,36243.0901566769,0.0,0.0,0.0
10392.497119999996,34832.64301143689,0.0,0.0,0.0
9559.57816,33637.024365659745,0.0,0.0,0.0
8821.994,32664.758687242636,0.0,0.0,0.0
8255.267999999998,31248.4367049885,0.0,0.0,0.0
7682.307919999998,29095.43794755304,0.0,0.0,0.0
7124.459279999998,26835.56082078946,0.0,0.0,0.0
6842.079519999999,25145.642121508776,0.0,0.0,0.0
6127.029039999999,23794.102125788882,0.0,0.0,0.0
5240.64664,23871.189514177066,0.0,0.0,0.0
5048.446719999999,25463.151260473755,0.0,0.0,0.0
5551.54976,27331.52805776999,0.0,0.0,0.0
7069.040639999998,29181.139117238974,0.0,0.0,0.0
8983.640159999999,30158.237642997094,0.0,0.0,0.0
10174.67656,31888.545846749974,0.0,0.0,0.0
12065.956559999997,34401.983717682764,0.0,0.0,0.0
12795.411599999998,35836.49586251614,0.0,0.0,0.0
12872.694639999996,36126.69494833434,0.0,0.0,0.0
12584.483119999997,35429.762636398984,0.0,0.0,0.0
12247.365279999998,34504.19794275979,0.0,0.0,0.0
11597.276319999997,34780.751925715755,0.0,0.0,0.0
10579.102159999999,33981.63515983689,0.0,0.0,0.0
9615.865359999996,31498.851632716032,0.0,0.0,0.0
8753.971839999998,29489.41920481351,0.0,0.0,0.0
8025.761359999998,28369.558170127417,0.0,0.0,0.0
7502.455839999999,27595.905647117263,0.0,0.0,0.0
7194.43664,26997.476092280405,0.0,0.0,0.0
6942.223359999999,26261.25580781301,0.0,0.0,0.0
7049.751839999999,25881.931871954363,0.0,0.0,0.0
7283.345599999998,26004.23168844458,0.0,0.0,0.0
7546.5982399999975,26434.811592509337,0.0,0.0,0.0
7645.937439999999,26890.65726521933,0.0,0.0,0.0
7866.378719999999,27323.60893625431,0.0,0.0,0.0
8284.983279999997,28052.40628476465,0.0,0.0,0.0
9099.083439999999,29555.570663489565,0.0,0.0,0.0
10021.817519999997,31716.131288838496,0.0,0.0,0.0
10789.940399999998,34012.99408714208,0.0,0.0,0.0
11421.947519999998,36402.276407595404,0.0,0.0,0.0
11966.064639999999,38049.14604780967,0.0,0.0,0.0
12241.086079999997,38435.41658148909,0.0,0.0,0.0
12816.997759999998,39394.920367338316,0.0,0.0,0.0
13196.306559999997,40059.27313549427,0.0,0.0,0.0
13537.154319999996,39516.37666837886,0.0,0.0,0.0
13809.047439999998,38964.6183271864,0.0,0.0,0.0
13816.108719999997,38221.530834587626,0.0,0.0,0.0
13378.313119999999,36742.54061627899,0.0,0.0,0.0
12569.157359999997,36089.8283613284,0.0,0.0,0.0
11793.221199999998,35236.76630151569,0.0,0.0,0.0
11251.307439999997,33869.59646069907,0.0,0.0,0.0
10720.038239999998,32335.529645382903,0.0,0.0,0.0
10060.169519999998,30050.36690255173,0.0,0.0,0.0
9231.431679999998,27441.482777561585,0.0,0.0,0.0
8384.521759999998,25816.762860684386,0.0,0.0,0.0
7420.841279999999,25213.341679127745,0.0,0.0,0.0
6820.87688,25960.944460310013,0.0,0.0,0.0
6461.789359999999,26614.559772977296,0.0,0.0,0.0
6273.244159999998,26104.481018709444,0.0,0.0,0.0
6191.249839999998,25332.53537402096,0.0,0.0,0.0
6376.5088,25149.52229257723,0.0,0.0,0.0
6726.658799999999,25431.931265124986,0.0,0.0,0.0
6845.783119999998,25928.454229931165,0.0,0.0,0.0
6699.47024,26070.15490176368,0.0,0.0,0.0
6477.073759999998,26521.653988980106,0.0,0.0,0.0
5986.262159999998,27079.0390744074,0.0,0.0,0.0
5865.231519999999,27421.7147449059,0.0,0.0,0.0
6133.725599999999,27523.710648337135,0.0,0.0,0.0
6960.718799999999,27475.51118317217,0.0,0.0,0.0
7436.3024,26337.47983332919,0.0,0.0,0.0
7447.368079999998,25291.768768524224,0.0,0.0,0.0
6869.155279999997,23528.940563258977,0.0,0.0,0.0
6401.62936,20874.734849343895,0.0,0.0,0.0
6214.990479999999,20577.67847910549,0.0,0.0,0.0
5996.162239999999,21702.77923329067,0.0,0.0,0.0
5699.370399999998,22135.830141437375,0.0,0.0,0.0
5332.198879999999,21952.06285794453,0.0,0.0,0.0
4961.18088,21569.99005409109,0.0,0.0,0.0
4629.6165599999995,21065.89529766027,0.0,0.0,0.0
4339.97624,20076.22342984656,0.0,0.0,0.0
3837.16648,18072.636067824653,0.0,0.0,0.0
3418.1182399999993,15953.854266512059,0.0,0.0,0.0
3314.0000799999993,14832.742844218235,0.0,0.0,0.0
3372.945599999999,14478.466355359042,0.0,0.0,0.0
3459.6887999999994,14386.344544544478,0.0,0.0,0.0
3352.1039199999996,14076.585824005244,0.0,0.0,0.0
3066.2123199999987,13421.164395904565,0.0,0.0,0.0
2835.9988,12936.430799971338,0.0,0.0,0.0
2803.2491999999993,12807.04545370394,0.0,0.0,0.0
2909.2247999999995,12726.04812311378,0.0,0.0,0.0
3111.5729599999995,12518.801338986737,0.0,0.0,0.0
3415.1628799999994,12130.000258958326,0.0,0.0,0.0
3639.717599999999,11622.471898461808,0.0,0.0,0.0
3673.96368,11177.492689485727,0.0,0.0,0.0
3601.109919999999,10748.331876118646,0.0,0.0,0.0
3478.270719999999,10249.456991764575,0.0,0.0,0.0
3346.328559999999,9774.815810093809,0.0,0.0,0.0
3224.508319999999,9414.327078040616,0.0,0.0,0.0
3150.9401599999997,9241.35679230348,0.0,0.0,0.0
3083.1435999999994,9250.387369470478,0.0,0.0,0.0
2991.008559999999,9449.93335372764,0.0,0.0,0.0
2843.9511999999995,9521.523006126245,0.0,0.0,0.0
2667.1409599999997,9492.43660867957,0.0,0.0,0.0
2492.38744,9342.15192668283,0.0,0.0,0.0
2305.8575999999994,8866.796237807645,0.0,0.0,0.0
2111.514479999999,8298.088197932502,0.0,0.0,0.0
1988.8632799999996,7966.6064736366025,0.0,0.0,0.0
1989.3332799999998,7980.588982678692,0.0,0.0,0.0
2136.059759999999,8416.12081861853,0.0,0.0,0.0
2365.08888,9279.553156606533,0.0,0.0,0.0
2438.06672,10221.47212625805,0.0,0.0,0.0
2533.0555999999992,11006.665925361856,0.0,0.0,0.0
2553.1189599999993,11387.399028207003,0.0,0.0,0.0
2495.560879999999,11084.120491063424,0.0,0.0,0.0
2464.033279999999,10409.318055042802,0.0,0.0,0.0
2397.1391199999994,9719.719365663943,0.0,0.0,0.0
2407.2986399999995,9260.043140441348,0.0,0.0,0.0
2457.69392,9056.805535628007,0.0,0.0,0.0
2537.9360799999995,9118.769188189262,0.0,0.0,0.0
2731.7227199999993,9361.215375845253,0.0,0.0,0.0
2853.9791199999995,9571.568281569296,0.0,0.0,0.0
2896.4332799999993,9586.394306061053,0.0,0.0,0.0
2924.3588,9597.508862574281,0.0,0.0,0.0
2957.7964799999995,9656.048834781013,0.0,0.0,0.0
2927.68264,9678.297795229817,0.0,0.0,0.0
2810.4345599999992,9373.620014810911,0.0,0.0,0.0
2658.507999999999,8868.939759420911,0.0,0.0,0.0
2490.4773599999994,8301.88897931158,0.0,0.0,0.0
2250.48032,7446.3757628392505,0.0,0.0,0.0
1952.26344,6516.702652774632,0.0,0.0,0.0
1702.4415199999996,5727.469903223609,0.0,0.0,0.0
1509.8505599999996,5092.798955184683,0.0,0.0,912.7070181660608
1368.0459199999996,4628.478433133346,0.0,0.0,2145.861727915992
1261.4047999999998,4395.846795826982,0.0,0.0,2549.8077586923823
1179.7413599999998,4350.306885256258,0.0,0.0,2368.2097789705713
1124.9167999999997,4526.333674034532,0.0,0.0,1876.9477498374192
1125.8379999999997,4820.363312365316,0.0,0.0,1247.9566007312985
1174.24048,5191.123085482074,0.0,0.0,641.3972516121669
1284.3595999999998,5650.95809008343,0.0,0.0,0.0
1473.4199199999998,6124.626748059288,0.0,0.0,0.0
1648.7750399999995,6487.159764614023,0.0,0.0,0.0
1841.0087999999996,6951.549752643567,0.0,0.0,0.0
2079.6071199999997,7624.258285606787,0.0,0.0,0.0
2373.4999999999995,8493.625002875962,0.0,0.0,0.0
2726.2067999999995,9591.53478844842,0.0,0.0,0.0
3100.1801599999994,10945.297695470954,0.0,0.0,0.0
3516.5550399999997,12642.520246174623,0.0,0.0,0.0
3959.2612,14394.313284616019,0.0,0.0,0.0
4454.13736,16305.09409975246,0.0,0.0,0.0
4825.21176,18243.978864929493,0.0,0.0,0.0
5377.412879999998,20142.2359565662,0.0,0.0,0.0
5506.497439999999,21800.865194519924,0.0,0.0,0.0
5781.097759999999,22780.444648071174,0.0,0.0,0.0
6273.518639999998,23763.92412011323,0.0,0.0,0.0
6636.035279999998,24393.176721851953,0.0,0.0,0.0
7100.917919999999,24598.27998436573,0.0,0.0,0.0
7426.093999999998,24145.977076544325,0.0,0.0,0.0
7346.626399999997,23383.885677050155,0.0,0.0,0.0
6957.797279999999,22047.479340868376,0.0,0.0,0.0
6729.418639999997,20706.835580015922,0.0,0.0,0.0
6113.73368,19042.91700400725,0.0,0.0,0.0
5510.671039999998,17407.330623396138,0.0,0.0,0.0
5281.333599999999,16132.927634620295,0.0,0.0,0.0
5185.092639999999,14994.658115709175,0.0,0.0,0.0
4784.524799999998,13625.116507922325,0.0,0.0,0.0
4136.5113599999995,11987.31713971974,0.0,0.0,0.0
3258.6679199999994,10015.445958605229,0.0,0.0,0.0
2365.9649599999993,8221.496995102942,0.0,0.0,0.0
1602.5984799999992,6814.136124037595,0.0,0.0,0.0
1122.2998400000001,6003.229989285774,0.0,0.0,49.361606853994786
897.1435199999999,5771.094537538033,0.0,0.0,100.57865991236281
823.1203999999999,6059.2791099882015,0.0,0.0,0.0
899.0611199999998,6806.3559344783325,0.0,0.0,0.0
1108.6059199999995,7829.421090387597,0.0,0.0,0.0
1410.8836,9065.875807639695,0.0,0.0,0.0
1769.6928799999996,10361.82317337109,0.0,0.0,0.0
2040.4053599999997,11437.652701584677,0.0,0.0,0.0
2238.1587999999992,12538.75792215469,0.0,0.0,0.0
2410.0885599999997,13763.810295269554,0.0,0.0,0.0
2588.1546399999993,15115.44952810117,0.0,0.0,0.0
2882.348319999999,16738.770201703035,0.0,0.0,0.0
3226.3920799999996,18438.731696690327,0.0,0.0,0.0
3614.1082399999996,20004.752861982022,0.0,0.0,0.0
4096.707999999999,21187.391293545512,0.0,0.0,0.0
4583.342239999999,22065.16339417782,0.0,0.0,0.0
4836.55192,22547.17789324977,0.0,0.0,0.0
4883.533119999998,22843.628917106646,0.0,0.0,0.0
5312.755919999999,23441.294346183226,0.0,0.0,0.0
5939.570479999998,24774.048756653516,0.0,0.0,0.0
6486.785839999999,26097.157319864116,0.0,0.0,0.0
6936.741279999999,27068.80772818852,0.0,0.0,0.0
7125.575999999999,27530.01220493169,0.0,0.0,0.0
7224.651999999999,27462.233257623335,0.0,0.0,0.0
7103.136319999998,26921.14290594133,0.0,0.0,0.0
6874.313999999998,26118.900171043126,0.0,0.0,0.0
6581.526559999998,25066.341745529113,0.0,0.0,0.0
6181.267039999999,23833.816817901334,0.0,0.0,0.0
5820.11904,22742.446757991573,0.0,0.0,0.0
5545.247999999999,21744.61759959404,0.0,0.0,0.0
5390.527759999999,21013.984364516786,0.0,0.0,0.0
5217.894879999999,20406.03797066547,0.0,0.0,0.0
5154.279439999999,20052.595073544773,0.0,0.0,0.0
5230.656319999999,19995.742132237367,0.0,0.0,0.0
5182.344079999999,19776.83498748261,0.0,0.0,0.0
5034.963359999999,19206.44984041931,0.0,0.0,0.0
4938.598319999999,18381.83906053823,0.0,0.0,0.0
4706.880799999999,17116.813978820428,0.0,0.0,0.0
4196.107359999999,15361.666726002717,0.0,0.0,0.0
3672.621359999999,13610.221017452364,0.0,0.0,0.0
3252.3135199999992,12260.050493874285,0.0,0.0,0.0
2997.7351999999996,11390.04865909007,0.0,0.0,0.0
2914.642959999999,11103.78928660737,0.0,0.0,0.0
3175.2823999999996,11656.162897892536,0.0,0.0,0.0
3413.7716799999994,12335.728715275973,0.0,0.0,0.0
3475.2476799999995,12727.288587010346,0.0,0.0,0.0
3440.6105599999996,12829.512735798538,0.0,0.0,0.0
3380.232479999999,12666.823414836143,0.0,0.0,0.0
3329.0739199999994,12383.590774261065,0.0,0.0,0.0
3423.724399999999,12362.612048842346,0.0,0.0,0.0
3485.854639999999,12369.598341507804,0.0,0.0,0.0
3374.490959999999,12002.47064668019,0.0,0.0,0.0
3141.4499199999996,11301.588697698167,0.0,0.0,0.0
2906.3634399999996,10575.70892027255,0.0,0.0,0.0
2712.96784,9916.923354084387,0.0,0.0,0.0
2501.6144799999997,9172.525931610837,0.0,0.0,0.0
2337.3250399999997,8631.266876838903,0.0,0.0,0.0
2315.94568,8712.899324944105,0.0,0.0,0.0
2412.0099199999995,9211.754361875832,0.0,0.0,0.0
2600.8935199999996,9985.99238384517,0.0,0.0,0.0
2734.723199999999,10607.702965092776,0.0,0.0,0.0
2732.6364,10628.840469890258,0.0,0.0,0.0
2651.3414399999997,10178.036042455904,0.0,0.0,0.0
2372.06744,9324.993830065532,0.0,0.0,0.0
2030.0540799999992,8348.431184710727,0.0,0.0,0.0
1730.6903999999997,7526.757823336715,0.0,0.0,0.0
1561.0542399999997,6930.650416914226,0.0,0.0,305.4844055639796
1586.5131999999999,6847.817199757149,0.0,0.0,445.76643638263755
1669.3271999999997,7129.531512522828,0.0,0.0,595.9273620918777
1722.8883999999998,7645.68357802827,0.0,0.0,0.0
1685.25832,7935.3864782878345,0.0,0.0,0.0
1539.58088,7829.43101409877,0.0,0.0,0.0
1317.68448,7390.683895739032,0.0,0.0,0.0
1070.6035999999997,6762.215267182935,0.0,0.0,107.02365782771129
873.3464799999998,6089.645666176133,0.0,0.0,528.267125805623
706.59048,5453.158678992634,0.0,0.0,874.8492833371037
589.5228799999999,5018.837535815845,0.0,0.0,1275.1312214316304
499.4558399999999,4747.1164002009,0.0,0.0,1527.9300809345996
437.8444799999999,4580.269044257213,0.0,0.0,1737.8611085801188
435.0319999999999,4722.326969691929,0.0,0.0,1691.7293080474678
481.74623999999994,5132.940366877552,0.0,0.0,1559.2106307544975
558.6908799999999,5678.0696690067725,0.0,0.0,2121.0626730627982
663.3692799999999,6260.0754818531,0.0,0.0,2562.676645120791
788.2463999999999,7086.571766856963,0.0,0.0,2235.259690995471
897.6962399999998,8084.887187101944,0.0,0.0,1092.306371379026
1007.7965599999999,9266.701950638113,0.0,0.0,0.0
1262.3448,10673.278848520831,0.0,0.0,0.0
1588.4909599999999,12434.777276488956,0.0,0.0,0.0
1978.3991999999998,14398.391929907926,0.0,0.0,0.0
2451.9749599999996,16299.695600874606,0.0,0.0,0.0
3021.4983999999995,18023.890798545206,0.0,0.0,0.0
3518.9689599999997,19405.28131747205,0.0,0.0,0.0
4072.9485599999994,20041.877465478443,0.0,0.0,0.0
4586.917999999999,19306.103748013822,0.0,0.0,0.0
5023.138159999999,18756.717173791585,0.0,0.0,0.0
5211.066719999999,18862.414621490167,0.0,0.0,0.0
5421.45376,18125.172194772007,0.0,0.0,0.0
5533.971759999999,16309.92694709348,0.0,0.0,0.0
5208.94608,14657.430562644384,0.0,0.0,0.0
4480.78824,13916.407201969492,0.0,0.0,0.0
3694.181199999999,14482.58469549564,0.0,0.0,0.0
3182.7046399999995,14095.411104099523,0.0,0.0,0.0
2954.074079999999,13354.228964045871,0.0,0.0,0.0
2821.3799199999994,12719.498473739912,0.0,0.0,0.0
2886.5256799999993,12156.933211080563,0.0,0.0,0.0
2843.7707199999995,11082.036511717193,0.0,0.0,0.0
2675.4843999999994,9754.035558898539,0.0,0.0,0.0
2582.7439999999997,8863.68019249947,0.0,0.0,0.0
2437.67944,8489.695213251642,0.0,0.0,0.0
2258.76736,8374.292376026331,0.0,0.0,0.0
2058.8293599999993,8212.92290864988,0.0,0.0,0.0
1937.2384799999995,8265.91552631117,0.0,0.0,0.0
1864.5727199999997,8534.520616617945,0.0,0.0,0.0
1895.8483999999994,9227.870468820016,0.0,0.0,0.0
2041.3641599999994,10491.972645398775,0.0,0.0,0.0
2442.883279999999,12656.423365527333,0.0,0.0,0.0
3015.50872,15211.3026543166,0.0,0.0,0.0
3802.2172799999994,17547.641975664486,0.0,0.0,0.0
4641.55456,19579.065347525335,0.0,0.0,0.0
5280.70568,21322.919417028705,0.0,0.0,0.0
5880.974639999999,23044.08788279168,0.0,0.0,0.0
6377.03144,24400.60958152018,0.0,0.0,0.0
6609.271599999999,25177.88425910831,0.0,0.0,0.0
6950.262239999998,25657.636152032923,0.0,0.0,0.0
7280.901599999999,26314.883542989348,0.0,0.0,0.0
7442.604159999998,26558.034314138593,0.0,0.0,0.0
7665.214959999998,27406.362763722005,0.0,0.0,0.0
7893.875599999998,28208.268092440354,0.0,0.0,0.0
7931.550799999999,29054.740808034505,0.0,0.0,0.0
8013.4623999999985,29669.018529613888,0.0,0.0,0.0
7966.530079999999,30030.09276062626,0.0,0.0,0.0
7796.194559999999,29840.629266920387,0.0,0.0,0.0
7422.984479999999,29462.625184647688,0.0,0.0,0.0
6820.722719999999,28197.024527681875,0.0,0.0,0.0
6173.077759999999,26431.66577606764,0.0,0.0,0.0
5402.894399999998,24424.099005865544,0.0,0.0,0.0
4732.640559999998,22535.815243957226,0.0,0.0,0.0
4272.875279999999,21575.954204505782,0.0,0.0,0.0
4071.6814399999994,21307.97430800288,0.0,0.0,0.0
4087.0936799999995,21503.798900570342,0.0,0.0,0.0
4007.133519999999,21451.233002489473,0.0,0.0,0.0
3799.1340799999994,20734.264717696784,0.0,0.0,0.0
3452.6011999999996,19583.005060860825,0.0,0.0,0.0
3040.512719999999,18335.277007716733,0.0,0.0,0.0
2677.48096,17164.358479048,0.0,0.0,0.0
2394.20632,16261.211448947546,0.0,0.0,0.0
2222.4570399999993,15527.104914959906,0.0,0.0,0.0
2179.9051199999994,15127.923633045033,0.0,0.0,0.0
2210.2708799999996,14789.336531549605,0.0,0.0,0.0
2274.1758399999994,14398.362158774411,0.0,0.0,0.0
2427.8432799999996,14046.943698732906,0.0,0.0,0.0
2578.6756799999994,13834.983151798913,0.0,0.0,0.0
2715.411839999999,14040.731455538902,0.0,0.0,0.0
2895.944479999999,14937.894487802325,0.0,0.0,0.0
3133.2455999999993,15714.752369521208,0.0,0.0,0.0
3339.0980799999993,15891.860842817285,0.0,0.0,0.0
3323.990399999999,15898.847135482747,0.0,0.0,0.0
3240.822959999999,15583.809000599724,0.0,0.0,0.0
3365.1059999999998,15017.800210163508,0.0,0.0,0.0
3451.8980799999995,14597.66005025226,0.0,0.0,0.0
3577.617439999999,14486.216773784787,0.0,0.0,0.0
3743.8094399999995,14635.459466108412,0.0,0.0,0.0
3910.9827999999993,14984.426769490301,0.0,0.0,0.0
3939.5061599999995,15266.369327612949,0.0,0.0,0.0
4042.2180799999996,15349.053689102437,0.0,0.0,0.0
4093.2751199999993,14941.953285671887,0.0,0.0,0.0
4198.1903999999995,14398.640022687241,0.0,0.0,0.0
4278.1392799999985,14140.296049732859,0.0,0.0,0.0
4324.61288,14365.663530460935,0.0,0.0,0.0
4272.30376,14558.967500390574,0.0,0.0,0.0
4010.7355999999995,14410.181298780888,0.0,0.0,0.0
3703.2390399999995,14024.605424883546,0.0,0.0,0.0
3395.4792799999996,13406.93379408316,0.0,0.0,0.0
3090.340239999999,12490.409601322139,0.0,0.0,0.0
2898.7569599999993,11481.366649299656,0.0,0.0,0.0
2736.28736,10406.797432404981,0.0,0.0,0.0
2525.8664800000006,9401.793430829714,0.0,0.0,0.0
2392.0555999999992,8809.218865584646,0.0,0.0,0.0
2396.3683199999996,8613.41412043953,0.0,0.0,0.0
2508.29224,8856.098477163661,0.0,0.0,0.0
2578.807279999999,9317.382343596206,0.0,0.0,0.0
2570.2683199999997,9936.244819737296,0.0,0.0,0.0
2535.5823199999995,10589.711276736987,0.0,0.0,0.0
2522.4975199999994,11088.328144600575,0.0,0.0,0.0
2597.8178399999993,11343.78431760375,0.0,0.0,0.0
2514.3458399999995,11175.617108074119,0.0,0.0,0.0
2645.5735999999997,10880.059218222765,0.0,0.0,0.0
2904.1412799999994,10745.463923589788,0.0,0.0,0.0
3121.5632799999994,10863.397307164094,0.0,0.0,0.0
3169.24384,11086.224317832,0.0,0.0,0.0
3216.0633599999996,11480.413973027093,0.0,0.0,0.0
3280.5849599999992,12019.132557738862,0.0,0.0,0.0
3229.9753599999995,12208.209026709008,0.0,0.0,0.0
3246.65096,12490.350059055105,0.0,0.0,0.0
3259.040159999999,13020.216693400978,0.0,0.0,0.0
3075.8191199999997,13306.247820526707,0.0,0.0,0.0
2933.56704,13513.266359296784,0.0,0.0,0.0
2858.5888799999993,13860.884037959207,0.0,0.0,0.0
2748.9735999999994,14348.485586421291,0.0,0.0,0.0
2737.389039999999,14554.720152008738,0.0,0.0,0.0
2927.31792,14973.014501641896,0.0,0.0,0.0
3125.8609599999995,15854.339290873966,0.0,0.0,0.0
3488.9791999999993,17004.844745660816,0.0,0.0,0.0
3791.6140800000003,17941.40491127916,0.0,0.0,0.0
3998.9667999999992,18389.549784119285,0.0,0.0,0.0
4023.2112799999995,18462.886009684255,0.0,0.0,0.0
4125.975839999999,18598.691997080277,0.0,0.0,0.0
4385.825679999999,18720.35669605545,0.0,0.0,0.0
4474.625599999999,19106.002035931,0.0,0.0,0.0
4958.191679999999,20198.1163741787,0.0,0.0,0.0
5682.284959999999,21985.009579037323,0.0,0.0,0.0
6357.325279999999,23857.86197007236,0.0,0.0,0.0
6833.540559999999,25584.230460489747,0.0,0.0,0.0
7324.777039999998,27457.20193605886,0.0,0.0,0.0
7846.052159999999,29073.903494308655,0.0,0.0,0.0
8250.5868,30069.78760531637,0.0,0.0,0.0
8468.08024,30647.843781116033,0.0,0.0,0.0
8491.93744,30609.587874545945,0.0,0.0,0.0
8431.84888,30343.870584190372,0.0,0.0,0.0
8326.997519999997,29779.687756609907,0.0,0.0,0.0
8264.160399999999,29250.029520198652,0.0,0.0,0.0
8234.8136,28853.924588747268,0.0,0.0,0.0
8177.763119999998,28654.686239536448,0.0,0.0,0.0
8226.064079999998,28528.93297155819,0.0,0.0,0.0
8216.491119999999,28444.64096885876,0.0,0.0,0.0
7944.9815199999975,28098.799634496212,0.0,0.0,0.0
7672.941759999998,27566.15436102203,0.0,0.0,0.0
7379.146639999999,26894.309190930817,0.0,0.0,0.0
6842.861599999999,25627.13066388858,0.0,0.0,0.0
6469.974879999999,24253.698961322098,0.0,0.0,0.0
6055.8372,23116.957693931545,0.0,0.0,0.0
5673.625679999999,22115.75447373536,0.0,0.0,0.0
5412.489919999999,21221.87618987004,0.0,0.0,0.0
4831.333039999999,20249.57081660825,0.0,0.0,0.0
4455.03224,19434.67534996507,0.0,0.0,0.0
4518.053599999999,19306.26252739258,0.0,0.0,0.0
4447.128719999999,19219.390359788285,0.0,0.0,0.0
4276.717999999999,19257.27908904499,0.0,0.0,0.0
4142.478479999999,19161.961843232875,0.0,0.0,0.0
4036.822479999999,18934.500459447398,0.0,0.0,0.0
3766.4747199999993,18464.870751918756,0.0,0.0,0.0
3527.1018399999994,17934.746101082397,0.0,0.0,0.0
3323.6219199999996,17188.59218173131,0.0,0.0,0.0
3163.1413599999996,16240.649519398074,0.0,0.0,0.0
3014.5311199999987,15421.437238394847,0.0,0.0,0.0
3073.8601599999997,15210.111808975898,0.0,0.0,0.0
3381.2326399999993,15683.869780352306,0.0,0.0,0.0
3813.2528799999986,16505.50344688163,0.0,0.0,0.0
4167.99008,17525.83958221845,0.0,0.0,0.0
4526.00976,18622.072260602752,0.0,0.0,0.0
4781.77248,19375.07354066288,0.0,0.0,0.0
5000.2397599999995,20044.348469560406,0.0,0.0,0.0
5161.667839999999,20332.21548325305,0.0,0.0,0.0
5194.067759999998,19964.859543068465,0.0,0.0,0.0
5572.932879999999,19654.693950371155,0.0,0.0,0.0
5511.332799999998,19198.461252925426,0.0,0.0,0.0
5317.455919999999,18843.777891908157,0.0,0.0,0.0
5050.1349599999985,18795.48911334265,0.0,0.0,0.0
5025.78144,19125.50212838501,0.0,0.0,0.0
5058.9220799999985,19475.77936164168,0.0,0.0,0.0
4850.257119999999,19094.976792818317,0.0,0.0,0.0
4449.6968,18040.989352895467,0.0,0.0,0.0
4063.097359999999,16551.787635790293,0.0,0.0,0.0
3805.3493599999997,15458.095427466156,0.0,0.0,0.0
3629.764879999999,14375.478080810564,0.0,0.0,0.0
3429.2290399999993,13402.10094674214,0.0,0.0,0.0
3204.268239999999,12355.377663397574,0.0,0.0,0.0
2916.8839199999993,11414.649539086762,0.0,0.0,0.0
2817.13864,11085.063243624816,0.0,0.0,0.0
2905.122639999999,11187.088918189558,0.0,0.0,0.0
3114.513279999999,11718.979989614627,0.0,0.0,0.0
3185.0208,12040.091435735238,0.0,0.0,0.0
3068.912,12008.216475449084,0.0,0.0,0.0
2972.4755199999995,12057.160218951982,0.0,0.0,0.0
2980.5820799999997,12388.314460779187,0.0,0.0,0.0
3083.3353599999996,12551.37095905497,0.0,0.0,0.0
2951.4270399999996,12361.818151948542,0.0,0.0,0.0
2782.0540799999994,12112.29635822654,0.0,0.0,0.0
2908.702159999999,12476.655337637018,0.0,0.0,0.0
3056.0866399999995,12699.720517373069,0.0,0.0,0.0
3121.2361599999995,12724.232083969206,0.0,0.0,0.0
3130.873039999999,12650.935553248924,0.0,0.0,0.0
3259.0890399999994,12504.292873252502,0.0,0.0,0.0
3460.425759999999,12216.693799761517,0.0,0.0,0.0
3445.1902399999994,11707.131078474631,0.0,0.0,0.0
3242.5863999999992,11159.729246486904,0.0,0.0,0.0
3056.7032799999993,10743.965443202736,0.0,0.0,0.0
2957.99576,10701.333180005564,0.0,0.0,0.0
3059.3051999999993,10995.541445137455,0.0,0.0,0.0
3321.8434399999996,11875.397525115988,0.0,0.0,0.0
3559.437839999999,13043.696194035176,0.0,0.0,0.0
3665.022399999999,13785.60276500442,0.0,0.0,0.0
3673.283119999999,14205.663535226291,0.0,0.0,0.0
3857.6998399999993,14625.257891023051,0.0,0.0,0.0
4161.583039999999,14847.509326442952,0.0,0.0,0.0
4389.559359999998,14652.111453455907,0.0,0.0,0.0
4478.731519999999,13888.908598310421,0.0,0.0,0.0
4305.43312,12831.75549452353,0.0,0.0,0.0
3892.4798399999995,11584.622864049794,0.0,0.0,0.0
3513.998239999999,10533.801087990973,0.0,0.0,0.0
3093.4459999999995,9881.138451596256,0.0,0.0,0.0
2697.262319999999,9499.353435366822,0.0,0.0,0.0
2591.4258400000003,9372.230695246759,0.0,0.0,0.0
2592.1815999999994,9695.257417623665,0.0,0.0,0.0
2649.78856,10210.30795118896,0.0,0.0,0.0
2559.0071199999993,10397.87601606088,0.0,0.0,0.0
2501.3249599999995,10535.577432290855,0.0,0.0,0.0
2607.6351999999993,10460.623641804765,0.0,0.0,0.0
2595.4339999999993,9867.56281471224,0.0,0.0,0.0
2520.6814399999994,9100.827118389334,0.0,0.0,0.0
2455.5319199999994,8675.357925578437,0.0,0.0,0.0
2456.1560799999997,9231.552165665025,0.0,0.0,0.0
2483.3972799999992,10037.44682627472,0.0,0.0,0.0
2585.782079999999,11240.786119344099,0.0,0.0,0.0
2760.7010399999995,12309.103398200084,0.0,0.0,0.0
2950.0207999999993,13167.077695043197,0.0,0.0,0.0
3159.58816,14053.880372842501,0.0,0.0,0.0
3568.939359999999,15700.730165634428,0.0,0.0,0.0
4402.053839999999,17245.881766330305,0.0,0.0,0.0
4900.528319999999,17822.757020500434,0.0,0.0,0.0
5244.417919999999,18473.524228061204,0.0,0.0,0.0
5718.471199999999,19335.83518668671,0.0,0.0,0.0
6375.313119999998,21146.654459182293,0.0,0.0,0.0
7396.514079999998,23677.31989271059,0.0,0.0,0.0
7946.399039999999,25986.488092868105,0.0,0.0,0.0
8408.762479999998,28468.914366386754,0.0,0.0,0.0
9076.33168,30906.187754070408,0.0,0.0,0.0
9698.058959999997,32803.0059075871,0.0,0.0,0.0
10368.895599999996,34396.16842293567,0.0,0.0,0.0
11002.271359999997,35766.25583483701,0.0,0.0,0.0
11770.510799999996,37221.35968035337,0.0,0.0,0.0
12683.950159999999,38452.50521212818,0.0,0.0,0.0
13413.4052,39475.60013917096,0.0,0.0,0.0
14032.380159999995,40106.380992430255,0.0,0.0,0.0
14343.681839999997,40853.96392619018,0.0,0.0,0.0
14409.04568,40732.815260195974,0.0,0.0,0.0
13918.452159999999,40370.59980239877,0.0,0.0,0.0
13653.285679999997,40418.888580964274,0.0,0.0,0.0
13298.386799999998,40385.57468255811,0.0,0.0,0.0
13011.231839999997,40149.22165356205,0.0,0.0,0.0
12653.621999999998,39824.607137397536,0.0,0.0,0.0
12334.928159999996,39455.88172507114,0.0,0.0,0.0
12247.387839999996,38822.60009659637,0.0,0.0,0.0
12224.948159999998,38431.02037743965,0.0,0.0,0.0
12174.661919999997,37620.094395265485,0.0,0.0,0.0
11959.495919999998,36831.98302507696,0.0,0.0,0.0
11653.138639999997,36209.528165491414,0.0,0.0,0.0
10956.008319999999,34636.61994464598,0.0,0.0,0.0
10479.838159999998,33276.38677793896,0.0,0.0,0.0
9925.565279999999,32075.68719204147,0.0,0.0,0.0
9702.337839999998,31224.907585798435,0.0,0.0,0.0
9642.136479999997,30974.214794158077,0.0,0.0,0.0
9633.924639999997,30579.63811422726,0.0,0.0,0.0
9496.853839999996,29860.2385201973,0.0,0.0,0.0
9095.173039999998,28569.868280144867,0.0,0.0,0.0
8709.03984,26581.712288996237,0.0,0.0,0.0
8258.155679999998,24536.078162736336,0.0,0.0,0.0
7522.786159999998,22051.180885135727,0.0,0.0,0.0
6563.068719999998,19279.468507226764,0.0,0.0,0.0
5525.9216,16639.32469204315,0.0,0.0,0.0
4434.446239999999,14699.457479460032,0.0,0.0,0.0
3732.7061599999993,13974.421217484083,0.0,0.0,0.0
3441.392639999999,14385.213241470812,0.0,0.0,0.0
3512.0167199999987,15293.16334777877,0.0,0.0,0.0
3643.030159999999,16713.504433057784,0.0,0.0,0.0
3777.25464,18626.676862586803,0.0,0.0,0.0
3856.297359999999,19628.39611576396,0.0,0.0,0.0
3910.5428799999995,20379.343187611383,0.0,0.0,0.0
3993.3493599999997,20743.344913419645,0.0,0.0,0.0
4384.48712,20833.541524266737,0.0,0.0,0.0
5000.638319999999,20510.296480244037,0.0,0.0,0.0
5676.14488,19914.387548044997,0.0,0.0,0.0
6408.600399999998,20144.280241067743,0.0,0.0,0.0
6819.041999999999,21081.544990179344,0.0,0.0,0.0
6698.932559999998,21357.394389642064,0.0,0.0,0.0
6325.899199999999,21324.66599019507,0.0,0.0,0.0
6139.1399999999985,21236.692290650622,0.0,0.0,0.0
5990.364319999999,20513.64077090918,0.0,0.0,0.0
5815.178399999999,19571.40424250014,0.0,0.0,0.0
5635.833919999999,18895.430808561163,0.0,0.0,0.0
5567.871919999999,18668.247288688515,0.0,0.0,0.0
5370.659919999998,18274.80191183136,0.0,0.0,0.0
5094.980479999999,17779.737732567537,0.0,0.0,0.0
4753.031039999999,16730.702224519773,0.0,0.0,0.0
4433.641599999999,15375.331676287287,0.0,0.0,0.0
3985.870719999999,13704.535968436054,0.0,0.0,0.0
3537.028239999999,12296.87738603553,0.0,0.0,0.0
3159.5580799999993,10855.65681244952,0.0,0.0,0.0
2629.5146399999994,9559.163642603638,0.0,0.0,0.0
2240.1027199999994,8815.570040735063,0.0,0.0,0.0
2160.5223199999996,8885.313882855578,0.0,0.0,0.0
2254.39824,9684.70851264727,0.0,0.0,0.0
2648.60792,11657.959089614762,0.0,0.0,0.0
3425.6683199999993,14874.085024962982,0.0,0.0,0.0
4532.834159999999,19039.215459739895,0.0,0.0,0.0
5622.2678399999995,23157.664757161245,0.0,0.0,0.0
6590.4151999999995,26165.46222386462,0.0,0.0,0.0
7114.660719999998,27706.763424625555,0.0,0.0,0.0
7765.5693599999995,29208.746881720945,0.0,0.0,0.0
8283.04312,30181.727067342465,0.0,0.0,0.0
8865.982239999998,31388.311413965257,0.0,0.0,0.0
9413.238959999997,32329.972367126284,0.0,0.0,0.0
10414.120879999999,33521.18488514284,0.0,0.0,0.0
11426.139919999996,34803.576461412566,0.0,0.0,0.0
12205.5428,35112.78937783731,0.0,0.0,0.0
12899.661359999996,34605.23124620728,0.0,0.0,0.0
13317.487599999999,34482.941353428236,0.0,0.0,0.0
13467.470239999997,34768.208354793685,0.0,0.0,0.0
13645.299439999999,35994.17370933642,0.0,0.0,0.0
14037.850959999996,38011.08861546303,0.0,0.0,0.0
14241.266959999995,39099.69988366683,0.0,0.0,0.0
14675.389039999998,40144.239950553434,0.0,0.0,0.0
14713.000319999997,40728.08164996668,0.0,0.0,0.0
14313.913919999999,40223.29223375379,0.0,0.0,0.0
13599.852319999998,38817.479461631345,0.0,0.0,0.0
12706.953839999995,36803.98823585926,0.0,0.0,0.0
11773.003679999998,34207.52859725711,0.0,0.0,0.0
10842.28336,31568.575627414197,0.0,0.0,0.0
9886.08528,29845.263640037963,0.0,0.0,0.0
9469.07496,29263.66469934971,0.0,0.0,0.0
9167.225919999999,29673.831529532563,0.0,0.0,0.0
9013.502079999997,30543.99214369554,0.0,0.0,0.0
9026.158239999997,31736.921463744933,0.0,0.0,0.0
9112.386319999998,32268.6339083689,0.0,0.0,0.0
9283.564079999996,32447.002692983893,0.0,0.0,0.0
9584.886719999999,32798.95703342871,0.0,0.0,0.0
10305.219999999996,33765.00054494064,0.0,0.0,0.0
11174.468079999997,35601.47261081721,0.0,0.0,0.0
12132.072399999997,37874.310104372096,0.0,0.0,0.0
12942.352399999998,39289.42139386319,0.0,0.0,0.0
13487.417039999998,40253.847340454,0.0,0.0,0.0
13958.473599999998,40877.24495260093,0.0,0.0,0.0
14371.573519999998,41435.58271430078,0.0,0.0,0.0
14568.281679999998,41294.854566163194,0.0,0.0,0.0
14492.277039999995,40926.93297444177,0.0,0.0,0.0
14037.516319999995,40651.04388013436,0.0,0.0,0.0
13485.890479999998,40209.3097247117,0.0,0.0,0.0
13082.077759999998,40093.807650374656,0.0,0.0,0.0
12483.433119999998,39061.53329049729,0.0,0.0,0.0
11988.94048,37827.89690721819,0.0,0.0,0.0
11832.851599999998,37412.62928949265,0.0,0.0,0.0
11869.733439999998,37127.03480565851,0.0,0.0,0.0
11722.081999999999,37003.7227706287,0.0,0.0,0.0
11385.798879999997,36986.98146988065,0.0,0.0,0.0
11671.47992,38284.85403557951,0.0,0.0,0.0
12233.618719999997,40032.737131818925,0.0,0.0,0.0
13033.709119999998,40924.83907138436,0.0,0.0,0.0
14272.711839999996,40983.65690750393,0.0,0.0,0.0
15110.353359999996,41358.93196920419,0.0,0.0,0.0
15495.264559999998,42264.23244462908,0.0,0.0,0.0
15643.115279999996,43323.062655604124,0.0,0.0,0.0
15738.837359999998,43908.442530249114,0.0,0.0,0.0
15981.767199999997,44333.59416430249,0.0,0.0,0.0
16136.916079999995,45042.78225953592,0.0,0.0,0.0
16230.404719999997,45368.53800248527,0.0,0.0,0.0
16250.569599999995,45566.82367542351,0.0,0.0,0.0
16096.638959999997,45504.89971770696,0.0,0.0,0.0
15826.155839999996,44976.9384359062,0.0,0.0,0.0
15557.605359999996,44455.0306179207,0.0,0.0,0.0
15132.465919999997,44038.38360434218,0.0,0.0,0.0
14255.588799999998,42955.72656284189,0.0,0.0,0.0
13454.9908,41459.62786647181,0.0,0.0,0.0
12621.161919999997,39909.85181636953,0.0,0.0,0.0
11783.294799999998,38453.40826984488,0.0,0.0,0.0
10908.575919999996,36522.47239731703,0.0,0.0,0.0
10068.182079999997,33873.198767854694,0.0,0.0,0.0
9326.074639999997,31411.126025950896,0.0,0.0,0.0
8481.70272,28320.554884357483,0.0,0.0,0.0
7404.710879999999,25219.236363564225,0.0,0.0,0.0
6353.4223999999995,21985.366832639535,0.0,0.0,0.0
5172.970399999999,18275.982833460894,0.0,0.0,0.0
3798.6527999999985,14954.69533081741,0.0,0.0,0.0
2769.890479999999,12772.08421924313,0.0,0.0,0.0
2182.488239999999,11742.261016025375,0.0,0.0,0.0
2093.1731999999993,12263.196310315974,0.0,0.0,0.0
2192.1326399999994,13272.278957183149,0.0,0.0,0.0
2219.23472,14015.048891024408,0.0,0.0,0.0
2342.5664799999995,14734.21031598622,0.0,0.0,0.0
2761.7200000000003,15187.247578434397,0.0,0.0,0.0
3580.1516799999995,16581.00304148221,0.0,0.0,0.0
4401.1176,18612.783666945263,0.0,0.0,0.0
5450.469679999999,21730.04959159277,0.0,0.0,0.0
6255.166079999999,25110.621344780924,0.0,0.0,0.0
6541.166719999998,26309.6636709126,0.0,0.0,0.0
6830.716799999998,27351.49456464911,0.0,0.0,0.0
7147.846479999998,28203.375702832294,0.0,0.0,0.0
7671.449039999998,28138.911275055565,0.0,0.0,0.0
8437.84232,28874.33766262915,0.0,0.0,0.0
9200.178559999998,30376.033332100527,0.0,0.0,0.0
9775.612719999996,32164.732652392555,0.0,0.0,0.0
10164.686239999999,33562.834700933934,0.0,0.0,0.0
10279.61816,34253.53492225294,0.0,0.0,0.0
10210.780079999999,35029.112645230576,0.0,0.0,0.0
10374.742399999997,35723.93120668618,0.0,0.0,0.0
11371.98088,36480.42563307904,0.0,0.0,0.0
11641.648079999999,36846.26324545422,0.0,0.0,0.0
11643.088159999998,37256.12244059074,0.0,0.0,0.0
11468.233119999997,37432.9133551293,0.0,0.0,0.0
11251.581919999999,37642.72045673885,0.0,0.0,0.0
11084.122799999997,37502.964832296166,0.0,0.0,0.0
10712.837839999998,36778.424755878834,0.0,0.0,0.0
10417.82448,36067.35115552263,0.0,0.0,0.0
10132.090799999998,35313.87353732622,0.0,0.0,0.0
10050.871039999998,35186.095832268766,0.0,0.0,0.0
10025.600079999998,34875.2653509229,0.0,0.0,0.0
10036.376239999996,34623.887823211626,0.0,0.0,0.0
9923.365679999997,34011.872707779585,0.0,0.0,0.0
9429.967199999997,32473.707399749164,0.0,0.0,0.0
8935.982159999998,30949.67345642842,0.0,0.0,0.0
8326.268079999998,29647.742092859997,0.0,0.0,0.0
7725.352399999999,27931.773651751413,0.0,0.0,0.0
7018.26936,25140.45202056554,0.0,0.0,0.0
6086.05632,21598.451257733897,0.0,0.0,0.0
5061.708239999998,17960.17064910641,0.0,0.0,0.0
4107.179599999999,14830.738254561385,0.0,0.0,0.0
3229.1895199999994,12147.465990621971,0.0,0.0,0.0
2501.70848,10227.01948080349,0.0,0.0,0.0
2264.62544,9865.895631235257,0.0,0.0,0.0
2439.378959999999,10643.100842845179,0.0,0.0,0.0
2848.92192,12327.015696866492,0.0,0.0,0.0
3123.740319999999,14352.355833778578,0.0,0.0,0.0
3168.1571999999996,15961.594761226632,0.0,0.0,0.0
3373.6487199999997,17285.65600070979,0.0,0.0,0.0
4100.652239999999,19265.714243541635,0.0,0.0,0.0
5017.377839999999,21274.90850237602,0.0,0.0,0.0
5771.724079999999,23391.368155274246,0.0,0.0,0.0
6464.631919999999,25665.287333346943,0.0,0.0,0.0
7507.437839999999,27456.854606167817,0.0,0.0,0.0
8414.887519999998,27866.019141522254,0.0,0.0,0.0
8750.411119999999,28744.21796173499,0.0,0.0,0.0
9113.39776,30401.09070281116,0.0,0.0,0.0
10002.03992,31476.682061956606,0.0,0.0,0.0
10453.837759999997,32175.47010788122,0.0,0.0,0.0
10430.589679999997,33181.436709440226,0.0,0.0,0.0
10408.879439999999,33485.24120327595,0.0,0.0,0.0
10119.069919999998,32975.03344076285,0.0,0.0,0.0
9611.357119999999,31920.321569924403,0.0,0.0,0.0
9010.742239999998,30787.14291484478,0.0,0.0,0.0
8499.799599999998,29311.298512977828,0.0,0.0,0.0
7922.086879999997,27348.54722243087,0.0,0.0,0.0
7580.686399999999,25893.502919181534,0.0,0.0,0.0
7277.769519999999,25204.71797411882,0.0,0.0,0.0
6907.40576,24481.10080284054,0.0,0.0,0.0
6847.843599999999,24180.134490400156,0.0,0.0,0.0
6786.00664,24065.108754199402,0.0,0.0,0.0
6496.870159999998,23880.964369682006,0.0,0.0,0.0
6330.606719999999,24760.115866167293,0.0,0.0,0.0
6366.567359999998,25483.95135909137,0.0,0.0,0.0
6083.664959999998,24919.004405750613,0.0,0.0,0.0
5851.79328,23471.53189412591,0.0,0.0,0.0
5863.783919999999,22446.21405578049,0.0,0.0,0.0
5935.46456,22002.475310700967,0.0,0.0,0.0
6089.876479999998,21109.60924537525,0.0,0.0,0.0
6069.177679999998,20789.103145636163,0.0,0.0,0.0
5856.5948,20792.755071347656,0.0,0.0,0.0
5575.365599999999,20487.402478569013,0.0,0.0,0.0
5544.014719999999,20409.283024218894,0.0,0.0,0.0
5591.093679999998,19931.7242714634,0.0,0.0,0.0
5153.23792,18693.423743933214,0.0,0.0,0.0
4304.286319999999,16305.947538913295,0.0,0.0,0.0
3588.175519999999,14279.357014393472,0.0,0.0,0.0
3458.071999999999,13955.357768321657,0.0,0.0,0.0
3667.5528799999997,14562.649197235583,0.0,0.0,0.0
3866.2989599999987,15296.73588380088,0.0,0.0,0.0
4009.63768,15923.160227855436,0.0,0.0,0.0
4519.621519999999,16769.51385891552,0.0,0.0,0.0
4985.316319999999,17521.830402904747,0.0,0.0,0.0
5150.33896,17630.306489731636,0.0,0.0,0.0
5144.808,17403.10312243664,0.0,0.0,0.0
4882.333679999999,16882.485386903565,0.0,0.0,0.0
4379.764559999999,15881.39132753027,0.0,0.0,0.0
3881.5871199999997,14765.638709269613,0.0,0.0,0.0
3677.0844799999986,14269.61193002205,0.0,0.0,0.0
3376.6830399999994,13697.380972680663,0.0,0.0,0.0
3184.9042399999994,13289.83400224735,0.0,0.0,0.0
3189.7395999999985,13246.556697823962,0.0,0.0,0.0
3325.313919999999,13448.26605111673,0.0,0.0,0.0
3419.776399999999,13633.482196440766,0.0,0.0,0.0
3370.9302399999992,13632.340969655925,0.0,0.0,0.0
3319.4821599999996,13562.83529660355,0.0,0.0,0.0
3129.6961599999995,12818.685966909312,0.0,0.0,0.0
2922.31336,11911.89693480854,0.0,0.0,0.0
2770.18376,11420.762545169038,0.0,0.0,0.0
2694.8521599999995,11093.170915652769,0.0,0.0,0.0
2606.9659199999996,10927.564023605648,0.0,0.0,0.0
2612.2599999999993,10983.66276286394,0.0,0.0,0.0
2566.92944,10996.216257497184,0.0,0.0,0.0
2638.8507199999995,11410.223563903814,0.0,0.0,0.0
2726.951279999999,11972.729284296127,0.0,0.0,0.0
2574.8667999999993,12245.710731229983,0.0,0.0,0.0
2580.5857599999995,12640.733978163571,0.0,0.0,0.0
2735.802319999999,13244.740658679388,0.0,0.0,0.0
2885.4202399999995,13892.104033307973,0.0,0.0,0.0
3051.1535199999994,14528.987968938374,0.0,0.0,0.0
3455.549039999999,15449.928213171168,0.0,0.0,0.0
4467.88016,17311.457649758362,0.0,0.0,0.0
5575.734079999999,19423.024913048528,0.0,0.0,0.0
6172.870959999998,21089.553425095575,0.0,0.0,0.0
6475.667519999998,22260.987986745284,0.0,0.0,0.0
6656.2904,22930.78887233495,0.0,0.0,0.0
6745.210639999998,23171.508334246922,0.0,0.0,0.0
6801.448959999999,23226.872718878447,0.0,0.0,0.0
6860.676479999999,23231.358236328426,0.0,0.0,0.0
6880.619519999998,23056.949012471272,0.0,0.0,0.0
6855.589199999998,22813.17304751817,0.0,0.0,0.0
6805.197679999999,22737.802461162828,0.0,0.0,0.0
6704.910959999999,22780.10724189131,0.0,0.0,0.0
6542.764719999999,22966.434842866667,0.0,0.0,0.0
6489.925439999999,23525.903907640182,0.0,0.0,0.0
6564.106479999999,24269.96392393387,0.0,0.0,0.0
6775.523759999999,24916.215842911133,0.0,0.0,0.0
6912.899119999998,25453.902361660963,0.0,0.0,0.0
6669.976799999999,25153.40246364568,0.0,0.0,0.0
6564.162879999999,24836.62767930747,0.0,0.0,0.0
7127.831999999999,25410.3968118806,0.0,0.0,0.0
8128.375519999999,26593.134480555815,0.0,0.0,0.0
8221.94688,26809.014893402953,0.0,0.0,0.0
7828.485439999998,26392.447269513814,0.0,0.0,0.0
7219.493279999999,25645.44983471306,0.0,0.0,0.0
6903.412639999999,25280.693906855682,0.0,0.0,0.0
6865.128319999999,25005.11244759462,0.0,0.0,0.0
6511.5830399999995,24034.8414351232,0.0,0.0,0.0
6140.508639999998,23096.703399428417,0.0,0.0,0.0
5713.662159999998,22017.311258903897,0.0,0.0,0.0
5636.736319999999,21197.98981707777,0.0,0.0,0.0
5427.996159999999,20341.107128463635,0.0,0.0,0.0
5301.893279999998,19475.491574017673,0.0,0.0,0.0
5098.8044,18524.680959155576,0.0,0.0,0.0
4681.327839999999,17511.32119277304,0.0,0.0,0.0
4137.3535999999995,16534.718852573544,0.0,0.0,0.0
3658.833439999999,15431.499881523789,0.0,0.0,0.0
3177.3015199999995,14276.171503107094,0.0,0.0,0.0
2806.27224,13634.256245912222,0.0,0.0,0.0
2502.223599999999,12561.949635164883,0.0,0.0,0.0
2319.0815199999997,12030.743299810718,0.0,0.0,0.0
2374.338479999999,11739.492300608239,0.0,0.0,0.0
2336.6106399999994,11379.678380914778,0.0,0.0,0.0
2248.4536799999996,11169.464407147152,0.0,0.0,0.0
2179.96528,10769.995337608272,0.0,0.0,0.0
2216.377119999999,10756.022752277355,0.0,0.0,0.0
2116.7070399999993,11077.084579842103,0.0,0.0,0.0
2015.8788799999998,11523.125625913646,0.0,0.0,0.0
1989.2843999999998,12087.020665870114,0.0,0.0,0.0
2516.78984,13107.803368209698,0.0,0.0,0.0
3594.5035999999996,14857.165097413821,0.0,0.0,0.0
4685.381119999999,16950.71090121468,0.0,0.0,0.0
5397.949999999998,18666.133538208764,0.0,0.0,0.0
5702.273119999999,19745.386746776876,0.0,0.0,0.0
5715.357919999998,20102.997602590036,0.0,0.0,0.0
5580.2498399999995,19906.895146109742,0.0,0.0,0.0
5197.485599999999,19134.71133235312,0.0,0.0,0.0
4940.696399999999,18304.007393812106,0.0,0.0,0.0
4456.3895999999995,17149.850013313768,0.0,0.0,0.0
4059.2019999999993,16285.832176366583,0.0,0.0,0.0
3852.8907999999988,15677.538452624234,0.0,0.0,0.0
3682.641759999999,15274.407533662696,0.0,0.0,0.0
3507.9972799999987,14902.208822425919,0.0,0.0,0.0
3466.3703199999995,14950.854854593643,0.0,0.0,0.0
3466.2800799999995,15293.550372514499,0.0,0.0,0.0
3519.585599999999,15785.587819870701,0.0,0.0,0.0
3400.5928799999992,16093.609890954747,0.0,0.0,0.0
3403.7663199999993,16332.106441564078,0.0,0.0,0.0
3817.313679999999,16693.091359175898,0.0,0.0,0.0
4455.235279999998,16915.769514176216,0.0,0.0,0.0
4620.5211199999985,16862.34025322333,0.0,0.0,0.0
4293.852319999999,16582.21373424526,0.0,0.0,0.0
3843.370479999999,16088.975517837176,0.0,0.0,0.0
3791.2643999999996,16072.373149045543,0.0,0.0,0.0
4085.69496,16841.03404533592,0.0,0.0,0.0
4414.559599999999,17954.563752293932,0.0,0.0,0.0
4671.548079999999,19262.955451835674,0.0,0.0,0.0
4944.813599999999,20549.495139375515,0.0,0.0,0.0
5098.086239999999,21519.34935597769,0.0,0.0,0.0
5121.0034399999995,21731.43891115693,0.0,0.0,0.0
5113.9947999999995,21556.394569784738,0.0,0.0,0.0
5290.883999999998,21373.828055343765,0.0,0.0,0.0
5543.300319999999,21397.44648793438,0.0,0.0,0.0
5775.322399999999,21924.27646666146,0.0,0.0,0.0
5915.153039999998,22504.744104276044,0.0,0.0,0.0
5783.368799999999,22874.938225855967,0.0,0.0,0.0
6056.352319999999,23598.28745693259,0.0,0.0,0.0
6789.672639999999,24831.884145367,0.0,0.0,0.0
7388.012719999998,26479.38890309632,0.0,0.0,0.0
7653.93496,27492.31202618726,0.0,0.0,0.0
8292.574719999999,28853.33908978808,0.0,0.0,0.0
9122.914319999998,30500.059874334765,0.0,0.0,0.0
10054.766399999997,31949.040790057694,0.0,0.0,0.0
10696.963119999997,33267.326429638444,0.0,0.0,0.0
11252.100799999997,34305.18783890594,0.0,0.0,0.0
11660.128479999998,35240.6266251618,0.0,0.0,0.0
11787.374399999999,36072.78934924517,0.0,0.0,0.0
11801.196159999996,36343.289868385895,0.0,0.0,0.0
11706.639679999998,35871.9830536691,0.0,0.0,0.0
11290.65208,34624.63210154957,0.0,0.0,0.0
10828.262319999998,33450.9448574637,0.0,0.0,0.0
10368.083439999999,32739.037665368996,0.0,0.0,0.0
9980.213119999997,32192.429730275067,0.0,0.0,0.0
9793.980319999997,31984.01194822968,0.0,0.0,0.0
9596.159199999996,31896.0481723964,0.0,0.0,0.0
9228.998959999997,30740.79918366909,0.0,0.0,0.0
8944.904639999997,29499.084899495545,0.0,0.0,0.0
8703.993919999999,28283.390586016372,0.0,0.0,0.0
8321.4816,26941.27811591039,0.0,0.0,0.0
7941.717839999999,25163.653657286904,0.0,0.0,0.0
7249.584559999999,22756.260563943728,0.0,0.0,0.0
6435.7663999999995,20902.809028250973,0.0,0.0,0.0
5749.160319999998,18837.654962114713,0.0,0.0,0.0
5136.69768,17278.610165777296,0.0,0.0,0.0
4669.303359999999,16611.260436847242,0.0,0.0,0.0
4392.435759999999,16188.182858428925,0.0,0.0,0.0
4505.040239999998,16361.877575081653,0.0,0.0,0.0
4728.572239999999,16716.79910516706,0.0,0.0,0.0
4863.928479999999,16774.77342583696,0.0,0.0,0.0
4691.682879999999,16542.350186465217,0.0,0.0,0.0
4099.858879999999,15829.004056250502,0.0,0.0,0.0
3688.3719999999994,15764.84726352012,0.0,0.0,0.0
3598.31624,16355.139375195507,0.0,0.0,0.0
3531.36192,16510.286675666786,0.0,0.0,0.0
3595.857199999999,16757.129067372207,0.0,0.0,0.0
3906.0008,17600.307110857084,0.0,0.0,0.0
4373.996719999999,18637.86088507824,0.0,0.0,0.0
4787.645599999999,19594.149388507572,0.0,0.0,0.0
5122.556319999999,20558.86312272238,0.0,0.0,0.0
5497.315519999998,21692.329565426,0.0,0.0,0.0
6023.568879999999,22923.822427091836,0.0,0.0,0.0
6420.444399999999,23550.455169081015,0.0,0.0,0.0
6661.862719999999,24126.586144913206,0.0,0.0,0.0
6688.554959999999,24359.88267086813,0.0,0.0,0.0
7103.982319999998,24760.115866167293,0.0,0.0,0.0
7167.206719999999,24308.914490286035,0.0,0.0,0.0
7046.954399999998,23331.98466761785,0.0,0.0,0.0
6991.2688,22256.949036298058,0.0,0.0,0.0
6869.256799999999,21091.33969310663,0.0,0.0,0.0
6690.660559999999,20271.41290489898,0.0,0.0,0.0
6427.911759999997,19369.883439719648,0.0,0.0,0.0
6197.5027199999995,18290.580612595677,0.0,0.0,0.0
5650.531759999998,17372.925116760987,0.0,0.0,0.0
5006.346,16027.101178676476,0.0,0.0,0.0
4403.1630399999995,14306.498364450334,0.0,0.0,0.0
4040.1989599999997,13095.75598284625,0.0,0.0,0.0
3838.1215199999997,12205.023515422627,0.0,0.0,0.0
3616.0446399999987,11657.800310236003,0.0,0.0,0.0
3483.2226399999995,12106.41159750123,0.0,0.0,0.0
3564.130319999999,12766.209382228993,0.0,0.0,0.0
3722.6406399999996,13307.686758646723,0.0,0.0,0.0
3904.3915199999997,14508.57489505649,0.0,0.0,0.0
4122.204559999999,15961.088651956828,0.0,0.0,0.0
4137.139279999999,16710.884573308238,0.0,0.0,0.0
4055.626239999999,16633.499473584874,0.0,0.0,0.0
3942.07048,16028.956912665739,0.0,0.0,0.0
3893.2205599999993,15405.916554121015,0.0,0.0,0.0
3999.9030399999992,15161.267302584722,0.0,0.0,0.0
4123.82888,15168.69023854177,0.0,0.0,0.0
4322.40576,15438.456403055729,0.0,0.0,0.0
4512.1090399999985,16204.586752997113,0.0,0.0,0.0
4692.829679999999,17112.685714972657,0.0,0.0,0.0
5397.1453599999995,17910.115449952187,0.0,0.0,0.0
5286.323119999998,17442.05368878881,0.0,0.0,0.0
4736.81416,16281.048947581427,0.0,0.0,0.0
4172.261439999999,14782.231154350075,0.0,0.0,0.0
3682.735759999999,13153.84938805022,0.0,0.0,0.0
3240.2551999999996,11982.563682068101,0.0,0.0,0.0
2869.703439999999,11404.51742997961,0.0,0.0,0.0
2636.079599999999,11044.514959773873,0.0,0.0,0.0
2756.9147199999993,11045.49740717995,0.0,0.0,0.0
2899.4751199999987,11232.886845250769,0.0,0.0,0.0
2944.031119999999,11519.235531134016,0.0,0.0,0.0
3262.5858399999993,12339.02338738525,0.0,0.0,0.0
3699.6745599999995,13358.46638871654,0.0,0.0,0.0
3972.2971199999993,13944.99741385754,0.0,0.0,0.0
3951.6359199999993,14193.080269459526,0.0,0.0,0.0
3886.0239199999983,14210.039891853374,0.0,0.0,0.0
3762.985439999999,13749.152973867735,0.0,0.0,0.0
3516.9197599999998,13311.467692603459,0.0,0.0,0.0
3521.72504,13174.460936155556,0.0,0.0,0.0
3421.2691199999995,13022.141893368449,0.0,0.0,0.0
3156.9862399999993,12734.324498231666,0.0,0.0,0.0
3008.02632,12492.830986848237,0.0,0.0,0.0
3081.1771199999994,12548.62209106018,0.0,0.0,0.0
3001.1229599999997,12515.2387266758,0.0,0.0,0.0
2913.8195199999996,12741.429875431195,0.0,0.0,0.0
2998.701519999999,12766.566635831206,0.0,0.0,0.0
2938.8611199999996,12402.177885287207,0.0,0.0,0.0
2709.7304799999997,12016.49285056697,0.0,0.0,0.0
2415.9353599999995,11486.080412106605,0.0,0.0,0.0
2217.0915199999995,11132.687133541767,0.0,0.0,0.0
2061.52528,10889.744760327152,0.0,0.0,0.0
2103.81024,11253.379308822034,0.0,0.0,0.0
2764.1677599999994,12650.181351199813,0.0,0.0,0.0
3558.7459999999996,14234.720161539446,0.0,0.0,0.0
4163.8691199999985,15506.791078189743,0.0,0.0,0.0
4415.446959999999,16180.769846183048,0.0,0.0,0.0
4463.229039999999,16483.264410144,0.0,0.0,0.0
4360.6224,16417.341196824906,0.0,0.0,0.0
4227.270239999999,16219.988352736873,0.0,0.0,0.0
4179.217439999999,16036.141679554648,0.0,0.0,0.0
4100.40784,15510.254453388956,0.0,0.0,0.0
4006.9003999999995,14651.96259778832,0.0,0.0,0.0
3840.260959999999,13467.041712655153,0.0,0.0,0.0
3748.3552799999984,12494.954661039157,0.0,0.0,0.0
3695.899519999999,11911.073266781223,0.0,0.0,0.0
3677.5394399999996,11458.214631134153,0.0,0.0,0.0
3584.5696799999996,10893.992108708992,0.0,0.0,0.0
3117.7205599999993,10168.410042618552,0.0,0.0,0.0
2466.0862399999996,9291.550923414121,0.0,0.0,0.0
2267.52816,8675.963271959961,0.0,0.0,0.0
2407.7310399999997,8524.735837401831,0.0,0.0,0.0
2626.0328799999997,9004.666357127551,0.0,0.0,0.0
2786.1412,9497.993886936185,0.0,0.0,0.0
2890.6391199999994,9885.792672136171,0.0,0.0,0.0
2778.8881599999995,9895.180502905383,0.0,0.0,0.0
2710.3546399999996,10102.18911796428,0.0,0.0,0.0
2887.0257599999995,10655.842887990702,0.0,0.0,0.0
3002.5179199999993,10910.435698121868,0.0,0.0,0.0
2971.471599999999,10687.568992609271,0.0,0.0,0.0
2873.45216,10134.838127721894,0.0,0.0,0.0
2545.7493600000003,9195.181764217716,0.0,0.0,0.0
2280.0451999999996,8178.021216456105,0.0,0.0,0.0
2046.2333599999995,7220.363240884962,0.0,0.0,0.0
1943.1755199999996,6717.290626704908,0.0,0.0,0.0
1965.8595999999995,6786.54820697797,0.0,0.0,0.0
2115.3722399999997,7105.06956448255,0.0,0.0,0.0
2262.3807199999997,7697.872375084589,0.0,0.0,0.0
2429.46008,8149.41115714571,0.0,0.0,0.0
2499.79088,8482.728768008528,0.0,0.0,0.0
2488.70264,8576.81547363525,0.0,0.0,0.0
2440.8190399999994,8609.17669576886,0.0,0.0,0.0
2374.977679999999,8812.97002840786,0.0,0.0,0.0
2345.5594399999995,9024.861109363645,0.0,0.0,0.0
2490.763119999999,9401.168237025846,0.0,0.0,0.0
2815.0443199999995,10292.466355986304,0.0,0.0,0.0
3095.8147999999997,11313.73532017334,0.0,0.0,0.0
3439.2569599999993,12129.176590931007,0.0,0.0,0.0
3826.657279999999,12717.81144284058,0.0,0.0,0.0
4079.3443199999992,13276.764474633132,0.0,0.0,0.0
4129.99152,13918.530876160416,0.0,0.0,0.0
4534.55624,14958.724357553456,0.0,0.0,0.0
4890.568079999999,15921.770908291284,0.0,0.0,0.0
4699.116399999999,15831.058264463218,0.0,0.0,0.0
4301.165519999999,14806.712949812698,0.0,0.0,0.0
4057.84088,14057.879628445029,0.0,0.0,0.0
3658.254399999999,13411.191066176174,0.0,0.0,0.0
3223.2186399999996,12323.810338157766,0.0,0.0,0.0
2864.9771199999996,10889.35773559142,0.0,0.0,0.0
2590.51592,9898.792733772181,0.0,0.0,0.0
2235.0680799999996,8830.3662940933,0.0,0.0,0.0
1974.67304,7979.676001250819,0.0,0.0,0.0
1863.8056799999995,7448.549055586033,0.0,0.0,0.0
1815.8393599999997,7136.626966011185,0.0,0.0,0.0
1745.23032,6922.939693333175,0.0,0.0,0.0
1641.9092799999996,6632.323811645739,0.0,0.0,0.0
1471.1263199999996,6192.157602588331,0.0,0.0,0.0
1308.8259199999998,6091.392239342496,0.0,0.0,0.0
1211.6975999999997,6281.371766029341,0.0,0.0,0.0
1216.25848,6647.407852627977,0.0,0.0,0.0
1373.1482399999998,7220.740341909518,0.0,0.0,0.0
1530.3237599999995,7820.2714286865275,0.0,0.0,0.0
1651.6213599999999,8101.817038362274,0.0,0.0,0.0
1630.3660799999996,7901.804639680005,0.0,0.0,0.0
1753.6414399999996,7711.378545990396,0.0,0.0,0.0
2209.1503999999995,7865.672407300835,0.0,0.0,0.0
2624.901119999999,8145.60045205546,0.0,0.0,0.0
2807.0167199999996,8432.901814211273,0.0,0.0,0.0
2833.3931199999993,8680.022069829525,0.0,0.0,0.0
2881.532399999999,8970.141765958333,0.0,0.0,0.0
2990.692719999999,9279.314987538393,0.0,0.0,0.0
3121.9843999999994,9720.949905849335,0.0,0.0,0.0
3287.6011199999994,10350.89716737014,0.0,0.0,0.0
3468.2991999999995,11045.84473707099,0.0,0.0,0.0
3700.4227999999994,11668.577460569368,0.0,0.0,0.0
3814.5087199999994,12187.657020870703,0.0,0.0,0.0
3842.5131999999994,12562.29696505592,0.0,0.0,0.0
3895.0027999999993,12986.327219746803,0.0,0.0,0.0
3919.11568,13350.438106377967,0.0,0.0,0.0
3853.9548799999993,13073.725344043241,0.0,0.0,0.0
3670.568399999999,12507.895180408133,0.0,0.0,0.0
3228.9639199999992,12075.96565162392,0.0,0.0,0.0
3284.0103199999994,12736.706188913075,0.0,0.0,0.0
3797.5962399999994,14389.311734185065,0.0,0.0,0.0
4515.083199999999,16590.033618649206,0.0,0.0,0.0
5068.235599999998,18181.11215465154,0.0,0.0,0.0
5345.655919999999,18977.95639067189,0.0,0.0,0.0
5247.907199999998,19339.8840608451,0.0,0.0,0.0
5588.08192,20287.638172666062,0.0,0.0,0.0
6350.147439999999,21848.49900814805,0.0,0.0,0.0
6831.277039999999,22863.89313532095,0.0,0.0,0.0
6815.285759999998,23308.98150511993,0.0,0.0,0.0
6769.485199999998,23327.360218211452,0.0,0.0,0.0
6504.111919999999,22979.40513336916,0.0,0.0,0.0
6278.68112,22902.248279002764,0.0,0.0,0.0
6234.71168,23256.09804828154,0.0,0.0,0.0
6206.161999999999,23415.74078991397,0.0,0.0,0.0
6281.286799999999,23480.3838444918,0.0,0.0,0.0
6426.753679999999,23318.22048022155,0.0,0.0,0.0
6523.855679999999,23020.439679067553,0.0,0.0,0.0
6396.072079999998,22985.706689963707,0.0,0.0,0.0
6449.088079999999,22700.003045306672,0.0,0.0,0.0
6167.670879999999,21505.168372712153,0.0,0.0,0.0
5637.563519999999,20497.90176498955,0.0,0.0,0.0
4917.09864,19342.62300512872,0.0,0.0,0.0
4157.409439999999,16791.47503174032,0.0,0.0,0.0
3126.026399999999,13864.486345114834,0.0,0.0,0.0
2162.9512799999998,11469.071171156895,0.0,0.0,0.0
1612.32936,9847.020732585112,0.0,0.0,0.0
1399.4682399999997,9215.326897897945,0.0,0.0,0.0
1336.2663999999995,9092.67975151669,0.0,0.0,0.0
1289.7514399999995,9123.820357176079,0.0,0.0,0.0
1331.3107199999997,9223.226171991275,0.0,0.0,0.0
1534.6891199999998,9275.96077316208,0.0,0.0,0.0
1603.5422399999995,9155.437300971747,0.0,0.0,0.0
1523.0519199999997,8831.596834278695,0.0,0.0,0.0
1301.8398399999996,8091.000193184222,0.0,0.0,0.0
997.8024799999997,7085.043515336392,0.0,0.0,0.0
744.1603999999999,6341.559074290715,0.0,0.0,0.0
596.7984799999998,6043.103460776983,0.0,0.0,0.0
555.7279999999998,6185.518639813909,0.0,0.0,0.0
590.5455999999999,6827.4537444311245,0.0,0.0,0.0
672.1563999999998,7684.266967067052,0.0,0.0,0.0
791.4123199999998,8810.786811949905,0.0,0.0,0.0
869.6767199999998,9797.431947855997,0.0,0.0,0.0
923.5499999999998,10333.957392398635,0.0,0.0,0.0
925.9751999999999,10444.577000838788,0.0,0.0,0.0
895.81624,10318.049683389077,0.0,0.0,0.0
928.4116799999999,9817.021353710563,0.0,0.0,0.0
1040.2453599999997,9029.703880415836,0.0,0.0,0.0
1153.7447199999997,8518.741915853627,0.0,0.0,0.0
1193.8187999999998,7560.230501121647,0.0,0.0,0.0
1168.0515199999998,6483.160509011494,0.0,0.0,0.0
1077.9543999999999,5325.103110022354,0.0,0.0,319.42201424996824
938.8682399999998,4328.077772229799,0.0,0.0,1286.0918920547545
766.2729599999999,3548.83819982951,0.0,0.0,2097.788929953829
642.2681599999999,3048.1472763308625,0.0,0.0,2717.6246986487454
651.4613599999999,2681.5157670618746,0.0,0.0,3513.142546563961
650.4047999999999,2167.8247819272183,0.0,521.7723957031715,4021.9999999999995
621.6859199999998,1647.7627742198001,0.0,1142.9165594782273,4021.9999999999995
588.39488,1251.4395211226135,0.0,1409.52,4021.9999999999995
563.1615199999999,1140.8298363936344,0.0,1195.0075328711098,4021.9999999999995
570.2979999999999,1266.0174528350549,0.0,606.0450667887281,4022.0
655.5559999999998,1544.6454914260787,0.0,0.0,3910.1162032724565
824.3875199999998,2075.851826780244,0.0,0.0,2830.3250970969607
1010.3721599999999,2877.2212750952676,0.0,0.0,1706.8273200039237
1181.19272,3656.0936701821747,0.0,0.0,659.645693692206
1305.82168,4266.898092851174,0.0,0.0,0.0
1346.55,4764.989004022618,0.0,0.0,0.0
1384.8004799999999,5325.291660534633,0.0,0.0,0.0
1518.7354399999995,5951.051115940629,0.0,0.0,0.0
1667.5900799999997,6617.378702619914,0.0,0.0,0.0
1744.0571999999997,7704.352558480247,0.0,0.0,0.0
1988.0849599999995,9375.197884887342,0.0,0.0,0.0
2487.8265599999995,10604.289208449427,0.0,0.0,0.0
2866.2291999999993,11352.636267969643,0.0,0.0,0.0
3206.4001599999997,12272.80246273098,0.0,0.0,0.0
3349.374159999999,13510.457949034957,0.0,0.0,0.0
3329.3183199999994,15074.980633939602,0.0,0.0,0.0
3444.1035999999995,16483.651434879725,0.0,0.0,0.0
3984.223839999999,18286.75998379425,0.0,0.0,0.0
5059.531199999999,20570.047145213815,0.0,0.0,0.0
6288.942159999999,22636.749310292988,0.0,0.0,0.0
6905.58968,23626.99675335471,0.0,0.0,0.0
7173.448319999998,25644.973496576782,0.0,0.0,0.0
7463.438319999998,27316.205847719608,0.0,0.0,0.0
8219.235919999997,28664.619874420154,0.0,0.0,0.0
8636.911759999997,29186.617005806213,0.0,0.0,0.0
8746.530799999997,29322.81994164913,0.0,0.0,0.0
9171.75296,30698.504326651775,0.0,0.0,0.0
9350.73648,32191.586214825405,0.0,0.0,0.0
9668.678319999999,33363.40780121084,0.0,0.0,0.0
10387.6768,33766.77688924052,0.0,0.0,0.0
11005.298159999998,33704.336898542984,0.0,0.0,0.0
11135.661119999999,33867.7804215545,0.0,0.0,0.0
11210.086559999996,34587.36856609674,0.0,0.0,0.0
11171.411199999997,34701.69964251541,0.0,0.0,0.0
11041.882959999999,34504.7338231631,0.0,0.0,0.0
11763.686399999999,34892.30436300613,0.0,0.0,0.0
11871.132159999997,35125.70012607277,0.0,0.0,0.0
11492.616719999998,34652.36887427678,0.0,0.0,0.0
10734.649599999999,32536.464949204223,0.0,0.0,0.0
9607.488079999997,29851.46595952079,0.0,0.0,0.0
8201.736879999997,27118.991935587994,0.0,0.0,0.0
6748.316399999998,24659.9856204365,0.0,0.0,0.0
5624.1327999999985,21872.26629640625,0.0,0.0,0.0
5343.854879999999,20787.564970404423,0.0,0.0,0.0
5143.72888,19613.46093044931,0.0,0.0,0.0
4609.320079999999,17498.23181773648,0.0,0.0,0.0
4149.017119999999,15802.130646395302,0.0,0.0,0.0
3911.1895999999992,16159.156003249283,0.0,0.0,0.0
3946.180159999999,16992.38056442812,0.0,0.0,0.0
4163.297599999999,17259.516945481355,0.0,0.0,0.0
5203.046639999998,19905.773766747243,0.0,0.0,0.0
7082.1292,24443.37085296259,0.0,0.0,0.0
8930.458719999999,27483.22190675323,0.0,0.0,0.0
9721.393519999998,29743.545600519556,0.0,0.0,0.0
10213.754239999998,32157.587580348332,0.0,0.0,0.0
10345.008319999999,31677.309730731573,0.0,0.0,0.0
10021.614479999998,31710.28622295788,0.0,0.0,0.0
9969.203839999998,31712.201499214178,0.0,0.0,0.0
9776.35344,30544.46848183182,0.0,0.0,0.0
10320.011839999997,30099.132019253528,0.0,0.0,0.0
10701.422479999996,29817.487172466055,0.0,0.0,0.0
11017.311359999998,29367.04992234508,0.0,0.0,0.0
10967.506399999997,28262.52102142055,0.0,0.0,0.0
10278.9,26784.05675980405,0.0,0.0,0.0
9043.890399999998,26628.24457068421,0.0,0.0,0.0
8638.675199999996,27732.138354093706,0.0,0.0,0.0
8986.418799999998,28525.489443781324,0.0,0.0,0.0
9538.804159999996,29510.814726101475,0.0,0.0,0.0
10211.607279999998,30810.453712389044,0.0,0.0,0.0
11095.301279999998,31745.87265122255,0.0,0.0,0.0
11838.638239999997,33378.42237621488,0.0,0.0,0.0
12294.064479999997,34505.26970356642,0.0,0.0,0.0
12451.796479999997,34716.56536185185,0.0,0.0,0.0
12249.5724,34253.06850782784,0.0,0.0,0.0
11938.6768,33280.048627361626,0.0,0.0,0.0
11422.447599999998,32354.404544033052,0.0,0.0,0.0
10675.722879999998,31613.778131805055,0.0,0.0,0.0
10024.908239999999,31211.222788091527,0.0,0.0,0.0
9542.526559999997,30623.312367097547,0.0,0.0,0.0
9033.403759999997,29712.67293506183,0.0,0.0,0.0
8471.261199999997,28615.73567318428,0.0,0.0,0.0
8069.696959999999,27731.542931423355,0.0,0.0,0.0
7794.3371199999965,26937.378097419587,0.0,0.0,0.0
7677.258239999999,26464.165930157666,0.0,0.0,0.0
7584.179439999997,25987.043820693765,0.0,0.0,0.0
7547.320159999998,25005.727717687318,0.0,0.0,0.0
7266.700079999999,23286.82185807168,0.0,0.0,0.0
6597.24712,20983.86590110817,0.0,0.0,0.0
5795.795599999999,18324.7777212962,0.0,0.0,0.0
5073.454479999999,15059.271399153497,0.0,0.0,0.0
4457.156639999999,12703.134274016416,0.0,0.0,0.0
3928.1396799999993,11793.090264651055,0.0,0.0,0.0
3574.662079999999,11164.849881451926,0.0,0.0,0.0
3543.397679999999,10761.312090332312,0.0,0.0,0.0
3367.4747999999995,10013.153581324377,0.0,0.0,0.0
2953.303279999999,9132.642536408453,0.0,0.0,0.0
2486.2736799999993,8034.951072481792,0.0,0.0,0.0
2154.2355999999995,7841.964661309672,0.0,0.0,0.0
2003.2076799999995,8107.552943419994,0.0,0.0,0.0
2139.3685599999994,8928.402636766687,0.0,0.0,0.0
2489.4095199999997,10130.888490675228,0.0,0.0,0.0
2798.530399999999,10979.842134062517,0.0,0.0,0.0
3106.414239999999,11671.604192476987,0.0,0.0,0.0
3675.4112799999994,13137.445493482031,0.0,0.0,0.0
4229.932319999999,14722.510260513813,0.0,0.0,0.0
4461.958159999999,16477.280412306965,0.0,0.0,0.0
4825.8848,18295.93941662884,0.0,0.0,0.0
5506.452319999998,20789.23215388141,0.0,0.0,0.0
6249.9659999999985,23056.07572588809,0.0,0.0,0.0
6636.43384,24364.35826460694,0.0,0.0,0.0
7243.673839999998,25930.825996901407,0.0,0.0,0.0
7877.756479999998,27952.345505012065,0.0,0.0,0.0
8673.135599999998,30161.621628506928,0.0,0.0,0.0
9761.069039999998,32734.383444829084,0.0,0.0,0.0
10478.65,34469.96113921457,0.0,0.0,0.0
10758.837679999999,34630.18937980618,0.0,0.0,0.0
10893.133599999996,34374.088165576795,0.0,0.0,0.0
10778.179119999999,33916.09897125353,0.0,0.0,0.0
10195.758879999998,32851.54277893194,0.0,0.0,0.0
9309.97056,31290.642248605258,0.0,0.0,0.0
8307.63352,29743.7143036095,0.0,0.0,0.0
7418.303279999999,28389.98116772048,0.0,0.0,0.0
6913.2224799999985,27402.343660697134,0.0,0.0,0.0
6672.8719999999985,26108.559664001346,0.0,0.0,0.0
6413.823039999998,24692.42623225949,0.0,0.0,0.0
5923.500239999999,23486.556392841117,0.0,0.0,0.0
5523.767119999998,22918.056750900596,0.0,0.0,0.0
5451.473599999999,23089.46901398365,0.0,0.0,0.0
5628.622239999999,23257.388130733965,0.0,0.0,0.0
5453.519039999998,23253.299561730884,0.0,0.0,0.0
5559.637519999999,22768.159093639588,0.0,0.0,0.0
5766.918799999999,22350.767801723126,0.0,0.0,0.0
6347.282319999999,22240.28712523939,0.0,0.0,0.0
7038.189839999999,23888.972804598234,0.0,0.0,0.0
8435.02232,27401.837551427336,0.0,0.0,0.0
10222.289439999997,30342.590425449118,0.0,0.0,0.0
11937.97368,33731.26985066523,0.0,0.0,0.0
13172.118479999997,36410.66194353618,0.0,0.0,0.0
13598.284399999997,37568.6895713918,0.0,0.0,0.0
12932.061279999998,36775.44764252707,0.0,0.0,0.0
12423.566399999994,35138.71011141996,0.0,0.0,0.0
12313.781919999998,34323.427620041046,0.0,0.0,0.0
11847.241119999997,33193.216154602014,0.0,0.0,0.0
11960.902159999996,32479.14559347171,0.0,0.0,0.0
11987.421439999998,31573.140534553564,0.0,0.0,0.0
11289.275919999996,31110.36811144514,0.0,0.0,0.0
10357.036559999999,32944.15085159395,0.0,0.0,0.0
9685.188479999999,33884.214087256194,0.0,0.0,0.0
9030.361919999998,35063.19066939702,0.0,0.0,0.0
8829.690719999999,37166.610565814546,0.0,0.0,0.0
10076.649599999999,39602.980895781504,0.0,0.0,0.0
12292.692079999997,41076.20543789892,0.0,0.0,0.0
14055.887679999998,42274.7714258943,0.0,0.0,0.0
15209.816639999997,43510.38262769674,0.0,0.0,0.0
16138.600559999999,44938.097030376935,0.0,0.0,0.0
16716.098959999996,45714.29994715843,0.0,0.0,0.0
16917.179999999997,45428.626073634914,0.0,0.0,0.0
16772.7584,44619.93292647457,0.0,0.0,0.0
16292.989919999998,43671.781866206715,0.0,0.0,0.0
15781.411839999997,42906.45533687029,0.0,0.0,0.0
15221.37488,41826.209757184944,0.0,0.0,0.0
14186.713119999997,39803.70780166819,0.0,0.0,0.0
12455.409839999998,37518.46566914765,0.0,0.0,0.0
11041.68744,35643.96594205796,0.0,0.0,0.0
10190.412159999996,33679.81540823567,0.0,0.0,0.0
9250.194079999997,32014.596826063404,0.0,0.0,0.0
8326.042479999998,30528.451611999364,0.0,0.0,0.0
7637.466159999999,29719.222584435705,0.0,0.0,0.0
7458.670639999999,29141.513738527072,0.0,0.0,0.0
7201.843839999999,28212.922312980263,0.0,0.0,0.0
7438.336559999999,28100.069869526294,0.0,0.0,0.0
7599.478879999999,28838.69169209743,0.0,0.0,0.0
8078.348719999997,30051.46843449188,0.0,0.0,0.0
9282.81584,31121.254422601403,0.0,0.0,0.0
9949.433759999996,33842.93144877849,0.0,0.0,0.0
11109.11552,36869.32595021917,0.0,0.0,0.0
12231.780079999997,39548.51956886668,0.0,0.0,0.0
13477.652319999996,41098.00783134495,0.0,0.0,0.0
14988.254879999997,42098.953035050654,0.0,0.0,0.0
15848.057839999994,43338.46425534388,0.0,0.0,0.0
16261.402159999994,44376.166885232626,0.0,0.0,0.0
16487.919599999997,45497.46685803874,0.0,0.0,0.0
16489.803359999998,46115.416352751956,0.0,0.0,0.0
16278.45376,45992.382181634974,0.0,0.0,0.0
15792.161679999997,45667.40048815707,0.0,0.0,0.0
15146.035759999993,44954.25283216581,0.0,0.0,0.0
14627.452799999997,44174.13004947117,0.0,0.0,0.0
14399.021519999997,43469.308387153644,0.0,0.0,0.0
14380.037279999997,42772.23714326188,0.0,0.0,0.0
14373.558799999997,42160.559434009694,0.0,0.0,0.0
14362.297599999996,41564.164239963204,0.0,0.0,0.0
14449.642399999997,41163.67302817356,0.0,0.0,0.0
14684.22128,41512.03498517392,0.0,0.0,0.0
14890.509919999995,42252.55223657902,0.0,0.0,0.0
14952.606319999997,41968.76386817828,0.0,0.0,0.0
14564.728479999996,40931.09100942306,0.0,0.0,0.0
13701.473839999999,39810.76356031186,0.0,0.0,0.0
12604.790879999999,37577.045336199066,0.0,0.0,0.0
11236.368959999998,34158.80317540001,0.0,0.0,0.0
9610.368239999998,30055.45776638324,0.0,0.0,0.0
7898.786159999998,25298.973382835477,0.0,0.0,0.0
6450.347679999999,21037.05699299291,0.0,0.0,0.0
6265.765519999998,18492.85561742528,0.0,0.0,0.0
5633.7959999999985,15947.552709917505,0.0,0.0,0.0
4712.93816,13405.336076584385,0.0,0.0,0.0
3974.064319999999,11357.627894689424,0.0,0.0,0.0
3464.095519999999,10012.77648029982,0.0,0.0,0.0
3090.8929599999997,9312.896826146223,0.0,0.0,0.0
2787.2616799999996,8818.77539944379,0.0,0.0,0.0
2650.3638399999995,8772.868311559683,0.0,0.0,0.0
2694.7807199999997,9000.587711835646,0.0,0.0,0.0
2769.2663199999993,8856.654204989323,0.0,0.0,0.0
2521.3055999999997,8308.855424554691,0.0,0.0,0.0
2149.5844799999995,8097.956714716162,0.0,0.0,0.0
1906.8990399999996,8451.08205307934,0.0,0.0,0.0
1889.5015199999998,8724.331440214855,0.0,0.0,0.0
1969.3751999999993,8553.772616292645,0.0,0.0,0.0
1942.3332799999996,8007.958578092521,0.0,0.0,0.0
1711.1421599999999,7161.4064728089825,0.0,0.0,0.0
1371.8623199999995,6295.70160496247,0.0,0.0,0.0
1112.0011999999997,5479.873309469076,0.0,0.0,0.0
908.4348,4771.756975042283,0.0,0.0,0.0
723.1683199999998,4306.334921050795,0.0,0.0,259.16164720832745
582.8000000000001,4057.110838663966,0.0,0.0,1268.4153546810799
469.8834399999999,3870.813008822128,0.0,0.0,2251.3886996547913
387.0431199999999,3610.4644462108977,0.0,0.0,3040.600000341077
337.92624,3201.4785376575674,0.0,0.0,3368.9214038714676
333.9481599999999,2776.6246149393683,0.0,0.0,3493.9710678596757
374.8531999999999,2651.436998497947,0.0,0.0,3271.3780988051367
543.4854399999999,3124.6193946263506,0.0,0.0,2331.5908115451703
943.5682399999997,4381.397872359784,0.0,0.0,534.9491713358193
1576.4063199999996,6211.856169265797,0.0,0.0,0.0
2225.1980799999997,7968.372894225314,0.0,0.0,0.0
2465.5711199999996,9184.35499532849,0.0,0.0,0.0
2586.812319999999,10318.317623590736,0.0,0.0,0.0
2961.6279199999994,11907.58012044849,0.0,0.0,0.0
3281.2993599999995,13130.687446173542,0.0,0.0,0.0
3597.6281599999993,13806.889125469492,0.0,0.0,0.0
3582.670879999999,13405.693330186592,0.0,0.0,0.0
3398.5624799999996,12559.339699126505,0.0,0.0,0.0
3348.0243199999995,11669.748458487724,0.0,0.0,0.0
3332.9805599999995,10885.308861433032,0.0,0.0,0.0
3208.5809599999993,10314.149664898274,0.0,0.0,0.0
3014.1927199999996,10403.353904628113,0.0,0.0,0.0
2906.6228799999994,11125.303892429407,0.0,0.0,0.0
2817.3003199999994,12405.889353265733,0.0,0.0,0.0
2938.669359999999,14372.987229306262,0.0,0.0,0.0
3369.1780799999988,16803.581959370807,0.0,0.0,0.0
3836.5084799999995,19943.90066507209,0.0,0.0,0.0
4774.380319999998,23448.092088336405,0.0,0.0,0.0
6240.167439999998,26851.994486491167,0.0,0.0,0.0
7851.7711199999985,29792.231327531976,0.0,0.0,0.0
9217.113599999999,32098.045313313178,0.0,0.0,0.0
10399.727599999998,33548.038447575695,0.0,0.0,0.0
11384.264799999995,34319.974168553,0.0,0.0,0.0
11968.756799999997,34329.0444405647,0.0,0.0,0.0
12319.500879999996,34034.16136307307,0.0,0.0,0.0
12661.179599999998,33770.95477164416,0.0,0.0,0.0
13052.260959999996,34057.67063484079,0.0,0.0,0.0
13388.089119999997,34502.610148972184,0.0,0.0,0.0
13610.447999999997,34832.28575783468,0.0,0.0,0.0
13521.997759999995,34224.87524438669,0.0,0.0,0.0
13245.724239999996,32952.60585351295,0.0,0.0,0.0
12641.996079999997,31228.688519755175,0.0,0.0,0.0
11302.123839999997,30699.060054477435,0.0,0.0,0.0
10318.605599999997,31596.064307362103,0.0,0.0,0.0
9856.96408,32562.633775566166,0.0,0.0,0.0
9557.660559999998,33099.62563453391,0.0,0.0,0.0
9548.429759999995,32691.215301228593,0.0,0.0,0.0
9487.675679999998,32266.946877469574,0.0,0.0,0.0
9880.133199999998,33170.44123746106,0.0,0.0,0.0
10572.537199999995,33964.79462197712,0.0,0.0,0.0
11659.346399999995,34584.86779088125,0.0,0.0,0.0
12868.427039999999,35270.46722465759,0.0,0.0,0.0
13706.756639999996,35731.334295220884,0.0,0.0,0.0
13880.137759999998,34699.48665492394,0.0,0.0,0.0
13739.803279999998,32957.10129467409,0.0,0.0,0.0
12984.103439999995,30934.24208555514,0.0,0.0,0.0
11965.305119999995,29243.737887315274,0.0,0.0,0.0
10829.10832,29182.82614813831,0.0,0.0,0.0
9510.540239999998,29127.87855937603,0.0,0.0,0.0
8348.023439999999,29355.320095739153,0.0,0.0,0.0
7664.07568,30391.454779262636,0.0,0.0,0.0
7372.062799999998,31368.60292357662,0.0,0.0,0.0
7458.238239999998,31273.851329301346,0.0,0.0,0.0
7676.145279999998,30597.58018402719,0.0,0.0,0.0
8059.473519999998,29495.184881004745,0.0,0.0,0.0
8336.472719999998,28153.181571721656,0.0,0.0,0.0
8304.238239999999,26885.31830860851,0.0,0.0,0.0
8168.660159999998,26040.532623913685,0.0,0.0,0.0
7900.9519199999995,25427.16788376217,0.0,0.0,0.0
7560.284639999999,25584.39916357968,0.0,0.0,0.0
6936.038159999998,24427.62192333179,0.0,0.0,0.0
6165.538959999998,22712.784785296884,0.0,0.0,0.0
5881.711599999999,21504.959974777532,0.0,0.0,0.0
6034.860159999998,22153.256178256335,0.0,0.0,0.0
6073.708479999999,22769.46902351436,0.0,0.0,0.0
6153.9731999999985,23923.973733903735,0.0,0.0,0.0
6778.731039999998,25390.400533867964,0.0,0.0,0.0
7815.472079999999,26551.18695342955,0.0,0.0,0.0
8424.964319999997,25728.451754960075,0.0,0.0,0.0
8496.686319999999,23926.41496685218,0.0,0.0,0.0
7587.687519999999,20737.519694961375,0.0,0.0,0.0
6253.677119999998,17882.94432876181,0.0,0.0,0.0
5054.071679999999,17113.469688155285,0.0,0.0,0.0
4425.192879999999,18003.60673290856,0.0,0.0,0.0
4093.3277599999997,19550.713304705423,0.0,0.0,0.0
4070.940719999999,20562.94176801429,0.0,0.0,0.0
4104.355839999998,20485.963540449004,0.0,0.0,0.0
4086.1198399999994,20299.278685871435,0.0,0.0,0.0
4307.275519999999,19718.46371836581,0.0,0.0,0.0
4872.873519999999,19252.64471592742,0.0,0.0,0.0
5309.202719999999,18229.639102285193,0.0,0.0,0.0
5364.046079999999,16844.69589475858,0.0,0.0,0.0
5284.804079999998,16061.754778090939,0.0,0.0,0.0
5265.992799999998,15377.405731922345,0.0,0.0,0.0
4976.130639999999,14710.572035973262,0.0,0.0,0.0
4574.013679999999,14339.405390698432,0.0,0.0,0.0
4322.97728,14154.576270110125,0.0,0.0,0.0
4272.818879999999,14574.210320751576,0.0,0.0,0.0
4072.933519999999,15239.882942493476,0.0,0.0,0.0
4191.52768,16741.578611964862,0.0,0.0,0.0
4991.91512,19033.707800039145,0.0,0.0,0.0
6071.993919999999,20719.35930351565,0.0,0.0,0.0
6814.71048,22016.249421808432,0.0,0.0,0.0
7061.005519999998,23410.431604436664,0.0,0.0,0.0
7179.592159999999,26010.91034606369,0.0,0.0,0.0
7897.650639999999,28772.56008084372,0.0,0.0,0.0
9349.642319999999,30809.679662917584,0.0,0.0,0.0
10551.793279999996,32858.58861386443,0.0,0.0,0.0
11934.939359999997,34499.23608717353,0.0,0.0,0.0
13210.432879999998,37229.91391938409,0.0,0.0,0.0
14010.399199999996,38856.91628983097,0.0,0.0,0.0
14324.205039999997,40074.406795032366,0.0,0.0,0.0
14169.748,39877.19288290075,0.0,0.0,0.0
13712.370319999998,38869.30108137428,0.0,0.0,0.0
12920.664719999999,38069.05301242176,0.0,0.0,0.0
12016.362159999999,37071.76965813871,0.0,0.0,0.0
11170.347119999997,35848.394392212,0.0,0.0,0.0
10598.394719999997,34688.649962323536,0.0,0.0,0.0
10193.972879999998,33157.33201500216,0.0,0.0,0.0
9898.05336,31602.286474267275,0.0,0.0,0.0
9429.335519999999,30207.459250412827,0.0,0.0,0.0
8677.008399999999,28244.588875331796,0.0,0.0,0.0
7967.157999999998,26700.399874619652,0.0,0.0,0.0
7489.980159999999,24628.070965305655,0.0,0.0,0.0
7465.416079999998,23755.43934706072,0.0,0.0,0.0
7589.353199999998,23290.612715739586,0.0,0.0,0.0
7165.7703999999985,22045.048031631108,0.0,0.0,0.0
6327.2076799999995,20076.163887579525,0.0,0.0,0.0
5455.7336799999985,18000.98687315901,0.0,0.0,0.0
4543.309519999999,16977.544616225194,0.0,0.0,0.0
3922.168799999999,16993.640875747027,0.0,0.0,0.0
3919.2698399999995,17799.882866247764,0.0,0.0,0.0
4589.704159999999,19524.09791134071,0.0,0.0,0.0
5670.888399999999,22460.930919449343,0.0,0.0,0.0
6901.510079999998,25809.965118531203,0.0,0.0,0.0
8361.40152,28805.70527615995,0.0,0.0,0.0
9764.915519999999,31791.978213330112,0.0,0.0,0.0
10692.473679999997,34142.09164578547,0.0,0.0,0.0
11858.254159999999,37168.84340082837,0.0,0.0,0.0
13206.330719999998,39396.38907659185,0.0,0.0,0.0
14074.202639999996,40478.361382021234,0.0,0.0,0.0
14609.705599999998,41729.056624805904,0.0,0.0,0.0
14952.734159999998,42742.78356850182,0.0,0.0,0.0
14673.956479999999,42904.99655132793,0.0,0.0,0.0
14206.71256,42727.193418249786,0.0,0.0,0.0
13662.091599999998,42475.547950336855,0.0,0.0,0.0
13434.923679999998,42381.16353337496,0.0,0.0,0.0
13619.825439999995,42638.554830056775,0.0,0.0,0.0
14213.439199999997,42873.09181990826,0.0,0.0,0.0
14694.636479999997,42975.2663501406,0.0,0.0,0.0
15120.136879999998,43466.56944287004,0.0,0.0,0.0
15444.463199999997,43857.12701977598,0.0,0.0,0.0
15587.798159999998,43699.330088421644,0.0,0.0,0.0
15505.585759999998,43379.677427843395,0.0,0.0,0.0
15344.766799999998,43061.58278991924,0.0,0.0,0.0
15172.806959999994,42862.255127307864,0.0,0.0,0.0
15021.628639999997,42704.497890798215,0.0,0.0,0.0
14936.340559999995,42638.08841563166,0.0,0.0,0.0
14949.402799999998,42849.781022364,0.0,0.0,0.0
14942.119679999996,43335.92378528372,0.0,0.0,0.0
14859.504959999997,43387.23929575686,0.0,0.0,0.0
14770.678719999996,43460.00986978498,0.0,0.0,0.0
14701.058559999996,43436.50059801728,0.0,0.0,0.0
14577.170319999997,43283.52659029278,0.0,0.0,0.0
14458.534799999996,43094.08294400926,0.0,0.0,0.0
14241.883599999997,43023.445967883206,0.0,0.0,0.0
13825.911039999997,42509.21910234524,0.0,0.0,0.0
13388.833599999998,42464.81049484819,0.0,0.0,0.0
13011.119039999998,42197.882511729564,0.0,0.0,0.0
12522.495759999996,41852.59690519269,0.0,0.0,0.0
12015.354479999995,41371.70378548323,0.0,0.0,0.0
11736.659519999997,40669.214195291264,0.0,0.0,0.0
12045.660079999998,40014.1103259481,0.0,0.0,0.0
11687.719359999997,38864.676631967886,0.0,0.0,0.0
11189.27872,37521.780188679266,0.0,0.0,0.0
10791.463199999998,36536.77246511664,0.0,0.0,0.0
10533.673839999998,35875.46627629066,0.0,0.0,0.0
10184.81352,35294.78031703027,0.0,0.0,0.0
9553.618559999999,34405.8738124624,0.0,0.0,0.0
8241.931279999999,32833.30299779683,0.0,0.0,0.0
7168.188079999999,31323.013394450038,0.0,0.0,0.0
6837.142639999997,30124.2092373865,0.0,0.0,0.0
6492.97856,28864.34448547841,0.0,0.0,0.0
6145.054479999999,27498.821980716435,0.0,0.0,0.0
5769.84408,25751.742705081997,0.0,0.0,0.0
5208.306879999999,23916.30270516737,0.0,0.0,0.0
4465.2368799999995,21364.42037715221,0.0,0.0,0.0
3844.3217599999994,19079.386642566285,0.0,0.0,0.0
3445.5323999999996,17201.26476089863,0.0,0.0,0.0
3040.9526399999995,15524.48505521036,0.0,0.0,0.0
2602.1230399999995,13793.948606100517,0.0,0.0,0.0
2280.5678399999993,12586.391735782816,0.0,0.0,0.0
2042.3417599999996,11765.988609438884,0.0,0.0,0.0
1843.6896799999995,10824.099410920888,0.0,0.0,0.0
1542.6866399999994,9247.221705606442,0.0,0.0,0.0
1281.3102399999996,7638.598048251088,0.0,0.0,0.0
1239.5667199999998,6754.09767144381,0.0,0.0,0.0
1260.9047199999998,6508.872844659511,0.0,0.0,0.0
1405.4015199999997,6892.454052611172,0.0,0.0,0.0
1692.7670399999997,7548.193039469372,0.0,0.0,0.0
2026.2451999999996,7978.246986841975,0.0,0.0,0.0
2204.1307999999995,7986.830997006212,0.0,0.0,0.0
2224.5250399999995,7795.88887033563,0.0,0.0,0.0
2115.5301599999993,7773.064334638819,0.0,0.0,0.0
2023.3311999999999,7950.222426490761,0.0,0.0,0.0
2217.1366399999993,8737.539899785488,0.0,0.0,0.0
2468.0564799999993,10076.308079226334,0.0,0.0,0.0
2886.3903199999995,12230.626690247744,0.0,0.0,0.0
3485.978719999999,14713.549149325021,0.0,0.0,0.0
4068.007919999999,16764.72070641919,0.0,0.0,0.0
4507.390239999999,18115.695050602248,0.0,0.0,0.0
4951.750799999999,19249.52867061925,0.0,0.0,0.0
5403.405759999999,20480.42610961473,0.0,0.0,0.0
5704.5178399999995,21269.936723078587,0.0,0.0,0.0
6076.16,21811.801124232046,0.0,0.0,0.0
6402.125679999999,21974.420979216236,0.0,0.0,0.0
6780.870479999998,22671.8197055767,0.0,0.0,0.0
7090.551599999999,22859.81449002904,0.0,0.0,0.0
7231.224479999999,22162.127976044572,0.0,0.0,0.0
6541.381039999998,20591.23426856716,0.0,0.0,0.0
5973.564639999999,19897.2294514277,0.0,0.0,0.0
6210.613839999998,20472.765004589543,0.0,0.0,0.0
6609.7754399999985,20676.12169393695,0.0,0.0,0.0
6596.40864,20388.55239157948,0.0,0.0,0.0
6371.365119999999,20143.36725963987,0.0,0.0,0.0
6147.081119999999,19961.525176114497,0.0,0.0,0.0
5419.953519999998,19726.442382148518,0.0,0.0,0.0
4672.69864,18565.53687805287,0.0,0.0,0.0
4233.399039999999,17243.470304515384,0.0,0.0,0.0
4266.565999999999,16291.161209266229,0.0,0.0,0.0
4171.99824,15717.43177153779,0.0,0.0,0.0
4005.464079999999,15865.433999964851,0.0,0.0,0.0
3866.3666399999993,16666.138559631312,0.0,0.0,0.0
4004.8173599999996,17634.81185460396,0.0,0.0,0.0
4233.726159999999,19190.77037676672,0.0,0.0,0.0
4828.49424,20317.647475251782,0.0,0.0,0.0
5707.322799999999,22211.637371084307,0.0,0.0,0.0
6106.901759999999,23833.99544470244,0.0,0.0,0.0
6810.02176,24980.779507799583,0.0,0.0,0.0
6904.187199999999,25842.713365400537,0.0,0.0,0.0
7016.442,26624.801042907347,0.0,0.0,0.0
7584.653199999999,27474.63789658899,0.0,0.0,0.0
7847.7178399999975,28318.242659654286,0.0,0.0,0.0
8144.299119999999,29457.534320816183,0.0,0.0,0.0
8715.631119999998,29999.795670416537,0.0,0.0,0.0
9526.136719999999,31003.846995719246,0.0,0.0,0.0
10219.597279999996,32130.118747822777,0.0,0.0,0.0
10391.628559999997,31826.611965322234,0.0,0.0,0.0
10162.287359999998,30849.463821008252,0.0,0.0,0.0
9697.419759999999,29603.641120409284,0.0,0.0,0.0
9231.773839999998,28212.40627999929,0.0,0.0,0.0
8387.116159999998,26684.541784165955,0.0,0.0,0.0
7600.903919999999,25005.965886755464,0.0,0.0,0.0
6868.617599999999,23099.839292158937,0.0,0.0,0.0
6240.844239999999,21135.748300603685,0.0,0.0,0.0
5551.36176,19688.771974537613,0.0,0.0,0.0
5013.693039999998,17610.18120347375,0.0,0.0,0.0
4218.945599999999,14918.781420084037,0.0,0.0,0.0
3524.7029599999996,13287.293532187181,0.0,0.0,0.0
3118.6906399999993,11680.277516041773,0.0,0.0,0.0
2477.652,8953.62871056725,0.0,0.0,0.0
1588.10368,6914.1572089454885,0.0,0.0,0.0
1243.8756799999999,5752.189867754373,0.0,0.0,0.0
870.1542399999998,5710.867534431973,0.0,0.0,0.0
577.9307999999999,4981.196899338452,0.0,0.0,0.0
697.2731999999999,5231.145412640874,0.0,0.0,266.05612354302275
1009.8645599999999,6467.977230917529,0.0,0.0,0.0
1345.1324799999998,7770.255924376996,0.0,0.0,0.0
1511.4410399999995,8594.936170236282,0.0,0.0,0.0
1613.9987999999998,9575.20035985844,0.0,0.0,0.0
1857.2820799999997,10821.31084808141,0.0,0.0,0.0
2225.1266399999995,12112.713154095785,0.0,0.0,0.0
2788.6792,13716.464269265429,0.0,0.0,0.0
3385.6055199999996,15089.37993885094,0.0,0.0,0.0
3993.7366399999996,16269.35881582019,0.0,0.0,0.0
4221.513679999999,16874.199088074503,0.0,0.0,0.0
4286.77224,17269.74829170023,0.0,0.0,0.0
4728.624879999999,18957.265452877175,0.0,0.0,0.0
5285.6388,20841.728585984074,0.0,0.0,0.0
5523.50016,21662.746982420693,0.0,0.0,0.0
5646.106239999999,22115.60561806777,0.0,0.0,0.0
5663.026239999998,22071.40540850534,0.0,0.0,0.0
5577.18168,21891.339669279845,0.0,0.0,0.0
5364.219039999999,21321.817885088552,0.0,0.0,0.0
5391.685839999998,20967.581091074055,0.0,0.0,0.0
5439.340079999999,20087.159359558682,0.0,0.0,0.0
5176.489759999999,19262.558503388773,0.0,0.0,0.0
4461.668639999999,17271.326161776662,0.0,0.0,0.0
4027.9338399999992,16405.660988774842,0.0,0.0,0.0
4045.5268799999994,16340.154571324993,0.0,0.0,0.0
3915.0210399999987,16244.073199752595,0.0,0.0,0.0
4263.907679999999,17406.884056393374,0.0,0.0,0.0
5564.668399999999,19697.594153769987,0.0,0.0,0.0
6901.976319999998,21723.053375216143,0.0,0.0,0.0
8002.197439999998,23925.08518955506,0.0,0.0,0.0
9003.654639999999,26298.231555641843,0.0,0.0,0.0
9665.98992,27656.88685227244,0.0,0.0,0.0
10027.76584,28841.480254936912,0.0,0.0,0.0
9869.263039999998,28523.355845879236,0.0,0.0,0.0
9100.504719999997,27001.7035932399,0.0,0.0,0.0
7912.00256,25406.228853188142,0.0,0.0,0.0
7134.547359999999,24376.623971616184,0.0,0.0,0.0
6848.452719999998,23321.82278737718,0.0,0.0,0.0
6311.4570399999975,21761.89478074541,0.0,0.0,0.0
5872.319119999998,20441.77325459774,0.0,0.0,0.0
5721.3099999999995,19835.097095776513,0.0,0.0,0.0
5612.7775999999985,19125.392967562115,0.0,0.0,0.0
5242.139359999999,18044.54204149523,0.0,0.0,0.0
4690.566159999999,16629.23227778069,0.0,0.0,0.0
4132.281359999999,15189.778124783388,0.0,0.0,0.0
3720.046239999999,14319.190791039993,0.0,0.0,0.0
3491.8255199999994,14276.618070109855,0.0,0.0,0.0
3324.5243199999995,14632.184641421478,0.0,0.0,0.0
3270.090799999999,14714.83923177745,0.0,0.0,0.0
3398.7805599999997,14931.860871409428,0.0,0.0,0.0
3501.5263199999995,15065.027151633562,0.0,0.0,0.0
4467.801199999999,15878.563069846101,0.0,0.0,0.0
5451.921039999998,17631.844664963373,0.0,0.0,0.0
6162.948319999998,19603.150194541053,0.0,0.0,0.0
6724.963039999999,21272.794751896272,0.0,0.0,0.0
7241.90288,22794.337843712714,0.0,0.0,0.0
7661.443679999999,24112.34561938063,0.0,0.0,0.0
7918.127599999998,25287.025234583754,0.0,0.0,0.0
7714.1551199999985,25753.955692673462,0.0,0.0,0.0
7552.33224,26169.88819904756,0.0,0.0,0.0
7793.577599999997,27130.70191477157,0.0,0.0,0.0
7982.8597599999985,27649.45399260422,0.0,0.0,0.0
7898.289839999999,27312.13712613887,0.0,0.0,0.0
7625.749999999999,27027.10829384156,0.0,0.0,0.0
7313.542159999998,26493.559962650685,0.0,0.0,0.0
7022.717439999998,25909.857195193854,0.0,0.0,0.0
7036.212079999998,26037.734137363033,0.0,0.0,0.0
7122.725919999999,25043.76530261161,0.0,0.0,0.0
6859.759039999999,23755.111864592032,0.0,0.0,0.0
6337.720639999999,23011.617499835178,0.0,0.0,0.0
5982.457039999999,22486.355467473357,0.0,0.0,0.0
5702.036239999999,22550.4527179367,0.0,0.0,0.0
5479.741279999999,23174.535066154545,0.0,0.0,0.0
5324.310399999999,23661.52134452393,0.0,0.0,0.0
6060.2739999999985,23734.262147418547,0.0,0.0,0.0
6475.321599999999,22751.15977640105,0.0,0.0,0.0
6439.992639999999,21170.640069086287,0.0,0.0,0.0
6354.715839999999,19808.57101581235,0.0,0.0,0.0
6389.480799999998,18593.71029407167,0.0,0.0,0.0
6365.303999999998,17319.783643432107,0.0,0.0,0.0
5903.312799999999,16448.898598353535,0.0,0.0,0.0
5157.325040000001,16240.470892596966,0.0,0.0,0.0
4409.430959999999,16552.84947288575,0.0,0.0,0.0
3569.672559999999,16979.489663615008,0.0,0.0,0.0
3667.2483199999997,18406.013220954508,0.0,0.0,0.0
4465.834719999999,19833.48945456656,0.0,0.0,0.0
5300.280239999999,21010.838548075095,0.0,0.0,0.0
5828.436159999999,21375.84256871179,0.0,0.0,0.0
6265.4271199999985,21732.51067196356,0.0,0.0,0.0
6666.11904,23084.467463552694,0.0,0.0,0.0
7125.3579199999995,24504.907785943426,0.0,0.0,0.0
7814.4004799999975,26505.76612739289,0.0,0.0,0.0
8430.50656,28507.87485645009,0.0,0.0,0.0
9189.086559999996,30784.989469520344,0.0,0.0,0.0
9674.525119999998,32104.396488463593,0.0,0.0,0.0
9923.267919999998,32756.562939299678,0.0,0.0,0.0
9872.21464,32748.197250781242,0.0,0.0,0.0
9390.79176,31448.79643356181,0.0,0.0,0.0
9610.721679999999,30111.496963374506,0.0,0.0,0.0
9318.302719999998,28036.260406686946,0.0,0.0,0.0
7955.118479999998,24922.517399505687,0.0,0.0,0.0
6687.03968,22103.210902813284,0.0,0.0,0.0
5859.21552,19880.378989856745,0.0,0.0,0.0
5443.641519999998,18536.09322700398,0.0,0.0,0.0
5250.858799999999,17581.839084365012,0.0,0.0,0.0
4789.965519999999,15996.962867845516,0.0,0.0,0.0
3938.302959999999,13689.332842919745,0.0,0.0,0.0
3158.475199999999,11959.26280823501,0.0,0.0,0.0
3040.2231999999995,11491.994943965432,0.0,0.0,0.0
3202.9146399999995,11957.020049510018,0.0,0.0,0.0
3365.128559999999,12999.337205093985,0.0,0.0,0.0
3726.227679999999,14301.209026395376,0.0,0.0,0.0
4071.4708799999994,16208.27837355329,0.0,0.0,0.0
4609.617119999999,18135.721099748404,0.0,0.0,0.0
5428.315759999999,20081.165438010477,0.0,0.0,0.0
5910.0582399999985,21354.51651340203,0.0,0.0,0.0
6107.958319999999,22075.722222865388,0.0,0.0,0.0
6350.643759999999,22974.89976849683,0.0,0.0,0.0
6476.85568,22610.77895815449,0.0,0.0,0.0
6376.873519999999,21755.34513137154,0.0,0.0,0.0
6444.639999999999,21831.102742462608,0.0,0.0,0.0
6365.319039999999,22313.603503382015,0.0,0.0,0.0
6498.163599999998,22833.92352757992,0.0,0.0,0.0
6864.504159999999,22928.685045566373,0.0,0.0,0.0
7279.3975999999975,22888.66271840757,0.0,0.0,0.0
7425.597679999999,23196.92295855976,0.0,0.0,0.0
7328.010639999999,23302.283000078478,0.0,0.0,0.0
7330.5035199999975,23557.60024112523,0.0,0.0,0.0
7048.676479999999,23080.86515639707,0.0,0.0,0.0
6712.829519999999,22332.180690696983,0.0,0.0,0.0
6352.0913599999985,21929.416949048828,0.0,0.0,0.0
5988.679839999999,21850.543292649592,0.0,0.0,0.0
5801.25136,21701.419684860037,0.0,0.0,0.0
5903.301519999999,21325.02324379728,0.0,0.0,0.0
5539.35608,20177.32619927226,0.0,0.0,0.0
5090.63768,18712.97345494309,0.0,0.0,0.0
4775.226319999999,17434.24372809603,0.0,0.0,0.0
4456.821999999999,16285.405456786166,0.0,0.0,0.0
4333.302239999999,15651.3993973958,0.0,0.0,0.0
4237.189119999999,15289.759514846595,0.0,0.0,0.0
4264.388959999998,15128.876309317595,0.0,0.0,0.0
4260.89592,14735.480551016304,0.0,0.0,0.0
4213.576319999999,13967.46469595214,0.0,0.0,0.0
4010.5325599999987,12572.349684473693,0.0,0.0,0.0
3514.6411999999987,10786.051902285422,0.0,0.0,0.0
2770.8267199999996,9065.359774658726,0.0,0.0,0.0
2425.3579199999995,8473.847046509118,0.0,0.0,0.0
2696.3298399999994,9328.973238245717,0.0,0.0,0.0
3148.7067199999997,10405.199714906203,0.0,0.0,0.0
3755.6308799999997,11271.738174491209,0.0,0.0,0.0
4350.38768,12212.595307047264,0.0,0.0,0.0
4699.285599999999,13113.152248531687,0.0,0.0,0.0
4724.50016,13565.66355428772,0.0,0.0,0.0
4544.8924799999995,13631.001268647635,0.0,0.0,0.0
4140.2826399999985,13611.570642171828,0.0,0.0,0.0
3554.3806399999994,13898.5246744366,0.0,0.0,0.0
3714.0903999999996,15115.251053877715,0.0,0.0,0.0
4377.83944,16947.783406418785,0.0,0.0,0.0
4803.155599999998,18667.16560417071,0.0,0.0,0.0
5059.192799999999,19945.260213502726,0.0,0.0,0.0
5170.026319999999,20804.653601043512,0.0,0.0,0.0
5228.456719999999,21607.997867881873,0.0,0.0,0.0
5275.731199999998,22468.036296648872,0.0,0.0,0.0
5387.861919999999,23088.685040801014,0.0,0.0,0.0
5621.124799999999,23367.650485571903,0.0,0.0,0.0
5882.557599999999,23748.28435130533,0.0,0.0,0.0
6335.761679999999,24221.17895980973,0.0,0.0,0.0
7025.341919999998,24817.544382722703,0.0,0.0,0.0
7470.078479999998,25224.545549041526,0.0,0.0,0.0
7715.34704,25328.45672872906,0.0,0.0,0.0
8299.61344,25882.338744112443,0.0,0.0,0.0
9538.059679999997,27405.936044141592,0.0,0.0,0.0
10042.644159999998,27956.61270081625,0.0,0.0,0.0
9907.009679999997,27820.975416510162,0.0,0.0,0.0
9670.449279999999,27468.01878123692,0.0,0.0,0.0
9569.662479999997,27178.46473664494,0.0,0.0,0.0
9468.00336,26764.983386930453,0.0,0.0,0.0
9141.736879999999,26101.41459195713,0.0,0.0,0.0
8517.51296,25100.151829493905,0.0,0.0,0.0
7418.649199999998,23768.40963756321,0.0,0.0,0.0
6871.644399999998,23051.80853008391,0.0,0.0,0.0
6772.797759999999,22686.457179556175,0.0,0.0,0.0
6551.521759999999,22158.83330393529,0.0,0.0,0.0
6211.0913599999985,21458.76509926942,0.0,0.0,0.0
5801.935679999999,20701.605784228,0.0,0.0,0.0
5291.823999999999,19578.07297640808,0.0,0.0,0.0
4908.574719999999,18291.96993215983,0.0,0.0,0.0
4528.525199999999,16887.91365691493,0.0,0.0,0.0
4147.520639999999,15697.485112081013,0.0,0.0,0.0
3750.3480799999998,14595.605842039544,0.0,0.0,0.0
3419.753839999999,13747.753730592407,0.0,0.0,0.0
3196.8535199999997,13003.862417388655,0.0,0.0,0.0
3139.11872,12719.2503809606,0.0,0.0,0.0
3134.8924799999995,12808.69278975858,0.0,0.0,0.0
3362.492799999999,13543.097035081395,0.0,0.0,0.0
4112.541359999999,15137.569480304728,0.0,0.0,0.0
5110.727359999999,16920.086328536265,0.0,0.0,0.0
6067.993279999999,18606.14470417084,0.0,0.0,0.0
6812.149919999999,20160.049018120888,0.0,0.0,0.0
7292.576399999998,20868.294360792923,0.0,0.0,0.0
7700.419839999997,21509.137857181162,0.0,0.0,0.0
7891.886559999998,22194.320495088243,0.0,0.0,0.0
7515.578239999998,22288.32781102559,0.0,0.0,0.0
6943.4829599999985,22601.242271717692,0.0,0.0,0.0
6850.186079999999,23522.410761307456,0.0,0.0,0.0
6995.731919999999,24252.21040464622,0.0,0.0,0.0
6921.18992,24983.925324241278,0.0,0.0,0.0
6825.208399999999,26660.98289384237,0.0,0.0,0.0
7007.842879999999,27824.845663867443,0.0,0.0,0.0
7311.778719999998,28473.17163847977,0.0,0.0,0.0
7588.371839999998,28646.17169535042,0.0,0.0,0.0
8031.021599999998,29119.39378632351,0.0,0.0,0.0
8823.129519999999,30632.22385973047,0.0,0.0,0.0
9237.940239999998,31433.40475753322,0.0,0.0,0.0
9252.092879999998,31071.060291490765,0.0,0.0,0.0
8876.01016,30353.99276958635,0.0,0.0,0.0
8511.448079999998,29290.806049406565,0.0,0.0,0.0
8450.558639999997,28545.89259395205,0.0,0.0,0.0
9575.919119999999,28419.206497123574,0.0,0.0,0.0
9165.673039999998,26802.137761560392,0.0,0.0,0.0
8225.609119999997,24623.25796538698,0.0,0.0,0.0
7230.032559999998,22588.60938739507,0.0,0.0,0.0
6582.804959999999,21265.649679852057,0.0,0.0,0.0
6149.111519999999,20164.96125515129,0.0,0.0,0.0
5808.015599999999,19286.72274009388,0.0,0.0,0.0
5418.118639999999,18088.09720983145,0.0,0.0,0.0
4903.13776,16837.868381471882,0.0,0.0,0.0
4212.587439999999,15284.648803592743,0.0,0.0,0.0
3712.3833599999994,14010.176348838693,0.0,0.0,0.0
3489.061919999999,12959.781292360292,0.0,0.0,0.0
3039.9675199999992,11627.205508691104,0.0,0.0,0.0
2502.5356799999995,10065.659937138213,0.0,0.0,0.0
2053.0577599999997,8673.472420455657,0.0,0.0,0.0
1638.9087999999997,7329.494292649236,0.0,0.0,0.0
1215.1868799999997,5733.731764973473,0.0,0.0,0.0
809.8851999999998,4178.110648990581,0.0,0.0,0.0
470.44744,2771.1268789497885,0.0,0.0,1161.4052058851648
252.90511999999995,1630.5649827578118,0.0,0.0,2471.354950787614
154.61871999999997,862.5392039824767,0.0,0.0,3300.3714678447
131.39695999999995,577.0638046824099,0.0,0.0,3382.9573497433066
194.27919999999995,693.8261903383556,0.0,0.0,3552.859911694558
294.73136,956.8541549661676,0.0,0.0,3429.8705977535064
442.45423999999986,1324.4184930853728,0.0,0.0,2972.115963259525
671.0960799999999,1867.066867421461,0.0,0.0,2191.8445612468004
814.5851999999999,2332.8660224375053,0.0,0.0,1349.733692559642
917.0827999999998,2804.3812350889243,0.0,0.0,580.0464284852836
1048.4835199999998,3354.581553627305,0.0,0.0,0.0
1221.2931199999998,4026.2282494950646,0.0,0.0,0.0
1422.4230399999997,4760.463791727948,0.0,0.0,0.0
1676.2305599999995,5722.180565168653,0.0,0.0,0.0
2008.5167999999996,7010.2881990737515,0.0,0.0,0.0
2280.045199999999,8513.095324196458,0.0,0.0,0.0
2898.689279999999,10847.033107440597,0.0,0.0,0.0
3981.6519999999987,13709.358892065902,0.0,0.0,0.0
4844.85776,16060.176908014506,0.0,0.0,0.0
5411.2792,17824.255500887488,0.0,0.0,0.0
5780.7368,19073.44233957394,0.0,0.0,0.0
6050.084399999999,20089.41204199485,0.0,0.0,0.0
6354.80984,21273.53903023421,0.0,0.0,0.0
6614.701039999998,21895.993889819758,0.0,0.0,0.0
6891.572399999998,22315.90580437404,0.0,0.0,0.0
7197.741679999998,23275.260734555686,0.0,0.0,0.0
7300.566399999998,24252.01193042277,0.0,0.0,0.0
7548.711359999998,25197.136258783008,0.0,0.0,0.0
7771.731999999998,26205.633406691006,0.0,0.0,0.0
7819.792319999999,27669.33118608279,0.0,0.0,0.0
8847.550719999997,28959.056384909003,0.0,0.0,0.0
9865.029279999997,30276.151179149056,0.0,0.0,0.0
10607.561599999997,31708.966369371934,0.0,0.0,0.0
11045.180479999997,32510.702995000334,0.0,0.0,0.0
11250.702079999997,32890.810904041624,0.0,0.0,0.0
11342.85968,33030.56652848431,0.0,0.0,0.0
11223.509759999997,32735.365892235164,0.0,0.0,0.0
10857.714399999997,32475.315040959107,0.0,0.0,0.0
10287.23592,32160.951718435823,0.0,0.0,0.0
9872.819999999998,32276.682038129828,0.0,0.0,0.0
9948.411039999999,32812.48305175686,0.0,0.0,0.0
9835.42304,33146.98158424921,0.0,0.0,0.0
9275.9388,32670.196880965184,0.0,0.0,0.0
8728.388799999999,31421.337524747432,0.0,0.0,0.0
8342.571439999998,30440.031345452157,0.0,0.0,0.0
7787.369839999998,29087.667681704945,0.0,0.0,0.0
7447.304159999999,27743.90787554432,0.0,0.0,0.0
6886.703199999998,25469.75052840348,0.0,0.0,0.0
6243.013759999999,23393.63076142158,0.0,0.0,0.0
5663.571439999999,22515.48155976472,0.0,0.0,0.0
5181.524399999999,21209.73949110604,0.0,0.0,0.0
4616.039199999999,19324.145054925473,0.0,0.0,0.0
4087.8795199999995,16926.626054198958,0.0,0.0,0.0
3198.7673599999994,14026.828336186196,0.0,0.0,0.0
2414.4426399999998,12187.607402314841,0.0,0.0,0.0
2244.5696,10884.167634648189,0.0,0.0,0.0
2082.6903199999992,9487.196889180475,0.0,0.0,0.0
1859.7298399999997,8729.233753534083,0.0,0.0,0.0
1866.5579999999995,8760.235427237056,0.0,0.0,0.0
2111.3264799999997,9511.162651662129,0.0,0.0,0.0
2468.5715999999998,10973.113857887543,0.0,0.0,0.0
2753.8991999999994,12493.07907962755,0.0,0.0,0.0
3114.9456799999994,14405.46753597394,0.0,0.0,0.0
3780.8416799999986,16926.23902946323,0.0,0.0,0.0
4470.17376,18859.824532874136,0.0,0.0,0.0
4946.024319999999,20386.3790988327,0.0,0.0,0.0
5211.698399999999,22142.548493901177,0.0,0.0,0.0
5454.553039999999,23990.214505980348,0.0,0.0,0.0
5564.909039999999,24663.736783259716,0.0,0.0,0.0
5862.43784,24539.32321628975,0.0,0.0,0.0
5877.27104,23759.944711933047,0.0,0.0,0.0
5935.870639999999,23014.892324522112,0.0,0.0,0.0
5876.492719999999,22365.454894258466,0.0,0.0,0.0
5962.626799999998,21956.727002195617,0.0,0.0,0.0
5903.500799999998,21175.413374160275,0.0,0.0,0.0
5695.975119999998,20366.720226999925,0.0,0.0,0.0
5462.806239999999,19533.545284376953,0.0,0.0,0.0
4873.475119999999,18549.470389664544,0.0,0.0,0.0
4713.09608,17910.909346845987,0.0,0.0,0.0
4723.789519999998,17260.36046093102,0.0,0.0,0.0
4468.771279999999,16950.611664102955,0.0,0.0,0.0
4512.315839999998,17118.29261178513,0.0,0.0,0.0
4837.92808,17465.096546131415,0.0,0.0,0.0
5286.135119999998,17939.19192368769,0.0,0.0,0.0
5614.180079999999,18355.25343830703,0.0,0.0,0.0
5628.024399999998,18726.886498006974,0.0,0.0,0.0
5115.397279999999,18977.579289647336,0.0,0.0,0.0
4822.899359999999,19678.927653054467,0.0,0.0,0.0
5213.931839999999,20785.39167765764,0.0,0.0,0.0
5620.16976,21090.28777972234,0.0,0.0,0.0
5475.417279999999,20598.905297303525,0.0,0.0,0.0
5281.013999999999,19756.12420226555,0.0,0.0,0.0
5320.903839999998,19396.89578153126,0.0,0.0,0.0
5297.054159999998,19115.806662569456,0.0,0.0,0.0
4782.107119999999,17860.16941162086,0.0,0.0,0.0
4231.725839999998,16029.89966522713,0.0,0.0,0.0
3712.3570399999994,14377.442975622724,0.0,0.0,0.0
3490.3290399999996,13606.01336391521,0.0,0.0,0.0
3476.168879999999,13617.505021452998,0.0,0.0,0.0
3547.1539199999993,14076.81406936221,0.0,0.0,0.0
3736.4774399999997,14504.962664189687,0.0,0.0,0.0
3863.0427999999997,15056.433217758151,0.0,0.0,0.0
4232.2635199999995,15733.746352705426,0.0,0.0,0.0
4728.1812,16947.36661054954,0.0,0.0,0.0
5185.814559999999,18458.450110790134,0.0,0.0,0.0
5517.258559999999,19416.425645118798,0.0,0.0,0.0
5712.549199999999,19706.336943312985,0.0,0.0,0.0
5802.078559999999,19614.473148988905,0.0,0.0,0.0
5887.092159999998,19695.470479579064,0.0,0.0,0.0
6006.272879999999,20440.58240925704,0.0,0.0,0.0
5949.846559999998,21247.757228607992,0.0,0.0,0.0
6054.626479999999,22876.228308308397,0.0,0.0,0.0
6537.339039999999,24976.035973859125,0.0,0.0,0.0
6668.296079999997,25549.993656944534,0.0,0.0,0.0
6388.161039999998,25135.45047013459,0.0,0.0,0.0
5700.599919999999,23785.15093831126,0.0,0.0,0.0
5055.76368,22210.297670076015,0.0,0.0,0.0
4598.799599999999,20749.299140123163,0.0,0.0,0.0
4304.786399999999,19025.123789874906,0.0,0.0,0.0
3685.551999999999,17408.43215533629,0.0,0.0,0.0
3284.07048,16157.081947614226,0.0,0.0,0.0
2915.789759999999,15399.952403706326,0.0,0.0,0.0
2636.594719999999,15022.811684305632,0.0,0.0,0.0
2455.5958399999995,14324.410663116743,0.0,0.0,0.0
2298.7023199999994,13390.261959313315,0.0,0.0,0.0
2076.3848,12672.311227114547,0.0,0.0,0.0
2039.0141599999995,12146.513314349411,0.0,0.0,0.0
2192.3920799999996,12126.75520540491,0.0,0.0,0.0
2398.89504,12456.172797776924,0.0,0.0,0.0
2716.5699199999995,12971.917991124294,0.0,0.0,0.0
3019.28752,13137.534806882584,0.0,0.0,0.0
3222.7185599999993,13137.366103792652,0.0,0.0,0.0
3328.900959999999,13172.43649907636,0.0,0.0,0.0
3323.9791199999995,13236.355122738601,0.0,0.0,0.0
3345.6517599999997,13692.597743895505,0.0,0.0,0.0
3354.8938399999993,14288.784540007375,0.0,0.0,0.0
3680.502319999999,15056.929403316779,0.0,0.0,0.0
4009.9760799999995,15486.110064106202,0.0,0.0,0.0
3830.0638399999993,14708.656759716967,0.0,0.0,0.0
3373.614879999999,12963.730929406958,0.0,0.0,0.0
2840.811599999999,11000.94986772648,0.0,0.0,0.0
2287.9524799999995,9098.534741108479,0.0,0.0,0.0
1751.3967199999995,7247.048100227886,0.0,0.0,0.0
1312.2362399999997,5681.810908118815,0.0,0.0,0.0
1014.2787999999997,4627.754002217752,0.0,0.0,0.0
853.7606399999999,4090.8216855170385,0.0,0.0,0.0
860.9798399999999,4129.940954959137,0.0,0.0,0.0
1009.4471999999997,4641.141088589489,0.0,0.0,0.0
1196.3831199999997,5362.059010428843,0.0,0.0,0.0
1147.4166399999997,5877.030154304754,0.0,0.0,0.0
1103.4321599999998,6349.398806117011,0.0,0.0,0.0
1177.2108799999999,6765.222151668212,0.0,0.0,0.0
1192.8111199999998,6912.6289574249195,0.0,0.0,0.0
1137.1104799999998,6735.996822265121,0.0,0.0,0.0
1050.3221599999997,6408.43496388237,0.0,0.0,0.0
1007.0332799999999,6198.459159182885,0.0,0.0,0.0
1052.5142399999997,6249.605966566084,0.0,0.0,0.0
1226.9067999999995,6604.368717272731,0.0,0.0,0.0
1525.8907199999996,7110.765774695581,0.0,0.0,0.0
1867.5581599999996,7577.56722454005,0.0,0.0,0.0
2279.7406399999995,8169.526519692422,0.0,0.0,0.0
2809.9006399999994,8930.09959137719,0.0,0.0,0.0
3047.434879999999,9428.448519039119,0.0,0.0,0.0
3037.752879999999,9622.040276592765,0.0,0.0,0.0
2943.6400799999997,9687.45738064206,0.0,0.0,0.0
2905.1865599999996,9887.975888594128,0.0,0.0,0.0
3046.0436799999993,10393.211871809792,0.0,0.0,0.0
3412.7151199999994,11501.720180914508,0.0,0.0,0.0
3914.9383199999993,13417.46285163721,0.0,0.0,0.0
4315.197839999999,15459.395433629761,0.0,0.0,0.0
4723.567679999998,17006.055438423864,0.0,0.0,0.0
4970.0319199999985,18344.704533330638,0.0,0.0,0.0
5080.722559999999,19207.372745558358,0.0,0.0,0.0
5495.837839999999,20197.08430821676,0.0,0.0,0.0
6193.144879999999,21051.079196879688,0.0,0.0,0.0
6049.24968,20614.53514240025,0.0,0.0,0.0
5480.4782399999995,19343.248198932586,0.0,0.0,0.0
4929.615679999999,17895.994008953683,0.0,0.0,0.0
4532.894319999999,16580.556474479443,0.0,0.0,0.0
4199.8147199999985,15333.195598648741,0.0,0.0,0.0
3947.1577599999996,14242.688901610989,0.0,0.0,0.0
3761.143039999999,13407.668148709925,0.0,0.0,0.0
3594.623919999999,12723.68627985472,0.0,0.0,0.0
3349.3139999999994,11948.525352746336,0.0,0.0,0.0
3074.2699999999995,11418.877040046256,0.0,0.0,0.0
3152.3539199999996,11379.787541737674,0.0,0.0,0.0
3112.3174399999994,10888.375288185343,0.0,0.0,0.0
3128.692239999999,10582.943305717325,0.0,0.0,0.0
3310.2062399999995,10864.796550439418,0.0,0.0,0.0
3655.171199999999,11934.532919993071,0.0,0.0,0.0
3929.50456,12594.61849234484,0.0,0.0,0.0
3939.4986399999993,13087.142201548499,0.0,0.0,0.0
3866.7200799999996,13773.763777575597,0.0,0.0,0.0
3856.4101599999985,14414.527884274456,0.0,0.0,0.0
3797.4082399999993,14571.530918734994,0.0,0.0,0.0
3752.145359999999,14546.989581005337,0.0,0.0,0.0
3660.164479999999,14255.26224366658,0.0,0.0,0.0
3780.9168799999993,13642.721171542385,0.0,0.0,0.0
4013.9315999999985,12907.88028292798,0.0,0.0,0.0
3669.113279999999,11682.559969611455,0.0,0.0,0.0
3291.1279999999992,10223.44694478138,0.0,0.0,0.0
2945.7155999999986,8824.93802408193,0.0,0.0,0.0
2734.723199999999,7765.045976011418,0.0,0.0,0.0
2672.807279999999,7025.342468922475,0.0,0.0,0.0
2706.6623199999995,6564.147915890482,0.0,0.0,0.0
2788.0287199999993,6370.923335650221,0.0,0.0,0.0
2873.072399999999,6518.18128573934,0.0,0.0,0.0
2872.485839999999,6830.827806229784,0.0,0.0,0.0
2850.6515199999994,7459.653688388092,0.0,0.0,0.0
3075.75896,8230.984062983878,0.0,0.0,0.0
3075.5784799999997,8358.741920618982,0.0,0.0,0.0
2946.3322399999993,7956.881236687526,0.0,0.0,0.0
2773.691839999999,7426.518416783025,0.0,0.0,0.0
2565.18856,6931.583245764444,0.0,0.0,0.0
2410.0471999999995,6600.538164760137,0.0,0.0,0.0
2289.7008799999994,6419.132724526354,0.0,0.0,0.0
2274.886479999999,6486.266630608495,0.0,0.0,0.0
2379.3392799999992,6801.245223224482,0.0,0.0,0.0
2670.8558399999993,7432.403177508334,0.0,0.0,0.0
3100.7779999999993,8388.0664871338,0.0,0.0,0.0
3294.4819199999993,9157.084637026386,0.0,0.0,0.0
3249.9935999999993,9560.175861143236,0.0,0.0,0.0
3466.2349599999993,9884.244573193257,0.0,0.0,0.0
3304.419599999999,9623.995247693754,0.0,0.0,0.0
2947.27976,8793.668410177297,0.0,0.0,0.0
2592.5011999999992,7774.155942867799,0.0,0.0,0.0
2330.978159999999,7010.873698032931,0.0,0.0,0.0
2155.510239999999,6532.977539097576,0.0,0.0,0.0
2061.31472,6279.7542011082205,0.0,0.0,0.0
2053.8285599999995,6258.686162288946,0.0,0.0,0.0
2057.5283999999997,6457.88481665507,0.0,0.0,0.0
2051.2980799999996,6826.193433112215,0.0,0.0,0.0
2072.5345599999996,7411.1763593103,0.0,0.0,0.0
2232.7970399999995,7980.261500209997,0.0,0.0,0.0
2204.5594399999995,7991.237124766813,0.0,0.0,0.0
2049.92192,7604.926896242706,0.0,0.0,0.0
1893.4607999999996,7023.2981844209335,0.0,0.0,0.0
1739.5564799999997,6347.027039146777,0.0,0.0,0.0
1598.0075199999997,5756.973096539529,0.0,0.0,0.0
1471.1075199999996,5303.598427911489,0.0,0.0,0.0
1355.3822399999997,4924.403500298084,0.0,0.0,0.0
1228.5123199999998,4559.439174506079,0.0,0.0,0.0
1133.39936,4258.204921864041,0.0,0.0,0.0
1097.4424799999995,4147.694474246787,0.0,0.0,82.15170058440583
1085.76768,4138.227253788197,0.0,0.0,1197.144388439991
997.9227999999998,4085.4529577727017,0.0,0.0,1867.46124118992
969.6851999999998,4159.285368896299,0.0,0.0,2052.4800946912055
988.1919199999999,4283.837867822677,0.0,0.0,1777.86371523355
959.58584,4251.040002397477,0.0,0.0,1517.3227193166947
894.2295199999999,4096.190413261375,0.0,0.0,1415.1989456426647
831.0164,4042.0367213928985,0.0,0.0,1358.5742892168678
782.3281599999999,4107.950011000818,0.0,0.0,1165.8315708267971
768.3936,4358.503870684765,0.0,0.0,723.9036736829261
819.8529599999998,4814.190764016005,0.0,0.0,162.17434518127706
904.4341599999999,5320.161101858435,0.0,0.0,0.0
1012.8123999999999,5804.8053843911075,0.0,0.0,0.0
1173.40952,6304.752029551815,0.0,0.0,0.0
1399.2050399999998,6719.5333854299,0.0,0.0,0.0
1506.33496,6853.215698635005,0.0,0.0,0.0
1515.6071199999994,6760.974803286369,0.0,0.0,0.0
1504.8685599999994,6692.927915776357,0.0,0.0,0.0
1472.3633599999998,6641.552863036188,0.0,0.0,0.0
1455.4057599999994,6606.95880588876,0.0,0.0,0.0
1474.9878399999996,6674.211796504972,0.0,0.0,0.0
1505.9589599999995,6863.506587120913,0.0,0.0,0.0
1550.812,7058.120486925329,0.0,0.0,0.0
1617.4843199999993,7234.008343747186,0.0,0.0,0.0
1717.4251199999997,7392.033520458495,0.0,0.0,0.0
1770.8208799999995,7396.935833777725,0.0,0.0,0.0
1634.3253599999994,7109.068820085078,0.0,0.0,0.0
1559.07272,6837.2087525137185,0.0,0.0,0.0
1520.6116799999998,6681.565266483815,0.0,0.0,0.0
1503.4773599999999,6472.452824656337,0.0,0.0,0.0
1520.71696,6264.134279722665,0.0,0.0,0.0
1579.2639199999996,6168.876576177584,0.0,0.0,0.0
1646.9815199999994,6144.394780714961,0.0,0.0,0.0
1701.1555999999998,6165.184955621403,0.0,0.0,0.0
1760.1274399999998,6301.526823420744,0.0,0.0,0.0
1825.0739199999998,6520.7416032218525,0.0,0.0,0.0
1853.98832,6806.951357148685,0.0,0.0,0.0
1900.8792799999999,7304.565930183849,0.0,0.0,0.0
2030.0277599999995,8005.576887411114,0.0,0.0,0.0
2067.2818399999996,8488.63337615618,0.0,0.0,0.0
2057.6750399999996,8583.37504672029,0.0,0.0,0.0
2069.5227999999997,8501.692980059224,0.0,0.0,0.0
2124.3435999999992,8412.7368331087,0.0,0.0,0.0
2190.8542399999997,8434.81709046757,0.0,0.0,0.0
2285.3279999999995,8545.535936019447,0.0,0.0,0.0
2448.6285599999997,8756.434645857978,0.0,0.0,0.0
2673.2359199999996,9103.972934831025,0.0,0.0,0.0
2952.9611199999995,9653.974779145956,0.0,0.0,0.0
3287.2965599999993,10487.139798057751,0.0,0.0,0.0
3435.177359999999,11259.303764392032,0.0,0.0,0.0
3321.1102399999995,11966.96360810489,0.0,0.0,0.0
3702.63368,13050.851189790568,0.0,0.0,0.0
4238.62544,14344.545873085797,0.0,0.0,0.0
4681.715119999999,15722.959278660885,0.0,0.0,0.0
5089.096079999999,17024.831099962277,0.0,0.0,0.0
5477.011519999999,18154.933404578413,0.0,0.0,0.0
5807.207199999999,19053.81323887468,0.0,0.0,0.0
5978.023999999999,19593.891372017086,0.0,0.0,0.0
5984.190399999999,19786.13350485127,0.0,0.0,0.0
5730.255039999998,19351.6238111622,0.0,0.0,0.0
5198.105999999999,18455.85009846293,0.0,0.0,0.0
4643.04728,17685.13499395984,0.0,0.0,0.0
4563.286399999999,17521.8105554824,0.0,0.0,0.0
4512.349679999999,17405.871837853774,0.0,0.0,0.0
4426.219359999999,17187.71889514813,0.0,0.0,0.0
4466.003919999999,16965.84456075278,0.0,0.0,0.0
4619.453279999999,16764.681011574503,0.0,0.0,0.0
4803.478959999999,16595.868760818656,0.0,0.0,0.0
4983.045279999999,16730.622834830392,0.0,0.0,0.0
4974.852239999999,17004.44779721391,0.0,0.0,0.0
4975.679439999999,17268.547522648358,0.0,0.0,0.0
4833.03256,17262.67268563422,0.0,0.0,0.0
4883.119519999998,17570.555824761854,0.0,0.0,0.0
4926.288079999998,18028.902272687326,0.0,0.0,0.0
5114.885919999999,19196.03986739933,0.0,0.0,0.0
6203.898479999998,20963.105497335244,0.0,0.0,0.0
6492.895839999999,22063.04964369807,0.0,0.0,0.0
6604.372319999999,22499.5242321993,0.0,0.0,0.0
6650.631599999999,22281.291899804273,0.0,0.0,0.0
6487.5340799999985,21621.136861474293,0.0,0.0,0.0
6168.505599999998,20672.559081626016,0.0,0.0,0.0
5826.920879999999,19819.109997077572,0.0,0.0,0.0
5558.163599999999,19346.255083417862,0.0,0.0,0.0
5345.83264,19234.524019326385,0.0,0.0,0.0
4937.5304799999985,18977.063256666363,0.0,0.0,0.0
4471.02352,18450.332515051003,0.0,0.0,0.0
4467.801199999999,18175.58464752844,0.0,0.0,0.0
4503.5625599999985,17780.660637706584,0.0,0.0,0.0
4428.746079999998,17276.288017362924,0.0,0.0,0.0
4393.454719999999,17015.64174341652,0.0,0.0,0.0
4355.129039999999,16628.587236554475,0.0,0.0,0.0
4222.510079999999,16187.785909982023,0.0,0.0,0.0
3944.7964799999995,15000.205470254617,0.0,0.0,0.0
3544.089519999999,13159.714301353182,0.0,0.0,0.0
3190.9014399999996,11722.036492655765,0.0,0.0,0.0
2981.5070399999995,11021.660652943543,0.0,0.0,0.0
2913.8458399999995,10949.316798495824,0.0,0.0,0.0
2771.18768,10929.429681306083,0.0,0.0,0.0
2667.2951199999993,10970.206210513992,0.0,0.0,0.0
3021.39688,11276.164149674152,0.0,0.0,0.0
3452.864399999999,11698.924169334952,0.0,0.0,0.0
3807.0037599999996,12196.161641345561,0.0,0.0,0.0
3993.417039999999,12753.774972129817,0.0,0.0,0.0
4035.3635999999988,13413.483443457028,0.0,0.0,0.0
4030.97192,14192.524541633866,0.0,0.0,0.0
4029.223519999999,14861.124658171662,0.0,0.0,0.0
4063.890719999999,15304.168743469105,0.0,0.0,0.0
4096.07256,15602.991534296218,0.0,0.0,0.0
4019.977679999999,15794.57870219301,0.0,0.0,0.0
3825.84136,16192.132495475595,0.0,0.0,0.0
4110.917039999999,17221.86638529279,0.0,0.0,0.0
4332.681839999999,18197.436659530344,0.0,0.0,0.0
4219.5284,18489.451784493107,0.0,0.0,0.0
4084.1608799999995,18389.946732566186,0.0,0.0,0.0
3955.5312799999992,18023.722095455272,0.0,0.0,0.0
3792.73832,17412.530648050542,0.0,0.0,0.0
3593.364319999999,16449.22608082223,0.0,0.0,0.0
3449.8751999999995,15288.241187037198,0.0,0.0,0.0
3415.711839999999,14631.480057928227,0.0,0.0,0.0
3398.1676799999996,14214.584951570392,0.0,0.0,0.0
3427.5407999999993,13955.774564190904,0.0,0.0,0.0
3248.775359999999,13380.219163606716,0.0,0.0,0.0
3320.113839999999,13472.797465135216,0.0,0.0,0.0
4154.773679999999,14427.329471687013,0.0,0.0,0.0
4640.535599999999,15523.482760381936,0.0,0.0,0.0
4908.443119999998,16632.110154020724,0.0,0.0,0.0
5118.788799999999,17816.266913393603,0.0,0.0,0.0
5263.210399999999,18911.84462684052,0.0,0.0,0.0
5398.920079999998,19975.5374562901,0.0,0.0,0.0
5584.600159999999,20999.674373006,0.0,0.0,0.0
5815.945439999999,21483.256818443217,0.0,0.0,0.0
5990.146239999998,21473.630818605863,0.0,0.0,0.0
5782.109199999998,21178.51949575727,0.0,0.0,0.0
5548.665839999999,20707.153138773443,0.0,0.0,0.0
6048.091599999999,20888.77690065302,0.0,0.0,0.0
6386.149439999998,20947.902371818935,0.0,0.0,0.0
6598.529279999999,20513.68046575387,0.0,0.0,0.0
6821.031039999999,19982.79168915722,0.0,0.0,0.0
6682.719439999999,19178.395508934576,0.0,0.0,0.0
6519.415119999999,18252.6819596278,0.0,0.0,0.0
6433.322399999999,17939.013296886587,0.0,0.0,0.0
6300.237199999999,17876.087044341595,0.0,0.0,0.0
6193.095999999999,17748.190254750072,0.0,0.0,0.0
5746.7351199999985,17378.799953775124,0.0,0.0,0.0
5406.007679999998,16857.070762590723,0.0,0.0,0.0
4614.501359999998,16060.02805234692,0.0,0.0,0.0
3776.871119999999,15151.502370790955,0.0,0.0,0.0
3614.5218399999994,15122.475515611313,0.0,0.0,0.0
3554.5159999999996,15265.158634849899,0.0,0.0,0.0
3673.828319999999,15526.043077864448,0.0,0.0,0.0
3864.7498399999986,15871.229447289605,0.0,0.0,0.0
3908.497439999999,15867.98439373619,0.0,0.0,0.0
3784.936319999999,15785.06186317856,0.0,0.0,0.0
3606.0843999999997,15705.275225351445,0.0,0.0,0.0
3429.8607199999988,15582.608231547847,0.0,0.0,0.0
3265.42464,15453.629757438523,0.0,0.0,0.0
2912.51104,15184.141456837395,0.0,0.0,0.0
3005.3980799999995,15261.566251405446,0.0,0.0,0.0
3654.8215199999995,15764.083137759839,0.0,0.0,0.0
4019.3647999999994,15599.160981783623,0.0,0.0,0.0
3986.096319999999,14820.576374320715,0.0,0.0,0.0
3753.3297599999996,13936.006531535231,0.0,0.0,0.0
3498.1949599999994,13226.699351767737,0.0,0.0,0.0
3249.771759999999,12647.253856403917,0.0,0.0,0.0
3036.62488,12073.038156828025,0.0,0.0,0.0
2921.016159999999,11564.070858211491,0.0,0.0,0.0
2913.9473599999997,11288.965737086713,0.0,0.0,0.0
2999.3632799999996,11262.66790247952,0.0,0.0,0.0
3088.791119999999,11356.159185435892,0.0,0.0,0.0
2795.29304,10764.576991308073,0.0,0.0,0.0
2020.7743999999993,9310.822770511166,0.0,0.0,0.0
1657.9155999999994,8709.366483766686,0.0,0.0,0.0
2364.1187999999997,9723.033885195568,0.0,0.0,0.0
2980.8339999999994,11100.75263098858,0.0,0.0,0.0
3303.82928,12455.706383351815,0.0,0.0,0.0
3415.501279999999,13362.683965964865,0.0,0.0,0.0
3397.7239999999993,13771.124070403706,0.0,0.0,0.0
3296.361919999999,13722.636817614743,0.0,0.0,0.0
3159.783679999999,13424.4392205915,0.0,0.0,0.0
3014.249119999999,13075.978026479404,0.0,0.0,0.0
2728.3311999999996,12708.155671869716,0.0,0.0,0.0
2749.729359999999,12852.525822007628,0.0,0.0,0.0
3090.2650399999998,13441.924799677488,0.0,0.0,0.0
3219.2931999999996,13363.477862858668,0.0,0.0,0.0
3170.920799999999,12738.363448678885,0.0,0.0,0.0
3105.4103199999995,12110.21237888031,0.0,0.0,0.0
3062.6064799999995,11647.519345461267,0.0,0.0,0.0
2988.21864,10980.050531997142,0.0,0.0,0.0
2902.3703199999995,10285.986172590643,0.0,0.0,0.0
2845.440159999999,9766.946307133994,0.0,0.0,0.0
2849.86568,9510.745855792882,0.0,0.0,0.0
2745.1985599999994,9117.240936668693,0.0,0.0,0.0
2629.4695199999996,8758.994963340489,0.0,0.0,0.0
2277.98096,7937.698702991032,0.0,0.0,0.0
1557.0686399999997,6623.858886015573,0.0,0.0,0.0
1180.7114399999996,5890.44701181001,0.0,0.0,0.0
1287.5706400000001,5923.721215371491,0.0,0.0,0.0
1407.1724799999995,6139.105442660006,0.0,0.0,0.0
1342.04928,6317.742167476652,0.0,0.0,0.0
1251.20392,6388.289830202142,0.0,0.0,0.0
1184.9188799999995,6416.939584357225,0.0,0.0,0.0
1129.9100799999997,6379.308871591006,0.0,0.0,0.0
1077.052,6270.594615695978,0.0,0.0,0.0
1028.9916799999999,6043.361477267468,0.0,0.0,0.0
973.9114399999997,5704.794223194387,0.0,0.0,0.0
989.1131199999999,5597.10210955013,0.0,0.0,0.0
1072.2279199999998,5787.081636236976,0.0,0.0,0.0
1038.3954399999998,5697.281973836783,0.0,0.0,0.0
900.7681599999997,5207.725454273712,0.0,0.0,0.0
758.4446399999998,4649.089981238682,0.0,0.0,0.0
655.7214399999999,4242.436144810897,0.0,0.0,0.0
576.0470399999999,3850.8564256541777,0.0,0.0,0.0
513.6911999999999,3447.81482009319,0.0,0.0,54.60026550621714
466.3903999999999,3010.9035883003708,0.0,0.0,525.4616447870723
424.3573599999999,2580.542005881419,0.0,0.0,1058.3368699156408
342.71271999999993,2093.258016176855,0.0,0.0,1844.8845523615712
268.38503999999995,1767.353417559916,0.0,0.0,2754.688501782111
227.52512,1602.6495832294952,0.0,0.0,3836.4300717628794
157.89744,1356.571317284358,0.0,494.29518447619694,4021.9999999999995
84.73535999999999,1085.852476497838,0.0,866.131117133878,4021.999999999999
82.97944,1000.4986367029386,0.0,792.3498179750379,4021.9999999999995
99.76407999999998,960.1190559419289,0.0,476.2137733376629,4021.9999999999995
99.48207999999997,905.3798651142731,0.0,184.82669552985604,4021.9999999999995
114.78152,997.3825913947654,0.0,0.0,3876.1765347153605
141.76703999999998,1178.3315409146119,0.0,0.0,3431.7006712441557
175.06183999999993,1388.8531497285865,0.0,0.0,3012.421372406256
231.11591999999993,1663.0452894254906,0.0,0.0,2697.945544427811
322.42375999999996,2019.0187328951856,0.0,0.0,2461.15015194848
433.4189599999999,2392.6067636961143,0.0,0.0,1972.2846560838268
571.3959199999999,2824.0103357881812,0.0,0.0,1352.448612993294
724.1233599999999,3303.3156617100335,0.0,0.0,800.6084347351217
805.2829599999999,3733.2207534150493,0.0,0.0,427.4850631860019
820.3718399999999,4063.382624125003,0.0,0.0,0.0
768.0100799999999,4173.337343916595,0.0,0.0,0.0
691.8926399999999,4089.0354175059833,0.0,0.0,0.0
662.2487999999998,3995.821998462444,0.0,0.0,0.0
676.31872,3969.156986541864,0.0,0.0,0.0
713.6968799999999,4018.477831069321,0.0,0.0,0.0
758.17768,4110.15307488112,0.0,0.0,0.0
811.3891999999997,4251.159086931547,0.0,0.0,0.0
869.0299999999999,4460.509697827164,0.0,0.0,0.0
877.5200799999998,4477.141837752319,0.0,0.0,0.0
711.4371199999999,4072.462819847864,0.0,0.0,0.0
504.70855999999986,3494.724202805723,0.0,0.0,865.6064581631674
506.42687999999987,3197.409816076832,0.0,0.0,1145.593662752034
548.48624,3110.00176806922,0.0,0.0,929.587972247117
505.9568799999999,3022.484559238709,0.0,0.0,798.0654399881
447.91375999999985,2849.2165621663985,0.0,0.0,893.7010606841553
384.65175999999997,2645.403382105051,0.0,0.0,1013.1438919391106
333.40671999999995,2436.568804190406,0.0,0.0,1198.9784880375976
296.46095999999994,2259.2221618261865,0.0,0.0,1493.9425836022153
297.21296,2094.3397006946607,0.0,0.0,1904.1985935086864
309.74127999999996,1893.8410401649373,0.0,0.0,2139.25955276638
315.38503999999995,1839.8957462310839,0.0,0.0,2179.597746177654
313.7532,2035.2936192181285,0.0,0.0,2106.318311145791
328.5487999999999,2677.5363588816917,0.0,0.0,1632.2818844397061
434.3288799999999,3862.4373965925156,0.0,0.0,96.59743935558129
696.9235199999998,4899.52475638856,0.0,0.0,0.0
1118.0510399999998,5665.218463038351,0.0,0.0,0.0
1578.6585599999996,6431.557210914356,0.0,0.0,0.0
1944.9953599999997,7141.896456643796,0.0,0.0,0.0
2150.81024,7846.182238557994,0.0,0.0,0.0
2215.373199999999,8406.723064138148,0.0,0.0,0.0
2274.916559999999,8930.000354265465,0.0,0.0,0.0
2414.9840799999993,9577.998846409093,0.0,0.0,0.0
2466.1952799999995,10318.506174103013,0.0,0.0,0.0
2109.6081599999998,10325.145136877434,0.0,0.0,0.0
2257.6957599999996,11423.273244095684,0.0,0.0,0.0
3400.4462399999993,13889.861274582983,0.0,0.0,0.0
4403.651839999999,16466.62234650767,0.0,0.0,0.0
5313.27856,18928.90348634609,0.0,0.0,0.0
6205.252079999998,21215.038752872173,0.0,0.0,0.0
6989.655759999999,23135.634118358237,0.0,0.0,0.0
7638.229439999998,24608.858660475646,0.0,0.0,0.0
8219.649519999999,25972.942227117608,0.0,0.0,0.0
8748.858239999998,27591.291121422037,0.0,0.0,0.0
8599.353119999998,28800.32662470445,0.0,0.0,0.0
8358.9688,29724.343219400722,0.0,0.0,0.0
8724.421999999999,30806.305601118933,0.0,0.0,0.0
8888.233919999999,30905.016756152054,0.0,0.0,0.0
8778.295279999998,30387.68376901708,0.0,0.0,0.0
8594.912559999997,30438.145840329373,0.0,0.0,0.0
8495.509439999998,30365.603511658206,0.0,0.0,0.0
8471.381519999999,29735.606631581544,0.0,0.0,0.0
8198.240079999998,28903.67215285514,0.0,0.0,0.0
8145.80312,28418.789701254325,0.0,0.0,0.0
8271.947359999998,28176.38320844303,0.0,0.0,0.0
8236.614639999998,28228.482692098787,0.0,0.0,0.0
8172.672079999998,28445.62341626484,0.0,0.0,0.0
8175.055919999998,29036.87812792396,0.0,0.0,0.0
8264.709359999999,30474.86357166772,0.0,0.0,0.0
10351.389039999998,33011.69162983416,0.0,0.0,0.0
12431.985039999998,35541.761640692115,0.0,0.0,0.0
13684.986239999998,37257.392675620824,0.0,0.0,0.0
14428.300639999998,39168.123872201395,0.0,0.0,0.0
14954.538959999996,40683.385254845634,0.0,0.0,0.0
15374.733999999999,41600.0384558519,0.0,0.0,0.0
15501.009839999997,42180.585483155846,0.0,0.0,0.0
15215.877759999996,42583.5377753163,0.0,0.0,0.0
14853.770959999998,42839.14280398705,0.0,0.0,0.0
14196.428959999996,42517.08860530505,0.0,0.0,0.0
13874.757199999998,42526.73445256475,0.0,0.0,0.0
13633.165919999998,42532.87722978054,0.0,0.0,0.0
13415.146079999997,42097.04768250553,0.0,0.0,0.0
12894.442479999996,41473.06457139941,0.0,0.0,0.0
12179.783039999997,39787.016119476,0.0,0.0,0.0
11572.148239999997,38166.603093247686,0.0,0.0,0.0
11340.671359999997,37584.378958755566,0.0,0.0,0.0
10889.151759999999,36456.201854106905,0.0,0.0,0.0
10686.871279999996,35858.546348741496,0.0,0.0,0.0
10365.913919999997,35842.579097464906,0.0,0.0,0.0
10183.929919999999,35287.268067672674,0.0,0.0,0.0
10620.981039999999,34665.10099571113,0.0,0.0,0.0
10459.218319999998,34704.001943507435,0.0,0.0,0.0
9971.30944,34387.50502308205,0.0,0.0,0.0
10436.098079999996,34595.079289677786,0.0,0.0,0.0
10937.610639999999,34925.02283874194,0.0,0.0,0.0
10948.950799999997,34453.001516820725,0.0,0.0,0.0
10864.734319999998,34570.00207154481,0.0,0.0,0.0
10604.106159999998,33789.760204316095,0.0,0.0,0.0
10201.440239999998,32948.378352553445,0.0,0.0,0.0
9492.616319999997,31493.53252352756,0.0,0.0,0.0
8706.520639999997,30203.07297007457,0.0,0.0,0.0
8192.67528,29964.358097819444,0.0,0.0,0.0
7818.213119999998,30343.285085231197,0.0,0.0,0.0
8280.933759999998,31529.496052816794,0.0,0.0,0.0
8680.83608,32386.259656896862,0.0,0.0,0.0
8718.105199999998,32694.85730322891,0.0,0.0,0.0
8506.432239999998,32119.98663871563,0.0,0.0,0.0
8151.841679999999,32094.254455645267,0.0,0.0,0.0
7997.328239999999,31272.74979736119,0.0,0.0,0.0
7510.490959999999,29910.54181213084,0.0,0.0,0.0
7006.85024,28065.65443917997,0.0,0.0,0.0
6427.9681599999985,25435.92059701634,0.0,0.0,0.0
5825.4432,23212.79097272463,0.0,0.0,0.0
5299.539519999998,21525.968471329772,0.0,0.0,0.0
4630.530239999999,19536.482702884023,0.0,0.0,0.0
3754.3675199999993,17231.32368204021,0.0,0.0,0.0
2945.8659999999995,14682.339077687426,0.0,0.0,0.0
2433.5584799999992,12557.275567202623,0.0,0.0,0.0
2005.4448799999998,11236.03266169246,0.0,0.0,0.0
1882.0830399999993,9297.703624341084,0.0,0.0,0.0
1841.67808,7947.999515188115,0.0,0.0,0.0
1644.30064,7063.459443536147,0.0,0.0,0.0
1282.9684,6010.56361184227,0.0,0.0,0.0
924.6667199999997,5275.8715788954505,0.0,0.0,0.0
745.4275199999997,4925.9912940856875,0.0,0.0,0.0
757.4783199999998,4824.680126725365,0.0,0.0,0.0
809.71224,5262.524187368402,0.0,0.0,0.0
1170.38648,6823.226243471628,0.0,0.0,0.0
2049.3992799999996,9188.56264886564,0.0,0.0,0.0
3056.5227999999993,11298.591736924065,0.0,0.0,0.0
3675.426319999999,12823.568432806194,0.0,0.0,0.0
3958.5204799999997,13779.35082696573,0.0,0.0,0.0
4116.500639999999,13887.886456059648,0.0,0.0,0.0
4419.409999999999,14588.00427928139,0.0,0.0,0.0
5120.371759999999,16540.246359696645,0.0,0.0,0.0
5610.30728,16370.709678025201,0.0,0.0,0.0
5568.717919999998,14547.366682029893,0.0,0.0,0.0
5239.311839999999,13244.562031878282,0.0,0.0,0.0
4727.2073599999985,12934.892624739596,0.0,0.0,0.0
4586.440479999999,12492.652360047128,0.0,0.0,0.0
4363.8071199999995,12049.866291240172,0.0,0.0,0.0
3944.40168,11778.621493761511,0.0,0.0,0.0
3611.5627199999994,11576.743437378806,0.0,0.0,0.0
3446.348319999999,10775.115972573298,0.0,0.0,0.0
3197.2595999999994,10081.389019346669,0.0,0.0,0.0
3148.3419999999996,9833.405400856405,0.0,0.0,0.0
3088.3699999999994,8807.551682107662,0.0,0.0,0.0
2926.9080799999997,7396.856444088346,0.0,0.0,0.0
2938.5114399999993,7077.124393820716,0.0,0.0,0.0
2962.2896799999994,7436.829152691278,0.0,0.0,0.0
3035.9969599999995,8137.909575896753,0.0,0.0,0.0
3154.655039999999,8823.667789051844,0.0,0.0,0.0
3369.9977599999993,9743.149247742276,0.0,0.0,0.0
3483.587359999999,10874.690490478426,0.0,0.0,0.0
3592.9732799999992,11957.933030937893,0.0,0.0,0.0
3708.863999999999,12083.62675664911,0.0,0.0,0.0
3882.5797599999996,11741.903762423164,0.0,0.0,0.0
3860.7416799999987,11079.62504990227,0.0,0.0,0.0
3523.2816799999996,9750.840123900985,0.0,0.0,0.0
3178.8619199999994,9192.502362201134,0.0,0.0,0.0
2756.7342399999998,8870.964196500105,0.0,0.0,0.0
2118.1245599999997,8467.287473424078,0.0,0.0,0.0
1859.8614399999997,8512.102953079206,0.0,0.0,0.0
1752.6638399999997,8813.615069634074,0.0,0.0,0.0
1841.1253599999995,9364.946691246125,0.0,0.0,0.0
1930.9103999999995,10097.257033511536,0.0,0.0,0.0
1979.828,10294.083920907426,0.0,0.0,0.0
2070.2635199999995,10279.972403620093,0.0,0.0,0.0
2130.9499199999996,10113.740317769103,0.0,0.0,0.0
2080.5959999999995,9959.496075014526,0.0,0.0,0.0
2008.1859199999997,9749.817981650216,0.0,0.0,0.0
1870.4683999999995,9053.481092385211,0.0,0.0,0.0
1525.1763199999998,7583.521451243565,0.0,0.0,0.0
1077.82656,5865.786589546282,0.0,0.0,0.0
769.0929599999998,4896.537719325629,0.0,0.0,0.0
622.1559199999999,4316.903673449534,0.0,0.0,0.0
550.6407199999999,3929.9583274103857,0.0,0.0,0.0
523.88456,3738.500167758834,0.0,0.0,234.2702758973761
516.5676,3366.0434400315726,0.0,0.0,385.1924743542955
444.91703999999993,2932.952837040176,0.0,0.0,607.2281148511772
379.83143999999993,2982.0553599218365,0.0,0.0,434.8978905499913
420.3755199999999,3323.540185079643,0.0,0.0,0.0
532.2467999999999,3550.912255464567,0.0,0.0,0.0
659.5566399999999,3964.016504154496,0.0,0.0,0.0
804.0045599999997,4595.363008950625,0.0,0.0,0.0
954.40456,5073.279015308324,0.0,0.0,0.0
1094.8894399999997,5356.680358973333,0.0,0.0,0.0
1171.4618399999997,5745.302812200639,0.0,0.0,0.0
1185.62576,6161.929978356816,0.0,0.0,0.0
1305.5697599999996,6285.291631942491,0.0,0.0,0.0
1415.0571999999997,6437.88853864243,0.0,0.0,0.0
1432.1877599999998,6705.818816589467,0.0,0.0,0.0
1479.0824799999996,6732.245659441906,0.0,0.0,0.0
1446.72768,6492.578110914223,0.0,0.0,0.0
1347.03128,6256.324319029885,0.0,0.0,0.0
1270.23328,5989.555115290032,0.0,0.0,0.0
1203.3466399999998,5901.869203369588,0.0,0.0,0.0
1261.6153599999998,6313.226878893153,0.0,0.0,0.0
1425.3182399999998,6975.664370792806,0.0,0.0,0.0
1543.5664799999997,7619.643759911562,0.0,0.0,0.0
1732.8711999999998,8172.22576913135,0.0,0.0,0.0
1944.1794399999997,8478.80890209538,0.0,0.0,0.0
2076.2795199999996,8603.073613397755,0.0,0.0,0.0
2054.84752,8478.580656738412,0.0,0.0,0.0
2014.0627999999997,8402.088691020577,0.0,0.0,0.0
2056.8891999999996,8663.995276285894,0.0,0.0,0.0
2137.90592,9279.394377227774,0.0,0.0,0.0
2304.2144799999996,9952.777722550723,0.0,0.0,0.0
2462.71352,10490.017674297786,0.0,0.0,0.0
2518.5457599999995,10683.073551448115,0.0,0.0,0.0
2511.42056,10701.878984120052,0.0,0.0,0.0
2370.6123199999993,10436.419710254973,0.0,0.0,0.0
2367.0779199999997,10481.225266198928,0.0,0.0,0.0
2513.4471999999996,10881.766096544437,0.0,0.0,0.0
2798.7748,11419.581623539505,0.0,0.0,0.0
2848.782799999999,11428.225175970776,0.0,0.0,0.0
2791.2773599999996,11059.995949203014,0.0,0.0,0.0
2727.8875199999998,10523.649131461478,0.0,0.0,0.0
2607.1652,9803.356403425996,0.0,0.0,0.0
2440.6348,9034.566498890375,0.0,0.0,0.0
2273.0064799999996,8487.01581123506,0.0,0.0,0.0
2054.7647999999995,8147.376796355341,0.0,0.0,0.0
1741.8350399999997,7873.323588614855,0.0,0.0,0.0
1536.6179999999997,7932.260509268488,0.0,0.0,0.0
1580.5686399999995,8504.203678985876,0.0,0.0,0.0
1586.6823999999997,8735.783402907951,0.0,0.0,0.0
1582.8020799999997,8561.701661519492,0.0,0.0,0.0
1648.8690399999996,8253.590277034893,0.0,0.0,0.0
1721.6099999999997,7771.37730373949,0.0,0.0,0.0
1774.4605599999998,7338.50502239389,0.0,0.0,0.0
1868.5282399999996,7072.1426908121075,0.0,0.0,0.0
2003.4032,7119.707038462027,0.0,0.0,0.0
2086.5179999999996,7258.222199008151,0.0,0.0,0.0
2051.3432,7237.600727191641,0.0,0.0,0.0
1977.5080799999994,7174.605008668442,0.0,0.0,0.0
1646.2031999999997,6821.1720352589155,0.0,0.0,0.0
1263.5254399999997,6403.582269119005,0.0,0.0,0.0
1255.62944,6404.167768078185,0.0,0.0,0.0
1674.9333599999995,6847.5492595554915,0.0,0.0,0.0
1955.0533599999997,7305.994944592692,0.0,0.0,0.0
2191.2039199999995,7776.130761391129,0.0,0.0,0.0
2461.6419199999996,8560.490968756445,0.0,0.0,0.0
2789.0363999999995,9465.68228335844,0.0,0.0,0.0
3044.7314399999996,10113.09527654289,0.0,0.0,0.0
3140.4309599999997,10529.930840633686,0.0,0.0,0.0
3131.56488,10889.724912904803,0.0,0.0,0.0
3017.0427999999997,11439.558054129804,0.0,0.0,0.0
3110.8096799999994,12463.42703064404,0.0,0.0,0.0
3435.5796799999994,13864.23825233552,0.0,0.0,0.0
3832.5078399999993,15011.429187590744,0.0,0.0,0.0
3966.8451199999995,15589.544905657443,0.0,0.0,0.0
4003.7645599999996,15838.312497330333,0.0,0.0,0.0
4053.97936,16277.48633527049,0.0,0.0,0.0
4244.084959999999,16587.225208387383,0.0,0.0,0.0
4360.4908,16866.150958313585,0.0,0.0,0.0
4730.95608,17487.30581173553,0.0,0.0,0.0
5323.908079999999,18573.009432565777,0.0,0.0,0.0
5699.91184,19249.59813659745,0.0,0.0,0.0
6239.174799999999,19780.804471951622,0.0,0.0,0.0
6758.381919999998,20484.207043571467,0.0,0.0,0.0
6969.152479999998,21053.94714940855,0.0,0.0,0.0
7158.716639999998,21788.748343178268,0.0,0.0,0.0
7596.395679999999,22960.30198936204,0.0,0.0,0.0
8326.091359999999,24683.415502514836,0.0,0.0,0.0
9190.974079999998,26879.12591283685,0.0,0.0,0.0
9933.9952,28863.530741162263,0.0,0.0,0.0
10541.942079999995,30493.133123936343,0.0,0.0,0.0
11039.555519999998,31639.768331365907,0.0,0.0,0.0
11487.856559999997,32777.37296162847,0.0,0.0,0.0
11626.160639999998,33615.55937839357,0.0,0.0,0.0
11665.524079999996,34343.116263007345,0.0,0.0,0.0
11425.632319999999,34481.85966891043,0.0,0.0,0.0
11233.011279999997,34246.032596606514,0.0,0.0,0.0
11583.62376,34724.24631429939,0.0,0.0,0.0
11855.877839999997,35446.38485261296,0.0,0.0,0.0
12294.139679999997,36676.954809139745,0.0,0.0,0.0
12634.784399999997,37679.78551796823,0.0,0.0,0.0
12802.187119999997,38524.68036348596,0.0,0.0,0.0
13096.918479999997,39511.25603341384,0.0,0.0,0.0
13408.483359999997,40161.725529639436,0.0,0.0,0.0
13733.93768,40978.39734058248,0.0,0.0,0.0
13792.518479999999,41106.79031573263,0.0,0.0,0.0
13722.225279999999,40803.90872703596,0.0,0.0,0.0
13847.6288,40784.41855829312,0.0,0.0,0.0
14168.612479999996,40501.056909472805,0.0,0.0,0.0
14082.925839999996,39756.88773235623,0.0,0.0,0.0
13768.266479999997,39084.45706330583,0.0,0.0,0.0
13493.045759999997,38818.6504595497,0.0,0.0,0.0
13429.855199999996,38895.59891598148,0.0,0.0,0.0
13459.220799999997,39033.955297148845,0.0,0.0,0.0
13469.34272,39113.166359727955,0.0,0.0,0.0
13388.201919999996,39012.46053874915,0.0,0.0,0.0
13184.680639999997,38758.50284613303,0.0,0.0,0.0
12812.688799999998,38268.86693688058,0.0,0.0,0.0
12134.437439999998,37306.237182011995,0.0,0.0,0.0
11151.163599999998,36054.07322997379,0.0,0.0,0.0
10138.659519999997,34718.252392751194,0.0,0.0,0.0
9148.89216,32999.75340529362,0.0,0.0,0.0
8415.113119999998,31567.265697539427,0.0,0.0,0.0
8105.443279999999,30897.405269682717,0.0,0.0,0.0
7891.0368,30275.16873174298,0.0,0.0,0.0
7482.802319999999,29097.214291852917,0.0,0.0,0.0
7031.7790399999985,27816.430356793146,0.0,0.0,0.0
6607.839039999998,26546.264792687973,0.0,0.0,0.0
6343.947199999998,25216.616503814676,0.0,0.0,0.0
6000.01624,23599.05158269288,0.0,0.0,0.0
5447.5819999999985,21696.041033404526,0.0,0.0,0.0
5098.30432,20369.161459948366,0.0,0.0,0.0
5960.89344,20345.483485090717,0.0,0.0,0.0
6542.8399199999985,21462.25824560215,0.0,0.0,0.0
7322.103679999998,23360.932133108105,0.0,0.0,0.0
8111.192319999998,25552.38527133711,0.0,0.0,0.0
8727.324719999999,27406.28337403263,0.0,0.0,0.0
9239.579599999997,28559.299527746127,0.0,0.0,0.0
9718.22008,29214.57210017921,0.0,0.0,0.0
10122.724639999999,29675.885737745277,0.0,0.0,0.0
10318.376239999998,30096.2541430135,0.0,0.0,0.0
10253.944879999997,30203.16228347513,0.0,0.0,0.0
9706.135439999998,29984.215443875673,0.0,0.0,0.0
8590.626159999998,29543.652286371365,0.0,0.0,0.0
7582.070079999999,28985.116050448065,0.0,0.0,0.0
6997.044159999998,28273.456951132674,0.0,0.0,0.0
6768.266959999999,27868.450450759527,0.0,0.0,0.0
6854.622879999998,27697.16719592172,0.0,0.0,0.0
7078.850479999998,27116.391923260788,0.0,0.0,0.0
7142.495999999997,25771.91760989574,0.0,0.0,0.0
7131.836399999997,24718.515668932057,0.0,0.0,0.0
7070.4731999999985,23932.97453993721,0.0,0.0,0.0
7192.011439999998,23632.702887278916,0.0,0.0,0.0
7059.937679999998,23525.239018991626,0.0,0.0,0.0
6697.011199999998,23011.74650808042,0.0,0.0,0.0
6435.307679999998,22078.97720012997,0.0,0.0,0.0
6515.688959999999,20573.97693483814,0.0,0.0,0.0
6240.19,18778.301245591832,0.0,0.0,0.0
5676.757759999999,17319.872956832663,0.0,0.0,0.0
5151.181199999999,16490.00261003014,0.0,0.0,0.0
4845.233759999999,16302.83149360512,0.0,0.0,0.0
4738.415919999999,16603.103146263427,0.0,0.0,0.0
4625.743759999999,17208.578536032775,0.0,0.0,0.0
4364.780959999999,17693.867859791666,0.0,0.0,0.0
3984.0696799999996,17588.358962605365,0.0,0.0,0.0
3575.3388799999993,17014.32188983057,0.0,0.0,0.0
3111.4037599999992,16150.939170398435,0.0,0.0,0.0
2448.4743999999996,15015.11088443575,0.0,0.0,0.0
2084.1115999999997,14300.524290324473,0.0,0.0,0.0
1944.7359199999994,13835.82666724858,0.0,0.0,0.0
1797.0919999999992,13387.314617095073,0.0,0.0,0.0
1688.9656799999998,13167.742583691755,0.0,0.0,0.0
1631.9490399999997,13093.830782878777,0.0,0.0,0.0
1589.3068799999999,12922.269664128144,0.0,0.0,0.0
1589.6603199999997,12837.054756289657,0.0,0.0,0.0
1679.2911999999997,13026.984664420643,0.0,0.0,0.0
1887.7794399999996,13530.722167249252,0.0,0.0,0.0
2206.99968,14217.462827810425,0.0,0.0,0.0
2593.4787999999994,14887.581272157615,0.0,0.0,0.0
2703.5264799999995,15123.259488793947,0.0,0.0,0.0
3197.8912799999994,15250.640245404495,0.0,0.0,0.0
3741.470719999999,15279.567863472408,0.0,0.0,0.0
4132.882959999999,15426.428865114625,0.0,0.0,0.0
4488.424799999999,15991.197191654277,0.0,0.0,0.0
4827.941519999999,17093.384096742095,0.0,0.0,0.0
5165.160879999999,18397.528447901994,0.0,0.0,0.0
5590.266479999998,19853.71397793617,0.0,0.0,0.0
6110.2368799999995,21296.125396862884,0.0,0.0,0.0
6646.46552,22536.708377962754,0.0,0.0,0.0
7095.341839999998,23457.737935596102,0.0,0.0,0.0
7348.532719999999,23999.88020066239,0.0,0.0,0.0
7082.68568,24210.084250718846,0.0,0.0,0.0
6670.642319999999,24327.50160131218,0.0,0.0,0.0
6442.820159999998,24641.716068167876,0.0,0.0,0.0
6436.619919999998,25216.874520305162,0.0,0.0,0.0
6497.5055999999995,25725.21662511783,0.0,0.0,0.0
6400.18928,25806.650598999582,0.0,0.0,0.0
6305.538799999998,25584.766340893064,0.0,0.0,0.0
6397.72272,25260.52892575311,0.0,0.0,0.0
6435.3715999999995,25152.707803863606,0.0,0.0,0.0
6547.912159999998,25064.495935251023,0.0,0.0,0.0
6515.587439999998,24830.395588691124,0.0,0.0,0.0
6340.578239999998,24531.453713329942,0.0,0.0,0.0
6401.828639999998,24799.959566524987,0.0,0.0,0.0
7148.173599999998,25278.351911018963,0.0,0.0,0.0
7865.382319999999,25793.045190982048,0.0,0.0,0.0
8335.589119999997,26516.59289628212,0.0,0.0,0.0
8701.553679999997,27548.29168091148,0.0,0.0,0.0
9036.979519999999,28512.449687300632,0.0,0.0,0.0
9287.527119999999,29081.50505706681,0.0,0.0,0.0
9488.318639999998,29274.12429092554,0.0,0.0,0.0
9616.906879999999,29419.060092600295,0.0,0.0,0.0
9593.95584,29588.77540107284,0.0,0.0,0.0
9346.732079999998,29599.96934727546,0.0,0.0,0.0
8893.772399999998,29054.49271525519,0.0,0.0,0.0
8266.119359999999,28435.39207004596,0.0,0.0,0.0
7864.220479999998,27861.652708606347,0.0,0.0,0.0
7658.164959999998,27068.78788076618,0.0,0.0,0.0
7338.835679999999,25999.825560683978,0.0,0.0,0.0
7274.073439999998,25891.299855301233,0.0,0.0,0.0
7379.928719999998,26286.204017700744,0.0,0.0,0.0
7399.326559999998,26594.871130011004,0.0,0.0,0.0
7626.186159999998,27073.908515731204,0.0,0.0,0.0
7805.880319999999,27643.221901987865,0.0,0.0,0.0
8021.211759999998,28282.52722314436,0.0,0.0,0.0
7914.660879999999,27787.39357790233,0.0,0.0,0.0
7574.049999999998,26761.103215862,0.0,0.0,0.0
7479.658959999997,25832.859120206223,0.0,0.0,0.0
8042.5723199999975,24841.40098438145,0.0,0.0,0.0
7826.173039999998,23575.433150102264,0.0,0.0,0.0
7496.868479999998,22417.04826864443,0.0,0.0,0.0
7326.657039999998,21647.573628037906,0.0,0.0,0.0
7355.443599999999,21513.03787567197,0.0,0.0,0.0
7490.705839999998,21748.984032509954,0.0,0.0,0.0
7555.29512,21827.123334282423,0.0,0.0,0.0
7438.10344,21314.791897578405,0.0,0.0,0.0
7000.225119999999,20003.264305306144,0.0,0.0,0.0
6200.5445599999985,17982.21121162059,0.0,0.0,0.0
5213.721279999999,15686.20185247785,0.0,0.0,0.0
4162.91408,13565.604012020685,0.0,0.0,0.0
3381.1536799999994,11964.304053510652,0.0,0.0,0.0
2991.7229599999996,10598.007499277219,0.0,0.0,0.0
2735.9151199999997,9457.654001019866,0.0,0.0,0.0
2489.6426399999996,8486.281456608293,0.0,0.0,0.0
2221.1335199999994,7713.79000780532,0.0,0.0,0.0
1934.4748799999998,7013.166075313784,0.0,0.0,0.0
1679.7724799999996,6439.952670566314,0.0,0.0,0.0
1499.8752799999997,6061.025683154567,0.0,0.0,0.0
1377.7316799999996,5743.278375121444,0.0,0.0,0.0
1254.8962399999998,5428.786044352911,0.0,0.0,0.0
1139.97184,5122.0044371654285,0.0,0.0,0.0
1091.3099199999997,4969.854097468254,0.0,0.0,0.0
1163.0281599999996,5022.449766682645,0.0,0.0,0.0
1313.2288799999997,5525.2842117945565,0.0,0.0,0.0
1497.9764799999996,6101.395340204404,0.0,0.0,0.0
1553.67336,6310.696332544159,0.0,0.0,0.0
1612.89336,6306.250509938866,0.0,0.0,0.0
1754.8784799999996,6557.459334560198,0.0,0.0,0.0
2066.9810399999997,7477.814079833814,0.0,0.0,0.0
2648.45752,9330.491566055112,0.0,0.0,0.0
3366.1512799999996,11754.030537475992,0.0,0.0,0.0
4057.2881599999996,14806.355696210487,0.0,0.0,0.0
4887.364559999999,18841.892386785377,0.0,0.0,0.0
6008.355919999999,23498.802252428017,0.0,0.0,0.0
6987.632879999998,26690.13875726727,0.0,0.0,0.0
7746.303119999999,28421.419484715047,0.0,0.0,0.0
8441.71136,29387.135513758272,0.0,0.0,0.0
8676.951999999997,29693.659104455273,0.0,0.0,0.0
8344.229599999997,29359.746070922105,0.0,0.0,0.0
7870.841839999999,28701.337605758494,0.0,0.0,0.0
7259.492159999998,27349.281577057634,0.0,0.0,0.0
6595.555119999999,25566.10976388872,0.0,0.0,0.0
5827.811999999999,23216.919236572397,0.0,0.0,0.0
5121.597519999999,20948.219930576455,0.0,0.0,0.0
4484.69488,19186.284859316736,0.0,0.0,0.0
3924.3007199999997,17395.928279258907,0.0,0.0,0.0
3493.8521599999995,15953.53670775454,0.0,0.0,0.0
3170.454559999999,14374.307082892206,0.0,0.0,0.0
3060.3843199999997,12959.820987204983,0.0,0.0,0.0
2964.0079999999994,11758.456512658937,0.0,0.0,0.0
2840.8304,10899.936411701334,0.0,0.0,0.0
2723.0972799999995,10320.73900911683,0.0,0.0,0.0
2563.6582399999998,9632.410554768054,0.0,0.0,0.0
2410.75032,9224.913202890604,0.0,0.0,0.0
2219.0579999999995,8781.750033059094,0.0,0.0,0.0
1977.2486399999996,8554.675674009346,0.0,0.0,0.0
1759.4055199999996,8500.65099038611,0.0,0.0,0.0
1622.03768,8612.09426685358,0.0,0.0,0.0
1925.7704799999997,9099.120240067658,0.0,0.0,0.0
2532.138159999999,9887.5888638584,0.0,0.0,0.0
3028.0069599999993,10321.443592610081,0.0,0.0,0.0
3181.83984,10065.17367529076,0.0,0.0,0.0
3044.2689599999994,9509.306917672866,0.0,0.0,0.0
2767.7886399999998,8954.561539417467,0.0,0.0,0.0
2525.3851999999997,8682.32437082155,0.0,0.0,0.0
2306.2298399999995,8461.551568366356,0.0,0.0,0.0
2039.4540799999995,8063.62067405922,0.0,0.0,0.0
1792.61008,7685.715828898243,0.0,0.0,0.0
1484.6247199999996,7359.95016223772,0.0,0.0,0.0
1244.23288,7266.448955570177,0.0,0.0,0.0
1172.0859999999998,7621.707891835447,0.0,0.0,0.0
1280.8139199999998,8323.750915024655,0.0,0.0,0.0
1590.3107999999997,9512.38326813635,0.0,0.0,0.0
2112.319119999999,11208.2760415429,0.0,0.0,0.0
2771.586239999999,13064.466521519273,0.0,0.0,0.0
3452.864399999999,14703.129252593868,0.0,0.0,0.0
4107.694719999999,16098.452662006943,0.0,0.0,0.0
4694.130639999999,17283.175072916663,0.0,0.0,0.0
5142.06696,17993.732640291895,0.0,0.0,0.0
5380.988639999999,18132.66459670726,0.0,0.0,0.0
5405.714399999998,17752.11012066322,0.0,0.0,0.0
5102.553119999999,16797.697198645496,0.0,0.0,0.0
4735.708719999999,15914.328124911886,0.0,0.0,0.0
4804.3964,15576.961639890678,0.0,0.0,0.0
4848.2718399999985,15451.38699871353,0.0,0.0,0.0
4952.86,15472.266487020526,0.0,0.0,0.0
5012.512399999998,15598.426627156854,0.0,0.0,0.0
4876.998239999999,15535.242358121377,0.0,0.0,0.0
4636.854559999999,15383.439348315243,0.0,0.0,0.0
4347.2555999999995,14916.320339713255,0.0,0.0,0.0
4045.0004799999992,13982.955609092453,0.0,0.0,0.0
3722.1029599999993,12872.363320641509,0.0,0.0,0.0
3257.607599999999,11854.508113097823,0.0,0.0,0.0
2782.5955199999994,10993.110135900184,0.0,0.0,0.0
2981.574719999999,10277.99758509676,0.0,0.0,0.0
2892.2258399999996,9698.006285618454,0.0,0.0,0.0
2918.0269599999992,9755.395107329176,0.0,0.0,0.0
3118.6417599999995,10550.631702139579,0.0,0.0,0.0
3511.09176,11894.718990768897,0.0,0.0,0.0
4045.850239999999,13565.653630576548,0.0,0.0,0.0
4619.723999999999,15242.393641420125,0.0,0.0,0.0
5170.590319999998,16820.50188691996,0.0,0.0,0.0
5702.006159999999,18224.339840519064,0.0,0.0,0.0
6111.793519999998,19471.412928725764,0.0,0.0,0.0
6292.115599999999,20313.836770161528,0.0,0.0,0.0
6161.605999999999,20778.16721592404,0.0,0.0,0.0
6017.496479999998,21621.70251301113,0.0,0.0,0.0
6194.569919999998,22652.666943013726,0.0,0.0,0.0
6398.523599999999,23472.613578643715,0.0,0.0,0.0
6654.023119999998,24086.752368266687,0.0,0.0,0.0
6803.562079999998,24351.43759266031,0.0,0.0,0.0
6748.7224799999985,24161.95425153209,0.0,0.0,0.0
6635.365999999998,23909.91183517227,0.0,0.0,0.0
6521.159759999999,23528.384835433313,0.0,0.0,0.0
6419.496879999998,23251.969784433768,0.0,0.0,0.0
6223.1421599999985,23106.240085865218,0.0,0.0,0.0
5788.786959999999,22858.226696241432,0.0,0.0,0.0
5636.897999999998,22889.73447921421,0.0,0.0,0.0
6188.749439999998,22836.34491310602,0.0,0.0,0.0
6001.516479999999,22628.95919702256,0.0,0.0,0.0
5836.71192,22574.200158772557,0.0,0.0,0.0
5558.5884799999985,21982.359948154255,0.0,0.0,0.0
5290.00416,21414.207636104773,0.0,0.0,0.0
5292.812879999999,21198.3768418135,0.0,0.0,0.0
5554.087759999999,21456.21470549808,0.0,0.0,0.0
5971.3763199999985,21917.419182241247,0.0,0.0,0.0
6443.899279999998,22590.82237498654,0.0,0.0,0.0
6756.5131999999985,22974.463125205235,0.0,0.0,0.0
6679.282799999998,22721.190168660018,0.0,0.0,0.0
6297.853359999999,22072.923736314733,0.0,0.0,0.0
6109.785679999999,21144.60025096958,0.0,0.0,0.0
6120.3964,20347.11097372301,0.0,0.0,0.0
6039.631599999999,19648.084758730252,0.0,0.0,0.0
6123.667599999999,19345.88790610448,0.0,0.0,0.0
5978.490239999999,18918.205725702108,0.0,0.0,0.0
5727.239519999998,18435.466795714565,0.0,0.0,0.0
5524.579279999999,17974.212700415537,0.0,0.0,0.0
5400.157119999999,17488.774520989064,0.0,0.0,0.0
5306.066879999999,16799.493390367723,0.0,0.0,0.0
5097.702719999999,15902.826543662926,0.0,0.0,0.0
4441.921119999999,14492.567948935202,0.0,0.0,0.0
4040.26664,13229.081042449143,0.0,0.0,0.0
4336.727599999999,12456.688830757894,0.0,0.0,0.0
4204.567359999999,12013.366881547623,0.0,0.0,0.0
4349.304799999999,12283.64907904255,0.0,0.0,0.0
4776.053519999999,13144.431786147494,0.0,0.0,0.0
5052.661679999999,13694.135919127244,0.0,0.0,0.0
5055.011679999999,13726.239124770367,0.0,0.0,0.0
4934.522479999999,13634.077619111118,0.0,0.0,0.0
4701.3535999999995,13432.725519420557,0.0,0.0,0.0
4278.6280799999995,12979.827188928799,0.0,0.0,0.0
3726.9157599999994,12107.155875839171,0.0,0.0,0.0
3204.7457600000002,11009.166700577332,0.0,0.0,0.0
2631.4510399999995,9960.200658507774,0.0,0.0,0.0
2230.29288,9274.650843287307,0.0,0.0,0.0
2346.30016,9037.176434928751,0.0,0.0,0.0
2396.0336799999995,8920.007177114729,0.0,0.0,0.0
2263.948639999999,8822.030376708379,0.0,0.0,0.0
1924.6199199999999,8198.741925384338,0.0,0.0,0.0
1558.9787199999996,7387.012122605199,0.0,0.0,0.0
1237.2919199999997,6435.92364383027,0.0,0.0,0.0
958.3600799999998,5433.350951492272,0.0,0.0,0.0
758.8431999999999,4687.484819765188,0.0,0.0,0.0
629.4051999999999,4119.352355138051,0.0,0.0,0.0
534.9878399999999,3650.5562393479054,0.0,0.0,227.64025928953023
381.08351999999996,3149.4782911135294,0.0,0.0,1817.0105152057524
288.1814399999999,2859.8845516768647,0.0,0.0,2677.340129729304
291.3059999999999,2816.349230762991,0.0,0.0,2877.83997114297
305.98879999999997,2898.329008759232,0.0,0.0,2676.630585453232
316.6822399999999,2949.227723363119,0.0,0.0,2316.8103787328614
334.41063999999994,2936.326898838835,0.0,0.0,2055.549651702541
366.91583999999995,2911.7160951309697,0.0,0.0,1953.3481196707264
426.1471199999999,2897.029002595631,0.0,0.0,1789.0814332886753
525.41864,2990.113413393928,0.0,0.0,1438.0918461792448
634.0563199999999,3057.416022566002,0.0,0.0,1251.6228628074994
739.1295199999998,3114.9239288107933,0.0,0.0,1303.6354211367147
848.2672799999998,3239.714596805312,0.0,0.0,1055.2949263019639
862.5853599999998,3242.7611761352773,0.0,0.0,959.4418041278248
827.0871999999998,3249.8367822012888,0.0,0.0,989.7276375239047
767.40472,3244.051258587707,0.0,0.0,1070.1589293232767
619.7983999999998,3078.5634510746554,0.0,0.0,1222.1407261471825
460.0886399999999,2764.2993656630897,0.0,0.0,1277.2616736875502
345.76959999999997,2491.496545530339,0.0,0.0,1408.5385381371996
307.7334399999999,2416.1458065973466,0.0,0.0,1268.4837958671883
326.95831999999996,2470.884997425002,0.0,0.0,1105.0194261973204
398.8344799999999,2780.6834128089313,0.0,0.0,692.8337583079599
480.5242399999999,3261.4078294284545,0.0,0.0,136.6518127903149
495.75599999999986,3724.805446340747,0.0,0.0,0.0
486.79215999999985,3950.1233085129597,0.0,0.0,0.0
455.1630399999999,3700.095405521157,0.0,0.0,1227.2273040954904
564.0037599999998,3787.8507834198067,0.0,0.0,1492.0235447129191
715.3174399999999,4195.973329101128,0.0,0.0,1036.9343067711186
852.7303999999998,4755.114911405955,0.0,0.0,223.80554065442686
955.4611199999999,5257.820348272625,0.0,0.0,0.0
1030.19112,5682.882668925447,0.0,0.0,0.0
1106.0867199999998,6075.673080845216,0.0,0.0,0.0
1216.3336799999997,6649.0353412602735,0.0,0.0,0.0
1344.98208,7355.931059212846,0.0,0.0,0.0
1464.9599199999998,7925.085666090752,0.0,0.0,0.0
1535.6968,8427.215527709415,0.0,0.0,0.0
1477.2701599999998,8382.370276920768,0.0,0.0,0.0
1472.7205599999995,8496.403642004268,0.0,0.0,0.0
1676.0387999999998,9049.491760493856,0.0,0.0,0.0
1992.3939199999993,9568.759871307471,0.0,0.0,0.0
2114.9699199999995,9855.53527677114,0.0,0.0,0.0
2219.8814399999997,10107.766243643242,0.0,0.0,0.0
2441.3303999999994,10377.631645268926,0.0,0.0,0.0
2547.7609599999996,10455.3739985945,0.0,0.0,0.0
2727.503999999999,10847.350666198116,0.0,0.0,0.0
3113.0656799999992,11553.442563545716,0.0,0.0,0.0
3597.8763199999994,12462.514049216168,0.0,0.0,0.0
4055.099839999999,13620.998167785727,0.0,0.0,0.0
4026.572719999999,14033.596307205857,0.0,0.0,0.0
3564.134079999999,13802.701319354685,0.0,0.0,0.0
4016.9959999999987,14742.9233343957,0.0,0.0,0.0
4943.847279999999,16194.901210892724,0.0,0.0,0.0
6029.4908799999985,18104.898052846536,0.0,0.0,0.0
6804.787839999999,19562.730918935355,0.0,0.0,0.0
7185.751039999998,20538.916463265603,0.0,0.0,0.0
7394.513759999999,21403.92667133004,0.0,0.0,0.0
7653.401039999999,22129.111788973576,0.0,0.0,0.0
7999.159359999998,22965.01575216899,0.0,0.0,0.0
8235.264799999999,23865.09635551714,0.0,0.0,0.0
8094.870159999998,24465.967143302434,0.0,0.0,0.0
7444.269839999998,24441.53496639568,0.0,0.0,0.0
7124.023119999999,24406.266096888517,0.0,0.0,0.0
7311.838879999999,24657.633700888608,0.0,0.0,0.0
7675.272959999998,25530.493564490516,0.0,0.0,0.0
7847.180159999999,25986.289618644652,0.0,0.0,0.0
7925.553599999998,25741.541129996636,0.0,0.0,0.0
7841.040079999998,25131.92755266834,0.0,0.0,0.0
7458.140479999998,24390.874420859927,0.0,0.0,0.0
6951.307519999999,23361.130607331554,0.0,0.0,0.0
6734.047199999999,22258.46736410746,0.0,0.0,0.0
6645.228479999999,21603.32379991961,0.0,0.0,0.0
6404.979519999999,21017.050791269095,0.0,0.0,0.0
5912.829360000001,20515.853758500652,0.0,0.0,0.0
5632.82592,20907.006758076954,0.0,0.0,0.0
6162.955839999999,22408.742122393025,0.0,0.0,0.0
6598.096879999998,23471.95861370633,0.0,0.0,0.0
6453.637679999999,23477.61512907467,0.0,0.0,0.0
6173.15296,23188.20001643911,0.0,0.0,0.0
6197.4951999999985,23138.49214717593,0.0,0.0,0.0
6305.384639999998,23145.279965617934,0.0,0.0,0.0
6243.250639999999,22713.44967394545,0.0,0.0,0.0
5790.411279999999,21987.301956318173,0.0,0.0,0.0
5473.409439999999,21192.720326445153,0.0,0.0,0.0
5368.998,20816.26434311537,0.0,0.0,0.0
5427.202799999998,20717.761586016873,0.0,0.0,0.0
5427.157679999999,20427.71135586627,0.0,0.0,0.0
5067.367039999999,19934.512834302877,0.0,0.0,0.0
4569.249759999999,19555.13927988837,0.0,0.0,0.0
4053.734959999999,19071.04080147019,0.0,0.0,0.0
3387.1508799999992,17611.183498302176,0.0,0.0,0.0
2820.0112799999993,15985.381896907174,0.0,0.0,0.0
2402.9069599999993,14367.013155180399,0.0,0.0,0.0
2220.5055999999995,12980.23406108687,0.0,0.0,0.0
2056.9418399999995,11781.846699892581,0.0,0.0,0.0
2005.5802399999995,10790.150394999675,0.0,0.0,0.0
2028.9899999999998,9898.723267793974,0.0,0.0,0.0
1892.2124799999992,8996.0525758298,0.0,0.0,0.0
1698.8657599999995,8321.279910942696,0.0,0.0,0.0
1868.1334399999998,8649.853987865044,0.0,0.0,0.0
2205.1384799999996,9639.942651548003,0.0,0.0,0.0
2623.8031999999994,10960.590134387814,0.0,0.0,0.0
2971.6407999999997,12028.014279238272,0.0,0.0,0.0
3254.4830399999996,12639.801149313349,0.0,0.0,0.0
3406.7931199999994,12930.575810379547,0.0,0.0,0.0
3397.9796799999995,13044.519862062496,0.0,0.0,0.0
3260.8411999999994,13066.629890554885,0.0,0.0,0.0
3089.249839999999,13191.32132143768,0.0,0.0,0.0
3022.77304,13681.999220363245,0.0,0.0,0.0
3090.1484799999994,14582.407306180086,0.0,0.0,0.0
3156.74936,15074.494372092147,0.0,0.0,0.0
3269.466639999999,15444.549561715658,0.0,0.0,0.0
3612.423759999999,16016.125554119662,0.0,0.0,0.0
3550.9026399999993,16043.514996955835,0.0,0.0,0.0
3181.24952,14807.050355992564,0.0,0.0,0.0
2858.126399999999,12975.510374568747,0.0,0.0,0.0
2709.0235999999995,11410.799139151819,0.0,0.0,0.0
2702.2217599999994,10461.020590251663,0.0,0.0,0.0
2760.76872,10055.061413605954,0.0,0.0,0.0
2849.1888799999992,10142.122131722528,0.0,0.0,0.0
2857.63008,10450.253363629472,0.0,0.0,0.0
2484.9952799999996,10099.718113882323,0.0,0.0,0.0
1993.9543199999996,9243.798025251921,0.0,0.0,0.0
1999.8387199999997,8757.18884790709,0.0,0.0,0.0
2374.4211999999993,8976.542559664613,0.0,0.0,0.0
2588.688559999999,9183.005370609024,0.0,0.0,0.0
2580.175919999999,9160.002208111111,0.0,0.0,0.0
2551.2953599999996,9083.986580529556,0.0,0.0,0.0
2576.8558399999997,9147.220468120893,0.0,0.0,0.0
2610.5980799999993,9452.275349564356,0.0,0.0,0.0
2649.5215999999996,10110.42579823748,0.0,0.0,0.0
2688.997839999999,11042.282124760053,0.0,0.0,0.0
2776.6960799999997,12142.950702038474,0.0,0.0,0.0
2821.0715999999993,12916.881088961462,0.0,0.0,0.0
2730.4969599999995,13054.989377349513,0.0,0.0,0.0
2736.6633599999996,12954.640809972925,0.0,0.0,0.0
2960.3457599999992,13045.760325959063,0.0,0.0,0.0
2965.891759999999,12600.126152045594,0.0,0.0,0.0
2685.4295999999995,11737.765574864221,0.0,0.0,0.0
2385.287599999999,10905.444071402086,0.0,0.0,0.0
2037.49136,9979.998462296964,0.0,0.0,0.0
1716.0451999999996,9084.85986711274,0.0,0.0,0.0
1531.4855999999997,8469.579850704931,0.0,0.0,0.0
1474.72464,8288.055325937077,0.0,0.0,0.0
1518.3443999999997,8258.393353242396,0.0,0.0,0.0
1439.1926399999998,7882.036607024332,0.0,0.0,0.0
1108.8277599999997,7218.180024427007,0.0,0.0,0.0
1115.1332799999998,7002.0713662229,0.0,0.0,0.0
1380.8750399999997,7219.867055326336,0.0,0.0,0.0
1525.68016,7492.848502260193,0.0,0.0,0.0
1611.0283999999995,7762.713903885875,0.0,0.0,0.0
1701.3323199999995,8173.039513447496,0.0,0.0,0.0
1782.5746399999996,8636.824155095517,0.0,0.0,0.0
1866.8512799999996,8885.413119967303,0.0,0.0,0.0
1971.5672799999995,9066.262832375425,0.0,0.0,0.0
2100.7383199999995,9293.337191425175,0.0,0.0,0.0
2313.7799199999995,9853.510839691944,0.0,0.0,0.0
2523.9977599999993,10286.254112792301,0.0,0.0,0.0
2664.28712,10674.469693861534,0.0,0.0,0.0
2831.64472,11027.684345625266,0.0,0.0,0.0
3083.7677599999997,11349.351519571537,0.0,0.0,0.0
3281.265519999999,11723.147948307089,0.0,0.0,0.0
3344.29816,12443.807853655959,0.0,0.0,0.0
3423.314559999999,13191.976286375066,0.0,0.0,0.0
3483.715199999999,13487.018143245448,0.0,0.0,0.0
3424.6004799999987,13202.237403727455,0.0,0.0,0.0
3369.693199999999,12687.990690767141,0.0,0.0,0.0
3260.8073599999993,11994.273661251682,0.0,0.0,0.0
2889.5223999999994,10414.587545675415,0.0,0.0,0.0
2283.8390399999994,8416.974257779368,0.0,0.0,0.0
1715.3759199999997,6866.295149960394,0.0,0.0,0.0
1552.48896,6269.850337358039,0.0,0.0,0.0
1669.2971199999995,6341.767472225338,0.0,0.0,0.0
1720.5120799999995,6526.497355701917,0.0,0.0,0.0
1667.3080799999998,6611.890890341506,0.0,0.0,0.0
1608.0955999999996,6664.843813158107,0.0,0.0,0.0
1604.5423999999996,6936.257313726704,0.0,0.0,0.0
1629.4787199999998,7486.487403398602,0.0,0.0,0.0
1639.4126399999996,8002.480689525285,0.0,0.0,0.0
1619.0559999999998,8292.421758852988,0.0,0.0,0.0
1610.5508799999996,8695.254966479351,0.0,0.0,0.0
1619.42448,9229.359025495894,0.0,0.0,0.0
1634.0471199999997,9916.486710792797,0.0,0.0,0.0
1730.3294399999997,10866.007243202466,0.0,0.0,0.0
1892.9005599999994,12136.252196997018,0.0,0.0,0.0
1987.1374399999997,13443.998855312546,0.0,0.0,0.0
2118.42912,15037.181218083453,0.0,0.0,0.0
2214.9972,16086.19687870887,0.0,0.0,0.0
2283.66232,16694.768466364054,0.0,0.0,0.0
2475.418559999999,17100.420007963414,0.0,0.0,0.0
2716.68272,17306.872895196655,0.0,0.0,0.0
3214.8075199999994,17729.90085505911,0.0,0.0,0.0
3561.599839999999,17707.304564719263,0.0,0.0,0.0
3889.6560799999993,17502.975351676945,0.0,0.0,0.0
4440.533679999999,17029.56471019158,0.0,0.0,0.0
4738.408399999999,16570.890779797406,0.0,0.0,0.0
4832.438479999999,16442.795515982434,0.0,0.0,0.0
4783.5848,16211.751672463675,0.0,0.0,0.0
4871.328159999999,16356.00273806752,0.0,0.0,0.0
5119.668639999999,16831.92407847954,0.0,0.0,0.0
5502.36144,17512.283792756774,0.0,0.0,0.0
5952.33568,18273.19427062141,0.0,0.0,0.0
6358.272799999999,18933.805799665322,0.0,0.0,0.0
6687.347999999999,19442.147904477984,0.0,0.0,0.0
6883.706479999999,19508.547455933356,0.0,0.0,0.0
6945.532159999998,18893.475837460173,0.0,0.0,0.0
6748.1547199999995,18015.415949203867,0.0,0.0,0.0
6071.482559999999,17102.07726772923,0.0,0.0,0.0
5503.936879999998,17052.061763419693,0.0,0.0,0.0
5231.084959999998,17627.87518049436,0.0,0.0,0.0
5029.853519999999,17955.089708986077,0.0,0.0,0.0
4923.750079999999,18306.96465974152,0.0,0.0,0.0
4829.652319999998,18561.884952341374,0.0,0.0,0.0
4586.342719999999,18513.844266555177,0.0,0.0,0.0
4331.448559999999,18564.72313373672,0.0,0.0,0.0
4122.42264,18642.157852015942,0.0,0.0,0.0
3999.2901599999996,18218.881799374172,0.0,0.0,0.0
3921.428079999999,17981.55624668321,0.0,0.0,0.0
3764.323999999999,17216.1205565239,0.0,0.0,0.0
4176.344799999999,16831.497358899123,0.0,0.0,0.0
4661.869839999999,16966.787313314173,0.0,0.0,0.0
5085.065359999999,17283.224691472522,0.0,0.0,0.0
5352.566799999999,17196.620464069885,0.0,0.0,0.0
5458.196479999999,17018.450153678346,0.0,0.0,0.0
5475.842159999999,16524.378345531775,0.0,0.0,0.0
5436.711839999999,16107.622171130353,0.0,0.0,0.0
5339.312799999999,16077.761724212225,0.0,0.0,0.0
5134.3514399999995,15991.276581343658,0.0,0.0,0.0
4881.307199999998,15770.394618065566,0.0,0.0,0.0
4451.091759999998,15574.103611072993,0.0,0.0,0.0
3839.971439999999,15384.937828702292,0.0,0.0,0.0
3333.7588799999994,15703.99506661019,0.0,0.0,0.0
3366.6776799999993,16681.778328439214,0.0,0.0,0.0
3736.5639199999996,18080.20785944929,0.0,0.0,0.0
4263.986639999999,19520.396367073357,0.0,0.0,0.0
4820.853919999999,21094.435890992456,0.0,0.0,0.0
5227.798719999999,22194.380037355288,0.0,0.0,0.0
5463.486799999999,22943.71946799275,0.0,0.0,0.0
5618.361199999999,23359.155788808224,0.0,0.0,0.0
5762.083439999999,23410.40183330315,0.0,0.0,0.0
5966.732719999998,21980.26604509685,0.0,0.0,0.0
5679.404799999998,20099.59376965786,0.0,0.0,0.0
5428.657919999999,19495.934419033078,0.0,0.0,0.0
6127.641919999998,20225.882918039428,0.0,0.0,0.0
6768.616639999999,20877.910436919105,0.0,0.0,0.0
7419.897519999999,21789.572011205586,0.0,0.0,0.0
8040.368959999999,22814.453206259423,0.0,0.0,0.0
8589.798959999998,23421.81410115155,0.0,0.0,0.0
8962.065279999999,23775.167684871703,0.0,0.0,0.0
9000.496239999999,24071.9362674861,0.0,0.0,0.0
8668.574719999999,24227.86754114001,0.0,0.0,0.0
8202.116639999998,24247.01037999181,0.0,0.0,0.0
7690.076079999999,24213.577397051573,0.0,0.0,0.0
7147.820159999999,23735.155281424075,0.0,0.0,0.0
6629.7711199999985,22578.655905089025,0.0,0.0,0.0
5924.575599999999,21417.09543605598,0.0,0.0,0.0
5343.49392,20425.627376520042,0.0,0.0,0.0
5054.84624,19567.127122984784,0.0,0.0,0.0
4837.446799999998,18940.663084085536,0.0,0.0,0.0
4606.214319999999,18732.701792754076,0.0,0.0,0.0
4467.086799999999,18228.48795178918,0.0,0.0,0.0
4341.89384,17927.859045528665,0.0,0.0,0.0
4346.811919999999,18009.08462147579,0.0,0.0,0.0
4398.974399999999,18040.999276606635,0.0,0.0,0.0
4271.777359999999,17504.642535153933,0.0,0.0,0.0
4013.7548799999995,16737.956457386885,0.0,0.0,0.0
4191.4036,16361.897422503998,0.0,0.0,0.0
4361.099919999999,15944.91300274561,0.0,0.0,0.0
4687.539359999999,15640.334459438434,0.0,0.0,0.0
5000.412719999999,15544.818739402865,0.0,0.0,0.0
5132.885039999998,15575.185295590798,0.0,0.0,0.0
5257.468879999999,16261.57862626093,0.0,0.0,0.0
5713.853919999999,17861.18163016046,0.0,0.0,0.0
6405.426959999999,19797.208366519808,0.0,0.0,0.0
7059.907599999999,21626.416275818083,0.0,0.0,0.0
7552.407439999998,23161.028895248735,0.0,0.0,0.0
8022.5503199999985,24534.48044523756,0.0,0.0,0.0
8406.972719999998,25904.0617478691,0.0,0.0,0.0
8486.95544,27000.830306656717,0.0,0.0,0.0
8154.545119999999,27335.983804086452,0.0,0.0,0.0
7956.757839999999,27122.236989141402,0.0,0.0,0.0
8105.48464,26886.9457972408,0.0,0.0,0.0
8058.266559999999,26445.330726352204,0.0,0.0,0.0
7968.282239999999,26048.50136398522,0.0,0.0,0.0
7828.455359999998,25986.64687224687,0.0,0.0,0.0
7609.495519999998,25807.851368051455,0.0,0.0,0.0
7468.600799999998,25333.94454100746,0.0,0.0,0.0
7268.200319999999,24877.453827071244,0.0,0.0,0.0
6935.74864,24529.20103089378,0.0,0.0,0.0
6941.027679999998,24197.68953546436,0.0,0.0,0.0
7200.775999999998,23843.641291962133,0.0,0.0,0.0
7509.325359999999,23368.53369586626,0.0,0.0,0.0
7498.917679999999,22350.132684208085,0.0,0.0,0.0
7328.83408,21208.27078185251,0.0,0.0,0.0
7082.245759999999,20754.687715289845,0.0,0.0,0.0
6770.789919999998,19988.53751792612,0.0,0.0,0.0
6224.642399999999,18653.58996728669,0.0,0.0,0.0
5341.392079999999,16858.98603884702,0.0,0.0,0.0
4404.591839999999,14892.26526383105,0.0,0.0,0.0
3442.7612799999993,12360.637230319015,0.0,0.0,0.0
2521.598879999999,10121.232719704361,0.0,0.0,0.0
2007.6858399999994,8901.07273619755,0.0,0.0,0.0
1844.8214399999997,8563.686403753996,0.0,0.0,0.0
2058.3330399999995,9118.282926341808,0.0,0.0,0.0
2320.5027999999998,9989.138200286863,0.0,0.0,0.0
2600.4460799999997,11096.11825787101,0.0,0.0,0.0
3028.5521599999993,11917.464136776327,0.0,0.0,0.0
3294.1059199999995,12657.951617047904,0.0,0.0,0.0
3468.1487999999995,13740.747590504603,0.0,0.0,0.0
3770.3362399999996,14957.335037989304,0.0,0.0,0.0
4636.448479999999,16374.24251920262,0.0,0.0,0.0
5436.486239999998,18153.17690770088,0.0,0.0,0.0
5512.833039999999,18381.749747137677,0.0,0.0,0.0
5411.061119999998,17409.563458409957,0.0,0.0,0.0
5454.759839999999,17632.946196903522,0.0,0.0,0.0
5781.086479999999,18248.027739087884,0.0,0.0,0.0
6567.133279999999,19044.45517923899,0.0,0.0,0.0
7572.741519999998,20126.90382280465,0.0,0.0,0.0
8320.53408,21081.793082958655,0.0,0.0,0.0
8739.931999999999,21568.015235567764,0.0,0.0,0.0
8930.691839999998,21745.27256453143,0.0,0.0,0.0
9027.180959999998,21766.072663149043,0.0,0.0,0.0
9013.80288,21762.232186925277,0.0,0.0,0.0
8677.722799999998,21417.919104083303,0.0,0.0,0.0
8126.540639999998,21278.94745282324,0.0,0.0,0.0
7425.2329599999985,20791.4749126064,0.0,0.0,0.0
6560.372799999998,20156.139075918913,0.0,0.0,0.0
5630.818079999999,19570.441642516405,0.0,0.0,0.0
5134.479279999999,18962.95173937903,0.0,0.0,0.0
4932.247679999999,18446.869139851795,0.0,0.0,0.0
4840.751839999999,18151.231860311058,0.0,0.0,0.0
4687.219759999999,17772.027008986483,0.0,0.0,0.0
4677.135439999999,17420.88641285781,0.0,0.0,0.0
4684.674239999999,17105.897896530645,0.0,0.0,0.0
4583.345999999999,16541.16926483569,0.0,0.0,0.0
4464.417199999999,15996.327750330473,0.0,0.0,0.0
4299.379519999999,15225.860738606696,0.0,0.0,0.0
3902.9175999999993,14374.803268450833,0.0,0.0,0.0
4119.46728,13657.021239341997,0.0,0.0,0.0
4263.411359999999,12867.004516608344,0.0,0.0,0.0
4163.21864,12165.676000623558,0.0,0.0,0.0
4129.525279999999,11881.113582751364,0.0,0.0,0.0
4132.476879999999,11906.47858850834,0.0,0.0,0.0
4173.983519999999,12284.482670781044,0.0,0.0,0.0
4366.48424,12953.827065656778,0.0,0.0,0.0
4727.120879999999,13978.549481331851,0.0,0.0,0.0
5170.090239999999,15391.408088386781,0.0,0.0,0.0
5622.985999999999,16941.52154466892,0.0,0.0,0.0
6020.699999999998,18432.221742161146,0.0,0.0,0.0
6297.056239999999,19606.29601098274,0.0,0.0,0.0
6389.845519999999,20410.662420071872,0.0,0.0,0.0
6308.182079999999,20978.010911516376,0.0,0.0,0.0
6281.519919999999,21545.637266873713,0.0,0.0,0.0
6368.6428799999985,22067.396229191632,0.0,0.0,0.0
6500.7768,22494.334131256062,0.0,0.0,0.0
6573.762159999998,22522.418233874312,0.0,0.0,0.0
6652.060399999998,22236.87336859604,0.0,0.0,0.0
6598.946639999998,21634.077380843268,0.0,0.0,0.0
6430.408399999998,20842.671338545464,0.0,0.0,0.0
6153.1911199999995,20051.642397272208,0.0,0.0,0.0
5640.124079999999,18930.7790677577,0.0,0.0,0.0
4728.666239999999,17320.92487021695,0.0,0.0,0.0
4355.211759999999,15495.10094642851,0.0,0.0,0.0
3966.514239999999,13685.710688341773,0.0,0.0,0.0
3523.9096,12172.64244586667,0.0,0.0,0.0
3275.0991199999994,11202.917237509737,0.0,0.0,0.0
3091.4231199999995,10430.693728908424,0.0,0.0,0.0
2878.9981599999987,9455.331852605494,0.0,0.0,0.0
2647.8070399999997,8611.955334897166,0.0,0.0,0.0
2381.6855199999995,8051.067179425974,0.0,0.0,0.0
2118.36896,7982.7821228478215,0.0,0.0,0.0
1880.9399999999998,8118.02245870701,0.0,0.0,0.0
1695.5644799999998,8379.710722326532,0.0,0.0,0.0
1544.13048,8703.402333351998,0.0,0.0,0.0
1392.67016,9056.835306761524,0.0,0.0,0.0
1304.0807999999997,9638.63272167323,0.0,0.0,0.0
1513.6970399999998,10911.884559953056,0.0,0.0,0.0
2085.2358399999994,13058.988632952041,0.0,0.0,0.0
2965.1886399999994,15420.79219716863,0.0,0.0,0.0
3988.7358399999985,17281.230025526846,0.0,0.0,0.0
5145.311839999999,19715.109503989497,0.0,0.0,0.0
5933.264959999999,20879.379146172636,0.0,0.0,0.0
6779.05816,21607.789469947245,0.0,0.0,0.0
7716.847279999999,23274.556151062432,0.0,0.0,0.0
8112.072159999998,24155.67254235988,0.0,0.0,0.0
7971.854239999998,24291.706775112874,0.0,0.0,0.0
8339.296479999997,25014.986540211292,0.0,0.0,0.0
9061.096159999997,26759.168092183358,0.0,0.0,0.0
9897.831519999998,27827.38613392761,0.0,0.0,0.0
10116.494319999998,27701.60309481584,0.0,0.0,0.0
10115.591919999997,27496.628840547302,0.0,0.0,0.0
9751.153919999997,27080.37877541569,0.0,0.0,0.0
9939.311839999997,27251.096378716655,0.0,0.0,0.0
10211.626079999998,27730.332238660303,0.0,0.0,0.0
10263.826159999999,27525.47706892584,0.0,0.0,0.0
10102.285279999998,27271.747621666687,0.0,0.0,0.0
9633.563679999997,27233.45202025191,0.0,0.0,0.0
9129.934239999999,27024.57774749257,0.0,0.0,0.0
8453.75464,25423.70450856296,0.0,0.0,0.0
7408.327999999998,23293.996701249413,0.0,0.0,0.0
6639.678719999999,21334.55000652291,0.0,0.0,0.0
6085.371999999999,19471.4724709928,0.0,0.0,0.0
5426.484639999999,17198.843375372533,0.0,0.0,0.0
4670.45016,15650.893288126,0.0,0.0,0.0
4125.753999999999,14983.126763326698,0.0,0.0,0.0
3730.047839999999,14355.015388372816,0.0,0.0,0.0
3466.445519999999,13808.715088325234,0.0,0.0,0.0
3290.045119999999,12789.272086993944,0.0,0.0,0.0
3211.93864,11634.826918871604,0.0,0.0,0.0
2885.2585599999993,10417.614277583036,0.0,0.0,0.0
2494.0869599999996,9251.508748832975,0.0,0.0,0.0
2169.1928799999996,8571.784152070779,0.0,0.0,0.0
2006.0803199999998,8422.48191748012,0.0,0.0,0.0
2004.8508,8710.229846638695,0.0,0.0,0.0
1955.7564799999998,9037.662696776204,0.0,0.0,0.0
1890.9679199999994,9256.708773487378,0.0,0.0,0.0
1846.6375199999995,8654.885309429515,0.0,0.0,0.0
1826.1868799999997,7730.680164220961,0.0,0.0,0.0
1775.2990399999999,6946.339804277991,0.0,0.0,0.0
1719.8390399999996,6334.146062044839,0.0,0.0,0.0
1677.6894399999999,6017.3613539954495,0.0,0.0,0.0
1560.6443999999997,5993.04826162276,0.0,0.0,0.0
1319.1959999999997,6008.400242806659,0.0,0.0,0.0
1094.1411999999998,6197.843889090188,0.0,0.0,0.0
1064.7793599999998,6861.521844886408,0.0,0.0,0.0
1305.4719999999998,8113.616330946408,0.0,0.0,0.0
1716.7558399999998,9882.04150931296,0.0,0.0,0.0
2332.2227199999993,11964.373519488861,0.0,0.0,0.0
2909.4729599999996,13957.01502808747,0.0,0.0,0.0
3507.809279999999,16242.693803899612,0.0,0.0,0.0
4278.425039999998,18258.239237884416,0.0,0.0,0.0
4987.96336,20171.977318950267,0.0,0.0,0.0
5440.355279999999,21504.88058508815,0.0,0.0,0.0
5635.815119999998,22176.25934075425,0.0,0.0,0.0
5847.61216,22952.27370702347,0.0,0.0,0.0
6624.02208,24257.926462281594,0.0,0.0,0.0
7408.553599999999,25232.375357156656,0.0,0.0,0.0
8475.799519999999,25586.34421096949,0.0,0.0,0.0
9386.603119999996,26264.14360776422,0.0,0.0,0.0
9663.320319999999,26280.59712088827,0.0,0.0,0.0
9335.22272,25835.93547066971,0.0,0.0,0.0
9044.01824,25253.512861954132,0.0,0.0,0.0
8859.748159999997,24428.66391300491,0.0,0.0,0.0
8602.801039999998,23647.072421056735,0.0,0.0,0.0
8005.348319999998,22277.481194714022,0.0,0.0,0.0
7045.946719999998,19983.813831407995,0.0,0.0,0.0
5866.152719999999,17801.311880656605,0.0,0.0,0.0
4629.379679999999,15687.045367927512,0.0,0.0,0.0
4144.700639999999,14290.30286781677,0.0,0.0,0.0
4047.0797599999996,13471.646314639203,0.0,0.0,0.0
3905.880479999999,12589.388696556918,0.0,0.0,0.0
3525.124079999999,11663.962934874142,0.0,0.0,0.0
2997.4118399999998,10265.017370883097,0.0,0.0,0.0
2527.5810399999996,8845.241937140916,0.0,0.0,0.0
2045.8648799999999,7412.198501561071,0.0,0.0,0.0
1517.4720799999998,6173.352169916393,0.0,0.0,0.0
1088.5651199999998,5133.406781302661,0.0,0.0,0.0
736.7193599999998,4498.31903739449,0.0,0.0,0.0
506.79535999999985,4426.977477775197,0.0,0.0,0.0
576.8479199999999,5056.051452712817,0.0,0.0,0.0
857.3476799999997,6380.866894245092,0.0,0.0,0.0
1296.3314399999997,7922.882602210451,0.0,0.0,0.0
1780.4239199999997,9685.760426031557,0.0,0.0,0.0
2170.3171199999997,11026.31487348346,0.0,0.0,0.0
2495.3390399999994,11990.988912853578,0.0,0.0,0.0
2784.4792799999996,12778.872037685134,0.0,0.0,0.0
3115.2464799999993,13684.440453311685,0.0,0.0,0.0
3434.0681599999994,14284.33871740208,0.0,0.0,0.0
3695.4859199999987,15191.961341241344,0.0,0.0,0.0
4143.944879999998,16624.488743840222,0.0,0.0,0.0
4765.254799999999,18626.964650210808,0.0,0.0,0.0
5470.345039999999,21175.601924672552,0.0,0.0,0.0
6242.968639999999,23774.284474577347,0.0,0.0,0.0
6798.9598399999995,25590.482398528442,0.0,0.0,0.0
7125.9858399999985,26586.177959023877,0.0,0.0,0.0
7191.135359999998,26471.152222823122,0.0,0.0,0.0
6835.014479999999,25903.48617262109,0.0,0.0,0.0
6419.775119999999,25152.42001623961,0.0,0.0,0.0
5879.549599999999,23909.73320837116,0.0,0.0,0.0
5152.2001599999985,22056.480146901857,0.0,0.0,0.0
4426.651759999999,20235.78678178961,0.0,0.0,0.0
4169.945279999999,18844.422933134374,0.0,0.0,0.0
3977.4295199999997,17141.027834081393,0.0,0.0,0.0
4042.8234399999997,17864.575539381465,0.0,0.0,0.0
4345.191359999999,18756.250759366478,0.0,0.0,0.0
4639.539199999999,17242.64663648806,0.0,0.0,0.0
4549.592479999998,14651.516030785559,0.0,0.0,0.0
4298.424479999999,13072.6932780813,0.0,0.0,0.0
3766.8582399999996,11741.348034597502,0.0,0.0,0.0
3380.8754399999993,11348.418690721319,0.0,0.0,0.0
3777.841199999999,12384.990017536391,0.0,0.0,0.0
3712.789439999999,13064.24819987348,0.0,0.0,0.0
2876.7534399999995,12831.487554321873,0.0,0.0,0.0
2289.49032,12466.046890393585,0.0,0.0,0.0
2095.81272,12813.962280391188,0.0,0.0,0.0
1971.7327199999995,13119.265254613963,0.0,0.0,0.0
1979.85432,12666.49593236745,0.0,0.0,0.0
2074.7717599999996,11253.607554179003,0.0,0.0,0.0
2098.58384,9842.823002759133,0.0,0.0,0.0
1986.3102399999993,8541.973323708511,0.0,0.0,0.0
1797.2724799999996,7559.446527939015,0.0,0.0,0.0
1580.1888799999997,6831.730863946484,0.0,0.0,0.0
1353.1525599999998,6347.6125381059555,0.0,0.0,0.0
1186.3213599999997,6048.710357589461,0.0,0.0,0.0
1092.9643199999998,5861.678173120857,0.0,0.0,0.0
988.3047199999999,5747.218088456936,0.0,0.0,0.0
836.28792,5661.000885790027,0.0,0.0,0.0
762.3249599999999,5664.58334552331,0.0,0.0,0.0
706.8987999999999,5794.712970128648,0.0,0.0,0.0
663.5008799999998,6013.143776747127,0.0,0.0,0.0
581.2809599999999,5916.536448482581,0.0,0.0,0.0
481.25743999999986,5460.690775772582,0.0,0.0,0.0
393.14183999999995,5050.722419813172,0.0,0.0,0.0
341.0207199999999,4571.337704201939,0.0,0.0,5.749303604538367
339.0053599999999,4318.521238370657,0.0,0.0,124.0250073471665
378.1243999999999,4283.450843086947,0.0,0.0,129.18209796463594
550.17072,4802.589945655322,0.0,0.0,0.0
949.33984,5845.949090912402,0.0,0.0,0.0
1378.9198399999998,6865.729498423559,0.0,0.0,0.0
2072.6436,9364.123023218805,0.0,0.0,0.0
3404.34912,13110.373609403381,0.0,0.0,0.0
4470.576079999999,15733.974598062392,0.0,0.0,0.0
4765.754879999999,17647.276035836654,0.0,0.0,0.0
5357.2856,20078.932602996658,0.0,0.0,0.0
6476.521039999999,23382.079561616756,0.0,0.0,0.0
7844.984319999998,26024.84323654992,0.0,0.0,0.0
8494.377679999998,26752.330655185484,0.0,0.0,0.0
8182.196159999998,27296.72560268794,0.0,0.0,0.0
7141.398079999999,26515.50128805314,0.0,0.0,0.0
6115.373039999998,24192.261265452988,0.0,0.0,0.0
5334.9173599999995,22455.522496860318,0.0,0.0,0.0
4802.65176,21462.635346626703,0.0,0.0,0.0
4723.853439999998,19962.94426681217,0.0,0.0,0.0
4138.962879999999,17098.633739952358,0.0,0.0,0.0
3354.671999999999,14263.846253830814,0.0,0.0,0.0
2497.6664799999994,11546.23794923446,0.0,0.0,0.0
1881.8236,8842.264823789159,0.0,0.0,0.0
1314.6463999999996,6652.826198928178,0.0,0.0,0.0
846.95128,5715.025569413261,0.0,0.0,0.0
618.3658399999998,4415.118642924029,0.0,0.0,0.0
673.4347999999999,4655.024360519854,0.0,0.0,0.0
989.6545599999998,6192.723254125163,0.0,0.0,0.0
1553.8914399999996,8217.061096208825,0.0,0.0,0.0
2387.5435999999995,10548.051537234722,0.0,0.0,0.0
3608.1110399999993,13184.702206085603,0.0,0.0,0.0
4769.0524,15247.00816711535,0.0,0.0,0.0
5367.712079999999,16743.05724492957,0.0,0.0,0.0
5559.066,18056.132936144742,0.0,0.0,0.0
5767.253439999999,19571.969894036974,0.0,0.0,0.0
6065.218399999999,21624.947566564544,0.0,0.0,0.0
6414.481039999999,24092.21040941158,0.0,0.0,0.0
6620.762159999999,25951.110062538042,0.0,0.0,0.0
6326.072159999999,26768.02996626042,0.0,0.0,0.0
5587.224639999999,26610.620059641806,0.0,0.0,0.0
5011.9897599999995,26125.985700820303,0.0,0.0,0.0
4935.368479999998,25972.148330223798,0.0,0.0,0.0
5781.041359999998,26311.092685321444,0.0,0.0,0.0
6847.2495199999985,27398.771124675022,0.0,0.0,0.0
7650.096,28004.00834537624,0.0,0.0,0.0
7860.216079999999,27150.648574228355,0.0,0.0,0.0
7601.783759999998,25299.598576639342,0.0,0.0,0.0
7191.563999999998,24166.92603082953,0.0,0.0,0.0
6849.588239999999,23776.76540237048,0.0,0.0,0.0
6344.3946399999995,22760.438446347365,0.0,0.0,0.0
5780.22168,20666.02927967449,0.0,0.0,0.0
5512.67512,18550.085659757242,0.0,0.0,0.0
5391.407599999999,17165.42031614346,0.0,0.0,0.0
5146.334559999999,16622.077282025297,0.0,0.0,0.0
4874.37752,16585.75649913385,0.0,0.0,0.0
4778.478719999999,16505.78131079446,0.0,0.0,0.0
4585.203439999999,15403.70356652954,0.0,0.0,0.0
4104.363359999999,13717.268089870406,0.0,0.0,0.0
3680.9084,12019.221871139413,0.0,0.0,0.0
3585.385599999999,11304.982606919171,0.0,0.0,0.0
3672.8206399999995,11423.640421409069,0.0,0.0,0.0
3615.021919999999,11424.22592036825,0.0,0.0,0.0
3259.9350399999994,10264.034923477016,0.0,0.0,0.0
2685.410799999999,8789.440909217801,0.0,0.0,0.0
2087.1083199999994,7493.682093998685,0.0,0.0,0.0
1618.5333599999997,6323.736089024857,0.0,0.0,0.0
1220.5298399999997,5161.957298346019,0.0,0.0,0.0
852.3957599999998,4133.860820872285,0.0,0.0,629.3652740469649
679.1161599999999,3316.712671792944,0.0,0.0,1380.5691236471714
582.9466399999998,2841.3073643618945,0.0,0.0,1710.2483658658916
519.09056,2616.634543415897,0.0,0.0,1896.2512462931443
469.8834399999999,2406.1724768689573,0.0,0.0,2021.4492525193882
479.6970399999999,2274.921472901123,0.0,0.0,1983.9657643705023
535.5631199999999,2355.5417024667277,0.0,0.0,1839.9219440702418
628.4275999999999,2507.8012029868,0.0,0.0,1738.618689938988
733.9181599999997,2725.835061158378,0.0,0.0,1363.941742319695
879.1105599999999,3271.9071158489874,0.0,0.0,590.20648172062
1148.6875199999995,4388.185690801792,0.0,0.0,0.0
1823.97224,6427.885437780522,0.0,0.0,0.0
2706.2374399999994,9013.438917804067,0.0,0.0,0.0
3578.0949599999994,11508.01181379789,0.0,0.0,0.0
4356.727039999999,13774.63706415878,0.0,0.0,0.0
4878.129999999999,15586.3097758152,0.0,0.0,0.0
5254.302959999999,17498.16235175827,0.0,0.0,0.0
5454.312399999999,20168.037605614772,0.0,0.0,0.0
6256.331679999999,22106.168168742694,0.0,0.0,0.0
5856.786559999999,21879.530452984538,0.0,0.0,0.0
4888.94752,20101.935765494574,0.0,0.0,0.0
4229.63904,18748.698815164185,0.0,0.0,0.0
5705.6007199999995,19830.1153927679,0.0,0.0,0.0
7065.686719999999,21809.895771686923,0.0,0.0,0.0
8049.381679999999,23875.357472869528,0.0,0.0,0.0
9071.552719999998,26493.649276051234,0.0,0.0,0.0
10006.311279999998,29105.738759750115,0.0,0.0,0.0
10650.493279999999,30113.600790143068,0.0,0.0,0.0
11179.122959999997,30302.02229417583,0.0,0.0,0.0
11610.252079999997,30597.103845890906,0.0,0.0,0.0
11725.635199999997,30886.638043060535,0.0,0.0,0.0
11272.754479999998,30521.246997688108,0.0,0.0,0.0
10541.498399999997,29772.1060412741,0.0,0.0,0.0
10192.946399999999,28992.39013073752,0.0,0.0,0.0
10171.886639999999,28727.109483673546,0.0,0.0,0.0
10253.790719999997,29045.46213808819,0.0,0.0,0.0
10304.170959999998,29425.917377020513,0.0,0.0,0.0
10444.911519999998,29873.089726165723,0.0,0.0,0.0
10561.644479999997,29853.44077804412,0.0,0.0,0.0
10555.887919999997,29914.372364643434,0.0,0.0,0.0
10330.472159999996,30122.482511642484,0.0,0.0,0.0
10008.965839999999,30231.375394338615,0.0,0.0,0.0
9799.766959999997,30117.480961211528,0.0,0.0,0.0
9541.135359999998,29620.3228788903,0.0,0.0,0.0
9470.172879999998,29823.62994968185,0.0,0.0,0.0
9814.092559999997,30594.34505418494,0.0,0.0,0.0
10039.094719999997,30170.761366496823,0.0,0.0,0.0
10079.725279999999,29414.45549061624,0.0,0.0,0.0
9943.82384,28433.40732781145,0.0,0.0,0.0
9474.726239999996,26880.058741687073,0.0,0.0,0.0
8587.23088,24577.529504303977,0.0,0.0,0.0
7489.269519999998,21391.978523078316,0.0,0.0,0.0
6371.977999999998,18007.675454489294,0.0,0.0,0.0
5275.749999999998,14659.782482192271,0.0,0.0,0.0
4217.753679999999,11726.12506165885,0.0,0.0,0.0
3352.7882399999994,9275.653138115731,0.0,0.0,0.0
2699.0671199999997,7699.162457537016,0.0,0.0,0.0
2147.6593599999997,6647.546784584394,0.0,0.0,0.0
1710.7247999999995,6118.751911045152,0.0,0.0,0.0
1525.1048799999999,6161.9696732015045,0.0,0.0,0.0
1468.9041599999998,6270.961793009363,0.0,0.0,0.0
1367.2751199999998,5998.913174925723,0.0,0.0,0.0
1250.0533599999999,5602.589921828537,0.0,0.0,0.0
1186.2198399999997,5319.893161656777,0.0,0.0,0.0
1123.5594399999998,5220.785058176756,0.0,0.0,0.0
1120.0626399999999,5186.816194833197,0.0,0.0,0.0
1243.3229599999997,5488.755030968487,0.0,0.0,0.0
1466.6631999999997,6247.4822923751635,0.0,0.0,0.0
1611.9984799999997,6634.695578615972,0.0,0.0,0.0
1680.0055999999997,6994.678201399369,0.0,0.0,0.0
1930.0756799999997,7790.172812700256,0.0,0.0,0.0
2258.522959999999,8983.856334798766,0.0,0.0,0.0
2777.888,10360.979657921425,0.0,0.0,0.0
3180.2343199999987,10995.610911115662,0.0,0.0,0.0
3357.845439999999,11515.702689956597,0.0,0.0,0.0
3489.4116,12028.629549330968,0.0,0.0,0.0
3782.5186399999993,12252.379465137923,0.0,0.0,0.0
4273.0332,12349.492902672264,0.0,0.0,0.0
4517.45952,12368.17925081013,0.0,0.0,0.0
4636.56128,12909.96426227421,0.0,0.0,0.0
4658.440719999999,13351.5098671846,0.0,0.0,0.0
4521.253359999999,13719.223060971393,0.0,0.0,0.0
4835.299839999999,14734.885128345952,0.0,0.0,0.0
4821.82024,14942.628098031615,0.0,0.0,0.0
4445.308879999999,15174.942176580462,0.0,0.0,0.0
4685.452559999999,15303.106906373641,0.0,0.0,0.0
5057.27896,16652.751473259574,0.0,0.0,0.0
5286.605119999999,17049.948012939945,0.0,0.0,0.0
5339.0232799999985,17537.490019134995,0.0,0.0,0.0
5409.493199999999,17939.638490690457,0.0,0.0,0.0
5371.453279999998,18210.10923869766,0.0,0.0,0.0
5262.56744,17988.651700171562,0.0,0.0,0.0
5050.119919999999,17025.694462834294,0.0,0.0,0.0
4797.098239999999,16457.413142539564,0.0,0.0,0.0
5184.652719999999,16722.941882382856,0.0,0.0,0.0
5645.346719999999,17380.59614549735,0.0,0.0,0.0
6080.935199999999,18130.99741323028,0.0,0.0,0.0
6199.811359999999,18109.47288369707,0.0,0.0,0.0
6224.428079999999,18105.036984802948,0.0,0.0,0.0
6192.919279999999,18339.3358055863,0.0,0.0,0.0
6125.55888,18721.954413554227,0.0,0.0,0.0
6058.37144,19543.250673903683,0.0,0.0,0.0
5920.108719999998,20192.11252891932,0.0,0.0,0.0
5484.185599999998,21113.846670045914,0.0,0.0,0.0
4746.451039999999,21144.16360767799,0.0,0.0,0.0
4094.508399999999,21000.835447213187,0.0,0.0,0.0
3671.357999999999,20573.05402969909,0.0,0.0,0.0
3432.5340799999994,19392.777441394664,0.0,0.0,0.0
3354.818639999999,17756.466629867962,0.0,0.0,0.0
3265.161439999999,15655.388729287155,0.0,0.0,0.0
3181.7834399999992,13733.75137412797,0.0,0.0,0.0
3133.7907999999993,12679.634925959874,0.0,0.0,0.0
3215.0744799999993,12360.319671561492,0.0,0.0,0.0
3430.1652799999993,12861.804491953939,0.0,0.0,0.0
4026.6817599999995,13625.424142968674,0.0,0.0,0.0
4773.026719999999,14450.670040364796,0.0,0.0,0.0
5354.15352,16118.92527815586,0.0,0.0,0.0
5971.41768,18467.44099311244,0.0,0.0,0.0
5979.418959999999,20766.318304784043,0.0,0.0,0.0
6206.037919999998,22845.196863471905,0.0,0.0,0.0
6408.701919999999,24113.14943998561,0.0,0.0,0.0
6564.760719999998,24172.036742083383,0.0,0.0,0.0
6263.407999999999,22651.019606959086,0.0,0.0,0.0
5565.0556799999995,20591.869386082202,0.0,0.0,0.0
5126.331359999998,19164.482465870697,0.0,0.0,0.0
4974.765759999999,18829.835077710763,0.0,0.0,0.0
4835.9465599999985,18362.23973097249,0.0,0.0,0.0
4483.581919999999,17747.902467126074,0.0,0.0,0.0
4026.696799999999,17311.348488935462,0.0,0.0,0.0
3587.7882399999994,17082.051218583067,0.0,0.0,0.0
3322.3322399999997,17230.351158345304,0.0,0.0,0.0
3335.5937599999993,17973.28979527649,0.0,0.0,0.0
3329.5063199999995,18651.50598794046,0.0,0.0,0.0
3315.3085599999995,19202.103254925743,0.0,0.0,0.0
3633.2466399999994,20423.047211615183,0.0,0.0,0.0
4197.900879999999,20418.3830673641,0.0,0.0,0.0
4502.532319999999,17779.648419166984,0.0,0.0,0.0
4987.324159999999,17627.646935137396,0.0,0.0,0.0
4962.504399999999,18780.37530122689,0.0,0.0,0.0
4547.498159999999,18179.206802106415,0.0,0.0,0.0
4030.7576,16451.042119966805,0.0,0.0,0.0
3988.65312,15277.503731548524,0.0,0.0,0.0
3891.652639999999,14529.067358627755,0.0,0.0,0.0
3684.420239999999,14569.218694031797,0.0,0.0,0.0
3880.304959999999,16715.826581472153,0.0,0.0,0.0
3969.8531199999993,16747.096195376787,0.0,0.0,0.0
4473.53144,15475.243600372283,0.0,0.0,0.0
4912.5866399999995,14844.62152649175,0.0,0.0,0.0
5047.687199999999,14549.79799126716,0.0,0.0,0.0
4816.026079999999,14413.416428623132,0.0,0.0,0.0
4262.358559999999,13711.214626055164,0.0,0.0,0.0
3392.3471999999992,12191.695971317922,0.0,0.0,0.0
2419.2253599999995,10363.03386613414,0.0,0.0,0.0
1590.6379199999997,9072.56438896998,0.0,0.0,0.0
1310.00656,9139.916616697916,0.0,0.0,0.0
1591.8486399999997,10616.812931949155,0.0,0.0,0.0
2204.2548799999995,12725.879420023844,0.0,0.0,0.0
2948.3889599999993,14505.43900232597,0.0,0.0,0.0
3617.1763999999985,16167.571310323587,0.0,0.0,0.0
3948.4211199999995,16967.6804473197,0.0,0.0,0.0
3914.5811199999994,16351.030958770081,0.0,0.0,0.0
3589.705839999999,15037.33999746221,0.0,0.0,0.0
3206.287359999999,13633.253951083796,0.0,0.0,0.0
2857.359359999999,12672.866954940211,0.0,0.0,0.0
2263.45984,11642.100999161066,0.0,0.0,0.0
1828.8527199999999,11046.400464896651,0.0,0.0,0.0
2263.9711999999995,11473.129969026459,0.0,0.0,0.0
2732.5236,12077.027488719381,0.0,0.0,0.0
3145.341519999999,12659.360784034403,0.0,0.0,0.0
3171.1351199999995,12287.578868666873,0.0,0.0,0.0
2832.3215199999995,10731.669965059977,0.0,0.0,0.0
2362.6298399999996,9023.848890824047,0.0,0.0,0.0
2311.81344,8335.183030295406,0.0,0.0,0.0
2292.33288,7871.7556422495945,0.0,0.0,0.0
1880.5903199999996,6673.626297545793,0.0,0.0,0.0
1605.2003999999997,6224.886002035322,0.0,0.0,0.0
1758.8001599999998,7057.366284876215,0.0,0.0,0.0
2131.5966399999998,8434.181972952529,0.0,0.0,0.0
2341.2617599999994,9646.25413185373,0.0,0.0,0.0
2468.8723999999993,10693.294973955817,0.0,0.0,0.0
2666.0731199999996,11292.310027751857,0.0,0.0,0.0
2980.570799999999,11832.785109341161,0.0,0.0,0.0
3230.1896799999995,12186.396709551795,0.0,0.0,0.0
3142.2244799999994,12139.199539215257,0.0,0.0,0.0
3250.3545599999993,12378.896858876462,0.0,0.0,0.0
3340.3839999999996,12287.132301664109,0.0,0.0,0.0
3403.4015999999992,12361.778457103852,0.0,0.0,0.0
3374.5849599999992,12719.558016006946,0.0,0.0,0.0
3058.3501599999995,13115.494244368403,0.0,0.0,0.0
2827.854639999999,13784.58062275365,0.0,0.0,0.0
3107.3617599999993,14908.698929532753,0.0,0.0,0.0
3639.4769599999995,16446.189425203436,0.0,0.0,0.0
4403.260799999999,18637.890656211755,0.0,0.0,0.0
5226.403759999999,20974.815476518823,0.0,0.0,0.0
6412.597279999999,23563.931568853306,0.0,0.0,0.0
7840.273039999999,25213.272213149543,0.0,0.0,0.0
8807.480399999999,24714.39732879547,0.0,0.0,0.0
8866.531199999998,22446.065200112895,0.0,0.0,0.0
8328.33232,19978.633654175934,0.0,0.0,0.0
7808.121279999998,18817.509828434486,0.0,0.0,0.0
7551.3471199999985,20197.372095840765,0.0,0.0,0.0
7148.9519199999995,22051.518291315595,0.0,0.0,0.0
6344.21792,22636.10426906678,0.0,0.0,0.0
5106.057439999999,21794.881196682887,0.0,0.0,0.0
4339.788239999999,20154.86884088883,0.0,0.0,0.0
4025.662799999999,17354.70518304823,0.0,0.0,0.0
4046.73008,14118.910452156066,0.0,0.0,0.0
4132.80024,13073.387937863374,0.0,0.0,0.0
4198.607759999999,13105.917863086917,0.0,0.0,0.0
4444.417759999999,13464.997428153612,0.0,0.0,0.0
4503.818239999999,13962.3142898536,0.0,0.0,0.0
4363.29952,13904.875849587019,0.0,0.0,0.0
4109.702559999999,13257.462856402568,0.0,0.0,0.0
4224.79616,13037.603035375245,0.0,0.0,0.0
4493.557199999999,13228.366535244719,0.0,0.0,0.0
4609.365199999998,13718.449011499937,0.0,0.0,0.0
4581.95856,13935.847752156471,0.0,0.0,0.0
4319.266159999999,13494.153291578494,0.0,0.0,0.0
3963.60776,12592.326115063985,0.0,0.0,0.0
3699.4564799999994,12018.983702071275,0.0,0.0,0.0
3513.983199999999,11644.710935199439,0.0,0.0,0.0
3359.5750399999993,11314.59868304535,0.0,0.0,0.0
3210.97232,10928.11975143131,0.0,0.0,0.0
3043.3552799999998,10530.734661238663,0.0,0.0,0.0
2950.505839999999,10251.878377290668,0.0,0.0,0.0
2822.989199999999,9989.019115752792,0.0,0.0,0.0
2546.4975999999997,9647.921315330714,0.0,0.0,0.0
2352.3311999999996,9366.990975747665,0.0,0.0,0.0
2285.6663999999996,9077.615557956793,0.0,0.0,0.0
2187.7973599999996,8839.972446508305,0.0,0.0,0.0
2042.9095199999995,8673.12509056462,0.0,0.0,0.0
1923.1384799999998,8658.825022765008,0.0,0.0,0.0
1905.8537599999995,8964.634106257581,0.0,0.0,0.0
1958.1741599999998,9495.701509655333,0.0,0.0,0.0
2121.2039999999997,10083.115745090689,0.0,0.0,0.0
2277.450799999999,10567.154681241833,0.0,0.0,0.0
1989.9348799999996,10309.674071159465,0.0,0.0,0.0
2062.8450399999997,10327.884081161052,0.0,0.0,0.0
2698.96936,10715.772179761589,0.0,0.0,0.0
3053.2440799999995,11204.782895210174,0.0,0.0,0.0
3455.9287999999992,11960.761288622063,0.0,0.0,0.0
3841.283679999999,12593.804748028691,0.0,0.0,0.0
4043.1317599999993,12756.355137034674,0.0,0.0,0.0
4037.698559999999,12430.827639442292,0.0,0.0,0.0
3836.196399999999,11702.387544534164,0.0,0.0,0.0
3525.1917599999997,10803.616871060794,0.0,0.0,0.0
3147.4095199999997,9894.624775079721,0.0,0.0,0.0
2685.3844799999997,9015.225185815121,0.0,0.0,0.0
2106.9912,8101.0132177573005,0.0,0.0,0.0
1474.4388799999997,7295.436115905125,0.0,0.0,0.0
957.4877599999999,6716.496729811107,0.0,0.0,0.0
887.5291999999998,6884.276914605011,0.0,0.0,0.0
1249.33144,7714.435049031534,0.0,0.0,0.0
1835.5116799999996,8683.634300696323,0.0,0.0,0.0
2491.3835200000003,9571.707213525711,0.0,0.0,0.0
3085.4259199999997,10377.115612287953,0.0,0.0,0.0
3522.8342399999997,11034.422545511412,0.0,0.0,0.0
3765.794159999999,11343.883554715474,0.0,0.0,0.0
3916.0174399999987,11669.698839931862,0.0,0.0,0.0
3905.579679999999,11392.390654926783,0.0,0.0,0.0
3608.393039999999,10639.002350130924,0.0,0.0,0.0
3171.4095999999995,10152.214545984987,0.0,0.0,0.0
2992.1403199999995,9749.292024958073,0.0,0.0,0.0
3088.4489599999997,9764.862327787767,0.0,0.0,0.0
3247.35784,10368.323204189095,0.0,0.0,0.0
3258.6190399999996,10308.12597221655,0.0,0.0,0.0
3159.1143999999995,10104.957833381419,0.0,0.0,0.0
3009.0076799999993,9858.155136520685,0.0,0.0,0.0
2823.252399999999,9462.685322584337,0.0,0.0,0.0
2584.1239199999995,8862.132093556556,0.0,0.0,0.0
2274.55184,8250.027664723955,0.0,0.0,0.0
2007.4263999999996,7634.191920490484,0.0,0.0,0.0
1802.2469599999993,7128.122345536331,0.0,0.0,0.0
1708.3146399999998,6931.275610718097,0.0,0.0,0.0
1776.2803999999996,7153.884299740207,0.0,0.0,0.0
1879.3043999999995,7400.270200731694,0.0,0.0,0.0
1992.1156799999992,7433.961200162418,0.0,0.0,0.0
1898.9315999999997,7012.967601090334,0.0,0.0,0.0
1697.3918399999998,6558.362392276899,0.0,0.0,0.0
1484.4291999999998,6289.409972079089,0.0,0.0,0.0
1310.9728799999998,5901.591339456757,0.0,0.0,0.0
1193.3863999999999,5405.9714323672715,0.0,0.0,0.0
1121.2470399999997,4987.329752843071,0.0,0.0,0.0
1058.02264,4664.799216024793,0.0,0.0,0.0
952.1184799999997,4375.33448483337,0.0,0.0,0.0
817.24352,3960.7218320452175,0.0,0.0,0.0
816.8900799999997,3882.7611570738504,0.0,0.0,515.1188003513427
928.2199199999998,4172.99993773673,0.0,0.0,315.596305412987
1121.3823999999997,4722.604833604758,0.0,0.0,0.0
1386.21048,5417.0065991911215,0.0,0.0,0.0
1766.6698399999998,6358.08205339297,0.0,0.0,0.0
2195.3323999999993,7164.919466564057,0.0,0.0,0.0
2580.7699999999995,7597.851290176694,0.0,0.0,0.0
2842.7931199999994,8027.756381881712,0.0,0.0,0.0
2964.2072799999996,8724.063500013197,0.0,0.0,0.0
3013.256479999999,9655.880131691081,0.0,0.0,0.0
3061.192719999999,10635.925999667441,0.0,0.0,0.0
3304.2052799999997,10954.119874703329,0.0,0.0,0.0
3490.1861599999997,10728.821859953461,0.0,0.0,0.0
3628.388719999999,10624.027469971583,0.0,0.0,0.0
3429.984799999999,10352.197173533741,0.0,0.0,0.0
2997.757759999999,9580.727866981537,0.0,0.0,0.0
2752.135759999999,9073.14988792916,0.0,0.0,0.0
2485.1193599999997,8296.282082499101,0.0,0.0,0.0
2165.353919999999,7250.203840380749,0.0,0.0,0.0
1898.34504,6279.496184617736,0.0,0.0,0.0
1747.0276,5799.516046336151,0.0,0.0,0.0
1526.3118399999998,5518.923112932966,0.0,0.0,0.0
1225.4779999999998,5022.340605859746,0.0,0.0,0.0
1162.99056,4778.693649151878,0.0,0.0,0.0
1345.77544,5275.087605712822,0.0,0.0,0.0
1685.30344,6351.135455572203,0.0,0.0,0.0
2131.9350399999994,7580.772583248776,0.0,0.0,0.0
2569.2756799999993,8602.359106193333,0.0,0.0,0.0
2911.4995999999996,9229.091085294238,0.0,0.0,0.0
3180.92992,9633.13498568365,0.0,0.0,0.0
3434.47048,9975.999206694438,0.0,0.0,0.0
3641.4096,10398.223345951916,0.0,0.0,0.0
3748.1823199999994,10884.425651138676,0.0,0.0,0.0
3706.119199999999,11253.915189225352,0.0,0.0,0.0
3481.534399999999,11067.805909895793,0.0,0.0,0.0
3136.39272,10502.858956555036,0.0,0.0,0.0
2732.4183199999998,9822.916038147045,0.0,0.0,0.0
2487.5370399999997,9424.856135594666,0.0,0.0,0.0
2528.4646399999992,9492.694625170057,0.0,0.0,0.0
2634.7109599999994,9735.676693229365,0.0,0.0,0.0
2654.8833599999994,9855.952072640384,0.0,0.0,0.0
2588.3463999999994,9785.364715070204,0.0,0.0,0.0
2484.4312799999993,9586.086671014702,0.0,0.0,0.0
2341.5136799999996,9302.992962396042,0.0,0.0,0.0
2161.9022399999994,8893.123843548356,0.0,0.0,0.0
1932.2151199999994,8159.523418830516,0.0,0.0,0.0
1624.8163199999995,7351.663863408659,0.0,0.0,0.0
1607.4338399999997,6851.826379070849,0.0,0.0,0.0
1732.1003999999996,6822.13463524265,0.0,0.0,0.0
1971.3115999999998,7345.918034639767,0.0,0.0,0.0
2337.8965599999997,8295.696583539922,0.0,0.0,0.0
2760.667199999999,9497.864878690942,0.0,0.0,0.0
3237.3186399999995,10734.62723098939,0.0,0.0,0.0
3799.9086399999997,12017.256976327255,0.0,0.0,0.0
4343.1196,13328.328077885577,0.0,0.0,0.0
4815.556079999999,14773.438746251215,0.0,0.0,0.0
5211.837519999998,15833.062854120068,0.0,0.0,0.0
5425.646159999998,16364.874535855757,0.0,0.0,0.0
5425.510799999999,16640.594927073227,0.0,0.0,0.0
5084.896159999998,16679.257705801392,0.0,0.0,0.0
4596.351839999999,16337.624024976001,0.0,0.0,0.0
4344.465679999999,15911.261698159577,0.0,0.0,0.0
4322.168879999999,15519.979690338032,0.0,0.0,0.0
4220.85568,15078.781415318681,0.0,0.0,0.0
4150.220319999999,14723.532402764582,0.0,0.0,0.0
4039.3003199999994,14137.180004424688,0.0,0.0,0.0
3922.3041599999997,13445.130158386217,0.0,0.0,0.0
3756.6611199999993,12668.23258182264,0.0,0.0,0.0
3505.9894399999994,11801.35671605777,0.0,0.0,0.0
3074.0857599999995,10516.58344910664,0.0,0.0,0.0
2392.2097599999997,8940.846970577035,0.0,0.0,0.0
2005.6779999999997,7466.620133631205,0.0,0.0,0.0
1693.2633599999995,6113.551886390748,0.0,0.0,0.0
1415.8843999999995,4927.648553851499,0.0,0.0,0.0
1195.5747199999998,4000.694540648154,0.0,0.0,273.32527342133153
991.4856799999999,3268.036868491703,0.0,0.0,968.7689211583263
852.6363999999998,2883.651839935065,0.0,0.0,1225.129480816734
806.2492799999999,2798.6751011647216,0.0,0.0,1176.9651923186136
806.4485599999999,2782.846781844542,0.0,0.0,977.2625661461516
790.6114399999998,2733.1190651590123,0.0,0.0,864.5531309268631
738.0842399999998,2679.3027794704017,0.0,0.0,974.4492039400943
709.0532799999999,2751.378693716461,0.0,0.0,1066.4811350890477
708.9216799999999,2835.9783314622478,0.0,0.0,952.826869933778
682.3196799999998,2783.97808491821,0.0,0.0,986.9741276565434
624.7991999999999,2741.8320835684904,0.0,0.0,1091.4567606264927
653.2849599999998,2867.1784793886713,0.0,0.0,854.5509395839482
777.5040799999998,3066.258049220723,0.0,0.0,417.85189147101465
852.8544799999999,3116.501798887224,0.0,0.0,93.8197204314979
835.4607199999998,3079.5260510583907,0.0,0.0,0.0
816.5592,3095.19559099981,0.0,0.0,0.0
813.9272,3081.788657205727,0.0,0.0,0.0
829.8658399999997,3113.3460587343607,0.0,0.0,0.0
862.6755999999998,3158.637876525771,0.0,0.0,0.0
859.0321599999999,3073.343578997907,0.0,0.0,0.0
771.0782399999999,2869.014365955588,0.0,0.0,0.0
628.2508799999998,2605.6886899926008,0.0,0.0,461.16027028565054
609.8907999999998,2539.4082230712966,0.0,0.0,882.7753919812853
593.4558399999999,2527.7875572882685,0.0,0.0,1231.6947867194342
553.3441599999999,2574.111441041621,0.0,0.0,1289.1259951741895
515.9847999999998,2562.639630926181,0.0,0.0,1141.6665302327854
481.50183999999985,2494.60266712734,0.0,0.0,1045.5925093446044
435.9005599999999,2431.3985506695194,0.0,0.0,1062.6252432018944
379.27495999999996,2475.638455076642,0.0,0.0,977.7355747109676
343.03231999999997,2652.806470639756,0.0,0.0,772.732389379539
352.72935999999993,2970.4049230052906,0.0,0.0,519.6511055517624
431.7720799999999,3387.1412499843645,0.0,0.0,218.55492494982474
572.4562399999999,3801.337106903272,0.0,0.0,0.0
766.0285599999999,4292.908139834366,0.0,0.0,0.0
1068.5393599999998,5124.802923716081,0.0,0.0,0.0
1488.8960799999998,6163.954415436011,0.0,0.0,0.0
1794.2043199999998,6847.281319353833,0.0,0.0,0.0
1847.6226399999996,6931.077136494646,0.0,0.0,0.0
1797.9342399999996,7003.956871345679,0.0,0.0,0.0
1757.7887199999996,7198.689855684163,0.0,0.0,0.0
1789.6283999999996,7414.381718019025,0.0,0.0,0.0
1904.1429599999997,8241.741365894897,0.0,0.0,0.0
2050.1475199999995,8917.109453452353,0.0,0.0,0.0
2169.4410399999997,9507.421412550086,0.0,0.0,0.0
2163.8950399999994,9655.046539952587,0.0,0.0,0.0
1884.4142399999996,9575.160665013751,0.0,0.0,0.0
2035.3180799999996,10103.568513817263,0.0,0.0,0.0
2238.7867199999996,10979.127626858097,0.0,0.0,0.0
2291.6523199999992,11596.28322467751,0.0,0.0,0.0
2207.4997599999997,12014.22032070846,0.0,0.0,0.0
2170.3020799999995,12754.638335001828,0.0,0.0,0.0
2329.5719199999994,13789.522630917567,0.0,0.0,0.0
2601.3522399999997,14889.407235013361,0.0,0.0,0.0
2909.7812799999992,16238.099125626733,0.0,0.0,0.0
3258.2693599999993,17656.574553205308,0.0,0.0,0.0
3772.49072,18970.255590802008,0.0,0.0,0.0
4269.370959999998,20199.743862810996,0.0,0.0,0.0
4573.833199999999,20883.963900734343,0.0,0.0,0.0
4933.9923199999985,21221.102140398587,0.0,0.0,0.0
5265.150559999999,21526.623436267153,0.0,0.0,0.0
5539.352319999998,21527.328019760404,0.0,0.0,0.0
5586.231999999999,21374.651723371087,0.0,0.0,0.0
5561.547599999999,20820.045277072102,0.0,0.0,0.0
5411.651439999999,20111.720544710686,0.0,0.0,0.0
5150.346479999999,19217.99111651296,0.0,0.0,0.0
5062.358719999998,18311.77765966019,0.0,0.0,0.0
4787.356079999999,16638.600261127554,0.0,0.0,0.0
4094.8054399999987,14824.218376321032,0.0,0.0,0.0
3175.507999999999,12830.167700735927,0.0,0.0,0.0
2646.295519999999,11192.179782021065,0.0,0.0,0.0
2525.6671999999994,10308.731318598075,0.0,0.0,0.0
2862.1646399999995,10515.045273874897,0.0,0.0,0.0
3110.516399999999,11053.58523178556,0.0,0.0,0.0
3277.1783999999993,11142.849013782434,0.0,0.0,0.0
3457.9291199999993,10664.70476206777,0.0,0.0,0.0
3504.3500799999993,9679.637496238107,0.0,0.0,0.0
3279.9608000000003,8459.348504486055,0.0,0.0,0.0
2681.263519999999,6980.477370711482,0.0,0.0,0.0
2006.7871999999995,6035.779761931659,0.0,0.0,0.0
1596.1312799999998,6330.831542513214,0.0,0.0,0.0
1421.6371999999997,7068.103740364889,0.0,0.0,0.0
1538.3287999999995,8073.256597607743,0.0,0.0,0.0
1907.7976799999997,9132.573070430246,0.0,0.0,0.0
2466.0260799999996,10175.932215687328,0.0,0.0,0.0
2823.0004799999997,10575.351666670342,0.0,0.0,0.0
2741.7355999999995,10021.717744066265,0.0,0.0,0.0
2353.5456799999997,9054.552853191844,0.0,0.0,0.0
1850.58928,8042.880117708642,0.0,0.0,0.0
1383.8755199999996,7127.2093641084575,0.0,0.0,0.0
1125.5071199999998,6796.968103709124,0.0,0.0,0.0
1034.1804799999995,7002.845415694356,0.0,0.0,0.0
1133.50088,7607.288739501766,0.0,0.0,0.0
1317.5904799999996,8052.932837126409,0.0,0.0,0.0
1407.9470399999996,8236.521493818147,0.0,0.0,0.0
1641.2888799999996,8705.972574545682,0.0,0.0,0.0
2185.7368799999995,9940.730337187279,0.0,0.0,0.0
2999.7091999999993,12270.658941117716,0.0,0.0,0.0
3831.011359999999,14993.635973458406,0.0,0.0,0.0
4685.294639999999,17998.446403098842,0.0,0.0,0.0
5479.959359999999,21341.665307433603,0.0,0.0,0.0
6408.355999999999,24569.937865257,0.0,0.0,0.0
7491.6871999999985,27378.874083774106,0.0,0.0,0.0
8505.706559999999,29858.382786208032,0.0,0.0,0.0
9256.311599999997,31805.732477015234,0.0,0.0,0.0
9840.920159999998,32747.92931057958,0.0,0.0,0.0
10233.400239999999,33185.11840628523,0.0,0.0,0.0
10287.235919999997,33566.84388024764,0.0,0.0,0.0
10131.526799999998,33599.85014360746,0.0,0.0,0.0
10167.182879999998,33668.53214863251,0.0,0.0,0.0
10350.870159999999,34006.10703158834,0.0,0.0,0.0
10516.78768,34239.02645651872,0.0,0.0,0.0
10563.595919999998,34665.86512147142,0.0,0.0,0.0
10434.838479999999,34271.12966216183,0.0,0.0,0.0
10363.932399999996,33815.76032758811,0.0,0.0,0.0
10231.230719999998,33307.76555266649,0.0,0.0,0.0
9937.999599999997,32184.679311849326,0.0,0.0,0.0
9562.315439999997,30642.58421419459,0.0,0.0,0.0
9200.731279999996,28971.0144568719,0.0,0.0,0.0
8834.586239999997,27528.1663946536,0.0,0.0,0.0
8413.157919999998,26469.534657902,0.0,0.0,0.0
7931.366559999998,25404.01586559667,0.0,0.0,0.0
7417.3219199999985,24321.914551922044,0.0,0.0,0.0
6906.680079999997,23250.03466075512,0.0,0.0,0.0
6402.103119999999,22387.4756093503,0.0,0.0,0.0
5852.988959999999,21493.438546106227,0.0,0.0,0.0
5270.888319999999,20672.152209467942,0.0,0.0,0.0
4756.452639999999,20126.496950646575,0.0,0.0,0.0
4474.294719999999,19749.65394258106,0.0,0.0,0.0
4301.251999999999,19521.04140829957,0.0,0.0,0.0
4097.3960799999995,18966.980766115073,0.0,0.0,0.0
3826.954319999999,18249.635380297837,0.0,0.0,0.0
3794.2648799999993,17684.162470264935,0.0,0.0,0.0
4046.936879999999,17496.475320858943,0.0,0.0,0.0
4144.45248,17299.757594285955,0.0,0.0,0.0
4099.155759999999,16993.968358215723,0.0,0.0,0.0
3962.851999999999,16289.27570414345,0.0,0.0,0.0
3737.5678399999993,15604.529709527957,0.0,0.0,0.0
3412.850479999999,14751.934064140352,0.0,0.0,0.0
3099.0371199999995,13735.23000709268,0.0,0.0,0.0
2507.6267199999998,11971.766684312392,0.0,0.0,0.0
1670.9740799999997,9855.50550563762,0.0,0.0,0.0
1148.0332799999996,8416.805554689436,0.0,0.0,0.0
874.2977599999999,7404.507625402363,0.0,0.0,0.0
827.1435999999998,6861.164591284198,0.0,0.0,0.0
934.7848799999999,6881.5776651660835,0.0,0.0,0.0
1073.63416,7139.524689673562,0.0,0.0,0.0
1210.03192,7385.404481395249,0.0,0.0,0.0
1331.3332799999998,7533.922742803278,0.0,0.0,0.0
1463.4596799999997,7756.382576157803,0.0,0.0,0.0
1617.8640799999996,7914.546684825529,0.0,0.0,0.0
1788.2447199999995,8213.766424099544,0.0,0.0,0.0
2021.0939999999996,8857.795431774162,0.0,0.0,0.0
2244.8177599999995,9840.01459249731,0.0,0.0,0.0
2405.0125599999997,10696.619417198615,0.0,0.0,0.0
2499.79464,11361.001956488084,0.0,0.0,0.0
2711.0239199999996,12006.162267236368,0.0,0.0,0.0
3059.58344,12434.032998151017,0.0,0.0,0.0
3261.35632,12382.390005209189,0.0,0.0,0.0
3345.681839999999,12088.608459657718,0.0,0.0,0.0
3386.3800799999995,11445.998542680773,0.0,0.0,0.0
3444.5735999999997,10845.544550764718,0.0,0.0,0.0
3568.619759999999,10728.42491150656,0.0,0.0,0.0
3730.668239999999,10950.061076833765,0.0,0.0,0.0
3661.800079999999,10828.068895389899,0.0,0.0,0.0
3422.2354399999995,10457.8648500988,0.0,0.0,0.0
3472.773599999999,10405.864603554763,0.0,0.0,0.0
3536.5356799999995,10620.494628794164,0.0,0.0,0.0
3629.17456,10798.119135071212,0.0,0.0,0.0
3632.069759999999,10840.175823020381,0.0,0.0,0.0
3644.207039999999,11149.587213668581,0.0,0.0,0.0
3717.8428799999992,11719.873123620155,0.0,0.0,0.0
3759.2179199999996,12267.016939117399,0.0,0.0,0.0
3726.6337599999993,12580.506975057508,0.0,0.0,0.0
3659.107919999999,12710.974005842712,0.0,0.0,0.0
3652.046639999999,12630.750724724006,0.0,0.0,0.0
3638.9580799999994,12004.286685824762,0.0,0.0,0.0
3342.891919999999,11107.35189891831,0.0,0.0,0.0
2693.7467199999996,10368.015569142748,0.0,0.0,0.0
2193.2117599999992,9696.130704206847,0.0,0.0,0.0
2053.2570399999995,9108.448528569836,0.0,0.0,0.0
2025.5119999999995,8752.842262413524,0.0,0.0,0.0
2054.8099199999992,8754.678148980442,0.0,0.0,0.0
2136.3079199999993,8982.57617605751,0.0,0.0,0.0
2290.7724799999996,9539.703244994314,0.0,0.0,0.0
2519.940719999999,10408.008125168026,0.0,0.0,0.0
2756.313119999999,11335.607179597588,0.0,0.0,0.0
2918.45936,12154.601138955019,0.0,0.0,0.0
3019.5431999999996,12909.001662290475,0.0,0.0,0.0
2817.255199999999,13440.009523421191,0.0,0.0,0.0
2508.4163199999994,13816.267032527527,0.0,0.0,0.0
2763.0209599999994,14563.502636396423,0.0,0.0,0.0
3445.2428799999993,15943.28551411332,0.0,0.0,0.0
5141.048,19044.14754419264,0.0,0.0,0.0
6507.875679999999,21778.79486087222,0.0,0.0,0.0
7632.589439999998,24616.083122209246,0.0,0.0,0.0
8906.01872,26882.212187011508,0.0,0.0,0.0
10075.074159999996,28818.81449861886,0.0,0.0,0.0
10913.67448,30709.589112031492,0.0,0.0,0.0
11259.628319999998,31754.20856860748,0.0,0.0,0.0
11553.393359999998,32519.386242276298,0.0,0.0,0.0
11664.335919999998,32931.964534274084,0.0,0.0,0.0
11191.154959999994,32806.89600236673,0.0,0.0,0.0
9980.107839999999,31366.141843205834,0.0,0.0,0.0
8908.522879999999,29694.532391038454,0.0,0.0,0.0
8151.668719999998,28945.004409888705,0.0,0.0,0.0
7845.262559999998,28955.831178777935,0.0,0.0,0.0
7697.253919999999,29229.884386518428,0.0,0.0,0.0
7929.591839999999,28660.94810128631,0.0,0.0,0.0
7999.042799999998,27856.641234464223,0.0,0.0,0.0
7769.513599999998,27351.74265742842,0.0,0.0,0.0
7553.569279999999,26476.749195924425,0.0,0.0,0.0
7065.024959999999,25435.940444438686,0.0,0.0,0.0
6850.001839999999,25149.88946989061,0.0,0.0,0.0
7462.6035999999995,26282.303999209944,0.0,0.0,0.0
8348.410719999998,27952.563826657853,0.0,0.0,0.0
9325.668559999998,29993.68266433426,0.0,0.0,0.0
10499.705999999996,32366.154218061314,0.0,0.0,0.0
11505.160079999998,34417.30592773315,0.0,0.0,0.0
12212.543919999996,35674.41188793527,0.0,0.0,0.0
12656.622479999996,36125.583492683014,0.0,0.0,0.0
12841.509199999995,35955.213219273086,0.0,0.0,0.0
12818.475439999997,35491.240027112784,0.0,0.0,0.0
12662.033119999998,35260.85114853141,0.0,0.0,0.0
12472.359919999997,35416.44501600545,0.0,0.0,0.0
12289.413359999997,35468.84221099639,0.0,0.0,0.0
11965.357759999997,35680.73329195217,0.0,0.0,0.0
11244.201039999996,35859.81658377158,0.0,0.0,0.0
10768.109839999997,36136.69804919624,0.0,0.0,0.0
10750.227279999997,36968.59283307796,0.0,0.0,0.0
10874.23208,37876.63225278647,0.0,0.0,0.0
11201.807039999996,38469.66330874547,0.0,0.0,0.0
11470.797439999997,38799.289299052114,0.0,0.0,0.0
11736.40384,39058.6057957014,0.0,0.0,0.0
11990.128639999999,39449.08398291796,0.0,0.0,0.0
12292.838719999996,39663.85294011378,0.0,0.0,0.0
12474.849039999996,39677.11101824028,0.0,0.0,0.0
12640.537199999997,39704.84779096749,0.0,0.0,0.0
13113.624159999998,39646.13911567082,0.0,0.0,0.0
13500.456719999998,39305.16039978281,0.0,0.0,0.0
13515.064319999996,38754.394429707594,0.0,0.0,0.0
13407.791519999997,38228.9438468335,0.0,0.0,0.0
13209.51168,37654.03348747553,0.0,0.0,0.0
12929.745119999998,37034.019860838416,0.0,0.0,0.0
12653.471599999997,36476.59508056645,0.0,0.0,0.0
12378.660719999998,35952.72236776878,0.0,0.0,0.0
12178.703919999998,35459.65285445064,0.0,0.0,0.0
11986.173119999998,34868.36837165799,0.0,0.0,0.0
11886.788799999997,34383.56530974656,0.0,0.0,0.0
11836.987599999997,33899.248509682584,0.0,0.0,0.0
11638.955919999997,33188.66117117383,0.0,0.0,0.0
11237.417999999996,32263.463654848016,0.0,0.0,0.0
10612.851919999997,31063.925143157718,0.0,0.0,0.0
10014.620879999999,29913.9853399077,0.0,0.0,0.0
9185.480719999998,28907.850035258773,0.0,0.0,0.0
8692.853039999998,28137.502108069064,0.0,0.0,0.0
8334.408479999998,27411.05667910661,0.0,0.0,0.0
7909.648799999998,26659.33555778774,0.0,0.0,0.0
7610.412959999999,26158.12860130812,0.0,0.0,0.0
7363.993839999998,25833.454542876574,0.0,0.0,0.0
6944.652319999999,25447.739737022817,0.0,0.0,0.0
6629.650799999999,25355.548460230053,0.0,0.0,0.0
7174.884639999998,25606.777132273728,0.0,0.0,0.0
7467.194559999998,25870.62876492886,0.0,0.0,0.0
7820.288639999999,26607.454395777768,0.0,0.0,0.0
8345.962959999999,27703.389362826896,0.0,0.0,0.0
8828.453679999999,28675.85351546745,0.0,0.0,0.0
9186.619999999997,29340.712392893198,0.0,0.0,0.0
9498.09088,30034.548506942727,0.0,0.0,0.0
9802.3764,30728.116680790597,0.0,0.0,0.0
10082.42872,31225.979346605072,0.0,0.0,0.0
10248.703439999997,31376.4128842694,0.0,0.0,0.0
10509.33536,31595.984917672722,0.0,0.0,0.0
10695.51176,31740.96041419215,0.0,0.0,0.0
10656.554399999997,31660.389803182414,0.0,0.0,0.0
10255.245839999998,31249.984803931417,0.0,0.0,0.0
9671.095999999998,30543.724203493883,0.0,0.0,0.0
9204.239359999998,29959.63441130133,0.0,0.0,0.0
8761.352719999999,29717.982120539134,0.0,0.0,0.0
8647.529999999999,29630.464911708626,0.0,0.0,0.0
8536.17384,29570.734094161187,0.0,0.0,0.0
8405.716879999998,29590.779990729687,0.0,0.0,0.0
8195.047839999997,29509.157466335662,0.0,0.0,0.0
8086.0228799999995,29312.132104716315,0.0,0.0,0.0
7610.202399999998,28745.46834934272,0.0,0.0,0.0
7536.21688,28921.782925745,0.0,0.0,0.0
7988.935919999998,30415.4900077225,0.0,0.0,0.0
8765.966239999998,32328.622742406824,0.0,0.0,0.0
9924.410959999997,33699.68267800307,0.0,0.0,0.0
10969.995519999997,34708.83479084845,0.0,0.0,0.0
11925.471679999997,35987.842381608345,0.0,0.0,0.0
12601.271519999998,37243.559022246314,0.0,0.0,0.0
13043.402399999997,38271.7845079653,0.0,0.0,0.0
13426.207999999995,38967.60536424933,0.0,0.0,0.0
13662.843599999998,39359.582031852944,0.0,0.0,0.0
13808.216479999995,39641.435276575045,0.0,0.0,0.0
13673.702479999994,39870.88140259502,0.0,0.0,0.0
13105.427359999996,39642.12993635712,0.0,0.0,0.0
12446.979919999996,39252.72350994719,0.0,0.0,0.0
12148.838239999997,38908.17225803707,0.0,0.0,0.0
11953.318239999999,38076.06907622073,0.0,0.0,0.0
11722.837759999997,36958.64927448308,0.0,0.0,0.0
11203.363679999999,35136.000938269855,0.0,0.0,0.0
10410.616559999999,32957.150913229954,0.0,0.0,0.0
9534.483919999997,30907.577073634562,0.0,0.0,0.0
8623.962319999999,28761.385982063453,0.0,0.0,0.0
7718.475359999998,26424.9970421597,0.0,0.0,0.0
6846.271919999998,23751.023295588944,0.0,0.0,0.0
5841.381839999998,21013.468331535816,0.0,0.0,0.0
4944.016479999999,18526.179439542626,0.0,0.0,0.0
4293.80344,16426.758798727635,0.0,0.0,0.0
3842.1184,14894.00191328624,0.0,0.0,0.0
3513.1860799999995,13798.444047261672,0.0,0.0,0.0
3387.451679999999,13304.501247360344,0.0,0.0,0.0
3373.6787999999992,13199.548077999705,0.0,0.0,0.0
3487.181919999999,13383.881013029382,0.0,0.0,0.0
3764.1698399999996,13858.591660678352,0.0,0.0,0.0
4100.550719999999,14450.799048610039,0.0,0.0,0.0
4361.532319999999,14845.514660497278,0.0,0.0,0.0
4453.53576,15044.961407642708,0.0,0.0,0.0
4504.05512,15280.312141810347,0.0,0.0,0.0
4565.681519999999,15478.826060105566,0.0,0.0,0.0
4449.794559999999,15640.12606150381,0.0,0.0,0.0
4262.817279999999,15797.148943386694,0.0,0.0,0.0
4281.53832,15393.79970277936,0.0,0.0,0.0
4334.783679999999,14731.927862416538,0.0,0.0,0.0
4273.600959999999,14488.816786111987,0.0,0.0,0.0
3994.6578399999994,14527.16200608263,0.0,0.0,0.0
3594.620159999999,14084.574411499123,0.0,0.0,0.0
3301.4003199999993,12950.413309013431,0.0,0.0,0.0
3134.4788799999997,11856.711176978124,0.0,0.0,0.0
3115.0434399999995,11267.917545689785,0.0,0.0,0.0
2910.9167999999995,11533.614988623007,0.0,0.0,0.0
2700.8719199999996,12950.591935814533,0.0,0.0,0.0
2856.0320799999995,14930.392162155895,0.0,0.0,0.0
3460.985999999999,17246.36802817776,0.0,0.0,0.0
4766.642239999998,19765.690659835862,0.0,0.0,0.0
6502.724479999999,21847.08984116155,0.0,0.0,0.0
7861.532079999998,23740.305687522618,0.0,0.0,0.0
8778.475759999998,25844.251540632285,0.0,0.0,0.0
9369.085279999998,28072.164393709147,0.0,0.0,0.0
9894.590399999997,29783.627469945397,0.0,0.0,0.0
10407.225039999998,30700.68754310973,0.0,0.0,0.0
10763.154159999998,31517.23034580755,0.0,0.0,0.0
11223.927119999998,33338.7176078136,0.0,0.0,0.0
11713.174559999998,35474.92544594515,0.0,0.0,0.0
11605.010639999999,36404.51916632039,0.0,0.0,0.0
11182.469359999997,35852.09593647935,0.0,0.0,0.0
10798.479359999998,35227.22961507888,0.0,0.0,0.0
10417.816959999998,35038.996661558405,0.0,0.0,0.0
10031.349119999999,34727.95778227792,0.0,0.0,0.0
9755.71856,34314.06956040535,0.0,0.0,0.0
9416.70568,33711.45219945369,0.0,0.0,0.0
9068.371759999998,33249.69199488486,0.0,0.0,0.0
8742.939999999999,32963.0952162223,0.0,0.0,0.0
8453.739599999997,32419.9109614829,0.0,0.0,0.0
7916.337839999997,31221.384668332194,0.0,0.0,0.0
7543.928639999998,29984.542926344366,0.0,0.0,0.0
7621.241759999999,28843.19705696976,0.0,0.0,0.0
7438.415519999998,27596.272824430645,0.0,0.0,0.0
7110.693919999999,26370.218156487354,0.0,0.0,0.0
6765.721439999998,25188.959120776846,0.0,0.0,0.0
6450.671039999999,24073.543908696058,0.0,0.0,0.0
6267.356,23221.82154989163,0.0,0.0,0.0
6329.771999999999,22836.960183198717,0.0,0.0,0.0
6545.396719999999,22773.86522756379,0.0,0.0,0.0
6778.2873599999975,22831.720463699618,0.0,0.0,0.0
6849.392719999999,22670.212064366755,0.0,0.0,0.0
6767.736799999999,22127.47437663011,0.0,0.0,0.0
6517.249359999999,21503.411875834616,0.0,0.0,0.0
6109.30816,20892.666995432653,0.0,0.0,0.0
5612.085759999998,20315.56349590555,0.0,0.0,0.0
5338.4141599999975,19833.4398360107,0.0,0.0,0.0
5197.36904,19424.72186765903,0.0,0.0,0.0
5089.754079999998,19153.010655755254,0.0,0.0,0.0
4982.703119999998,19047.680385370062,0.0,0.0,0.0
4821.3878399999985,18988.48544822594,0.0,0.0,0.0
4695.792559999999,18705.610061253075,0.0,0.0,0.0
4572.881919999999,18308.562377240298,0.0,0.0,0.0
4510.589999999999,17970.064589145422,0.0,0.0,0.0
4435.875039999999,17557.099272411906,0.0,0.0,0.0
4164.779039999999,16969.24839368496,0.0,0.0,0.0
4083.1983199999995,16520.39893735159,0.0,0.0,0.0
3858.169839999999,16043.514996955835,0.0,0.0,0.0
3628.2834399999997,15609.878589849952,0.0,0.0,0.0
3438.238,15343.426944867615,0.0,0.0,0.0
3328.8558399999997,15496.033775278727,0.0,0.0,0.0
3344.2868799999997,16049.240978302381,0.0,0.0,0.0
3441.7310399999997,16799.632322324138,0.0,0.0,0.0
3609.036,17655.70126662213,0.0,0.0,0.0
3770.5242399999993,18464.45395604951,0.0,0.0,0.0
3885.8547199999994,19125.164722205147,0.0,0.0,0.0
3990.371439999999,19640.175560925753,0.0,0.0,0.0
4122.59184,20148.89476676297,0.0,0.0,0.0
4252.51488,20532.18818709063,0.0,0.0,0.0
4318.104319999999,20782.53364883995,0.0,0.0,0.0
4460.051839999998,21402.95414763513,0.0,0.0,0.0
4807.821759999999,22106.57504090077,0.0,0.0,0.0
5006.0038399999985,22460.365267912508,0.0,0.0,0.0
5040.201039999999,22207.181624767843,0.0,0.0,0.0
4939.293919999998,21705.111305416212,0.0,0.0,0.0
4858.85624,21343.937837292116,0.0,0.0,0.0
4743.480639999999,20710.298955215134,0.0,0.0,0.0
4663.524239999999,20152.248981139284,0.0,0.0,0.0
4406.8741599999985,19579.273745459956,0.0,0.0,0.0
4037.06312,18854.039009260556,0.0,0.0,0.0
3940.536399999999,17898.425318190955,0.0,0.0,0.0
3530.534719999999,16652.245363989776,0.0,0.0,0.0
3138.7201599999994,15490.853598046666,0.0,0.0,0.0
2843.1202399999993,14453.230357847311,0.0,0.0,0.0
2640.945039999999,13759.463709775988,0.0,0.0,0.0
2587.47032,13474.524190879236,0.0,0.0,0.0
2674.7587199999994,13631.735623274397,0.0,0.0,0.0
2847.4818399999995,14062.87125516481,0.0,0.0,0.0
3029.3116799999993,14620.038018946307,0.0,0.0,0.0
3152.884079999999,14972.002283102296,0.0,0.0,0.0
3284.2396799999988,15263.560917351124,0.0,0.0,0.0
3404.063359999999,15291.535859146472,0.0,0.0,0.0
3452.9132799999998,14769.221169002894,0.0,0.0,0.0
3480.0078399999993,14136.862445667168,0.0,0.0,0.0
3721.730719999999,14050.645243000261,0.0,0.0,0.0
4043.5904799999994,14011.138948822429,0.0,0.0,0.0
4156.992079999999,13863.72221935455,0.0,0.0,0.0
4062.8604799999994,13472.777617712874,0.0,0.0,0.0
4037.0179999999987,13141.147037749386,0.0,0.0,0.0
4049.365839999999,12764.919299776566,0.0,0.0,0.0
4045.9216799999986,12431.165045622158,0.0,0.0,0.0
4010.438559999999,12238.664896297489,0.0,0.0,0.0
3786.0079199999996,11877.312801372287,0.0,0.0,0.0
3279.69384,11195.434759285652,0.0,0.0,0.0
3223.87664,10751.686090494963,0.0,0.0,0.0
3231.644799999999,10350.569684901444,0.0,0.0,0.0
3379.732399999999,10239.950076461295,0.0,0.0,0.0
3554.9709599999996,10327.01079457787,0.0,0.0,0.0
3681.5400799999998,10319.736714288405,0.0,0.0,0.0
3790.5123999999996,10415.143273501075,0.0,0.0,0.0
3955.56888,10870.998869922249,0.0,0.0,0.0
4045.8915999999995,11504.260650974675,0.0,0.0,0.0
4001.760479999999,11774.800864960087,0.0,0.0,0.0
3873.867839999999,11319.193361318228,0.0,0.0,0.0
3637.529279999999,10675.86893713686,0.0,0.0,0.0
3334.10104,9892.362168932385,0.0,0.0,0.0
2899.9075199999997,8929.186609949316,0.0,0.0,0.0
2550.2576,8165.983754803829,0.0,0.0,0.0
2499.3171199999992,7879.1488070731275,0.0,0.0,0.0
2422.4175999999998,7678.660070254577,0.0,0.0,0.0
2198.1035199999997,7097.219908945083,0.0,0.0,0.0
1919.46496,6378.792838610034,0.0,0.0,0.0
1657.7200799999994,5708.02935303663,0.0,0.0,0.0
1464.8283199999996,5123.721239198276,0.0,0.0,0.0
1324.0651999999998,4572.8858031448535,0.0,0.0,0.0
1229.1251999999997,3991.167777922529,0.0,0.0,0.0
1116.4906399999998,3393.641280802369,0.0,0.0,0.0
974.5619199999996,2789.952159044071,0.0,0.0,0.0
856.8062399999998,2398.660227511355,0.0,0.0,1209.7546901208152
853.6628799999999,2319.7171051339074,0.0,0.0,1752.447383160988
922.74912,2573.0892987908514,0.0,0.0,1702.9612258477837
979.3258399999999,2880.6151843162716,0.0,0.0,1346.7640018938296
964.5114399999998,3021.641043789045,0.0,0.0,1004.6593397995773
903.1933599999999,3005.663868801277,0.0,0.0,864.2358392185203
825.9140799999999,2814.1263194603453,0.0,0.0,1065.3782457447483
764.9757599999998,2525.812738764936,0.0,0.0,1325.2399789440954
737.5352799999998,2243.8999517758057,0.0,0.0,1513.898408466654
731.0041599999998,2094.6374120298365,0.0,0.0,1659.474738305701
732.5532799999999,2008.1224980277511,0.0,0.0,1888.0377629079069
704.2179199999999,1860.7156922710444,0.0,0.0,2002.9841695320054
645.0279999999999,1713.4279710484075,0.0,0.0,2134.0649233122226
590.76744,1677.712534538485,0.0,0.0,2192.6519191788234
589.7635199999999,1758.3724589487795,0.0,0.0,2021.6365441982553
574.3738399999999,1820.991076447421,0.0,0.0,1819.0876160753246
504.68976,1859.465304663306,0.0,0.0,1517.008929993123
429.2942399999999,1883.5898465237174,0.0,0.0,1307.5184102809517
383.2868799999999,1855.406506793743,0.0,0.0,1110.8977971413085
359.0649599999999,1790.2374955237617,0.0,0.0,1078.8135407006848
348.00303999999994,1684.0240148442117,0.0,0.0,1114.8753680571554
348.0368799999999,1616.6717871162755,0.0,0.0,1119.4230379378498
310.97831999999994,1443.364095199274,0.0,0.0,1359.196453362782
237.07175999999993,1199.3400374668502,0.0,0.0,2003.459278913262
168.18479999999994,1012.8735045350791,0.0,0.0,3221.3980233196066
130.08847999999998,896.2599745467215,0.0,0.0,3914.2282689987833
112.04047999999997,819.3512129596418,0.0,204.42669372401707,4021.9999999999995
109.86719999999998,800.3969246201164,0.0,224.21301427072723,4021.9999999999995
120.80503999999998,792.2694051698171,0.0,21.74592032783872,4021.9999999999995
141.75199999999998,795.8717123254444,0.0,0.0,3792.5543070820568
181.28839999999997,908.8730114470023,0.0,0.0,3562.6906144927307
225.11119999999994,1117.9854532744787,0.0,0.0,3202.735264574518
266.44863999999995,1465.9107669832542,0.0,0.0,2708.2044419948706
302.1084799999999,2040.3050933602542,0.0,0.0,2060.750286102527
349.9996,2810.097292724299,0.0,0.0,1358.2702841297414
401.72215999999986,3553.929063661016,0.0,0.0,524.2015581583194
444.3605599999999,4186.843514822403,0.0,0.0,0.0
500.4785599999999,4743.494245622926,0.0,0.0,0.0
574.84008,5224.427060177074,0.0,0.0,0.0
644.5128799999998,5442.599850305067,0.0,0.0,0.0
688.6740799999999,5538.770535278019,0.0,0.0,0.0
715.7573599999998,5635.8343542565,0.0,0.0,0.0
732.8616,5535.247617811773,0.0,0.0,0.0
753.8799999999999,5307.349590734704,0.0,0.0,0.0
795.8979999999998,5268.786049118266,0.0,0.0,0.0
898.3655199999998,5527.159793206163,0.0,0.0,0.0
1032.7930399999998,5862.472070014658,0.0,0.0,0.0
992.5121599999998,6042.85536799767,0.0,0.0,0.0
916.8271199999999,6373.8309830237695,0.0,0.0,0.0
998.0431199999999,6906.555646187332,0.0,0.0,0.0
1115.8288799999998,7457.123142039096,0.0,0.0,0.0
1237.4122399999999,7947.39416880659,0.0,0.0,0.0
1364.2031999999995,8378.013767716027,0.0,0.0,0.0
1530.3726399999996,8780.350789783766,0.0,0.0,0.0
1724.4563199999996,9297.72347176343,0.0,0.0,0.0
1911.0688799999998,9906.850787244273,0.0,0.0,0.0
2098.7906399999997,10691.369773988346,0.0,0.0,0.0
2306.58328,11573.4586889807,0.0,0.0,0.0
2491.7181599999994,12352.053220154778,0.0,0.0,0.0
2525.3588799999998,12797.409530155417,0.0,0.0,0.0
2406.4488799999995,12918.191018836236,0.0,0.0,0.0
2212.6810399999995,12904.228357216489,0.0,0.0,0.0
2045.0451999999996,12951.782781155238,0.0,0.0,0.0
1970.4580799999992,13119.91029584018,0.0,0.0,0.0
1988.9497599999997,13416.262082585336,0.0,0.0,0.0
2045.6994399999994,13536.408453751112,0.0,0.0,0.0
2049.0571199999995,13300.035577332708,0.0,0.0,0.0
1999.6619999999996,13007.0975472309,0.0,0.0,0.0
1958.2869599999997,12723.011467494987,0.0,0.0,0.0
1926.3231999999996,12510.892141182236,0.0,0.0,0.0
1714.4095999999997,12168.246241817242,0.0,0.0,0.0
1421.0995199999995,11539.569215326523,0.0,0.0,0.0
1233.4266399999997,10904.620403374765,0.0,0.0,0.0
1004.0854399999998,10123.673952652802,0.0,0.0,0.0
817.4653599999998,9313.442630260712,0.0,0.0,0.0
724.5670399999999,8614.991990515959,0.0,0.0,0.0
712.0988799999998,8355.675493866673,0.0,0.0,0.0
733.26392,8436.355265699312,0.0,0.0,0.0
806.9636799999998,8770.22860438779,0.0,0.0,0.0
954.4233599999998,9288.13716677077,0.0,0.0,0.0
1138.2422399999998,9928.772265224385,0.0,0.0,0.0
1317.3911999999998,10557.201198935789,0.0,0.0,0.0
1473.51768,11233.065472051872,0.0,0.0,0.0
1625.5795999999996,11813.463643688252,0.0,0.0,0.0
1722.0198399999997,12387.500716463039,0.0,0.0,0.0
1839.6288799999995,12978.080615762434,0.0,0.0,0.0
1975.4137599999997,13589.43084254592,0.0,0.0,0.0
2189.6021599999995,14190.64896022226,0.0,0.0,0.0
2340.1675999999993,14572.205731094728,0.0,0.0,0.0
2422.0716799999996,14745.453880744693,0.0,0.0,0.0
2422.6582399999998,14853.215460367157,0.0,0.0,0.0
2411.923439999999,15238.265377572356,0.0,0.0,0.0
2536.7328799999996,15822.910897590573,0.0,0.0,0.0
2698.702399999999,16389.505186985967,0.0,0.0,0.0
2828.1027999999997,16643.443032179748,0.0,0.0,0.0
2948.738639999999,16783.307817445333,0.0,0.0,0.0
3124.9435199999994,17058.244235480175,0.0,0.0,0.0
3285.87904,17383.38470833683,0.0,0.0,0.0
3428.8831199999995,17678.96244561053,0.0,0.0,0.0
3586.2090399999993,17993.52424235727,0.0,0.0,0.0
3724.7199199999995,18272.579000528716,0.0,0.0,0.0
3871.6306399999994,18450.759234631427,0.0,0.0,0.0
4001.282959999999,18738.1102153431,0.0,0.0,0.0
4137.372399999998,19009.235928287697,0.0,0.0,0.0
4310.922719999999,19204.48494560715,0.0,0.0,0.0
4392.732799999999,19151.78011556986,0.0,0.0,0.0
4279.97416,19053.326977027227,0.0,0.0,0.0
4031.088479999999,18905.24535891079,0.0,0.0,0.0
3734.0973599999993,18635.677668620283,0.0,0.0,0.0
3383.3156799999992,18186.282408172425,0.0,0.0,0.0
3211.7506399999993,17957.114146065273,0.0,0.0,0.0
3201.2075999999993,17869.517547545383,0.0,0.0,0.0
3256.5059199999996,17944.004923606364,0.0,0.0,0.0
3200.51952,17755.662809262987,0.0,0.0,0.0
3203.6854399999993,17217.30147815343,0.0,0.0,0.0
3275.21568,16835.89356294855,0.0,0.0,0.0
3364.229919999999,16512.26149419012,0.0,0.0,0.0
3521.533279999999,16350.763018568423,0.0,0.0,0.0
3505.699919999999,15783.97025494958,0.0,0.0,0.0
3357.634879999999,15181.997935224128,0.0,0.0,0.0
3520.202239999999,14701.362832005158,0.0,0.0,0.0
3411.4743199999994,14088.533972256962,0.0,0.0,0.0
3202.049839999999,13210.930574714594,0.0,0.0,0.0
2888.7064799999994,11880.498312658667,0.0,0.0,0.0
2551.066,10492.78638971492,0.0,0.0,0.0
2402.97464,9648.784678202725,0.0,0.0,0.0
2481.0359999999996,9718.330046099789,0.0,0.0,0.0
2688.478959999999,10474.199278688779,0.0,0.0,0.0
2894.2787999999996,11403.415898039462,0.0,0.0,0.0
3048.8711999999996,12144.598038093112,0.0,0.0,0.0
3081.6884799999993,12482.222539604805,0.0,0.0,0.0
2983.383279999999,12484.534764308004,0.0,0.0,0.0
2769.5407999999993,12044.30901298356,0.0,0.0,0.0
2458.2504,11251.94037070202,0.0,0.0,0.0
2337.4603999999995,10876.794317247,0.0,0.0,0.0
2312.3924799999995,10655.842887990702,0.0,0.0,0.0
2353.79008,10590.594487031343,0.0,0.0,0.0
2421.33848,10618.23202264683,0.0,0.0,0.0
2404.0612799999994,10364.383490853601,0.0,0.0,0.0
2274.6007199999995,10088.156990366331,0.0,0.0,0.0
2094.7185599999993,9503.561088903973,0.0,0.0,0.0
1909.0572799999993,8788.666859746345,0.0,0.0,0.0
1594.4693599999998,7526.906679004303,0.0,0.0,0.0
1142.76552,5920.555551507457,0.0,0.0,0.0
757.1361599999998,4469.609740972371,0.0,0.0,0.0
487.77727999999985,3220.5419868199906,0.0,0.0,1105.3779180792492
337.1591999999999,2274.5443718765673,0.0,0.0,2468.30023647889
275.4613599999999,1749.9869230079948,0.0,0.0,3066.5062871893065
266.9073599999999,1588.200659762297,0.0,0.0,3021.7800551694277
294.88551999999993,1757.171689896904,0.0,0.0,2601.9025460115013
365.4569599999999,2075.9907587366592,0.0,0.0,2135.9185734384014
453.8094399999999,2383.218932926904,0.0,0.0,1663.7894051431
531.0135199999999,2554.512111475882,0.0,0.0,1303.611224544441
558.02536,2590.7634283891207,0.0,0.0,1208.686179649533
549.2081599999999,2565.97399788015,0.0,0.0,1370.713436742429
519.5568,2483.865211638667,0.0,0.0,1456.6980267899312
502.7608799999999,2396.6655615656773,0.0,0.0,1491.4629927969675
528.6447199999999,2414.419080853327,0.0,0.0,1443.7170857750687
566.7071999999998,2532.6799468963236,0.0,0.0,1213.9795565235063
534.0891999999999,2663.8416374636054,0.0,0.0,1003.0103735572269
442.39784,2745.2160690783217,0.0,0.0,656.4481078729193
344.92735999999996,2861.00593103936,0.0,0.0,373.7678839446509
274.7281599999999,3128.717887340604,0.0,0.0,0.0
250.14903999999999,3518.7792786879268,0.0,0.0,0.0
278.99575999999996,4012.910629101534,0.0,0.0,0.0
360.67799999999994,4654.726649184678,0.0,0.0,0.0
479.86624,5614.61745976964,0.0,0.0,0.0
570.96728,6192.921728348614,0.0,0.0,0.0
636.7146399999999,6764.3190939515125,0.0,0.0,0.0
778.0041599999997,6930.1740787779445,0.0,0.0,0.0
853.9523999999999,6949.902416588929,0.0,0.0,0.0
846.5151199999999,6812.1910766477795,0.0,0.0,0.0
846.85728,6801.0169778675145,0.0,0.0,0.0
881.3214399999999,6648.578850546336,0.0,0.0,0.0
930.2014399999999,6781.497037991154,0.0,0.0,0.0
950.3362399999997,7050.66777983476,0.0,0.0,0.0
924.5125599999999,7102.6878738011455,0.0,0.0,0.0
849.1997599999999,6905.2060214678695,0.0,0.0,0.0
769.0703999999998,7195.6432763542,0.0,0.0,0.0
714.6594399999999,7131.278085689192,0.0,0.0,0.0
756.9744799999999,7343.576038803049,0.0,0.0,0.0
1064.33944,8095.346778677787,0.0,0.0,0.0
1590.9838399999996,8935.379005720974,0.0,0.0,0.0
2023.2559999999999,9353.85198215524,0.0,0.0,0.0
2292.1260799999995,8984.193740978631,0.0,0.0,0.0
2355.5572799999995,8137.463008893988,0.0,0.0,0.0
2095.0456799999997,6922.969464466692,0.0,0.0,0.0
1845.2199999999996,5990.676494652526,0.0,0.0,0.0
1629.3132799999998,5257.324162713998,0.0,0.0,0.0
1388.1957599999996,4714.983423424258,0.0,0.0,0.0
1134.1927199999998,4152.467779320773,0.0,0.0,0.0
857.4905599999997,3488.2837142547532,0.0,0.0,0.0
621.2948799999998,2896.622130437557,0.0,0.0,768.2964499189357
529.8742399999999,2621.536856735125,0.0,0.0,1688.8556126206197
535.95792,2757.2336833082513,0.0,0.0,1817.1577020119012
619.63672,3126.8323822178245,0.0,0.0,1371.1812842555191
744.5175999999998,3653.7814454789755,0.0,0.0,517.088516266056
874.1511199999999,4265.399612464123,0.0,0.0,0.0
1022.1146399999998,4809.218984718569,0.0,0.0,0.0
1166.5851199999997,5185.168858778559,0.0,0.0,0.0
1267.9998399999997,5303.826673268457,0.0,0.0,0.0
1281.5019999999997,5105.312754973239,0.0,0.0,0.0
1192.6832799999997,4751.1652743592895,0.0,0.0,0.0
1065.83592,4533.240577010611,0.0,0.0,0.0
957.4163199999999,4443.500456877454,0.0,0.0,0.0
862.2695199999998,4351.596967708687,0.0,0.0,0.0
743.3144,4347.706872929057,0.0,0.0,0.0
560.8603999999999,4419.425533572905,0.0,0.0,0.0
401.82743999999997,4582.204167935855,0.0,0.0,0.0
331.4703199999999,4869.813165138015,0.0,0.0,0.0
366.9872799999999,5301.435058875879,0.0,0.0,0.0
545.3278399999999,5691.45675537851,0.0,0.0,0.0
891.87952,6623.402395301636,0.0,0.0,0.0
1349.5805599999997,8053.8160474207625,0.0,0.0,0.0
1790.9293599999994,9778.110482203088,0.0,0.0,0.0
2070.1732799999995,11180.082778101754,0.0,0.0,0.0
2169.54632,12137.839990784621,0.0,0.0,0.0
2496.4181599999993,13334.89757468179,0.0,0.0,0.0
2841.1612799999994,14479.925140901403,0.0,0.0,0.0
3591.7512799999995,16049.221130880036,0.0,0.0,0.0
4315.694159999999,17101.88871721695,0.0,0.0,0.0
5037.8435199999985,18159.16090553791,0.0,0.0,0.0
5638.277919999999,18567.462078020337,0.0,0.0,0.0
6010.991679999999,18040.086295178764,0.0,0.0,0.0
5926.135999999998,17462.67516060532,0.0,0.0,0.0
5574.075919999999,17337.68601838735,0.0,0.0,0.0
5071.337599999999,17232.33590057981,0.0,0.0,0.0
4734.212239999999,17179.47229116376,0.0,0.0,0.0
4447.102399999999,17410.60544808307,0.0,0.0,0.0
4136.541439999999,17432.83456110953,0.0,0.0,0.0
3547.2140799999993,16407.546493897622,0.0,0.0,0.0
2889.9171999999994,14579.787446430535,0.0,0.0,0.0
2530.6341599999996,12880.877864827535,0.0,0.0,0.0
2536.6088,11814.55525191723,0.0,0.0,0.0
2618.70088,11127.97337073482,0.0,0.0,0.0
2559.0747999999994,10047.281224046694,0.0,0.0,0.0
2369.4467199999995,8904.079620682827,0.0,0.0,0.0
2362.43808,8442.488119203932,0.0,0.0,0.0
2492.3347999999996,8182.39757308319,0.0,0.0,0.0
2448.4593599999994,8218.797745664015,0.0,0.0,0.0
2495.4443199999996,9230.9468192835,0.0,0.0,0.0
3012.1510399999993,10980.507022711077,0.0,0.0,0.0
3827.9281599999995,13215.664184943886,0.0,0.0,0.0
4707.918559999999,15714.514200453068,0.0,0.0,0.0
5500.947679999998,18176.68617946859,0.0,0.0,0.0
6295.13488,20115.828961136114,0.0,0.0,0.0
7070.657439999999,21173.39886079225,0.0,0.0,0.0
7794.934959999999,21691.55551595454,0.0,0.0,0.0
8307.712479999998,21733.046552366875,0.0,0.0,0.0
8521.340639999999,21737.353443015752,0.0,0.0,0.0
8349.268,21296.949064890203,0.0,0.0,0.0
7841.746959999999,20577.956343018323,0.0,0.0,0.0
7070.100959999999,19387.319400249777,0.0,0.0,0.0
6044.700079999999,18122.63172471184,0.0,0.0,0.0
5264.72568,16923.698559403067,0.0,0.0,0.0
4882.886399999999,16227.85785569669,0.0,0.0,0.0
4533.2552799999985,15766.167117106068,0.0,0.0,0.0
4332.576559999999,15132.70686183019,0.0,0.0,0.0
4147.655999999999,14689.58338684337,0.0,0.0,0.0
3844.084879999999,14247.154571638626,0.0,0.0,0.0
3517.513839999999,13955.764640479729,0.0,0.0,0.0
3286.2061599999993,13307.041717420509,0.0,0.0,0.0
2959.7479199999993,13143.36002534086,0.0,0.0,0.0
2805.6405599999994,13406.159744611703,0.0,0.0,0.0
2831.0919999999996,13817.60673353582,0.0,0.0,0.0
2979.119439999999,14710.939213286647,0.0,0.0,0.0
3425.7435199999995,16569.18390147573,0.0,0.0,0.0
3981.396319999999,18532.570309537732,0.0,0.0,0.0
4495.523679999999,19751.370744613905,0.0,0.0,0.0
5145.296799999999,20188.728543409492,0.0,0.0,0.0
5853.39128,20363.84235075989,0.0,0.0,0.0
6353.993919999999,19988.09095092335,0.0,0.0,0.0
6318.552159999998,19895.740894751823,0.0,0.0,0.0
5859.7080799999985,20190.266718641233,0.0,0.0,0.0
5353.863999999999,20632.52683075604,0.0,0.0,0.0
4974.912399999999,20410.09676853504,0.0,0.0,0.0
4537.094239999999,20119.064090978354,0.0,0.0,0.0
4124.475599999999,18728.18650417057,0.0,0.0,0.0
4021.7749599999997,17711.670997635178,0.0,0.0,0.0
3904.650959999999,17008.506595083476,0.0,0.0,0.0
4052.148239999999,16873.385343758353,0.0,0.0,0.0
4190.51624,16520.309623951038,0.0,0.0,0.0
4266.881839999999,16000.267463665963,0.0,0.0,0.0
4216.14064,15383.796601917455,0.0,0.0,0.0
4031.4494399999994,14276.260816507644,0.0,0.0,0.0
3775.2392799999993,13290.935534187498,0.0,0.0,0.0
3528.203519999999,12171.481371659485,0.0,0.0,0.0
3022.773039999999,10611.53351760537,0.0,0.0,0.0
2596.2687199999996,9447.76998469203,0.0,0.0,0.0
2671.5589599999994,8978.52730189912,0.0,0.0,0.0
2820.876079999999,8997.03502323588,0.0,0.0,0.0
2969.1855199999995,9233.526984188356,0.0,0.0,0.0
3150.112959999999,9636.82660623983,0.0,0.0,0.0
3308.02168,10017.470395684424,0.0,0.0,0.0
3378.8299999999995,10108.917394139256,0.0,0.0,0.0
3361.7219999999993,9994.050437317263,0.0,0.0,0.0
3248.3279199999993,9749.768363094352,0.0,0.0,0.0
3048.6230399999995,9312.112852963592,0.0,0.0,0.0
2737.4228799999996,8614.932448248925,0.0,0.0,0.0
2344.7510399999996,7775.396406764363,0.0,0.0,0.0
1849.8372799999993,6754.603780713609,0.0,0.0,0.0
1399.9984,5780.750308508904,0.0,0.0,0.0
1194.646,5037.464341686677,0.0,0.0,0.0
1017.5123999999997,4349.6618440300435,0.0,0.0,0.0
865.6535199999998,3810.1195912909566,0.0,0.0,0.0
715.2723199999999,3309.34927810293,0.0,0.0,0.0
573.2984799999999,2855.3295682486746,0.0,0.0,0.0
470.8422399999999,2525.9417470101785,0.0,0.0,150.22138493761884
413.64511999999996,2338.9988759421262,0.0,0.0,302.96672545986087
405.99351999999993,2297.2696704616524,0.0,0.0,296.32940843446437
440.6456799999999,2366.934122892788,0.0,0.0,194.74082668695743
488.27735999999993,2545.3227549301223,0.0,0.0,318.7665148009611
414.2767999999999,2640.888093521552,0.0,0.0,1128.922280398272
375.4171999999999,2845.5447890325636,0.0,0.0,1494.373301183361
462.3145599999999,3079.3077294125956,0.0,0.0,1437.3052220514405
437.92343999999986,3172.610461856689,0.0,0.0,1383.1884906204064
363.06183999999985,3428.5231255737995,0.0,0.0,1020.0398697416547
351.3118399999999,4105.866031654588,0.0,0.0,155.22723691366164
466.0068799999999,5174.441327001059,0.0,0.0,0.0
687.4219999999999,6473.048247326688,0.0,0.0,0.0
932.4724799999998,7949.7063935097885,0.0,0.0,0.0
1172.3604799999998,9569.156819754373,0.0,0.0,0.0
1446.1749599999996,10804.728326712117,0.0,0.0,0.0
1693.7784799999997,11586.06180216981,0.0,0.0,0.0
2028.6516,12785.977414884666,0.0,0.0,0.0
2709.9823999999994,14635.519008375446,0.0,0.0,0.0
3526.7747199999994,16345.394290824092,0.0,0.0,0.0
3907.8206399999995,16990.13780570313,0.0,0.0,0.0
4038.4731199999997,16945.153622958067,0.0,0.0,0.0
4113.549039999999,16515.28822609774,0.0,0.0,0.0
4061.367759999999,15293.242737468152,0.0,0.0,0.0
3990.4729599999996,13586.453729194163,0.0,0.0,0.0
3850.9694399999994,11792.524613114223,0.0,0.0,0.0
3663.99216,10204.869757466413,0.0,0.0,0.0
3342.331679999999,8711.093209510704,0.0,0.0,0.0
2640.508879999999,6802.148280941183,0.0,0.0,0.0
1949.6690399999995,5230.22250750183,0.0,0.0,0.0
1644.4811199999997,4439.014939427471,0.0,0.0,0.0
1794.7495199999998,4285.911923457735,0.0,0.0,0.0
1727.9267999999995,4139.745581597594,0.0,0.0,0.0
1702.8964799999997,4161.875457512328,0.0,0.0,0.0
1794.7720799999993,4473.053268749238,0.0,0.0,0.0
1964.9346399999995,4980.4228498669945,0.0,0.0,0.0
2180.8714399999994,5578.514998523988,0.0,0.0,0.0
2362.926879999999,6144.424551848477,0.0,0.0,0.0
2530.0889599999996,6734.428875899862,0.0,0.0,0.0
2696.3599199999994,7516.198994649147,0.0,0.0,0.0
2801.5571999999997,8438.707185247202,0.0,0.0,0.0
2889.2742399999997,9538.00629038381,0.0,0.0,0.0
3050.465439999999,10709.629402545796,0.0,0.0,0.0
3350.8631199999995,11817.730839492437,0.0,0.0,0.0
3407.868479999999,12308.746144597872,0.0,0.0,0.0
3258.2129599999994,12613.801026041332,0.0,0.0,0.0
3006.165119999999,12670.911983839222,0.0,0.0,0.0
2730.4029599999994,12371.731939409896,0.0,0.0,0.0
2576.4309599999997,12053.895317976221,0.0,0.0,0.0
2592.7982399999996,12186.49594666352,0.0,0.0,0.0
2764.539999999999,12915.571159086689,0.0,0.0,0.0
2906.4574399999997,13484.95401132156,0.0,0.0,0.0
2768.7888,13400.145975641151,0.0,0.0,0.0
2367.4125599999998,12789.351476683325,0.0,0.0,0.0
2097.1437599999995,12609.136881790246,0.0,0.0,0.0
2118.8577599999994,12999.297510249295,0.0,0.0,0.0
2495.192399999999,13878.329922200506,0.0,0.0,0.0
2763.6488799999997,14659.961108993379,0.0,0.0,0.0
3009.8311199999994,15294.919844656308,0.0,0.0,0.0
3283.540319999999,15940.6557306526,0.0,0.0,0.0
3545.5032799999994,16746.113747970707,0.0,0.0,0.0
3789.6776799999993,17484.477554051355,0.0,0.0,0.0
4018.3796799999986,18103.85606317342,0.0,0.0,0.0
4187.782719999999,18511.045780004522,0.0,0.0,0.0
4146.746079999999,18481.165485664045,0.0,0.0,0.0
3984.137359999999,18299.809663986125,0.0,0.0,0.0
3688.8683199999996,18188.65417514266,0.0,0.0,0.0
3675.704559999999,18731.262854634057,0.0,0.0,0.0
3631.5396,18864.101652389498,0.0,0.0,0.0
3727.9121599999994,18798.426531849716,0.0,0.0,0.0
3990.6196,18629.882221295524,0.0,0.0,0.0
4282.0045599999985,17988.25475172466,0.0,0.0,0.0
4460.134559999999,17123.532331284227,0.0,0.0,0.0
4474.956479999999,16513.958448800622,0.0,0.0,0.0
4432.6752799999995,16253.540420211182,0.0,0.0,0.0
4387.4875999999995,15873.630985393354,0.0,0.0,0.0
4189.700319999999,15690.32019261445,0.0,0.0,0.0
4394.342079999999,16923.3611532232,0.0,0.0,0.0
5521.2253599999995,19340.876431962355,0.0,0.0,0.0
6541.621679999999,22147.4508072204,0.0,0.0,0.0
7633.446719999998,24713.71259272456,0.0,0.0,0.0
8567.72776,26838.011977449078,0.0,0.0,0.0
9206.8488,28462.513572680473,0.0,0.0,0.0
9525.147839999998,29456.928974434657,0.0,0.0,0.0
9654.112079999997,30097.524378043578,0.0,0.0,0.0
9596.9864,30289.786358300105,0.0,0.0,0.0
9452.97464,29975.44288319916,0.0,0.0,0.0
9205.051519999997,29579.536425971222,0.0,0.0,0.0
8563.204479999997,29240.334054383093,0.0,0.0,0.0
7777.131359999998,28412.240051880453,0.0,0.0,0.0
7099.357519999999,27539.519120234967,0.0,0.0,0.0
6758.487199999999,26897.881726952925,0.0,0.0,0.0
6601.702719999999,26305.674339021243,0.0,0.0,0.0
6476.487199999998,25822.915561611353,0.0,0.0,0.0
6347.804959999999,25118.639703408324,0.0,0.0,0.0
6323.613119999998,24199.624659143,0.0,0.0,0.0
6306.426159999998,23399.05903143295,0.0,0.0,0.0
6105.153359999999,23030.174839727802,0.0,0.0,0.0
5951.963439999999,22957.880603835943,0.0,0.0,0.0
5682.751199999999,22378.901522897235,0.0,0.0,0.0
5031.530479999999,21296.81013293379,0.0,0.0,0.0
5274.652079999998,21229.130422737155,0.0,0.0,0.0
5761.331439999999,21301.593361718944,0.0,0.0,0.0
6110.883599999998,21529.531083640704,0.0,0.0,0.0
6489.617119999999,21932.6421551799,0.0,0.0,0.0
6738.232079999998,22111.278879996546,0.0,0.0,0.0
6896.125759999999,22139.432448593005,0.0,0.0,0.0
6931.089999999998,22135.145405366475,0.0,0.0,0.0
6748.286319999998,21863.31510892863,0.0,0.0,0.0
6370.398799999999,21306.50559874934,0.0,0.0,0.0
5848.413039999999,20468.765748987014,0.0,0.0,0.0
5164.777359999998,19213.52544648532,0.0,0.0,0.0
4380.268399999998,17670.04102926643,0.0,0.0,0.0
3815.71944,16055.909712210321,0.0,0.0,0.0
3578.0686399999995,14520.374187640622,0.0,0.0,0.0
3656.3029599999986,13801.550168858672,0.0,0.0,0.0
3680.468479999999,13335.691471575594,0.0,0.0,0.0
3484.3280799999998,12721.900011843663,0.0,0.0,0.0
3087.475119999999,11692.612689029223,0.0,0.0,0.0
2704.2371199999993,10751.874641007242,0.0,0.0,0.0
2432.6184799999996,10087.8791264535,0.0,0.0,0.0
2293.92336,9632.549486724472,0.0,0.0,0.0
2240.6178399999994,9223.176553435413,0.0,0.0,0.0
2226.1267999999995,8687.772488255268,0.0,0.0,0.0
1947.98832,7623.851413448712,0.0,0.0,0.0
1351.0431999999998,6350.817896814681,0.0,0.0,0.0
1088.7042399999998,5754.065449165979,0.0,0.0,0.0
940.6993599999996,5466.416757119129,0.0,0.0,0.0
875.0159199999998,5285.199867397625,0.0,0.0,0.0
734.1926399999999,5029.505525326311,0.0,0.0,0.0
560.0557599999999,3953.5866837121703,0.0,0.0,0.0
552.5094399999999,3477.129462896833,0.0,0.0,0.0
530.12992,3952.0882033251196,0.0,0.0,0.0
407.1741599999999,4299.944051055687,0.0,0.0,0.0
302.45064,4318.1639847684455,0.0,0.0,0.0
332.40279999999996,4342.506848274653,0.0,0.0,0.0
453.1175999999999,4296.311972766542,0.0,0.0,0.0
595.21176,4193.690875531447,0.0,0.0,0.0
744.4461599999998,4088.886561838395,0.0,0.0,0.0
870.2632799999999,3924.2720409085277,0.0,0.0,0.0
943.0681599999998,3744.861266620423,0.0,0.0,0.0
950.0993599999999,3495.1707698084865,0.0,0.0,0.0
962.0711999999997,3362.014413295527,0.0,0.0,0.0
995.12912,3358.610580363351,0.0,0.0,0.0
1045.0844799999998,3427.163577143164,0.0,0.0,0.0
1101.1047199999998,3548.7588101401293,0.0,0.0,0.0
1153.4213599999998,3647.847066197805,0.0,0.0,0.0
1132.37664,3628.287431476756,0.0,0.0,0.0
971.1666399999998,3392.7282993744966,0.0,0.0,0.0
784.7157599999998,3094.868108531117,0.0,0.0,207.404501639328
677.0631999999998,2886.440402774545,0.0,0.0,1065.7943507119028
586.6765599999999,2763.6344770145306,0.0,0.0,1575.5774539616862
555.9498399999999,2780.6834128089313,0.0,0.0,1629.2823803883514
581.71336,2883.59229766803,0.0,0.0,1352.2947806476147
646.6673599999998,3145.528654066864,0.0,0.0,842.5235252152794
758.8544799999997,3704.5709992599664,0.0,0.0,114.04388457890612
964.6843999999998,4729.700287093116,0.0,0.0,0.0
1251.71904,6102.248779365241,0.0,0.0,0.0
1610.3403199999996,7700.809793591656,0.0,0.0,0.0
2031.0843199999995,9405.107950361338,0.0,0.0,0.0
2510.9467999999993,11425.8335615782,0.0,0.0,0.0
2957.894239999999,13515.796905645773,0.0,0.0,0.0
3342.102319999999,15343.258241777683,0.0,0.0,0.0
3724.922959999999,16577.96638586342,0.0,0.0,0.0
4025.0799999999995,16989.71108612271,0.0,0.0,0.0
4226.991999999999,16894.036586708382,0.0,0.0,0.0
4322.368159999999,16269.775611689436,0.0,0.0,0.0
4389.3600799999995,14881.438494941822,0.0,0.0,0.0
4300.860959999999,13334.22276232206,0.0,0.0,0.0
4146.52424,12383.481613438169,0.0,0.0,0.0
4065.259359999999,11920.083996525877,0.0,0.0,0.0
4038.405439999999,11692.354672538742,0.0,0.0,0.0
4112.3759199999995,11717.431890671713,0.0,0.0,0.0
4004.997839999999,11365.556939916272,0.0,0.0,0.0
3735.669039999999,10727.44246410048,0.0,0.0,0.0
3220.7483199999997,9750.304243497669,0.0,0.0,0.0
2793.5295999999994,8939.477498435226,0.0,0.0,0.0
2592.6854399999993,8567.73527791239,0.0,0.0,0.0
2539.9551999999994,8493.079198761472,0.0,0.0,0.0
2497.7341599999995,8677.13426987832,0.0,0.0,0.0
2488.18752,9062.988007688491,0.0,0.0,0.0
2491.635439999999,9366.038299475102,0.0,0.0,0.0
2478.8476799999994,9579.67595359725,0.0,0.0,0.0
2514.15408,9723.420909931294,0.0,0.0,0.0
2608.5488799999994,10071.296605084208,0.0,0.0,0.0
2695.2845599999996,10853.870544438467,0.0,0.0,0.0
2836.856079999999,11432.16488930627,0.0,0.0,0.0
2908.168239999999,11586.80608050775,0.0,0.0,0.0
2786.13368,11233.90898750154,0.0,0.0,0.0
2549.1408799999995,10587.32958605558,0.0,0.0,0.0
2288.6142399999994,9903.77443678079,0.0,0.0,0.0
2100.59168,9164.5571915393,0.0,0.0,0.0
1953.5493599999998,8609.732423594522,0.0,0.0,0.0
1768.0873599999995,8079.677238736368,0.0,0.0,0.0
1642.3491999999999,7566.839692762547,0.0,0.0,0.0
1515.7725599999997,6946.478736234406,0.0,0.0,0.0
1354.0474399999998,6272.847298132142,0.0,0.0,0.0
1158.9297599999998,5577.254687205078,0.0,0.0,0.0
1049.6415999999997,5090.883678928386,0.0,0.0,0.0
958.3638399999999,4701.47725251845,0.0,0.0,0.0
849.7449599999999,4412.945350177244,0.0,0.0,124.72517599371548
719.2466399999998,4159.503690542093,0.0,0.0,319.2250685865294
576.8554399999999,3922.932339900237,0.0,0.0,476.87159534746837
435.3215199999999,3617.0637141406282,0.0,0.0,839.2411483084154
324.18719999999996,3265.010136584082,0.0,0.0,1191.8394939050647
261.84639999999996,2942.9063193462202,0.0,0.0,1426.7668410820033
249.94223999999997,2732.1663888864496,0.0,0.0,1609.890719011826
281.22167999999994,2632.115532845038,0.0,0.0,1826.8513075404562
326.96583999999996,2477.8415189569428,0.0,0.0,1867.8500639950594
382.5799999999999,2358.9951539547674,0.0,0.0,1807.8432139873046
475.0083199999999,2349.130985049276,0.0,0.0,1671.0851554362616
610.5826399999999,2403.939641855139,0.0,0.0,1482.995765409227
678.3716799999999,2432.648938277258,0.0,0.0,1201.6061240768724
643.39992,2507.146238049413,0.0,0.0,761.0833606265752
562.6651999999999,2501.4996463922457,0.0,0.0,572.6786753556452
478.8171999999999,2390.5624791945734,0.0,0.0,501.81079765995986
414.63775999999996,2270.277176072381,0.0,0.0,552.0454430020798
372.1948799999999,2164.331635594489,0.0,0.0,619.9039970809202
340.35143999999985,2134.6597391886353,0.0,0.0,647.7162923748357
337.6555199999999,2211.250942018194,0.0,0.0,623.2830514133763
349.7439199999999,2353.70581589981,0.0,0.0,731.9350029001274
330.39871999999986,2483.6568137040435,0.0,0.0,1546.1599413690774
317.1033599999999,2658.820239610307,0.0,0.0,1929.5584548167187
304.2667199999999,2747.8458525390415,0.0,0.0,2137.266310113593
268.8099199999999,2787.977340520738,0.0,0.0,2183.518388228205
209.84935999999996,2822.869109003341,0.0,0.0,2016.9560615037105
149.08775999999997,2753.551986463244,0.0,0.0,1949.8051654371613
108.62639999999998,2730.0923332513917,0.0,0.0,1960.9332620106513
103.18943999999999,2923.7337093608994,0.0,0.0,1658.1038599980468
126.85111999999998,3259.5421717280196,0.0,0.0,1182.5714605551716
164.06383999999994,3661.005907212575,0.0,0.0,713.1207913629146
214.28239999999997,4097.8278256048425,0.0,0.0,355.140950387106
274.90863999999993,4565.304087809043,0.0,0.0,0.0
346.76975999999996,4915.462236531636,0.0,0.0,0.0
453.95983999999993,5097.115769544733,0.0,0.0,0.0
548.8960799999999,4965.348732595927,0.0,0.0,0.0
556.4461599999998,4619.001288963583,0.0,0.0,0.0
479.0578399999999,4034.782488525781,0.0,0.0,0.0
379.20351999999997,3436.888814092239,0.0,0.0,0.0
305.0036799999999,3030.9594085800472,0.0,0.0,0.0
262.6548,2843.014242683569,0.0,0.0,107.84527971836299
262.8992,2813.7789895693068,0.0,0.0,49.13909477350446
287.9144799999999,2838.121853075514,0.0,0.0,0.0
309.0043199999999,2856.5402610117226,0.0,0.0,0.0
303.90951999999993,2793.2170600198324,0.0,0.0,293.6402984966435
226.20159999999996,2499.6736835365014,0.0,0.0,1574.1834501592655
166.45895999999993,2191.3340536949336,0.0,0.0,2490.0154182990514
135.38631999999996,1874.5592693567185,0.0,0.0,3122.038367280726
145.34655999999995,1662.3903244881042,0.0,0.0,3364.089175241498
180.82215999999994,1648.70552678119,0.0,0.0,3124.5301897160707
230.74743999999995,1829.8827216580048,0.0,0.0,2666.048087244711
310.83919999999995,2192.564593880327,0.0,0.0,2071.9670209574065
411.2913599999999,2655.1583901876443,0.0,0.0,1303.7689163604884
527.74232,3107.3521371861552,0.0,0.0,583.3844236873674
643.5540799999999,3452.3698035213806,0.0,0.0,137.56417649040642
770.4803999999999,3686.301446991345,0.0,0.0,0.0
894.59048,3782.2141154738124,0.0,0.0,0.0
975.4003999999998,3729.4100483247994,0.0,0.0,0.0
1050.7884,3665.868525687113,0.0,0.0,0.0
1149.0296799999999,3671.128092608552,0.0,0.0,0.0
1166.9686399999998,3718.53366087971,0.0,0.0,0.0
1157.4370399999998,3857.396151316872,0.0,0.0,0.0
1190.8408799999997,4135.855486817963,0.0,0.0,0.0
1263.8976799999998,4522.225257609107,0.0,0.0,0.0
1351.2424799999997,5016.961954404236,0.0,0.0,0.0
1459.59816,5532.955240530919,0.0,0.0,0.0
1556.5271999999998,5928.474673023131,0.0,0.0,0.0
1573.6276799999998,6042.230174193801,0.0,0.0,0.0
1441.2794399999998,5814.550468762529,0.0,0.0,0.0
1264.6835199999996,5418.584469267554,0.0,0.0,0.0
1194.80768,5103.367707583423,0.0,0.0,0.0
1163.0995999999996,4894.2751131782925,0.0,0.0,0.0
1189.0623999999998,4847.663441800936,0.0,0.0,0.0
1264.5932799999998,4970.548757250331,0.0,0.0,0.0
1378.3332799999998,5193.395615340583,0.0,0.0,0.0
1492.6635999999996,5414.9821621119245,0.0,0.0,0.0
1588.6413599999996,5567.509602833657,0.0,0.0,0.0
1656.7763199999997,5543.99040735477,0.0,0.0,0.0
1683.4723199999996,5365.988800053163,0.0,0.0,0.0
1663.1231999999995,5142.090028578622,0.0,0.0,0.0
1605.5500799999995,4939.189829945147,0.0,0.0,0.0
1511.1214399999997,4679.446613715441,0.0,0.0,0.0
1387.8987199999997,4473.162429572136,0.0,0.0,0.0
1355.7507199999995,4530.53140386051,0.0,0.0,0.0
1356.2432799999997,4776.034094557641,0.0,0.0,0.0
1337.0635199999997,4810.677770260931,0.0,0.0,0.0
1223.2558399999998,4425.508768521663,0.0,0.0,0.0
1026.0438399999998,3798.4493069520663,0.0,0.0,0.0
828.1362399999999,3156.2958806890556,0.0,0.0,0.0
651.5365599999999,2540.827313768968,0.0,0.0,0.0
558.1945599999999,2153.743035773404,0.0,0.0,169.8355783789705
532.7393599999999,2056.4906662826447,0.0,0.0,243.0596970096975
532.3971999999999,2153.2369265036045,0.0,0.0,164.51872867790175
530.1186399999999,2290.858953044201,0.0,0.0,560.9537163938044
548.4674399999998,2367.4700032961046,0.0,0.0,879.1829532694356
587.3947199999998,2415.7091633057557,0.0,0.0,1157.9893598932708
612.3460799999999,2388.0418565567516,0.0,0.0,1255.0272155598343
616.0083199999999,2413.783963338285,0.0,0.0,1094.9391900558599
606.82264,2410.4694438066613,0.0,0.0,968.2930862448826
585.3154399999999,2357.089801409642,0.0,0.0,985.3884537196507
560.9957599999999,2455.5826347969664,0.0,0.0,808.6773299916822
541.2707999999999,2832.296634617241,0.0,0.0,418.3935978111117
515.9434399999999,3229.106149561882,0.0,0.0,131.61155060982392
468.7591999999999,3754.4773427466016,0.0,0.0,0.0
438.1603199999999,4439.054634272163,0.0,0.0,0.0
462.0663999999999,5204.887272878369,0.0,0.0,0.0
596.5916799999999,5917.647904133905,0.0,0.0,0.0
873.2336799999998,6542.613462646099,0.0,0.0,0.0
1234.0771200000001,6808.817014849121,0.0,0.0,0.0
1560.9376799999995,7030.512722443361,0.0,0.0,0.0
1793.4786399999998,7240.8854755897455,0.0,0.0,0.0
1996.0824799999998,7373.277706342421,0.0,0.0,0.0
2178.2995999999994,7637.754532801424,0.0,0.0,0.0
2438.99168,8423.98039786717,0.0,0.0,0.0
2667.9907199999993,9315.308287961148,0.0,0.0,0.0
2807.2197599999995,9686.961195083433,0.0,0.0,0.0
2926.024479999999,9823.174054637531,0.0,0.0,0.0
3069.3594399999997,10118.811334178265,0.0,0.0,0.0
3744.1027199999994,11217.574558911558,0.0,0.0,0.0
4473.74576,12624.210999061313,0.0,0.0,0.0
5188.070559999999,14207.69789601666,0.0,0.0,0.0
5782.323519999998,15749.773146249054,0.0,0.0,0.0
6134.4324799999995,16784.12156176148,0.0,0.0,0.0
6231.1735199999985,17097.54213172338,0.0,0.0,0.0
6134.782159999998,16781.789489635936,0.0,0.0,0.0
5780.413439999998,15592.39301076396,0.0,0.0,0.0
5167.225119999999,13663.312872225379,0.0,0.0,0.0
4318.194559999999,11707.39901867629,0.0,0.0,0.0
3381.0220799999993,10085.814994529614,0.0,0.0,0.0
2578.6643999999997,8623.526382124332,0.0,0.0,0.0
2296.4500799999996,7952.227016147612,0.0,0.0,0.0
2464.781519999999,7957.0995583333215,0.0,0.0,0.0
2658.6997599999995,8180.581533938616,0.0,0.0,0.0
2765.8710399999995,8490.260864788475,0.0,0.0,0.0
2748.91344,8691.345024277376,0.0,0.0,0.0
2615.9748799999993,8463.010353908718,0.0,0.0,0.0
2459.6039999999994,8099.326186857971,0.0,0.0,0.0
2354.5345599999996,8105.925454787702,0.0,0.0,0.0
2341.9836799999994,8488.11734317521,0.0,0.0,0.0
2360.569359999999,8995.159441824273,0.0,0.0,0.0
2342.52888,9329.419805248479,0.0,0.0,0.0
2186.9175199999995,9454.220396954172,0.0,0.0,0.0
2255.4322399999996,10133.657206092365,0.0,0.0,0.0
2575.009679999999,10805.700850407024,0.0,0.0,0.0
2865.883279999999,10995.17426782407,0.0,0.0,0.0
2916.1544799999992,10815.207765710305,0.0,0.0,0.0
2870.9254399999995,10308.56261550814,0.0,0.0,0.0
2743.38624,9591.177534846209,0.0,0.0,0.0
2523.4676,8924.52246569823,0.0,0.0,0.0
2364.85576,8535.780927936854,0.0,0.0,0.0
2334.7231199999997,8297.750791752635,0.0,0.0,0.0
2372.8833599999994,8274.737705543546,0.0,0.0,0.0
2387.9835199999993,8333.724244753044,0.0,0.0,0.0
2341.0436799999993,8474.502011446504,0.0,0.0,0.0
2433.4419199999998,8796.853921463678,0.0,0.0,0.0
2801.2864799999993,9332.386994889066,0.0,0.0,0.0
3106.2450399999993,9917.082133463147,0.0,0.0,0.0
3291.5904799999994,10711.207272622227,0.0,0.0,0.0
3413.030959999999,11663.417130759653,0.0,0.0,0.0
3494.1115999999993,12141.491916496112,0.0,0.0,0.0
3619.9550399999994,12386.67704843572,0.0,0.0,0.0
3784.011359999999,12711.44042026782,0.0,0.0,0.0
4010.9311199999997,13475.546333130005,0.0,0.0,0.0
4130.717199999999,13778.328684714961,0.0,0.0,0.0
4015.773999999999,13651.14640232786,0.0,0.0,0.0
3672.4220799999994,13622.437105905743,0.0,0.0,0.0
4034.058879999999,14462.558646349484,0.0,0.0,0.0
4883.818879999999,15428.651776417273,0.0,0.0,0.0
5527.481999999999,16306.473495605436,0.0,0.0,0.0
5891.71696,16948.27959197741,0.0,0.0,0.0
6140.734239999999,17512.234174200916,0.0,0.0,0.0
6338.107919999999,18037.97254469902,0.0,0.0,0.0
6482.544559999999,18541.184090835482,0.0,0.0,0.0
6571.254239999999,18929.91570488569,0.0,0.0,0.0
6604.500159999999,19178.494746046304,0.0,0.0,0.0
6568.889199999998,19205.32846105682,0.0,0.0,0.0
6357.355359999999,19110.457782247464,0.0,0.0,0.0
5881.610079999999,18790.03107219776,0.0,0.0,0.0
5309.221519999999,18437.35230083734,0.0,0.0,0.0
5222.839279999998,18306.508169027584,0.0,0.0,0.0
5375.284719999998,18492.230423621415,0.0,0.0,0.0
5432.207359999999,18649.352542616023,0.0,0.0,0.0
5486.670959999999,18795.508960764993,0.0,0.0,0.0
5480.4519199999995,18553.26124733245,0.0,0.0,0.0
5312.361119999998,17878.786293780522,0.0,0.0,0.0
5026.063439999999,16875.419704548724,0.0,0.0,0.0
4657.211199999999,15265.396803918042,0.0,0.0,0.0
4092.853999999999,13354.844234138569,0.0,0.0,0.0
3293.4591999999993,10840.662084867834,0.0,0.0,0.0
2335.6931999999993,8200.319795460771,0.0,0.0,0.0
1482.2634399999997,5917.4196587769375,0.0,0.0,0.0
929.3667199999998,4376.15815286069,0.0,0.0,0.0
806.3771199999999,4205.113067091025,0.0,0.0,238.7248400739446
879.4038399999998,4435.343166293636,0.0,0.0,0.0
887.4013599999998,4793.886850957016,0.0,0.0,0.0
852.7604799999998,5051.486545573455,0.0,0.0,0.0
763.6522399999998,4911.661455152559,0.0,0.0,0.0
715.9002399999998,5173.964988864776,0.0,0.0,0.0
963.9624799999999,6144.404704426133,0.0,0.0,0.0
1416.1701599999997,7395.258726589565,0.0,0.0,0.0
1860.6773599999997,9667.242780983624,0.0,0.0,0.0
2808.3815999999993,13363.358778324597,0.0,0.0,0.0
3797.2803999999987,16530.4020382135,0.0,0.0,0.0
4527.2505599999995,19532.69184521612,0.0,0.0,0.0
5260.74384,21866.024282078724,0.0,0.0,0.0
5754.796559999999,23789.20973618083,0.0,0.0,0.0
6494.324639999999,24247.665344929203,0.0,0.0,0.0
7217.162079999998,23474.528854900018,0.0,0.0,0.0
7392.56608,23165.762505478033,0.0,0.0,0.0
7218.485599999999,23246.104871130803,0.0,0.0,0.0
6817.1695199999995,22846.17931087799,0.0,0.0,0.0
6433.3787999999995,22687.221305316463,0.0,0.0,0.0
5758.289599999999,22417.98109749465,0.0,0.0,0.0
4936.327279999999,21726.090030834934,0.0,0.0,0.0
4568.768479999998,21101.144319745083,0.0,0.0,0.0
4910.672799999998,21597.35964950492,0.0,0.0,0.0
5530.54264,22346.957096632872,0.0,0.0,0.0
6544.475519999998,23713.511667356797,0.0,0.0,0.0
7970.523199999998,25705.776074930855,0.0,0.0,0.0
9299.47264,27158.339450387055,0.0,0.0,0.0
10257.697359999996,28285.97075092123,0.0,0.0,0.0
10856.710479999998,29494.331441843908,0.0,0.0,0.0
11138.240479999997,30385.61963709319,0.0,0.0,0.0
11095.947999999999,30666.10340967348,0.0,0.0,0.0
10591.13792,30183.592725042898,0.0,0.0,0.0
9835.61104,29246.595916132956,0.0,0.0,0.0
9465.90152,28654.051122021407,0.0,0.0,0.0
9635.315839999997,29195.28040565982,0.0,0.0,0.0
10064.485999999997,30122.988620912278,0.0,0.0,0.0
10546.412719999997,31117.483412355847,0.0,0.0,0.0
10971.078399999997,31997.518119135486,0.0,0.0,0.0
11358.967519999997,33297.72275695989,0.0,0.0,0.0
11681.489039999997,34574.557054973,0.0,0.0,0.0
11922.926159999997,35836.44624396029,0.0,0.0,0.0
12127.406239999997,36496.452426622665,0.0,0.0,0.0
12084.181279999997,36458.087359229685,0.0,0.0,0.0
11890.364559999998,35774.690989333656,0.0,0.0,0.0
12262.484239999996,35894.10300587266,0.0,0.0,0.0
12727.919599999997,36276.13611488141,0.0,0.0,0.0
13194.738639999998,36370.510608132136,0.0,0.0,0.0
13556.563439999996,36442.457514132955,0.0,0.0,0.0
13698.935839999998,36638.877529370766,0.0,0.0,0.0
13633.624639999996,36616.886585412445,0.0,0.0,0.0
13321.409279999996,35959.668965589546,0.0,0.0,0.0
12805.661359999996,34857.40267081235,0.0,0.0,0.0
11929.55128,32885.41240516376,0.0,0.0,0.0
10833.31952,30323.388044330277,0.0,0.0,0.0
9870.876079999998,28123.16234542476,0.0,0.0,0.0
8920.889519999999,26205.65325411335,0.0,0.0,0.0
7443.702079999998,23722.145296076895,0.0,0.0,0.0
6189.478879999999,21580.16185804293,0.0,0.0,0.0
5549.485519999998,20084.40056785272,0.0,0.0,0.0
5258.30736,19502.493992118118,0.0,0.0,0.0
4964.737839999999,19016.59932197771,0.0,0.0,0.0
4904.08152,18495.0884524391,0.0,0.0,0.0
4971.900639999999,18141.268454293844,0.0,0.0,0.0
4997.904799999998,17998.952512368644,0.0,0.0,0.0
5199.391919999999,18156.273105586704,0.0,0.0,0.0
5440.2387199999985,18521.773311782028,0.0,0.0,0.0
5482.113839999999,19002.269483044576,0.0,0.0,0.0
5482.516159999998,19328.531335263728,0.0,0.0,0.0
5541.232319999999,19620.60600249353,0.0,0.0,0.0
6745.470079999998,21160.031621842856,0.0,0.0,0.0
7722.4007999999985,22027.40367316635,0.0,0.0,0.0
8191.479599999999,22312.52181886421,0.0,0.0,0.0
8532.248399999999,22550.53210762608,0.0,0.0,0.0
8664.340959999998,22485.442486045486,0.0,0.0,0.0
8513.489759999997,22113.53156243271,0.0,0.0,0.0
8125.014079999998,21206.375353018553,0.0,0.0,0.0
7630.043919999998,20096.924291352447,0.0,0.0,0.0
7057.685439999998,19113.23642137577,0.0,0.0,0.0
6431.013759999999,17974.917283908784,0.0,0.0,0.0
5683.875439999999,16627.75364481598,0.0,0.0,0.0
4537.285999999999,14781.238783232822,0.0,0.0,0.0
3626.316959999999,13101.45219305928,0.0,0.0,0.0
3342.1512,12232.194636613003,0.0,0.0,0.0
3099.864319999999,11642.676574409072,0.0,0.0,0.0
2855.5507999999995,10952.63131802745,0.0,0.0,0.0
2688.3398399999996,10361.70408883702,0.0,0.0,0.0
2609.2632799999997,10079.483666801541,0.0,0.0,0.0
2594.9865599999994,10109.125792073879,0.0,0.0,0.0
2661.9446399999997,10290.461766329452,0.0,0.0,0.0
2806.6519999999996,10601.441103342913,0.0,0.0,0.0
2899.121679999999,10676.275809294935,0.0,0.0,0.0
2862.49552,10337.966571712337,0.0,0.0,0.0
2625.4087199999994,9814.461036228051,0.0,0.0,0.0
2598.07728,9485.827417038669,0.0,0.0,0.0
2623.961119999999,9476.638060492909,0.0,0.0,0.0
2685.948479999999,9758.134051612791,0.0,0.0,0.0
2992.072639999999,10627.480921459623,0.0,0.0,0.0
3514.74648,12092.806189483697,0.0,0.0,0.0
4143.523759999999,13940.005787137761,0.0,0.0,0.0
4802.7608,15967.677996175391,0.0,0.0,0.0
5460.411119999998,17748.785677420427,0.0,0.0,0.0
5937.6115199999995,18866.255097713933,0.0,0.0,0.0
6033.303519999999,19125.87922940957,0.0,0.0,0.0
5804.390959999998,18632.869258358456,0.0,0.0,0.0
5374.784639999999,17958.46377078474,0.0,0.0,0.0
5268.4367999999995,17675.012808563864,0.0,0.0,0.0
5416.6522399999985,17633.30345050574,0.0,0.0,0.0
5252.44552,17261.40245060414,0.0,0.0,0.0
4975.07784,16623.873473747524,0.0,0.0,0.0
4723.82712,15835.672790158442,0.0,0.0,0.0
4470.2865600000005,15019.358232817596,0.0,0.0,0.0
4238.899919999999,14301.715135665176,0.0,0.0,0.0
4050.2268799999993,14009.074816898545,0.0,0.0,0.0
3948.421119999999,14132.674639552362,0.0,0.0,0.0
3806.4623199999996,13956.340215727738,0.0,0.0,0.0
3577.557279999999,13196.680125470846,0.0,0.0,0.0
3183.591999999999,11989.579745867077,0.0,0.0,0.0
3045.2841599999997,10913.263955806036,0.0,0.0,0.0
3069.829439999999,10363.609441382145,0.0,0.0,0.0
3204.8171999999995,10300.593875436602,0.0,0.0,0.0
3449.589439999999,10711.564526224438,0.0,0.0,0.0
3693.1659999999993,11192.269095421616,0.0,0.0,0.0
3858.91056,11562.681538647337,0.0,0.0,0.0
3975.1471999999994,11842.36149062265,0.0,0.0,0.0
3961.968399999999,11851.034814187438,0.0,0.0,0.0
3732.4542399999996,11428.175557414916,0.0,0.0,0.0
3434.226079999999,10887.164595422293,0.0,0.0,0.0
3117.103919999999,10182.93835577513,0.0,0.0,0.0
2738.4568799999997,9361.374155224014,0.0,0.0,0.0
2561.417279999999,8759.878173634845,0.0,0.0,0.0
2411.4609599999994,8134.436276986369,0.0,0.0,0.0
2102.896559999999,7418.01379630817,0.0,0.0,0.0
1767.25264,6860.370694390395,0.0,0.0,0.0
1652.27936,7067.141140381154,0.0,0.0,0.0
1858.3912799999994,8073.623774921128,0.0,0.0,0.0
2280.9513599999996,9665.833613997123,0.0,0.0,0.0
2852.7721599999995,11588.463340273562,0.0,0.0,0.0
3517.8033599999994,13548.773397872079,0.0,0.0,0.0
4035.374879999999,15355.404864252852,0.0,0.0,0.0
4389.100639999999,16562.485396434276,0.0,0.0,0.0
4525.942079999999,16989.05612118532,0.0,0.0,0.0
4818.056479999999,17620.223999180347,0.0,0.0,0.0
5446.596879999999,18907.6270495922,0.0,0.0,0.0
5836.147919999999,19965.583973984063,0.0,0.0,0.0
6092.410719999999,20704.146254288167,0.0,0.0,0.0
6305.557599999998,21049.31277629098,0.0,0.0,0.0
6432.837359999999,20800.118465037667,0.0,0.0,0.0
6164.087599999999,19499.497031344014,0.0,0.0,0.0
5450.36064,17529.422041951733,0.0,0.0,0.0
4521.388719999999,15342.8910644643,0.0,0.0,0.0
3621.1507199999996,13290.27064553894,0.0,0.0,0.0
2919.1737599999997,11612.9749068697,0.0,0.0,0.0
2564.1620799999996,10740.105119556625,0.0,0.0,0.0
2731.5948799999996,11030.195044551916,0.0,0.0,0.0
3026.36384,11864.610451071452,0.0,0.0,0.0
3260.641919999999,13038.019831244492,0.0,0.0,0.0
3495.239599999999,14344.009992682482,0.0,0.0,0.0
3570.9095999999995,15356.436930214799,0.0,0.0,0.0
3515.6225599999993,16015.083564446548,0.0,0.0,0.0
3591.7362399999993,16978.358360541337,0.0,0.0,0.0
3788.730159999999,17778.28887073635,0.0,0.0,0.0
3845.9385599999996,17460.303393635084,0.0,0.0,0.0
3816.426319999999,16451.61769521481,0.0,0.0,0.0
3838.6554399999986,15439.944959731605,0.0,0.0,0.0
3836.44456,14055.249844984308,0.0,0.0,0.0
4065.0638399999993,12650.836316137202,0.0,0.0,0.0
3988.6305599999996,11655.299535020526,0.0,0.0,0.0
3816.791039999999,10854.962152667445,0.0,0.0,0.0
3592.9770399999993,10311.906906173283,0.0,0.0,0.0
3463.9601599999987,10435.615889649998,0.0,0.0,0.0
3423.37848,10652.121496301006,0.0,0.0,0.0
3282.585279999999,10782.251120906343,0.0,0.0,0.0
3096.5216799999994,10705.461443853334,0.0,0.0,0.0
2882.141519999999,10761.083844975346,0.0,0.0,0.0
2746.1535999999996,10991.304020466785,0.0,0.0,0.0
2747.9696799999992,11519.821030093195,0.0,0.0,0.0
2672.55912,11904.652625652596,0.0,0.0,0.0
2642.9867199999994,12344.620360486555,0.0,0.0,0.0
2939.8913599999996,13632.221885121853,0.0,0.0,0.0
3378.807439999999,15281.026649014768,0.0,0.0,0.0
3968.9807999999994,17236.603096383995,0.0,0.0,0.0
4583.804719999999,18757.143893372002,0.0,0.0,0.0
5300.02456,20917.15871460645,0.0,0.0,0.0
5879.380399999998,22968.102026343644,0.0,0.0,0.0
6473.889039999998,25370.36456101063,0.0,0.0,0.0
7585.8150399999995,27783.364551166283,0.0,0.0,0.0
8309.569919999998,28905.21032808688,0.0,0.0,0.0
8509.462799999998,29060.893508961468,0.0,0.0,0.0
8885.631999999998,28858.598656709524,0.0,0.0,0.0
9095.883679999997,28237.92014142386,0.0,0.0,0.0
9255.100879999998,28012.27479678295,0.0,0.0,0.0
9741.96072,27803.70815906997,0.0,0.0,0.0
10165.415679999996,28094.07594797809,0.0,0.0,0.0
10163.516879999997,28089.57058310576,0.0,0.0,0.0
9653.927839999998,27371.054199370163,0.0,0.0,0.0
8879.153519999998,25434.005320760043,0.0,0.0,0.0
7943.571519999998,23236.65749809456,0.0,0.0,0.0
7100.477999999998,21598.590189690316,0.0,0.0,0.0
6242.547519999998,19653.314554518176,0.0,0.0,0.0
5116.841119999998,17629.462974281967,0.0,0.0,0.0
4170.866479999999,16060.653246150787,0.0,0.0,0.0
3780.999599999999,15243.376088826206,0.0,0.0,0.0
3769.791039999999,14991.522222978658,0.0,0.0,0.0
3686.300239999999,14403.651496829365,0.0,0.0,0.0
3429.3869599999994,13391.323796408777,0.0,0.0,0.0
2986.3386399999995,11585.128973319592,0.0,0.0,0.0
2376.6771999999996,9241.327021169964,0.0,0.0,0.0
1928.6243199999994,7564.467925792316,0.0,0.0,0.0
1616.4578399999996,6419.986163687191,0.0,0.0,0.0
1273.1547999999998,5533.788832269412,0.0,0.0,0.0
1288.6685599999998,5593.479954972158,0.0,0.0,0.0
1572.60496,6450.233635341051,0.0,0.0,0.0
1641.9243199999999,7457.103294616753,0.0,0.0,0.0
1512.2795199999996,8224.295481653595,0.0,0.0,0.0
1791.2865599999996,9435.504277682787,0.0,0.0,0.0
2298.0555999999997,10522.339201586705,0.0,0.0,0.0
2573.1748,10482.287103294388,0.0,0.0,0.0
2613.8880799999997,10161.850469533512,0.0,0.0,0.0
2588.150879999999,10012.50854009816,0.0,0.0,0.0
2437.1755999999996,9946.634945334932,0.0,0.0,0.0
2420.9511999999995,10037.814003588104,0.0,0.0,0.0
2547.776,10256.800538032245,0.0,0.0,0.0
2766.7659200000003,10803.696260750174,0.0,0.0,0.0
2915.0377599999997,11802.150612951571,0.0,0.0,0.0
3159.456559999999,13408.491816737247,0.0,0.0,0.0
3805.285439999999,15783.573306502678,0.0,0.0,0.0
4678.872559999999,18504.347274963067,0.0,0.0,0.0
5447.93168,20708.532534626425,0.0,0.0,0.0
5683.059519999998,22397.587871035106,0.0,0.0,0.0
5445.498959999998,22827.45326789543,0.0,0.0,0.0
5130.2192,22049.2755325906,0.0,0.0,0.0
4888.187999999998,20963.31389526987,0.0,0.0,0.0
4737.562399999999,20085.323472991768,0.0,0.0,0.0
4801.959919999999,19390.19727648981,0.0,0.0,0.0
5044.551359999999,18571.302554244103,0.0,0.0,0.0
4895.147759999999,17594.35288415357,0.0,0.0,0.0
4641.095839999999,17374.751079616737,0.0,0.0,0.0
4990.584079999999,18889.486505568817,0.0,0.0,0.0
6354.208239999999,21260.697747976963,0.0,0.0,0.0
7608.367519999999,23465.805912779368,0.0,0.0,0.0
8360.754799999999,24762.4975568487,0.0,0.0,0.0
8588.727359999999,24765.32581453287,0.0,0.0,0.0
8462.500399999997,23795.302894840763,0.0,0.0,0.0
8099.419759999998,22500.66545898414,0.0,0.0,0.0
7677.6944,21336.098105465822,0.0,0.0,0.0
7215.966399999998,20382.75694425473,0.0,0.0,0.0
6711.160079999998,19492.04432425345,0.0,0.0,0.0
5953.0124799999985,18266.188130533606,0.0,0.0,0.0
4974.0851999999995,16723.418220519132,0.0,0.0,0.0
4468.248639999999,16224.444099053333,0.0,0.0,0.0
4569.34,16911.283996726233,0.0,0.0,0.0
4662.204479999999,17488.407343675677,0.0,0.0,0.0
4629.966239999999,17261.422298026482,0.0,0.0,0.0
4456.506159999999,16292.629918519766,0.0,0.0,0.0
4236.914639999999,15224.03477575095,0.0,0.0,0.0
4000.0572,14366.54674075529,0.0,0.0,0.0
3771.72368,13614.646992635311,0.0,0.0,0.0
3622.6020799999997,13029.267117990323,0.0,0.0,0.0
3525.748239999999,12570.652729863188,0.0,0.0,0.0
3438.5801599999995,12197.739511421989,0.0,0.0,0.0
3039.561439999999,11739.224360406582,0.0,0.0,0.0
2938.4663199999995,12084.549661788153,0.0,0.0,0.0
3659.1342399999994,13201.125948076136,0.0,0.0,0.0
4127.814479999999,14072.447636446297,0.0,0.0,0.0
4372.3799199999985,14723.155301740024,0.0,0.0,0.0
4534.131359999999,14975.048862432262,0.0,0.0,0.0
4686.4865599999985,14791.460205740526,0.0,0.0,0.0
4694.341199999999,13914.819408181891,0.0,0.0,0.0
4513.556639999999,12702.608317324271,0.0,0.0,0.0
4287.005359999999,11674.09504398129,0.0,0.0,0.0
3945.7665599999996,10776.058725134688,0.0,0.0,0.0
3404.92064,9749.75843938318,0.0,0.0,0.0
2827.4372799999996,8780.966059876464,0.0,0.0,0.0
2652.7100799999994,8299.914160788247,0.0,0.0,0.0
2651.1910399999997,8093.491044688524,0.0,0.0,0.0
2576.1715199999994,7951.472814098498,0.0,0.0,0.0
2535.69512,7974.495824018762,0.0,0.0,0.0
2491.0902399999995,8196.439624392313,0.0,0.0,0.0
2432.8666399999997,8327.095205689795,0.0,0.0,0.0
2381.745679999999,8432.395704941475,0.0,0.0,0.0
2382.9939999999997,8626.4638006314,0.0,0.0,0.0
2510.4391999999993,8923.42093375808,0.0,0.0,0.0
2604.6948799999996,8916.335403980896,0.0,0.0,0.0
2636.7263199999993,8657.713567113686,0.0,0.0,0.0
2459.4460799999993,8134.148489362365,0.0,0.0,0.0
2434.551119999999,7903.650449958094,0.0,0.0,0.0
2519.3127999999992,7970.188933369885,0.0,0.0,0.0
2633.4889599999997,8274.836942655273,0.0,0.0,0.0
2769.9355999999993,8568.787191296675,0.0,0.0,0.0
2923.56168,8990.445679017324,0.0,0.0,0.0
3097.9391999999993,9569.682776446516,0.0,0.0,0.0
3199.7976,9997.126787780746,0.0,0.0,0.0
3150.203199999999,10028.217774884268,0.0,0.0,0.0
2886.894159999999,9527.19936891693,0.0,0.0,0.0
2520.000879999999,8814.150950037392,0.0,0.0,0.0
2140.7672799999996,8126.894256495249,0.0,0.0,0.0
1802.5891199999999,7619.71322588977,0.0,0.0,0.0
1782.45432,7741.288611464392,0.0,0.0,0.0
1971.0333599999994,8323.254729466029,0.0,0.0,0.0
2190.756479999999,8968.911225772941,0.0,0.0,0.0
2425.1924799999993,9527.963494677215,0.0,0.0,0.0
2646.4045599999995,10330.970355335707,0.0,0.0,0.0
2817.45072,11271.400768311343,0.0,0.0,0.0
2932.792479999999,11922.356526384383,0.0,0.0,0.0
3067.783999999999,12932.669713436953,0.0,0.0,0.0
3300.2008799999994,13916.049948367281,0.0,0.0,0.0
3560.656079999999,15197.419382386237,0.0,0.0,0.0
3717.004399999999,16198.68214484946,0.0,0.0,0.0
3588.9500799999987,16734.860259501056,0.0,0.0,0.0
3670.4029599999985,17495.145543561826,0.0,0.0,0.0
4759.494479999999,19300.467080067825,0.0,0.0,0.0
5415.520479999999,20851.632449734254,0.0,0.0,0.0
5663.281919999999,21720.46328660011,0.0,0.0,0.0
5964.352639999999,22030.321244251074,0.0,0.0,0.0
6126.803439999999,21934.190254122816,0.0,0.0,0.0
6242.261759999999,21654.202667101155,0.0,0.0,0.0
6235.783279999998,21058.641064793155,0.0,0.0,0.0
6114.666159999999,20170.528457119075,0.0,0.0,0.0
5638.601279999999,18778.479872392938,0.0,0.0,0.0
4840.375839999999,16924.71077794266,0.0,0.0,0.0
4170.554399999999,15689.774388499962,0.0,0.0,0.0
3837.636479999999,15174.793320912875,0.0,0.0,0.0
3692.553119999999,14846.020769767076,0.0,0.0,0.0
3635.26952,14552.040749992153,0.0,0.0,0.0
3506.0044799999987,15118.089235273059,0.0,0.0,0.0
3562.6488799999997,16570.04726434774,0.0,0.0,0.0
3791.1628799999985,17669.217361239113,0.0,0.0,0.0
4136.011279999999,18386.145951187107,0.0,0.0,0.0
4461.725039999998,18647.536503471452,0.0,0.0,0.0
4722.533679999999,19170.307684328967,0.0,0.0,0.0
4897.584239999999,19200.555155982827,0.0,0.0,0.0
5008.36888,19055.917065643258,0.0,0.0,0.0
4903.949919999999,18708.42839522607,0.0,0.0,0.0
4838.213839999999,18233.777289844136,0.0,0.0,0.0
5868.2696,18781.109655853656,0.0,0.0,0.0
6506.946959999999,19148.21750325893,0.0,0.0,0.0
6779.513119999998,19292.43879772925,0.0,0.0,0.0
6826.227359999999,19019.82452810878,0.0,0.0,0.0
6687.175039999998,18237.52845266735,0.0,0.0,0.0
6312.04736,16970.53847613739,0.0,0.0,0.0
5654.284239999998,15363.413299169086,0.0,0.0,0.0
4841.55272,13736.30176789931,0.0,0.0,0.0
4092.8690399999987,12100.338286263644,0.0,0.0,0.0
3316.8088,10409.268436486938,0.0,0.0,0.0
2459.6303199999993,8829.324304420184,0.0,0.0,0.0
2146.2719199999997,7768.241411008972,0.0,0.0,0.0
2079.4529599999996,6869.966923094227,0.0,0.0,0.0
1878.5899999999997,5882.94468616358,0.0,0.0,0.0
1576.3611999999996,4797.598318935541,0.0,0.0,0.0
1219.4469599999998,3743.531489323304,0.0,0.0,0.0
886.9877599999998,3020.470045870686,0.0,0.0,0.0
639.6963199999999,2540.162425120409,0.0,0.0,87.14549434496692
475.5723199999998,2221.184576901893,0.0,0.0,492.1434457221235
370.16447999999997,2072.646468071518,0.0,0.0,743.104560915246
337.5464799999999,2206.5074080777267,0.0,0.0,788.5301514327585
385.5879999999999,2572.4244101422923,0.0,0.0,819.7965275737221
452.2339999999999,2926.0360103529256,0.0,0.0,1318.6991178885135
408.20063999999996,3067.8855378530184,0.0,0.0,1705.6241886526482
428.53095999999994,3320.6325377060925,0.0,0.0,1623.702265209986
477.90728,3662.9211834688726,0.0,0.0,1196.4702813746287
512.0405599999999,3872.5198871438024,0.0,0.0,722.815624264089
544.08328,4011.7098600496574,0.0,0.0,283.3612820311131
600.4381599999999,4144.4791918268875,0.0,0.0,0.0
671.6563199999998,4200.974879532081,0.0,0.0,0.0
759.1402399999998,4203.2077145459,0.0,0.0,0.0
869.0111999999998,4330.628166001139,0.0,0.0,0.0
1032.3794399999997,4725.373549021894,0.0,0.0,0.0
1260.5475199999996,5573.1859656243405,0.0,0.0,0.0
1704.7050399999996,7012.620271199295,0.0,0.0,0.0
2509.059279999999,9052.14139137692,0.0,0.0,0.0
3050.2623999999996,10849.6331197678,0.0,0.0,0.0
3056.3611199999996,11806.318571644033,0.0,0.0,0.0
2994.8775999999993,12345.086774911664,0.0,0.0,0.0
2967.982319999999,12468.06140376161,0.0,0.0,0.0
2981.04456,12168.573724285938,0.0,0.0,0.0
2942.48576,11336.103365156214,0.0,0.0,0.0
2855.347759999999,10287.762516890525,0.0,0.0,0.0
2679.1917599999997,9318.146469356489,0.0,0.0,0.0
2443.7743999999993,8380.732864577301,0.0,0.0,0.0
2224.84464,7589.892473816327,0.0,0.0,0.0
1861.0984799999997,6759.694644545115,0.0,0.0,0.0
1266.5409599999996,5729.256171234663,0.0,0.0,0.0
1077.4242399999998,5232.445418804475,0.0,0.0,0.0
1167.3108,5331.6924542409115,0.0,0.0,0.0
1397.5769599999999,5756.754774893734,0.0,0.0,0.0
1551.8422399999997,5967.554247620539,0.0,0.0,0.0
1559.0614399999997,5755.236447084338,0.0,0.0,0.0
1425.20168,5339.552033489553,0.0,0.0,0.0
1259.2503199999996,5147.1908161213005,0.0,0.0,0.0
1207.81352,5400.126366486653,0.0,0.0,0.0
1403.7884799999995,6254.002170615516,0.0,0.0,0.0
1845.0883999999996,7652.253074824484,0.0,0.0,0.0
2584.153999999999,9474.851792481853,0.0,0.0,0.0
3466.8290399999996,11364.395865709086,0.0,0.0,0.0
4125.0621599999995,12591.720768682459,0.0,0.0,0.0
4319.085679999999,12674.12726625912,0.0,0.0,0.0
4153.8449599999985,12034.424996655725,0.0,0.0,0.0
3776.6530399999992,11066.922699601435,0.0,0.0,0.0
3339.2296799999995,10014.572672022046,0.0,0.0,0.0
2865.9283999999993,8676.19151731693,0.0,0.0,0.0
2535.0784799999997,7558.801486712804,0.0,0.0,0.0
2397.0112799999997,6854.932500667851,0.0,0.0,0.0
2237.6361599999996,6144.355085870269,0.0,0.0,0.0
2106.4647999999997,5652.397028203447,0.0,0.0,0.0
1864.3621599999997,5200.084196670866,0.0,0.0,0.0
1378.07008,4582.720200916827,0.0,0.0,0.0
1254.8887199999997,4379.552062081693,0.0,0.0,0.0
1452.1270399999996,4789.887595354487,0.0,0.0,0.0
1847.8820799999999,5549.25989798738,0.0,0.0,0.0
2135.49952,6027.781250726603,0.0,0.0,0.0
2257.8724799999995,6305.932951181346,0.0,0.0,0.0
2355.9069599999993,6730.955576989478,0.0,0.0,0.0
2472.1398399999994,7257.755784583041,0.0,0.0,0.0
2553.1715999999997,7724.537387005165,0.0,0.0,0.0
2541.5945599999995,8067.133667814295,0.0,0.0,0.0
2585.68056,8566.137560413612,0.0,0.0,0.0
2956.3225599999996,9479.605250133493,0.0,0.0,0.0
3591.6083999999996,10769.925871630066,0.0,0.0,0.0
3993.345599999999,11626.590238598408,0.0,0.0,0.0
4002.3733599999987,11642.577337297347,0.0,0.0,0.0
3832.3160799999987,11254.838094364393,0.0,0.0,0.0
3617.08992,10669.795625899276,0.0,0.0,0.0
3348.1671999999994,10054.29728784567,0.0,0.0,0.0
3040.9338399999992,9399.054486546096,0.0,0.0,0.0
2813.1906399999993,8796.10964312574,0.0,0.0,0.0
2644.028239999999,8207.911434507754,0.0,0.0,0.0
2467.2744,7484.879762188653,0.0,0.0,0.0
2310.1327199999996,6772.575621647054,0.0,0.0,0.0
1948.69144,5909.649392928849,0.0,0.0,0.0
1382.8753599999995,5074.777495695375,0.0,0.0,0.0
1183.40736,4960.317411031456,0.0,0.0,0.0
1354.1827999999996,5675.410114412535,0.0,0.0,0.0
1664.9279999999997,6632.929158027264,0.0,0.0,0.0
1954.5758399999995,7453.997173019752,0.0,0.0,0.0
2214.8242399999995,8122.319425644713,0.0,0.0,0.0
2462.5856799999992,8654.86546200717,0.0,0.0,0.0
2692.6788799999995,9225.96511627489,0.0,0.0,0.0
2908.2659999999996,10069.18285460446,0.0,0.0,0.0
3049.9804,11394.861659008742,0.0,0.0,0.0
3158.93016,13113.578968112108,0.0,0.0,0.0
3557.076559999999,15143.553478141763,0.0,0.0,0.0
4186.684799999999,17082.706183520455,0.0,0.0,0.0
4418.13912,18051.32985993724,0.0,0.0,0.0
4220.618799999998,17762.31169574858,0.0,0.0,0.0
3881.6660799999986,16675.893567713905,0.0,0.0,0.0
3586.2353599999997,15616.190070155675,0.0,0.0,0.0
3158.745919999999,14138.3311549207,0.0,0.0,0.0
2844.8723999999997,12761.71394106784,0.0,0.0,0.0
2702.75944,11802.716264488405,0.0,0.0,0.0
2568.8507999999993,11025.451510611449,0.0,0.0,0.0
2473.8581599999993,10550.51261760551,0.0,0.0,0.0
2458.13008,10624.702282331316,0.0,0.0,0.0
2248.607839999999,10553.231714466778,0.0,0.0,0.0
1849.0627199999994,10132.466360751661,0.0,0.0,0.0
1616.6947199999997,9733.433934504374,0.0,0.0,0.0
1617.6835999999996,9670.229818046555,0.0,0.0,0.0
1622.1053599999998,9711.81016785944,0.0,0.0,0.0
1641.5633599999996,9771.253197782873,0.0,0.0,0.0
1648.2523999999996,9702.253634000297,0.0,0.0,0.0
1587.85176,9253.781278691484,0.0,0.0,0.0
1493.0696799999998,8453.265269537298,0.0,0.0,0.0
1385.5035999999996,7544.92813849361,0.0,0.0,0.0
1307.9385599999998,6952.542123760821,0.0,0.0,0.0
1260.0474399999996,6656.785759686015,0.0,0.0,0.0
1400.4383199999997,6758.722120850207,0.0,0.0,0.0
1744.6211999999996,7175.825625142664,0.0,0.0,0.0
1992.0103999999997,7736.475611545715,0.0,0.0,0.0
2061.0139199999994,8267.850649989814,0.0,0.0,0.0
2029.7006399999996,8592.475089865497,0.0,0.0,0.0
2016.9204,8692.92289435381,0.0,0.0,0.0
2124.9602399999994,8591.641498127005,0.0,0.0,0.0
2328.2483999999995,8545.863418488141,0.0,0.0,0.0
2530.4010399999993,8366.343483377137,0.0,0.0,0.0
2633.4664,8174.2402824993715,0.0,0.0,0.0
2547.099199999999,8068.781003868933,0.0,0.0,0.0
2156.8788799999998,7651.746965554686,0.0,0.0,0.0
1679.3513599999999,6754.335840511951,0.0,0.0,0.0
1190.3182399999996,5644.269508753147,0.0,0.0,0.0
1090.47144,5290.856382765965,0.0,0.0,0.0
1229.26056,5245.713420642142,0.0,0.0,0.0
1520.8410399999996,5826.3795324801795,0.0,0.0,0.0
1940.1712799999998,6860.380618101566,0.0,0.0,0.0
2454.9603999999995,8230.666504226358,0.0,0.0,0.0
3003.1759199999997,9560.572809590138,0.0,0.0,0.0
3416.181839999999,10338.204740780477,0.0,0.0,0.0
3596.54528,10696.083536795297,0.0,0.0,0.0
3550.677039999999,10523.232335592233,0.0,0.0,0.0
3214.3375199999996,9648.080094709476,0.0,0.0,0.0
2768.021759999999,9215.7039989225,0.0,0.0,0.0
2708.046,9728.194215005282,0.0,0.0,0.0
2716.863199999999,10365.485022793751,0.0,0.0,0.0
2770.710159999999,11129.055055252624,0.0,0.0,0.0
2804.2719199999997,12143.52627728648,0.0,0.0,0.0
2724.815599999999,12602.081123146578,0.0,0.0,0.0
2463.30384,12823.965381253096,0.0,0.0,0.0
2402.3279199999993,12877.136625715493,0.0,0.0,0.0
2405.7983999999997,12824.590575056967,0.0,0.0,0.0
2426.48592,12918.5284250161,0.0,0.0,0.0
2400.3614399999997,12379.77014545964,0.0,0.0,0.0
2380.6101599999993,11649.146834093559,0.0,0.0,0.0
2361.5394399999996,11736.088467676063,0.0,0.0,0.0
2276.2626399999995,12344.590589353036,0.0,0.0,0.0
2761.2575199999997,13384.486359410905,0.0,0.0,0.0
3561.900639999999,14387.962109465601,0.0,0.0,0.0
4050.9863999999993,15429.663994956867,0.0,0.0,0.0
4380.294719999999,16214.133363145083,0.0,0.0,0.0
4563.9782399999995,16456.83756729156,0.0,0.0,0.0
4546.7047999999995,16294.148246329163,0.0,0.0,0.0
4417.733039999999,15950.728297492713,0.0,0.0,0.0
4172.569759999999,15593.18690765776,0.0,0.0,0.0
3891.11496,15353.201800372553,0.0,0.0,0.0
3611.5514399999993,15216.998864529629,0.0,0.0,0.0
3265.326879999999,14676.900883964878,0.0,0.0,0.0
3160.0882399999996,14221.84910814868,0.0,0.0,0.0
3072.66072,13814.500611938818,0.0,0.0,0.0
2896.4107199999994,13387.324540806248,0.0,0.0,0.0
2760.494239999999,13089.126943783001,0.0,0.0,0.0
2620.1259199999995,13080.533009907595,0.0,0.0,0.0
2688.700799999999,13322.75095220662,0.0,0.0,0.0
2855.1935999999996,13701.856566419472,0.0,0.0,0.0
2980.5595199999993,13937.32638512118,0.0,0.0,0.0
3010.1093599999995,13849.551159800181,0.0,0.0,0.0
2912.5975199999993,13170.46168055303,0.0,0.0,0.0
2823.899119999999,12844.527310802572,0.0,0.0,0.0
2569.3132799999994,12891.645091449727,0.0,0.0,0.0
2178.3409599999995,12971.669898344979,0.0,0.0,0.0
2525.6107999999995,13460.889011728184,0.0,0.0,0.0
2902.618479999999,14112.985996586069,0.0,0.0,0.0
3150.9138399999993,14635.667864043033,0.0,0.0,0.0
3315.3987999999995,14634.159459944809,0.0,0.0,0.0
3367.091279999999,14159.180872094177,0.0,0.0,0.0
3329.551439999999,13511.182379950551,0.0,0.0,0.0
3224.7038399999997,12548.244990035622,0.0,0.0,0.0
3064.6331199999995,11789.924600787019,0.0,0.0,0.0
2551.7879199999998,10833.755181891756,0.0,0.0,0.0
1966.0663999999995,9843.884839854592,0.0,0.0,0.0
2062.67584,10109.939536390028,0.0,0.0,0.0
2728.045439999999,11196.010334533661,0.0,0.0,0.0
3408.958879999999,12529.35024396313,0.0,0.0,0.0
3841.456639999999,13431.782766859167,0.0,0.0,0.0
4027.4751199999996,14223.417054513942,0.0,0.0,0.0
4085.6498399999987,14974.274812960803,0.0,0.0,0.0
4085.5107199999984,15543.945452819684,0.0,0.0,0.0
4014.78512,15950.996237694371,0.0,0.0,0.0
4001.1964799999987,15640.731407885332,0.0,0.0,0.0
3959.1107999999986,15260.56395657702,0.0,0.0,0.0
3535.6746399999993,14598.642497658335,0.0,0.0,0.0
3105.2335999999996,13730.873497887938,0.0,0.0,0.0
2928.5963199999997,13192.254150287898,0.0,0.0,0.0
3082.8691199999994,13312.54937712126,0.0,0.0,0.0
3619.898639999999,13866.26268941472,0.0,0.0,0.0
3843.148639999999,13973.62732059028,0.0,0.0,0.0
3669.5569599999994,13603.105716541664,0.0,0.0,0.0
3405.533519999999,13204.509933585965,0.0,0.0,0.0
3277.6596799999993,12830.54480176048,0.0,0.0,0.0
3353.209359999999,12695.076220544324,0.0,0.0,0.0
3541.0100799999996,13232.723044449462,0.0,0.0,0.0
3603.6479199999994,13628.966907857266,0.0,0.0,0.0
3485.4109599999997,13365.740469006003,0.0,0.0,0.0
3275.648079999999,12690.124288669233,0.0,0.0,0.0
3115.8292799999995,12175.520322106704,0.0,0.0,0.0
3210.9008799999997,12378.61899496363,0.0,0.0,0.0
3440.2571199999993,12845.192199451132,0.0,0.0,0.0
3725.2275199999995,13533.917602246807,0.0,0.0,0.0
4037.0743999999995,14537.41319972385,0.0,0.0,0.0
4318.875119999999,15635.42222240803,0.0,0.0,0.0
4522.031679999999,16630.05594580801,0.0,0.0,0.0
4613.068799999999,17434.303270363067,0.0,0.0,0.0
4737.438319999998,18009.96783177015,0.0,0.0,0.0
4937.8387999999995,18709.7184776785,0.0,0.0,0.0
5146.338319999997,19196.208570489267,0.0,0.0,0.0
5295.2531199999985,19701.68272277307,0.0,0.0,0.0
5367.719599999999,19726.55154297142,0.0,0.0,0.0
5486.77248,19467.860240126,0.0,0.0,0.0
5991.116319999999,19436.332609730885,0.0,0.0,0.0
6460.206399999998,19621.816695256577,0.0,0.0,0.0
6616.227599999998,19644.909171155046,0.0,0.0,0.0
6496.355039999999,19315.283180848408,0.0,0.0,0.0
6302.654879999999,18672.534331915045,0.0,0.0,0.0
6049.23464,17915.07730553845,0.0,0.0,0.0
5647.606479999999,17143.33013507342,0.0,0.0,0.0
5154.422319999999,16486.430074008033,0.0,0.0,0.0
4728.824159999999,15999.116313169956,0.0,0.0,0.0
4319.363919999999,15642.180269716522,0.0,0.0,0.0
3984.441919999999,15921.473196956107,0.0,0.0,0.0
4077.6974399999995,17323.772975323463,0.0,0.0,0.0
4443.432639999999,19243.425588248145,0.0,0.0,0.0
4955.631119999999,20895.78304074083,0.0,0.0,0.0
5356.54864,22125.618642640846,0.0,0.0,0.0
5806.786079999998,23649.62281482807,0.0,0.0,0.0
6409.953999999999,25211.287470915035,0.0,0.0,0.0
6913.636079999999,26348.971490866978,0.0,0.0,0.0
7310.244639999999,26700.389950908473,0.0,0.0,0.0
7794.21304,26802.078219293362,0.0,0.0,0.0
7726.243519999997,26759.23755816156,0.0,0.0,0.0
7625.588320000001,26950.239227099177,0.0,0.0,0.0
7738.7455199999995,27358.599941848635,0.0,0.0,0.0
7620.19648,27879.971879430832,0.0,0.0,0.0
8121.400719999998,27998.093813517415,0.0,0.0,0.0
8817.842959999998,27647.12192047868,0.0,0.0,0.0
8857.56736,27094.033801989088,0.0,0.0,0.0
8684.987119999998,26431.467301844186,0.0,0.0,0.0
8682.020479999997,25796.915438339336,0.0,0.0,0.0
8827.712959999997,25571.627347300637,0.0,0.0,0.0
8805.826,25529.878294397822,0.0,0.0,0.0
8573.762559999997,25154.41468218528,0.0,0.0,0.0
8192.720399999998,23992.923679130447,0.0,0.0,0.0
7402.082639999999,22165.611198666127,0.0,0.0,0.0
6466.203599999999,20186.148378504637,0.0,0.0,0.0
5837.821119999999,18587.170568408976,0.0,0.0,0.0
5416.2912799999995,17345.168496611434,0.0,0.0,0.0
4988.918399999999,16346.168340295546,0.0,0.0,0.0
4502.111199999999,15526.043077864448,0.0,0.0,0.0
4016.1424799999995,14966.772487314374,0.0,0.0,0.0
3610.156479999999,14564.098059066775,0.0,0.0,0.0
3263.69504,14200.00701985795,0.0,0.0,0.0
3054.612719999999,13926.76755643361,0.0,0.0,0.0
3054.646559999999,13982.846448269554,0.0,0.0,0.0
3184.674879999999,13911.812523696615,0.0,0.0,0.0
3531.3731999999995,14779.650989445221,0.0,0.0,0.0
4103.1939999999995,16519.148549743855,0.0,0.0,0.0
4595.532159999999,18083.760548049053,0.0,0.0,0.0
5397.33336,20361.71867656897,0.0,0.0,0.0
6585.2451999999985,22664.188371685024,0.0,0.0,0.0
7742.035519999998,24487.928316127236,0.0,0.0,0.0
8312.97648,25435.067157855505,0.0,0.0,0.0
8574.371679999997,25269.142707050858,0.0,0.0,0.0
8660.535839999999,24786.989276022494,0.0,0.0,0.0
8657.941439999997,25077.13874328482,0.0,0.0,0.0
8210.19312,24891.69435260382,0.0,0.0,0.0
7570.117039999999,24025.731468266822,0.0,0.0,0.0
7092.848959999998,23553.531519544496,0.0,0.0,0.0
6864.459039999998,23036.00998189725,0.0,0.0,0.0
6470.185439999998,21982.975218246957,0.0,0.0,0.0
6213.715839999999,21297.25669993655,0.0,0.0,0.0
5830.188319999998,20154.7001377989,0.0,0.0,0.0
5456.613519999999,18784.543259919352,0.0,0.0,0.0
5192.037359999999,17390.142755645324,0.0,0.0,0.0
4800.745439999999,16151.564364202302,0.0,0.0,0.0
4534.511119999998,15435.409823725764,0.0,0.0,0.0
4451.629439999999,14848.799408895382,0.0,0.0,0.0
4335.535679999999,14795.786943811745,0.0,0.0,0.0
4198.4836799999985,15077.908128735498,0.0,0.0,0.0
4076.9755199999995,15798.806203152506,0.0,0.0,0.0
4144.245679999999,18136.634081176275,0.0,0.0,0.0
4603.10104,21782.94297214234,0.0,0.0,0.0
5643.767519999999,25204.211864849025,0.0,0.0,0.0
6871.524079999999,27435.598016836266,0.0,0.0,0.0
7635.056,29099.020407286316,0.0,0.0,0.0
8305.738479999998,30707.64406464167,0.0,0.0,0.0
9325.44296,32409.2528956836,0.0,0.0,0.0
10543.743119999997,33973.04122596148,0.0,0.0,0.0
11509.19832,35443.96346708686,0.0,0.0,0.0
12136.76112,36961.616464123676,0.0,0.0,0.0
12510.061439999996,38159.47786862582,0.0,0.0,0.0
12563.005999999998,38498.51153712401,0.0,0.0,0.0
12484.662639999999,38105.403566446716,0.0,0.0,0.0
12392.332079999998,37420.63772440888,0.0,0.0,0.0
12092.848079999998,36255.018457506274,0.0,0.0,0.0
11570.478799999997,34411.45093814136,0.0,0.0,0.0
10689.228799999997,31847.19374229405,0.0,0.0,0.0
9637.428959999996,29331.185630167576,0.0,0.0,0.0
8412.289359999999,27250.580345735692,0.0,0.0,0.0
7470.74024,25999.646933882872,0.0,0.0,0.0
6807.51384,25078.94485871822,0.0,0.0,0.0
6287.441919999999,24431.154764509218,0.0,0.0,0.0
5989.409279999998,23752.18436979613,0.0,0.0,0.0
5940.89024,23007.4197700092,0.0,0.0,0.0
5911.74648,22986.857840459725,0.0,0.0,0.0
6013.713919999999,23995.345064656547,0.0,0.0,0.0
6350.282799999999,24893.401230925494,0.0,0.0,0.0
6661.5243199999995,25165.737636633134,0.0,0.0,0.0
7123.635839999999,25922.619087761723,0.0,0.0,0.0
7574.933599999998,26717.706826904538,0.0,0.0,0.0
7862.227679999999,27047.650375968697,0.0,0.0,0.0
8122.009839999998,27477.85317900889,0.0,0.0,0.0
8219.051679999999,27586.07124934529,0.0,0.0,0.0
8022.298399999998,26449.300210821217,0.0,0.0,0.0
7637.296959999999,24409.342447352,0.0,0.0,0.0
7060.114399999999,22423.74677368588,0.0,0.0,0.0
6569.355439999999,20893.897535618045,0.0,0.0,0.0
6402.667119999998,20230.50736744583,0.0,0.0,0.0
6472.866319999999,20489.20859400242,0.0,0.0,0.0
6738.529119999999,21440.207759376794,0.0,0.0,0.0
6914.346719999999,22190.12276526227,0.0,0.0,0.0
7053.357679999999,22189.40825805785,0.0,0.0,0.0
6773.970879999998,21415.378634023135,0.0,0.0,0.0
6319.428239999999,20318.610075235516,0.0,0.0,0.0
5815.8777599999985,18857.01612261231,0.0,0.0,0.0
5176.2491199999995,17166.760017151755,0.0,0.0,0.0
4548.686319999999,15479.530643598815,0.0,0.0,0.0
4060.7360799999988,14013.600029193214,0.0,0.0,0.0
3609.8143199999995,12660.06536752765,0.0,0.0,0.0
3073.5631199999993,11469.87499176187,0.0,0.0,0.0
2794.2590399999995,10706.46373868176,0.0,0.0,0.0
2763.7315999999996,10155.608455205993,0.0,0.0,0.0
2527.1975199999997,9474.296064656193,0.0,0.0,0.0
2096.9895999999994,8675.159451354986,0.0,0.0,0.0
1661.7056799999996,7838.610446933356,0.0,0.0,0.0
1300.7005599999998,7113.4253292898175,0.0,0.0,0.0
1003.2394399999997,6684.9294045713,0.0,0.0,0.0
759.8659199999998,6545.421872907923,0.0,0.0,0.0
599.9794399999998,6714.224199952598,0.0,0.0,0.0
514.3529599999999,7060.452559050873,0.0,0.0,0.0
552.7087199999999,7366.55935387862,0.0,0.0,0.0
648.3856799999998,7289.382652089883,0.0,0.0,0.0
720.3295199999999,6720.744078192948,0.0,0.0,0.0
758.7115999999997,5981.149731926902,0.0,0.0,0.0
755.46296,5258.098212185455,0.0,0.0,0.0
733.4368799999997,4505.543499128089,0.0,0.0,0.0
740.63352,4236.710163464349,0.0,0.0,0.0
805.3619199999998,4490.925872570957,0.0,0.0,0.0
896.4253599999998,4819.331246403374,0.0,0.0,0.0
990.3087999999998,5221.965979806287,0.0,0.0,0.0
1069.61096,5746.424191563135,0.0,0.0,0.0
1148.2851999999996,6314.1696314545425,0.0,0.0,0.0
1211.3892799999996,6813.491082811379,0.0,0.0,0.0
1083.9215199999999,7073.571705220953,0.0,0.0,0.0
1052.9879999999998,7257.209980468553,0.0,0.0,0.0
1034.7068799999997,7280.361998634056,0.0,0.0,0.0
961.7027199999999,7236.519042673835,0.0,0.0,0.0
882.3554399999998,7089.658041031616,0.0,0.0,0.0
816.2395999999998,6845.475203920433,0.0,0.0,0.0
728.6804799999999,6486.991061524089,0.0,0.0,0.0
619.2231199999999,5995.439876015338,0.0,0.0,0.0
526.7872799999999,5530.027745735024,0.0,0.0,0.0
518.3535999999998,5419.705848630048,0.0,0.0,0.0
617.95976,5610.330416543108,0.0,0.0,0.0
842.7513599999997,6117.729768794383,0.0,0.0,0.0
1084.88408,6522.666803189321,0.0,0.0,0.0
1171.1046399999998,6420.412883267611,0.0,0.0,0.0
1142.0586399999997,6040.027110313501,0.0,0.0,0.0
1023.2125599999998,5451.015157379368,0.0,0.0,0.0
847.2971999999996,4664.461809844926,0.0,0.0,0.0
694.4419199999998,3934.999572686029,0.0,0.0,0.0
567.0982399999999,3350.105959888496,0.0,0.0,0.0
472.84255999999993,2983.017959905572,0.0,0.0,0.0
429.3468799999999,2775.9398788684634,0.0,0.0,0.0
436.5811199999999,2682.0119526205017,0.0,0.0,55.75275396573987
509.5739999999999,2906.7641632558793,0.0,0.0,0.0
581.2583999999999,3267.7986994235616,0.0,0.0,39.218870892561576
606.2135199999999,3826.2853167910025,0.0,0.0,0.0
621.8137599999999,4182.090057170764,0.0,0.0,0.0
648.0247199999998,4064.1368261741145,0.0,0.0,0.0
648.6601599999998,4033.1748473158323,0.0,0.0,0.0
586.6803199999999,4011.6900126273126,0.0,0.0,0.0
591.5871199999998,4110.510328483331,0.0,0.0,0.0
724.3978399999997,4487.333489126502,0.0,0.0,0.0
953.99848,4718.149087288294,0.0,0.0,0.0
1134.24536,4905.568296492628,0.0,0.0,0.0
1337.3793599999997,5346.617715844391,0.0,0.0,0.0
1556.36928,5644.458059265426,0.0,0.0,0.0
1755.7507999999998,5779.231980699507,0.0,0.0,0.0
1911.6065599999997,5837.762029195067,0.0,0.0,0.0
1946.6008799999995,5755.057820283233,0.0,0.0,0.0
1954.4931199999994,5677.94066076153,0.0,0.0,0.0
1984.3023999999996,5433.608967982757,0.0,0.0,0.0
2134.3903199999995,5620.740389563087,0.0,0.0,0.0
2438.3223999999996,6175.06897194924,0.0,0.0,0.0
2764.4948799999993,6925.430544837479,0.0,0.0,0.0
3068.3555199999996,7900.931353096824,0.0,0.0,0.0
3302.6524,8972.712007152018,0.0,0.0,0.0
3494.0702399999996,10121.639591862433,0.0,0.0,0.0
3644.391279999999,10969.342847641985,0.0,0.0,0.0
3823.104079999999,12138.286557787387,0.0,0.0,0.0
3980.5954399999996,13268.249930447104,0.0,0.0,0.0
4346.966079999999,14429.463069589105,0.0,0.0,0.0
4857.664319999999,15847.343074497332,0.0,0.0,0.0
5300.25768,16940.578792107528,0.0,0.0,0.0
5687.3910399999995,17565.40541866331,0.0,0.0,0.0
6032.250719999999,18002.00901540978,0.0,0.0,0.0
6171.118799999998,18461.07989425085,0.0,0.0,0.0
6160.162159999999,19339.2687907524,0.0,0.0,0.0
5972.737439999999,20170.865863298943,0.0,0.0,0.0
5742.651760000001,20587.056386163527,0.0,0.0,0.0
5680.352319999997,21047.139483544193,0.0,0.0,0.0
5856.267679999999,21489.905704928806,0.0,0.0,0.0
6249.364399999998,22679.580047713614,0.0,0.0,0.0
6862.06392,23563.544544117576,0.0,0.0,0.0
7023.97704,22821.16163501205,0.0,0.0,0.0
6498.159839999999,21801.827794503657,0.0,0.0,0.0
6211.467359999998,21486.561414263666,0.0,0.0,0.0
6459.664959999998,22091.54061847439,0.0,0.0,0.0
6909.943759999999,23678.91761020937,0.0,0.0,0.0
7047.458239999999,25707.304326451416,0.0,0.0,0.0
6982.075599999999,27141.002726968654,0.0,0.0,0.0
6592.201199999999,27122.77286954472,0.0,0.0,0.0
6382.4533599999995,26742.92297699393,0.0,0.0,0.0
6316.405199999998,26801.84005022522,0.0,0.0,0.0
6537.669919999998,27526.767151378273,0.0,0.0,0.0
7587.337839999998,29608.95030588659,0.0,0.0,0.0
8783.089279999998,32113.139278006587,0.0,0.0,0.0
9919.985439999999,34353.506388604976,0.0,0.0,0.0
10989.938559999999,35779.553607808186,0.0,0.0,0.0
11870.3764,36420.8039763545,0.0,0.0,0.0
12386.865039999997,36130.952220427345,0.0,0.0,0.0
12416.798399999998,34537.422527765404,0.0,0.0,0.0
11890.93232,32719.567344048508,0.0,0.0,0.0
10966.280639999999,31079.048878984646,0.0,0.0,0.0
10239.87872,30236.446410747776,0.0,0.0,0.0
9563.702879999997,29760.55484146927,0.0,0.0,0.0
8987.727279999997,29177.864292552036,0.0,0.0,0.0
8519.291439999997,28425.99431556558,0.0,0.0,0.0
7928.945119999999,27240.428389206198,0.0,0.0,0.0
7512.7131199999985,26318.525544989665,0.0,0.0,0.0
7397.390159999999,25405.89144700828,0.0,0.0,0.0
6819.109679999999,23674.63056698284,0.0,0.0,0.0
5923.6543999999985,22333.30207005948,0.0,0.0,0.0
5632.2919999999995,21644.586590974974,0.0,0.0,0.0
5647.023679999999,21164.338512491733,0.0,0.0,0.0
5474.1388799999995,20372.36681865709,0.0,0.0,0.0
5315.444319999999,19653.433639052244,0.0,0.0,0.0
5152.275359999999,18851.359607243976,0.0,0.0,0.0
4642.720159999999,18349.557228094,0.0,0.0,0.0
5193.766959999999,19389.26444763959,0.0,0.0,0.0
6242.735519999998,20734.89983521183,0.0,0.0,0.0
6941.279599999999,21966.085061831312,0.0,0.0,0.0
7466.6756799999985,22981.945603429325,0.0,0.0,0.0
7950.824559999998,23944.357036652105,0.0,0.0,0.0
8406.938879999998,25034.31792957537,0.0,0.0,0.0
8748.354399999998,25854.23479407185,0.0,0.0,0.0
8752.546799999996,26075.345002706905,0.0,0.0,0.0
8201.123999999998,25622.21842685818,0.0,0.0,0.0
7220.632559999999,24571.644743578672,0.0,0.0,0.0
6642.175359999998,23770.920336489857,0.0,0.0,0.0
6257.858239999999,22723.621477897294,0.0,0.0,0.0
5820.043839999998,21280.793263101332,0.0,0.0,0.0
5347.746479999999,19908.046296605753,0.0,0.0,0.0
4809.12272,18092.672040681984,0.0,0.0,0.0
4452.5243199999995,17986.895203294025,0.0,0.0,0.0
4400.155039999999,19593.66312666012,0.0,0.0,0.0
4493.71512,21260.3603417971,0.0,0.0,0.0
4994.7764799999995,23829.12290251673,0.0,0.0,0.0
6174.585519999999,26479.43852165218,0.0,0.0,0.0
7285.669279999998,27964.154721307368,0.0,0.0,0.0
8220.190959999998,29864.20800466631,0.0,0.0,0.0
8774.396159999998,30914.04733331905,0.0,0.0,0.0
9330.879919999998,32341.057152506,0.0,0.0,0.0
10197.409519999997,34431.85408831207,0.0,0.0,0.0
11190.733839999997,35227.31892847944,0.0,0.0,0.0
11224.41592,34585.314357884025,0.0,0.0,0.0
10975.406159999999,33676.83829488391,0.0,0.0,0.0
10758.209759999998,33042.226889112026,0.0,0.0,0.0
10641.935519999999,32921.4850952759,0.0,0.0,0.0
10629.027439999998,33251.885135053984,0.0,0.0,0.0
10697.534639999998,33466.27699122525,0.0,0.0,0.0
10636.554959999998,33481.29156622929,0.0,0.0,0.0
10161.885039999997,33227.2842550573,0.0,0.0,0.0
9678.209919999998,32696.802350618727,0.0,0.0,0.0
9192.797679999998,31797.039306028106,0.0,0.0,0.0
8535.809119999998,30847.101977749186,0.0,0.0,0.0
8072.844079999998,29840.56972465335,0.0,0.0,0.0
7890.359999999999,28720.21250440864,0.0,0.0,0.0
7554.370159999997,27417.765107859243,0.0,0.0,0.0
7196.530959999998,26108.90699389239,0.0,0.0,0.0
6953.947039999998,25122.787814678446,0.0,0.0,0.0
6869.9411199999995,24618.89153247107,0.0,0.0,0.0
6892.343199999999,24035.278078414794,0.0,0.0,0.0
6491.433199999999,22891.8680771163,0.0,0.0,0.0
5954.166799999999,21706.500624980366,0.0,0.0,0.0
5336.214559999999,20294.684007598553,0.0,0.0,0.0
4988.3092799999995,19588.24478035992,0.0,0.0,0.0
5084.85104,19384.104117829876,0.0,0.0,0.0
5693.662719999999,19811.17102813955,0.0,0.0,0.0
5805.691919999999,20609.990082683235,0.0,0.0,0.0
5894.119599999999,21692.88529325166,0.0,0.0,0.0
6185.293999999999,22980.060098306545,0.0,0.0,0.0
6677.951759999998,24304.577828503643,0.0,0.0,0.0
6973.7434399999975,25297.415360181385,0.0,0.0,0.0
7266.436879999998,26021.58825928533,0.0,0.0,0.0
7120.853439999999,26357.476111341835,0.0,0.0,0.0
6709.40792,26672.911194671757,0.0,0.0,0.0
6859.935759999998,27559.455855980574,0.0,0.0,0.0
7424.022239999998,29147.735905432255,0.0,0.0,0.0
8075.472319999998,31036.724250833824,0.0,0.0,0.0
8677.264079999999,32909.31862537838,0.0,0.0,0.0
9643.384799999998,34840.50259068554,0.0,0.0,0.0
10650.354159999999,36738.75968232224,0.0,0.0,0.0
11542.545759999997,38353.89329420678,0.0,0.0,0.0
12044.077119999998,39483.171930795594,0.0,0.0,0.0
12641.65768,40022.77372580172,0.0,0.0,0.0
12920.145839999997,40151.047616417796,0.0,0.0,0.0
13025.143839999997,40731.515254032376,0.0,0.0,0.0
13002.880879999997,41125.67513809395,0.0,0.0,0.0
12931.986079999999,40947.59414110296,0.0,0.0,0.0
12519.318559999998,40529.27002033629,0.0,0.0,0.0
12814.557519999997,40924.719986850294,0.0,0.0,0.0
13266.441839999998,41338.15171800892,0.0,0.0,0.0
13720.713759999999,41744.58723279091,0.0,0.0,0.0
13963.760159999994,41905.73837852157,0.0,0.0,0.0
14082.3092,41899.89331264095,0.0,0.0,0.0
14062.223279999997,41954.7416642915,0.0,0.0,0.0
13984.240879999998,42010.77093757158,0.0,0.0,0.0
13908.134719999995,42072.76436126635,0.0,0.0,0.0
14010.36912,42219.29788043988,0.0,0.0,0.0
14050.03336,42301.84330997295,0.0,0.0,0.0
13909.604879999997,42299.39215331333,0.0,0.0,0.0
13901.272719999995,42139.83872508146,0.0,0.0,0.0
13882.796079999998,41930.775901809844,0.0,0.0,0.0
13849.756959999999,41770.984304509824,0.0,0.0,0.0
13852.640879999997,41766.9850489073,0.0,0.0,0.0
13724.135359999997,41664.71128156324,0.0,0.0,0.0
13403.467519999998,41143.349267692225,0.0,0.0,0.0
12867.59984,40462.64222352395,0.0,0.0,0.0
12408.586559999996,39707.656201229314,0.0,0.0,0.0
12117.088799999998,38879.82021521716,0.0,0.0,0.0
11548.956559999999,37625.35396218693,0.0,0.0,0.0
10832.872079999997,36088.11155929555,0.0,0.0,0.0
10196.217599999996,34451.7114343683,0.0,0.0,0.0
9814.558799999999,33313.95794843815,0.0,0.0,0.0
10014.56448,32924.20419213717,0.0,0.0,0.0
10692.3308,32669.690771695387,0.0,0.0,0.0
11149.388879999997,32628.249353838914,0.0,0.0,0.0
11215.57616,32601.693502741236,0.0,0.0,0.0
11156.781039999996,32704.513074199782,0.0,0.0,0.0
11140.906319999998,32943.78367428057,0.0,0.0,0.0
11050.846799999998,32960.83261007496,0.0,0.0,0.0
10759.852879999997,32780.26076157967,0.0,0.0,0.0
10143.784399999999,32417.549118223837,0.0,0.0,0.0
9171.621359999997,31792.345390643495,0.0,0.0,0.0
8435.074959999998,31169.771446523882,0.0,0.0,0.0
7895.067519999999,30801.39336408853,0.0,0.0,0.0
7816.389519999999,30845.801971585584,0.0,0.0,0.0
7933.419519999999,31359.860134033624,0.0,0.0,0.0
8081.168719999998,32034.5732566537,0.0,0.0,0.0
8344.549199999998,32858.63823242029,0.0,0.0,0.0
8861.27472,33756.35699250937,0.0,0.0,0.0
9407.640319999997,34749.11513449774,0.0,0.0,0.0
10010.522479999998,35808.987335145895,0.0,0.0,0.0
10776.535999999998,37126.1019768083,0.0,0.0,0.0
10993.036799999996,37882.70556402405,0.0,0.0,0.0
11072.207359999999,38631.09231838895,0.0,0.0,0.0
11350.582719999997,39625.47794900962,0.0,0.0,0.0
11871.259999999997,40636.217855642615,0.0,0.0,0.0
12622.368879999996,41574.33604391505,0.0,0.0,0.0
13931.243679999996,42521.43519079863,0.0,0.0,0.0
14755.702639999998,43140.44652260729,0.0,0.0,0.0
15143.2496,43405.67755111542,0.0,0.0,0.0
15256.921919999999,43551.18892803816,0.0,0.0,0.0
15263.731279999998,43742.14097841991,0.0,0.0,0.0
15167.467759999998,43851.27203018419,0.0,0.0,0.0
14805.563999999998,43586.28909445539,0.0,0.0,0.0
14300.227519999999,43257.51654330959,0.0,0.0,0.0
13634.666159999997,42800.013610833776,0.0,0.0,0.0
12992.589759999997,42023.671762095866,0.0,0.0,0.0
12328.588799999998,40774.06812754017,0.0,0.0,0.0
11626.596799999996,39320.7703974572,0.0,0.0,0.0
10951.706879999998,37916.168318097814,0.0,0.0,0.0
10460.571919999998,36801.60654517785,0.0,0.0,0.0
10032.146239999996,35834.957687284405,0.0,0.0,0.0
9612.91376,35051.629545881035,0.0,0.0,0.0
9412.479439999997,34696.787405485,0.0,0.0,0.0
9391.096319999999,34428.172391467066,0.0,0.0,0.0
9195.192799999999,33736.32101965204,0.0,0.0,0.0
9085.991119999999,33036.33220467554,0.0,0.0,0.0
8817.613599999999,32145.450881584333,0.0,0.0,0.0
8512.455759999999,31044.10749194618,0.0,0.0,0.0
8098.675279999999,30153.63304101304,0.0,0.0,0.0
8715.303999999998,30010.830837240388,0.0,0.0,0.0
8654.918399999999,29182.518513091956,0.0,0.0,0.0
8344.661999999998,28675.962676290346,0.0,0.0,0.0
8128.759039999997,28464.805949961326,0.0,0.0,0.0
8137.587519999998,28559.66670505951,0.0,0.0,0.0
8260.885439999998,28749.953866792705,0.0,0.0,0.0
8335.72072,28941.67004293474,0.0,0.0,0.0
8264.051359999998,28823.08169442305,0.0,0.0,0.0
8005.205439999998,28705.823123208476,0.0,0.0,0.0
7436.93784,28252.57746282568,0.0,0.0,0.0
6921.174879999999,27394.454310314974,0.0,0.0,0.0
6700.0567999999985,26375.239554340656,0.0,0.0,0.0
6379.340079999999,25096.48005636008,0.0,0.0,0.0
6161.267599999998,23680.80311533215,0.0,0.0,0.0
5928.47848,22035.75943797362,0.0,0.0,0.0
5546.097759999999,20094.85023571739,0.0,0.0,0.0
5101.233359999998,18346.451106497003,0.0,0.0,0.0
4809.600239999999,17006.10505697972,0.0,0.0,0.0
4609.801359999999,16209.49899002751,0.0,0.0,0.0
4567.478799999999,16089.779338442155,0.0,0.0,0.0
4437.123359999999,15858.943892858018,0.0,0.0,0.0
3883.918319999999,14746.396633306082,0.0,0.0,0.0
3519.954079999999,13754.978192326003,0.0,0.0,0.0
2993.5728799999993,13013.66704402711,0.0,0.0,0.0
2721.5255999999995,12099.852024416192,0.0,0.0,0.0
2448.143519999999,10764.95409233263,0.0,0.0,0.0
2158.0820799999997,9885.832366980863,0.0,0.0,0.0
2037.0702399999996,9488.457200499388,0.0,0.0,0.0
2004.0047999999995,9418.931680024667,0.0,0.0,0.0
2167.9332799999997,9637.233478397904,0.0,0.0,0.0
2531.4425599999995,10350.07349934282,0.0,0.0,0.0
2854.6483999999996,10969.114602285015,0.0,0.0,0.0
3044.4832800000004,11382.437172620741,0.0,0.0,0.0
3000.3295999999996,11638.597929117162,0.0,0.0,0.0
3081.1357599999997,11782.065021538376,0.0,0.0,0.0
3182.6068799999994,11467.82078354916,0.0,0.0,0.0
3224.4932799999992,10842.686521947031,0.0,0.0,0.0
3288.5373599999994,10390.542393504382,0.0,0.0,0.0
3314.684399999999,10361.803325948746,0.0,0.0,0.0
3265.3494399999995,10448.794578087112,0.0,0.0,0.0
3184.7763999999997,10873.231704936066,0.0,0.0,0.0
3242.996239999999,11747.828217993161,0.0,0.0,0.0
3372.768879999999,12966.63857678051,0.0,0.0,0.0
3556.6855199999995,14056.023894455768,0.0,0.0,0.0
3678.671199999999,14512.534455814326,0.0,0.0,0.0
3686.0671199999992,14259.886693072978,0.0,0.0,0.0
3640.9508799999994,13666.984645359214,0.0,0.0,0.0
3496.709759999999,13228.684094002241,0.0,0.0,0.0
3678.3891999999987,13486.075390684056,0.0,0.0,0.0
4594.825279999998,14376.79793439651,0.0,0.0,0.0
5126.978079999999,15375.65915875598,0.0,0.0,0.0
5585.0513599999995,16433.04050789984,0.0,0.0,0.0
6030.457199999998,17432.32845183973,0.0,0.0,0.0
6436.003279999999,18443.772941965966,0.0,0.0,0.0
6701.278799999999,19123.13036141478,0.0,0.0,0.0
6792.3046399999985,19413.508074034075,0.0,0.0,0.0
6584.03072,19121.00668722386,0.0,0.0,0.0
5947.278479999998,18192.1076266307,0.0,0.0,0.0
5562.032639999999,17442.18269703405,0.0,0.0,0.0
5458.726639999999,16743.176329463637,0.0,0.0,0.0
5170.101519999999,16056.108186433772,0.0,0.0,0.0
4913.195759999999,15540.16451886295,0.0,0.0,0.0
4793.2404799999995,15116.035027060345,0.0,0.0,0.0
4713.329199999998,14770.729573101116,0.0,0.0,0.0
4548.990879999999,14201.852830136042,0.0,0.0,0.0
4313.314079999999,13533.679433178668,0.0,0.0,0.0
4039.9658399999985,12747.43372069057,0.0,0.0,0.0
3778.6007199999995,11941.271119879217,0.0,0.0,0.0
3583.40784,11305.141386297933,0.0,0.0,0.0
3461.1401599999986,10910.346384721317,0.0,0.0,0.0
3295.8731199999993,10401.379086104782,0.0,0.0,0.0
2782.6067999999996,9386.530763046369,0.0,0.0,0.0
2220.396559999999,8260.665883100904,0.0,0.0,0.0
1987.2690399999997,7267.352013286874,0.0,0.0,0.0
1689.5635199999997,6295.771070940678,0.0,0.0,0.0
1386.8835199999994,5367.98346599884,0.0,0.0,0.0
1096.63032,4637.112061853443,0.0,0.0,0.0
883.2352799999998,4145.511257788831,0.0,0.0,0.0
755.0719199999999,3803.1134512031526,0.0,0.0,0.0
684.9065599999998,3446.425500529037,0.0,0.0,403.3160475914966
624.73152,3098.0337723951525,0.0,0.0,1027.3145272421882
573.4150399999999,2731.4419579708556,0.0,0.0,1462.5606869242145
556.5927999999999,2572.305325608222,0.0,0.0,1691.0813204520684
523.1099999999999,2559.9304577760813,0.0,0.0,1881.5443328548188
530.4419999999999,2700.618911068988,0.0,0.0,1540.9162395800602
595.3771999999999,3014.843301635864,0.0,0.0,808.0450887932228
687.0647999999999,3345.2036465692677,0.0,0.0,12.868144956172411
775.2932,3650.4470785250073,0.0,0.0,0.0
856.8551199999999,3928.916337737271,0.0,0.0,0.0
925.7119999999998,4192.033615765635,0.0,0.0,0.0
975.3439999999998,4449.881403161388,0.0,0.0,0.0
1017.2717599999997,4733.699542695644,0.0,0.0,0.0
1068.8664799999997,5033.991042776292,0.0,0.0,0.0
1094.6864,5183.739844369716,0.0,0.0,0.0
1111.8808799999995,5285.477731310455,0.0,0.0,0.0
1077.3753599999998,5314.117561754367,0.0,0.0,0.0
797.4433599999999,4931.518801208785,0.0,0.0,0.0
677.9618399999998,4810.985405307279,0.0,0.0,0.0
1015.9482399999996,5546.699580504868,0.0,0.0,0.0
1362.4134399999998,6732.126574907837,0.0,0.0,0.0
1604.2979999999998,7819.7454719943835,0.0,0.0,0.0
1777.5023999999996,8685.946525399522,0.0,0.0,0.0
1924.2363999999995,9518.228334016967,0.0,0.0,0.0
2095.6021599999995,10502.521550375172,0.0,0.0,0.0
2338.464319999999,11973.80104510276,0.0,0.0,0.0
3375.5550399999997,15278.525873799294,0.0,0.0,0.0
5147.564079999999,19700.4422588765,0.0,0.0,0.0
6138.925679999999,22998.99453922372,0.0,0.0,0.0
6574.923999999998,24800.4954469283,0.0,0.0,0.0
7155.039359999999,26355.322666017393,0.0,0.0,0.0
7766.013039999999,28036.835981934953,0.0,0.0,0.0
8371.248959999999,29279.790730005057,0.0,0.0,0.0
8635.505519999997,29626.554969506647,0.0,0.0,0.0
8713.739839999998,29558.647013953054,0.0,0.0,0.0
8737.029279999999,29557.982125304494,0.0,0.0,0.0
8755.193839999998,29639.376404341547,0.0,0.0,0.0
8761.518159999998,29619.102262416083,0.0,0.0,0.0
8746.613519999997,29556.424102650406,0.0,0.0,0.0
8600.932319999998,29358.197971979193,0.0,0.0,0.0
8081.439439999999,29025.386470386173,0.0,0.0,0.0
8513.136319999998,29236.692052382776,0.0,0.0,0.0
8843.764399999996,29103.327297935193,0.0,0.0,0.0
8316.078479999998,27551.33826024145,0.0,0.0,0.0
7824.729199999999,25874.52878341966,0.0,0.0,0.0
7354.853279999998,23956.36472717086,0.0,0.0,0.0
6781.930799999998,21741.59086768642,0.0,0.0,0.0
6236.60672,19812.35194976908,0.0,0.0,0.0
5794.911999999998,18726.1918382249,0.0,0.0,0.0
5467.115199999999,18323.85481615716,0.0,0.0,0.0
5322.569519999998,18292.386728029076,0.0,0.0,0.0
5327.79592,18461.73485918824,0.0,0.0,0.0
5294.974879999999,18128.8241204835,0.0,0.0,0.0
4922.652159999999,17018.97611037049,0.0,0.0,0.0
4434.220639999999,15515.48424917688,0.0,0.0,0.0
3974.0229599999993,14163.944253456992,0.0,0.0,0.0
3580.963839999999,12863.114421828715,0.0,0.0,0.0
3115.6036799999993,11552.509734695497,0.0,0.0,0.0
2720.6194399999995,10358.548348684159,0.0,0.0,0.0
2379.8280799999993,9178.966420161807,0.0,0.0,0.0
2038.2659199999996,8168.623461975721,0.0,0.0,0.0
1778.0363199999997,7488.630925011868,0.0,0.0,0.0
1663.8187999999998,7199.394439177414,0.0,0.0,0.0
1680.3891199999996,7323.381286566959,0.0,0.0,0.0
1621.4774399999997,7544.332715823258,0.0,0.0,0.0
1482.3235999999997,7765.889491461084,0.0,0.0,0.0
1423.1299199999994,7987.575275344152,0.0,0.0,0.0
1321.2038399999997,8006.638724506573,0.0,0.0,0.0
1194.1421599999996,7797.764451747238,0.0,0.0,0.0
1062.8955999999998,7506.59284223414,0.0,0.0,0.0
941.9138399999997,7392.499934883606,0.0,0.0,0.0
916.5075199999999,7582.47946157045,0.0,0.0,0.0
996.5278399999999,7842.818100470508,0.0,0.0,0.0
1093.7200799999998,8185.086898810942,0.0,0.0,0.0
1264.5443999999998,8949.361514763064,0.0,0.0,0.0
1643.6802399999997,10367.24151967129,0.0,0.0,0.0
2032.0017599999994,11872.479954031269,0.0,0.0,0.0
2291.6222399999997,12946.632375056697,0.0,0.0,0.0
2459.4423199999997,13434.11483898471,0.0,0.0,0.0
2676.3792799999997,13863.077178128337,0.0,0.0,0.0
2867.3459199999993,13925.358389447112,0.0,0.0,0.0
2980.9129599999997,13559.203218314404,0.0,0.0,0.0
2994.121839999999,12934.197964957522,0.0,0.0,0.0
2899.36984,12369.806739442427,0.0,0.0,0.0
2828.7457599999993,12045.470087190746,0.0,0.0,0.0
2847.8916799999993,11894.113644387375,0.0,0.0,0.0
2807.618319999999,11786.93756372409,0.0,0.0,0.0
2852.080319999999,12135.706392882526,0.0,0.0,0.0
2732.0047199999995,12909.309297336826,0.0,0.0,0.0
2599.7579999999994,13387.969582032461,0.0,0.0,0.0
2876.8023199999993,13886.804771541845,0.0,0.0,0.0
2872.6926399999998,13952.053172501208,0.0,0.0,0.0
2734.2531999999997,13656.892231096754,0.0,0.0,0.0
2621.7840799999994,13216.557318949412,0.0,0.0,0.0
2579.1118399999996,12863.789234188444,0.0,0.0,0.0
2633.4400799999994,12829.39365126447,0.0,0.0,0.0
2732.1325599999996,13054.334412412127,0.0,0.0,0.0
2804.9223999999995,13554.013117371172,0.0,0.0,0.0
2998.4007199999996,14305.85332322412,0.0,0.0,0.0
3371.701039999999,15178.46509404671,0.0,0.0,0.0
3602.7041599999993,15342.742208796713,0.0,0.0,0.0
3728.6227999999987,15077.104308130525,0.0,0.0,0.0
3699.8287199999995,14615.959373654396,0.0,0.0,0.0
3738.0641599999994,14590.177572028171,0.0,0.0,0.0
3769.524079999999,14687.449788941274,0.0,0.0,0.0
3774.4195999999993,14628.55256313233,0.0,0.0,0.0
3691.8349599999992,14701.154434070533,0.0,0.0,0.0
3668.650799999999,15045.070568465608,0.0,0.0,0.0
3797.0059199999996,15555.506576335678,0.0,0.0,0.0
3764.4555999999993,15908.701380677065,0.0,0.0,0.0
3719.467199999999,16506.36680975364,0.0,0.0,0.0
3949.0753599999994,17369.680063207572,0.0,0.0,0.0
3788.3729599999992,17856.259469418885,0.0,0.0,0.0
3649.546239999999,18081.368933656475,0.0,0.0,0.0
3949.733359999999,18648.16169727532,0.0,0.0,0.0
4150.336879999999,18875.107048079826,0.0,0.0,0.0
4243.84808,18577.94151701852,0.0,0.0,0.0
4336.362879999999,18071.068121459393,0.0,0.0,0.0
4383.494479999999,17748.80552484277,0.0,0.0,0.0
4411.589199999999,18206.189372784513,0.0,0.0,0.0
4461.2174399999985,18858.097807130118,0.0,0.0,0.0
4537.959039999999,20177.4552075175,0.0,0.0,0.0
5322.655999999999,23080.190344037335,0.0,0.0,0.0
6562.406959999999,25895.795296462384,0.0,0.0,0.0
7201.652079999998,27153.427213356652,0.0,0.0,0.0
7635.206399999998,26779.511700087038,0.0,0.0,0.0
7791.667519999997,25145.00700399373,0.0,0.0,0.0
7793.100079999997,22836.47392135126,0.0,0.0,0.0
7269.62912,20458.048140920684,0.0,0.0,0.0
6632.26776,18752.956087257196,0.0,0.0,0.0
6219.581439999999,17211.61519165157,0.0,0.0,0.0
5757.037519999999,15533.853038557227,0.0,0.0,0.0
5550.192399999999,14867.545299300284,0.0,0.0,0.0
5354.882959999999,14597.03485644839,0.0,0.0,0.0
4986.861679999999,14572.96985685501,0.0,0.0,0.0
4745.793039999999,14469.038829745143,0.0,0.0,0.0
3913.8027999999995,13659.789954759135,0.0,0.0,0.0
3084.8393599999995,12730.831351898934,0.0,0.0,0.0
2980.9467999999993,12739.842081643592,0.0,0.0,0.0
3077.3644799999997,12722.108409778288,0.0,0.0,0.0
3104.0341599999997,12154.233961641636,0.0,0.0,0.0
3058.7562399999997,11562.165505666366,0.0,0.0,0.0
3044.152399999999,11247.921267677146,0.0,0.0,0.0
2980.4504799999995,11019.159877728067,0.0,0.0,0.0
2782.3849599999994,10619.244241186427,0.0,0.0,0.0
2262.88832,9798.225844749799,0.0,0.0,0.0
2076.63672,9529.31311939668,0.0,0.0,0.0
2544.6363999999994,10027.026929543566,0.0,0.0,0.0
2990.064799999999,10644.08329025126,0.0,0.0,0.0
3163.5850399999995,11441.860355121828,0.0,0.0,0.0
3229.9527999999996,12254.274893971873,0.0,0.0,0.0
3320.598879999999,13428.488094749888,0.0,0.0,0.0
3708.5443999999998,15432.393015529315,0.0,0.0,0.0
4245.8484,16923.87718620417,0.0,0.0,0.0
5056.331439999998,18267.537755253074,0.0,0.0,0.0
5634.630719999997,19159.38167832802,0.0,0.0,0.0
6045.320479999998,19743.769181855754,0.0,0.0,0.0
6303.068479999999,19980.886336612097,0.0,0.0,0.0
6208.775199999998,20213.04163578218,0.0,0.0,0.0
6333.13344,21075.541144919964,0.0,0.0,0.0
6214.843839999999,21373.093700717,0.0,0.0,0.0
6324.098159999999,21821.109565311875,0.0,0.0,0.0
6901.592799999999,22743.677298176965,0.0,0.0,0.0
7351.401599999999,23335.83506755279,0.0,0.0,0.0
7365.761039999999,23087.256026392173,0.0,0.0,0.0
7059.148079999999,21680.242485217863,0.0,0.0,0.0
6514.876799999999,20263.493783383306,0.0,0.0,0.0
5982.178799999999,19365.129982068007,0.0,0.0,0.0
5638.488479999999,18409.60560439896,0.0,0.0,0.0
5627.3024799999985,17011.74172492572,0.0,0.0,0.0
6196.385999999999,16988.25230058035,0.0,0.0,0.0
7017.239119999999,18257.157553366607,0.0,0.0,0.0
7469.157279999998,19988.646678749017,0.0,0.0,0.0
7959.280799999999,22230.46265117859,0.0,0.0,0.0
8122.126399999999,23249.856033954016,0.0,0.0,0.0
8037.66176,23426.587406225535,0.0,0.0,0.0
8298.47416,23520.654264429915,0.0,0.0,0.0
8589.840319999998,23666.473276399025,0.0,0.0,0.0
8296.31592,23597.42409406058,0.0,0.0,0.0
7920.597919999999,23258.142332783078,0.0,0.0,0.0
7433.046239999999,22601.539983052866,0.0,0.0,0.0
6960.839119999999,21599.790958742193,0.0,0.0,0.0
6509.146559999998,20249.580740319427,0.0,0.0,0.0
5891.513919999998,18636.550955203464,0.0,0.0,0.0
5198.7188799999985,16875.062450946512,0.0,0.0,0.0
4620.746719999999,15916.054850655904,0.0,0.0,0.0
4524.776479999998,15596.719748835178,0.0,0.0,0.0
4739.540159999999,15874.94091526813,0.0,0.0,0.0
4935.5452,15919.577768122153,0.0,0.0,0.0
4571.753919999999,14964.926677036286,0.0,0.0,0.0
3864.520479999999,13333.597568518191,0.0,0.0,0.0
3180.9787999999994,11752.393125132527,0.0,0.0,0.0
2546.0125599999997,10517.44681197865,0.0,0.0,0.0
1899.9242399999998,9264.44926820195,0.0,0.0,0.0
1617.9392799999996,8711.003896110153,0.0,0.0,0.0
1613.9799999999998,8413.322332067877,0.0,0.0,0.0
1587.6524799999995,8017.574654218697,0.0,0.0,0.0
1443.7610399999996,7482.130894193864,0.0,0.0,0.0
1248.7336,7415.751190160834,0.0,0.0,0.0
1172.25896,8432.02852762809,0.0,0.0,0.0
1263.6419999999996,10502.402465841098,0.0,0.0,0.0
1472.0174399999999,12790.175144710642,0.0,0.0,0.0
1877.8906399999996,15367.591181572716,0.0,0.0,0.0
2418.5410399999996,17439.771235219127,0.0,0.0,0.0
3230.72736,19283.150204071764,0.0,0.0,0.0
4101.941919999999,20820.06512449445,0.0,0.0,0.0
5034.9972,22574.25970103959,0.0,0.0,0.0
6134.503919999999,25656.623933493323,0.0,0.0,0.0
7271.505359999999,28722.743050757636,0.0,0.0,0.0
8550.11968,30569.942648411696,0.0,0.0,0.0
10275.271599999996,32097.08271332944,0.0,0.0,0.0
12091.099679999996,34258.63570979562,0.0,0.0,0.0
13202.668479999997,37212.249713496996,0.0,0.0,0.0
13995.535919999997,39635.05433029111,0.0,0.0,0.0
14753.559439999997,41113.42927850705,0.0,0.0,0.0
15187.940959999998,42156.68918665241,0.0,0.0,0.0
15351.023439999999,42629.18684670991,0.0,0.0,0.0
14934.148479999998,42119.80275222413,0.0,0.0,0.0
13869.703759999999,40640.08810299989,0.0,0.0,0.0
12480.372479999998,38157.810685148834,0.0,0.0,0.0
11079.347599999997,35433.82143426854,0.0,0.0,0.0
10101.973199999999,32864.711543657875,0.0,0.0,0.0
9397.089759999997,30665.001877733328,0.0,0.0,0.0
8729.832639999999,28953.260937584255,0.0,0.0,0.0
8061.417439999997,27561.410827081556,0.0,0.0,0.0
7585.984239999998,26304.860594705096,0.0,0.0,0.0
6752.83968,24664.004723461374,0.0,0.0,0.0
5954.5766399999975,22749.373508389992,0.0,0.0,0.0
5278.840719999998,20706.438631569017,0.0,0.0,0.0
4580.657599999999,18410.032323979376,0.0,0.0,0.0
3961.8631199999995,16057.557048264962,0.0,0.0,0.0
3416.625519999999,14090.7965784043,0.0,0.0,0.0
2816.3753599999995,12338.725676050077,0.0,0.0,0.0
2206.4131199999997,10769.1915170033,0.0,0.0,0.0
1981.1327199999994,9589.92714723847,0.0,0.0,0.0
1825.0513599999997,8763.530099346333,0.0,0.0,0.0
1829.3941599999996,8575.376535515234,0.0,0.0,0.0
2075.144,9223.563578171139,0.0,0.0,0.0
2627.5819999999994,10696.71865431034,0.0,0.0,0.0
3316.4440799999998,12908.475705598332,0.0,0.0,0.0
3937.6073599999986,15084.993658512685,0.0,0.0,0.0
4169.099279999999,16667.22024414912,0.0,0.0,0.0
4315.615199999998,17679.428860035634,0.0,0.0,0.0
4618.949439999999,18442.1355296225,0.0,0.0,0.0
4903.588959999999,19166.61606377279,0.0,0.0,0.0
5228.381519999999,20068.8401887342,0.0,0.0,0.0
5526.951839999999,21012.59504495263,0.0,0.0,0.0
5814.734719999999,21731.012191576505,0.0,0.0,0.0
6036.819119999998,22027.770850479734,0.0,0.0,0.0
6110.067679999999,22243.97874579557,0.0,0.0,0.0
6268.74344,22691.67705163293,0.0,0.0,0.0
6544.494319999999,23374.676473082058,0.0,0.0,0.0
6695.1086399999995,24021.17648483863,0.0,0.0,0.0
6666.9011199999995,24103.20588139073,0.0,0.0,0.0
6521.998239999999,23959.46092505669,0.0,0.0,0.0
6277.429039999998,23308.49524327248,0.0,0.0,0.0
5696.095439999998,21948.083449764352,0.0,0.0,0.0
5075.845839999999,21026.96457873045,0.0,0.0,0.0
5286.262959999999,20395.776853313084,0.0,0.0,0.0
5263.571359999999,19985.67948910843,0.0,0.0,0.0
5086.460319999999,19823.277955770034,0.0,0.0,0.0
5104.621119999999,20193.025510347194,0.0,0.0,0.0
5237.281439999999,21152.797236398084,0.0,0.0,0.0
5405.46624,22299.888934541585,0.0,0.0,0.0
5514.04376,22504.99219705536,0.0,0.0,0.0
5380.7329599999985,21546.500629745726,0.0,0.0,0.0
5377.247439999999,20361.500354923177,0.0,0.0,0.0
5666.541839999999,19207.849083694637,0.0,0.0,0.0
5715.143599999999,18018.14496977631,0.0,0.0,0.0
5435.34696,16637.47888176506,0.0,0.0,0.0
4916.794079999999,15121.145738314197,0.0,0.0,0.0
4464.947359999998,13757.459120119136,0.0,0.0,0.0
4316.051359999999,12601.971962323682,0.0,0.0,0.0
4381.400159999999,12095.108490475723,0.0,0.0,0.0
4325.4475999999995,11732.486160520437,0.0,0.0,0.0
4300.210479999999,11445.452738566282,0.0,0.0,0.0
4243.4382399999995,11044.683662863801,0.0,0.0,0.0
4065.056319999999,10451.960241951148,0.0,0.0,0.0
3791.4899999999993,9684.926834293063,0.0,0.0,0.0
3522.1423999999997,8996.280821186769,0.0,0.0,0.0
3096.7848799999992,8186.84339568848,0.0,0.0,0.0
2438.480319999999,7092.873323451516,0.0,0.0,0.0
1885.6475199999995,5767.075434513161,0.0,0.0,0.0
1280.3965599999997,4424.248457202752,0.0,0.0,374.44760946884327
883.5586399999999,3568.0405809483477,0.0,0.0,1350.6133802269983
726.8380799999998,3311.959214141304,0.0,0.0,1657.3424116388967
700.0518399999999,3393.155018954915,0.0,0.0,1504.7249411612438
664.0535999999998,3370.231246146379,0.0,0.0,1397.0803396533365
571.4184799999999,3133.262947057621,0.0,0.0,1731.4542222450718
448.78231999999986,2820.5271131666245,0.0,0.0,2410.890030145446
345.44999999999993,2627.3323040598802,0.0,0.0,2756.0807726600924
249.88208000000003,2465.2384057678346,0.0,0.0,3115.032036998144
209.72151999999994,2412.464109752339,0.0,0.0,3162.3166811746637
296.44967999999994,2613.270405328411,0.0,0.0,2673.6120938846507
508.9047199999999,3083.5153829497467,0.0,0.0,1547.2857205604412
820.1499999999999,3899.5123815330744,0.0,0.0,0.0
1153.02656,4818.517502087227,0.0,0.0,0.0
1451.0855199999996,5548.267526870128,0.0,0.0,0.0
1688.6084799999996,6030.976685724156,0.0,0.0,0.0
1877.1762399999998,6141.268811695615,0.0,0.0,0.0
2055.8890399999996,6071.8425283326205,0.0,0.0,0.0
2211.19208,5862.0751215677565,0.0,0.0,0.0
2440.1911199999995,5907.25777853627,0.0,0.0,0.0
2790.3787199999992,6617.497787153984,0.0,0.0,0.0
3189.0251999999987,7895.443540818416,0.0,0.0,0.0
3433.210879999999,9306.3670241947,0.0,0.0,0.0
3885.8659999999995,10772.942679826514,0.0,0.0,0.0
4293.60416,11725.618952389048,0.0,0.0,0.0
4322.736639999999,12025.672283401555,0.0,0.0,0.0
4272.190959999999,12201.937241247972,0.0,0.0,0.0
4204.574879999998,12759.133776162982,0.0,0.0,0.0
4284.97872,14023.732138300365,0.0,0.0,0.0
4454.159919999999,15903.50135602266,0.0,0.0,0.0
4791.589839999999,18196.583220369506,0.0,0.0,0.0
5313.342479999999,20634.620733813445,0.0,0.0,0.0
5906.452399999999,22877.548161894345,0.0,0.0,0.0
6225.447039999999,24214.0735826102,0.0,0.0,0.0
6239.445519999998,24499.945930357168,0.0,0.0,0.0
6131.368079999998,23991.23664823112,0.0,0.0,0.0
6095.523999999999,23220.174213836992,0.0,0.0,0.0
6070.328239999999,22381.372526979198,0.0,0.0,0.0
6082.202319999999,21804.794984144242,0.0,0.0,0.0
6089.519279999998,21459.737622964327,0.0,0.0,0.0
6167.170799999998,21736.023665718636,0.0,0.0,0.0
6307.215759999999,22311.50960032461,0.0,0.0,0.0
6432.085359999999,22517.912869001986,0.0,0.0,0.0
6416.635519999998,22367.94574576277,0.0,0.0,0.0
6300.45904,21991.390525321254,0.0,0.0,0.0
5954.836079999998,21398.905273476743,0.0,0.0,0.0
5498.078799999999,20415.247174633576,0.0,0.0,0.0
5350.0664,19171.55807193671,0.0,0.0,0.0
4721.292879999999,17334.86768441435,0.0,0.0,0.0
3846.0400799999993,15053.267553894115,0.0,0.0,0.0
3134.501439999999,12851.215892132856,0.0,0.0,0.0
2609.7821599999997,11217.187534175831,0.0,0.0,0.0
2291.434239999999,10280.86553762562,0.0,0.0,0.0
2113.7441599999993,9745.183608532645,0.0,0.0,0.0
2115.59408,9794.454834504239,0.0,0.0,0.0
2419.044879999999,10608.57625167596,0.0,0.0,0.0
2779.2115199999994,11561.996802576432,0.0,0.0,0.0
2846.0530399999993,12036.628060536024,0.0,0.0,0.0
2677.8155999999994,11814.872810674751,0.0,0.0,0.0
2337.0129599999996,11157.436869206049,0.0,0.0,0.0
1999.6394399999992,10446.809835852608,0.0,0.0,0.0
1751.1673599999997,9805.013663191807,0.0,0.0,0.0
1612.4233599999998,9314.951034358937,0.0,0.0,0.0
1550.8533599999998,8994.851806777924,0.0,0.0,0.0
1581.3845599999997,8907.096428879273,0.0,0.0,0.0
1662.4764799999996,8928.57133985662,0.0,0.0,0.0
1722.7267199999997,9075.263638408906,0.0,0.0,0.0
1769.7379999999996,9360.540563485523,0.0,0.0,0.0
1874.2020799999996,9868.138389960248,0.0,0.0,0.0
1990.7019199999995,10536.22247351707,0.0,0.0,0.0
1850.1042399999994,11001.485748129797,0.0,0.0,0.0
1771.5879199999995,11319.004810805951,0.0,0.0,0.0
1834.8611999999994,11497.581993355561,0.0,0.0,0.0
1840.6365599999995,11457.688674442008,0.0,0.0,0.0
1827.0817599999996,11056.284481224488,0.0,0.0,0.0
1713.0710399999998,10355.02543121791,0.0,0.0,0.0
1656.4567199999995,9793.12505720712,0.0,0.0,0.0
1763.9513599999996,9777.306661598113,0.0,0.0,0.0
2068.71064,10529.523968475612,0.0,0.0,0.0
2597.9118399999993,11655.259840175835,0.0,0.0,0.0
3057.8087199999995,12307.188121943786,0.0,0.0,0.0
3062.0537599999993,12058.112895224545,0.0,0.0,0.0
2820.86104,10863.288146341192,0.0,0.0,0.0
2385.93432,9010.59081269755,0.0,0.0,0.0
1946.6121599999994,7220.264003773236,0.0,0.0,0.0
1598.7219199999997,5685.879629699551,0.0,0.0,0.0
1321.8091999999997,4626.424224920633,0.0,0.0,0.0
1127.1615199999999,4107.48359657571,0.0,0.0,0.0
1014.2825599999998,4024.4122103504924,0.0,0.0,0.0
991.6022399999998,4329.943429930234,0.0,0.0,0.0
952.5170399999997,4378.549767253269,0.0,0.0,0.0
808.0991999999999,3713.9191351844856,0.0,0.0,35.29864000191099
529.3102399999998,3219.797708482052,0.0,0.0,1467.9063203650255
369.17184,3124.6690131822133,0.0,0.0,2083.7980190013227
296.19775999999996,3041.984651692723,0.0,0.0,2424.657997820111
261.8877599999999,2983.0080361943997,0.0,0.0,2412.84669148492
216.43687999999995,3124.3514544246923,0.0,0.0,1975.4387215074178
199.52815999999996,3463.7523002362677,0.0,0.0,1379.0807786871362
209.68391999999994,3867.0122274430505,0.0,0.0,822.80042756896
249.01727999999994,4359.784029426021,0.0,0.0,184.34515422596832
331.2484799999999,5092.987505696961,0.0,0.0,0.0
426.8239199999999,6004.142970713646,0.0,0.0,0.0
558.49912,7112.7802880636045,0.0,0.0,0.0
769.4614399999999,8418.968923725046,0.0,0.0,0.0
1152.1429599999997,9944.739516500978,0.0,0.0,0.0
1716.7257599999996,11641.575042468923,0.0,0.0,0.0
2265.7609599999996,13514.268654125206,0.0,0.0,0.0
2835.0174399999996,15318.706980336854,0.0,0.0,0.0
3454.725599999999,17404.90923787004,0.0,0.0,0.0
4144.907439999999,19695.79796204776,0.0,0.0,0.0
4949.558719999999,21627.329257245954,0.0,0.0,0.0
5848.755199999999,22953.861500811072,0.0,0.0,0.0
6549.626719999998,23039.532899363498,0.0,0.0,0.0
6991.765119999999,22704.647342135417,0.0,0.0,0.0
7286.240799999998,22435.407134313606,0.0,0.0,0.0
7413.482959999999,21423.913025631507,0.0,0.0,0.0
6846.196719999999,20449.057258598375,0.0,0.0,0.0
6651.229439999999,21615.65897290706,0.0,0.0,0.0
6447.287039999999,22031.551784436466,0.0,0.0,0.0
5941.638479999999,20556.005093904692,0.0,0.0,0.0
6083.70256,18974.949506186615,0.0,0.0,0.0
6606.515519999998,18612.347023653674,0.0,0.0,0.0
7119.702879999998,18877.1414088702,0.0,0.0,0.0
7394.532559999999,20062.002751736327,0.0,0.0,0.0
7029.910319999997,20885.889100701814,0.0,0.0,0.0
6016.041359999998,19885.39046399888,0.0,0.0,0.0
4677.62048,17930.072033120137,0.0,0.0,0.0
4130.957839999999,17076.4046269259,0.0,0.0,0.0
4566.211679999999,17938.705661840235,0.0,0.0,0.0
5065.039599999998,18746.317124482775,0.0,0.0,0.0
5516.713359999999,19127.159388150823,0.0,0.0,0.0
5634.536719999998,18983.493821506156,0.0,0.0,0.0
5474.902159999999,18478.58532075919,0.0,0.0,0.0
5397.261919999998,18076.804026517115,0.0,0.0,0.0
5376.017919999999,18308.413521572707,0.0,0.0,0.0
5409.68496,19056.095692444364,0.0,0.0,0.0
5442.89704,19889.826362892996,0.0,0.0,0.0
5702.912319999999,21076.5037449037,0.0,0.0,0.0
6016.849759999998,22725.685609821172,0.0,0.0,0.0
6164.313199999999,23506.81068734424,0.0,0.0,0.0
6174.284719999998,23467.651723057454,0.0,0.0,0.0
6057.987919999998,22886.310798859686,0.0,0.0,0.0
5606.460799999999,22144.195829955817,0.0,0.0,0.0
5531.117919999999,22056.003808765574,0.0,0.0,0.0
5935.404399999999,22589.165115220727,0.0,0.0,0.0
6514.290239999998,22761.410970042267,0.0,0.0,0.0
6303.4858399999985,21932.51314693466,0.0,0.0,0.0
5665.030319999998,20154.223799662614,0.0,0.0,0.0
4990.61792,18152.21430771714,0.0,0.0,0.0
4587.73392,16848.020338001377,0.0,0.0,0.0
4148.750159999999,15576.088353307496,0.0,0.0,0.0
3752.55896,14024.526035194169,0.0,0.0,0.0
3448.4539199999995,12803.264519747208,0.0,0.0,0.0
3205.512799999999,12085.006152502092,0.0,0.0,0.0
3005.4920799999995,11718.027313342067,0.0,0.0,0.0
2931.0027199999995,11604.073337947946,0.0,0.0,0.0
2941.2712799999995,11701.74250330795,0.0,0.0,0.0
3053.99984,12027.240229766816,0.0,0.0,0.0
3197.237039999999,12511.725732920726,0.0,0.0,0.0
3315.3273599999993,12795.801888945469,0.0,0.0,0.0
3460.0835999999995,13127.640866843578,0.0,0.0,0.0
3596.7934399999995,13678.307599807067,0.0,0.0,0.0
3721.1140799999994,14208.25362384232,0.0,0.0,0.0
3827.9356799999996,14831.690930833945,0.0,0.0,0.0
4077.742559999999,15877.977570886922,0.0,0.0,0.0
4395.815999999999,16938.177254003782,0.0,0.0,0.0
4432.265439999999,17735.795539495586,0.0,0.0,0.0
4495.068719999999,18578.159838664324,0.0,0.0,0.0
5027.52232,19966.784743035936,0.0,0.0,0.0
6063.229359999999,21879.480834428676,0.0,0.0,0.0
7007.624799999998,23665.788540328118,0.0,0.0,0.0
7653.9274399999995,25066.18296615035,0.0,0.0,0.0
7732.609199999998,25889.69221409128,0.0,0.0,0.0
7289.064559999999,25828.06596770989,0.0,0.0,0.0
7026.996319999998,25920.505337281975,0.0,0.0,0.0
7313.429359999998,26720.157983564153,0.0,0.0,0.0
7818.566559999998,27199.64193628711,0.0,0.0,0.0
8271.338239999997,27468.93176266479,0.0,0.0,0.0
8219.93528,27514.17396190034,0.0,0.0,0.0
8364.315519999998,28164.921322038757,0.0,0.0,0.0
8407.59688,28546.85519393578,0.0,0.0,0.0
8326.486159999999,27710.07794415718,0.0,0.0,0.0
7975.467599999999,27653.155536871567,0.0,0.0,0.0
7836.945439999998,28868.16511427984,0.0,0.0,0.0
8353.475439999998,30630.556676253487,0.0,0.0,0.0
9388.618479999997,31987.316544050125,0.0,0.0,0.0
10006.675999999998,32392.80930627073,0.0,0.0,0.0
10334.44272,33373.12311444875,0.0,0.0,0.0
10487.079919999996,34418.973111210136,0.0,0.0,0.0
10632.501679999998,34757.83807661839,0.0,0.0,0.0
10765.030399999998,35358.2722211121,0.0,0.0,0.0
10907.549439999999,35812.95681961491,0.0,0.0,0.0
11686.865839999997,36563.97335744054,0.0,0.0,0.0
12153.77888,36829.25400450452,0.0,0.0,0.0
12001.077759999998,35694.24938656916,0.0,0.0,0.0
11133.326159999999,34278.01671771557,0.0,0.0,0.0
10385.093679999994,32683.85190753858,0.0,0.0,0.0
10001.013439999999,32123.25153969139,0.0,0.0,0.0
9878.60664,31737.0802431237,0.0,0.0,0.0
9796.379199999996,31583.451270461817,0.0,0.0,0.0
9783.106399999999,32079.72614248869,0.0,0.0,0.0
9994.256719999998,32232.253583210422,0.0,0.0,0.0
9959.660959999997,32163.035697782052,0.0,0.0,0.0
9826.763759999998,32434.518664328854,0.0,0.0,0.0
9857.09944,32646.52882981871,0.0,0.0,0.0
9783.042479999998,33146.30677188948,0.0,0.0,0.0
9313.568879999997,33450.68684097321,0.0,0.0,0.0
8864.591039999998,33466.66401596098,0.0,0.0,0.0
8842.079919999998,33484.41753524863,0.0,0.0,0.0
8260.430479999999,32471.365403912445,0.0,0.0,0.0
8000.317439999997,31512.705133512878,0.0,0.0,0.0
7964.683919999998,31290.642248605258,0.0,0.0,0.0
8021.035039999998,31409.98479916606,0.0,0.0,0.0
7925.207679999999,30690.90276389362,0.0,0.0,0.0
7691.880879999999,29816.76274155046,0.0,0.0,0.0
7881.520239999998,29699.216382711882,0.0,0.0,0.0
8948.999279999998,30643.477348200122,0.0,0.0,0.0
10541.712719999996,31434.39712865047,0.0,0.0,0.0
11163.62424,31697.822041725187,0.0,0.0,0.0
11224.141439999996,31660.88598874104,0.0,0.0,0.0
10766.101999999997,31251.433665762605,0.0,0.0,0.0
9964.932479999998,30730.458676627313,0.0,0.0,0.0
9391.461039999998,30244.434998241657,0.0,0.0,0.0
8874.081279999999,29657.566566920792,0.0,0.0,0.0
8420.335759999998,29047.069779298145,0.0,0.0,0.0
7850.304719999998,27741.77427764223,0.0,0.0,0.0
7199.147919999999,26479.726309276182,0.0,0.0,0.0
6362.901359999998,24433.377675811862,0.0,0.0,0.0
5693.752959999999,22088.861216457808,0.0,0.0,0.0
5045.886159999998,19661.11459149978,0.0,0.0,0.0
4421.549439999999,17123.879661175266,0.0,0.0,0.0
3936.0431999999996,15017.442956561297,0.0,0.0,0.0
3552.760079999999,13245.226920526842,0.0,0.0,0.0
3101.3495199999993,11476.66281020388,0.0,0.0,0.0
2723.4244,10013.967325640524,0.0,0.0,0.0
2438.01784,8849.489285522757,0.0,0.0,0.0
2247.9648799999995,7946.630043046307,0.0,0.0,0.0
2111.4317599999995,7218.289185249903,0.0,0.0,0.0
1859.1996799999997,6381.114987024404,0.0,0.0,0.0
1421.8740799999996,5388.287379057831,0.0,0.0,0.0
1052.4578399999996,4655.01443680868,0.0,0.0,0.0
1100.0782399999996,4785.282993370435,0.0,0.0,0.0
1404.9954399999995,5829.336798409593,0.0,0.0,0.0
1860.3163999999997,7470.202593364487,0.0,0.0,0.0
2437.0778399999995,8894.413926000787,0.0,0.0,0.0
3053.1876799999995,10618.28164120269,0.0,0.0,0.0
4352.079679999999,14212.431506245955,0.0,0.0,0.0
6048.836079999999,19495.557318008523,0.0,0.0,0.0
7468.9166399999995,25598.391596332942,0.0,0.0,0.0
9026.51544,30869.47002273206,0.0,0.0,0.0
10392.203839999996,33691.24752350643,0.0,0.0,0.0
10778.949919999995,34016.606318008875,0.0,0.0,0.0
10558.00104,31470.688140408398,0.0,0.0,0.0
10917.524719999998,29979.184122311202,0.0,0.0,0.0
11856.644879999996,30208.23329988429,0.0,0.0,0.0
12615.179759999997,30790.705527155715,0.0,0.0,0.0
13128.393439999998,32002.648677811674,0.0,0.0,0.0
13200.201919999996,35203.07530208496,0.0,0.0,0.0
12766.053519999998,35866.12806407731,0.0,0.0,0.0
12144.912799999995,34958.14818663584,0.0,0.0,0.0
11593.629119999998,32873.96044247066,0.0,0.0,0.0
11128.129839999996,30149.723098811075,0.0,0.0,0.0
10222.522559999998,27183.039567495467,0.0,0.0,0.0
9115.81544,23771.81347049539,0.0,0.0,0.0
7657.161039999998,20212.237815177206,0.0,0.0,0.0
5621.7264,16456.222297198863,0.0,0.0,0.0
3754.660799999999,12839.92270881852,0.0,0.0,0.0
2323.4844799999996,9429.649288090997,0.0,0.0,0.0
1411.7371199999998,7214.160921402135,0.0,0.0,0.0
1055.8380799999998,6061.442479023813,0.0,0.0,0.0
923.7455199999997,5756.685308915527,0.0,0.0,0.0
933.65688,5386.193476000425,0.0,0.0,0.0
1386.7594399999998,5848.7575011742265,0.0,0.0,0.0
2095.26376,7183.883678614755,0.0,0.0,0.0
2725.87592,9407.995750312544,0.0,0.0,0.0
3395.009279999999,12074.715264016184,0.0,0.0,0.0
4017.514879999999,14524.65130715598,0.0,0.0,0.0
4767.642399999999,17498.38067340407,0.0,0.0,0.0
5878.887839999999,20959.989452027072,0.0,0.0,0.0
6840.297279999999,23567.891129611144,0.0,0.0,0.0
6986.008559999998,25104.91521085672,0.0,0.0,0.0
6890.105999999999,27153.00049377624,0.0,0.0,0.0
7491.8676799999985,29413.93945763527,0.0,0.0,0.0
7993.323839999999,30248.33501673246,0.0,0.0,0.0
7825.635359999998,30084.395308162326,0.0,0.0,0.0
7486.878159999999,29337.219246560475,0.0,0.0,0.0
7168.533999999999,27912.710202588994,0.0,0.0,0.0
6697.98504,25662.29037257284,0.0,0.0,0.0
6193.426879999999,22619.531671408655,0.0,0.0,0.0
4972.521039999999,19297.549508983102,0.0,0.0,0.0
3767.7831999999994,16299.725372008123,0.0,0.0,0.0
2800.271279999999,13479.069250596258,0.0,0.0,0.0
2078.23096,11111.708408123048,0.0,0.0,0.0
1532.9256799999998,9541.013174869087,0.0,0.0,0.0
1405.7474399999994,9237.833874837232,0.0,0.0,0.0
1621.9173599999995,9512.333649580485,0.0,0.0,0.0
1742.8088799999996,9329.201483602685,0.0,0.0,0.0
1647.0567199999996,8626.076775895672,0.0,0.0,0.0
1549.7253599999997,8237.43447524602,0.0,0.0,0.0
1476.6911199999997,7660.966093233961,0.0,0.0,0.0
1218.39416,6194.846928316085,0.0,0.0,0.0
1032.0372799999998,5324.338984262069,0.0,0.0,0.0
975.6748799999998,4739.18735497405,0.0,0.0,0.0
959.80768,4283.560003909846,0.0,0.0,0.0
969.0610399999997,4098.2446214740885,0.0,0.0,0.0
966.0417599999998,3982.3158275566348,0.0,0.0,0.0
790.4121599999997,3603.865178281168,0.0,0.0,0.0
605.5668,3178.693696805447,0.0,0.0,489.1520521411833
527.8927199999998,2734.5083847231663,0.0,0.0,1967.1221895841454
480.3024,2249.516772299456,0.0,0.0,3001.8840807316915
372.0595199999999,1704.8836557288623,0.0,0.0,3958.409373975275
281.6503199999999,1408.7700380518475,0.0,428.3545277733783,4021.9999999999995
349.2024799999999,1695.2477321803392,0.0,0.0,3893.874747067057
527.0128799999999,2451.9406327966494,0.0,0.0,2700.952674720411
799.7482399999998,3587.7490713369853,0.0,0.0,1207.478428318009
1139.3852799999997,4867.441398167782,0.0,0.0,0.0
1381.31872,5784.173988863425,0.0,0.0,0.0
1491.6709599999995,6307.818456304126,0.0,0.0,0.0
1551.55648,6559.78148297457,0.0,0.0,0.0
1648.0568799999999,7085.27176069336,0.0,0.0,0.0
1764.9101599999995,8286.040812569056,0.0,0.0,0.0
1936.9677599999998,9838.893213134812,0.0,0.0,0.0
2202.780959999999,11547.746353332685,0.0,0.0,0.0
2548.2610399999994,13246.15974937706,0.0,0.0,0.0
2875.215599999999,15091.89063777759,0.0,0.0,0.0
3011.4291199999993,16246.951075992625,0.0,0.0,0.0
3076.9471199999994,16850.838671974376,0.0,0.0,0.0
3112.569359999999,16882.842640505773,0.0,0.0,0.0
3129.3201599999993,16316.109419153965,0.0,0.0,0.0
3184.7463199999997,14814.93970637472,0.0,0.0,0.0
3367.079999999999,13859.53441323974,0.0,0.0,0.0
3580.0087999999996,13586.533118883544,0.0,0.0,0.0
3705.35592,13451.640112915391,0.0,0.0,0.0
3821.5098399999993,13203.567181024577,0.0,0.0,0.0
3664.1876799999995,12337.266890507713,0.0,0.0,0.0
3411.7111999999993,12132.014772326349,0.0,0.0,0.0
3624.1662399999996,12964.504978878416,0.0,0.0,0.0
3868.9459999999995,14018.25424973313,0.0,0.0,0.0
4037.4804799999993,14775.681504976206,0.0,0.0,0.0
4044.0116,14642.29690310628,0.0,0.0,0.0
3915.7241599999998,13726.596378372578,0.0,0.0,0.0
3665.992479999999,12911.61159832885,0.0,0.0,0.0
3412.8918399999993,12314.47212594442,0.0,0.0,0.0
3338.2069599999995,11682.21263972042,0.0,0.0,0.0
3194.5110399999994,10514.459774915718,0.0,0.0,0.0
2873.8695199999993,9265.173699117544,0.0,0.0,0.0
2426.046,7941.251391590797,0.0,0.0,0.0
2021.7294399999996,6930.650416914227,0.0,0.0,0.0
1834.1355199999998,6556.685285088743,0.0,0.0,0.0
1805.4391999999998,6655.872778258144,0.0,0.0,0.0
1855.2103199999997,7024.369945227567,0.0,0.0,0.0
2009.8478399999995,7576.068744152998,0.0,0.0,0.0
2189.6096799999996,8356.102213447091,0.0,0.0,0.0
2465.1763199999996,9449.040219722112,0.0,0.0,0.0
2798.6206399999996,10830.917000496413,0.0,0.0,0.0
3174.838719999999,12450.129257672856,0.0,0.0,0.0
3549.537759999999,13966.571561946612,0.0,0.0,0.0
3801.649519999999,14927.583751894068,0.0,0.0,0.0
3684.0856,15199.711759667087,0.0,0.0,0.0
3349.9682399999997,15136.477872075748,0.0,0.0,0.0
3064.024,15015.666612261413,0.0,0.0,0.0
3323.4527199999993,15675.960582547805,0.0,0.0,0.0
3669.35392,16895.038881536806,0.0,0.0,0.0
4187.120959999999,18570.73690270727,0.0,0.0,0.0
4651.51856,19051.99719973011,0.0,0.0,0.0
5298.208479999999,19979.78480467195,0.0,0.0,0.0
6645.675919999998,22192.345676564917,0.0,0.0,0.0
8546.13408,25542.014993161818,0.0,0.0,0.0
9939.894639999999,28193.09473805756,0.0,0.0,0.0
10650.508319999997,29329.31997246714,0.0,0.0,0.0
10839.448319999998,29883.231758984042,0.0,0.0,0.0
11070.898879999997,30668.743116845373,0.0,0.0,0.0
11335.095279999998,32421.7170769163,0.0,0.0,0.0
11466.146319999996,34751.546443735,0.0,0.0,0.0
10982.482479999997,35360.951623128676,0.0,0.0,0.0
10410.033759999997,34804.65814593037,0.0,0.0,0.0
9609.503439999997,33459.85635009663,0.0,0.0,0.0
9118.135359999998,32306.44324793623,0.0,0.0,0.0
8396.136399999998,30316.639920732963,0.0,0.0,0.0
7830.245119999999,28181.20613207287,0.0,0.0,0.0
7699.0474399999985,26769.45898066926,0.0,0.0,0.0
7375.375359999999,25213.560000773537,0.0,0.0,0.0
6698.443759999999,22980.96315602325,0.0,0.0,0.0
6024.260719999999,20851.285119843214,0.0,0.0,0.0
5818.468399999998,19350.41311839915,0.0,0.0,0.0
6138.602319999999,18823.81138502904,0.0,0.0,0.0
6163.730399999999,18315.429585371683,0.0,0.0,0.0
5516.220799999999,16963.383480381995,0.0,0.0,0.0
4511.582639999999,15467.830588126406,0.0,0.0,0.0
3802.736159999999,14181.340519142428,0.0,0.0,0.0
3952.8691999999996,14387.90256719857,0.0,0.0,0.0
4576.6532,15137.549632882385,0.0,0.0,0.0
4646.3222399999995,15141.280948283254,0.0,0.0,0.0
4637.520079999999,14977.420629402497,0.0,0.0,0.0
4398.425439999999,14697.929227939463,0.0,0.0,0.0
4139.504319999999,14020.556550725158,0.0,0.0,0.0
3896.7136,13043.527490945244,0.0,0.0,0.0
3608.3817599999993,11879.486094119067,0.0,0.0,0.0
3417.170719999999,10862.593486559117,0.0,0.0,0.0
3407.1014399999995,10359.133847643338,0.0,0.0,0.0
3450.0331199999996,10114.216655905386,0.0,0.0,0.0
3320.2491999999993,9779.261632699101,0.0,0.0,0.0
3206.2046399999995,9358.80391403033,0.0,0.0,0.0
3097.6007999999997,9024.533626894952,0.0,0.0,0.0
3013.0609599999993,8601.505667032496,0.0,0.0,0.0
2857.9684799999995,8037.015204405676,0.0,0.0,0.0
2491.8723199999995,7253.161106310162,0.0,0.0,0.0
2038.9201599999997,6318.24827674645,0.0,0.0,0.0
1747.3998399999996,5402.349277789299,0.0,0.0,0.0
1626.0420799999997,4474.591443980979,0.0,0.0,0.0
1437.0005599999997,3679.315154325887,0.0,0.0,0.0
1203.79408,3002.498204937241,0.0,0.0,271.0022567997295
888.0631199999998,2255.6595495152496,0.0,0.0,1283.6094989892308
543.414,1587.7044742036703,0.0,0.0,2387.0040682396066
371.9467199999999,1294.2107162762024,0.0,0.0,3190.5630732470504
234.43223999999995,1291.3427637473421,0.0,0.0,3653.070633773314
129.99071999999995,1438.6205612588064,0.0,0.0,3626.229911589069
80.03911999999998,1618.626758217263,0.0,0.0,3391.3965540476456
119.77479999999997,1779.9466070378517,0.0,0.0,3047.510171452388
281.62775999999997,2229.183088106949,0.0,0.0,2117.879583421433
502.3510399999999,3045.497645447798,0.0,0.0,746.1880725607607
680.5675199999998,3861.2862460965025,0.0,0.0,0.0
948.6968799999999,4814.081603193107,0.0,0.0,0.0
1365.8087199999998,6262.169384910503,0.0,0.0,0.0
1907.1659999999997,7719.049574726758,0.0,0.0,0.0
2060.8672799999995,7942.551397754398,0.0,0.0,0.0
2230.37184,8221.32829201301,0.0,0.0,0.0
2375.571759999999,8439.580471830384,0.0,0.0,0.0
2440.3866399999997,8526.403020878815,0.0,0.0,0.0
2497.9409599999994,8928.025535742132,0.0,0.0,0.0
2275.604639999999,8896.865082660399,0.0,0.0,0.0
2001.6923999999997,8345.682316715936,0.0,0.0,0.0
2036.2430399999996,8026.85332416501,0.0,0.0,0.0
2108.7922399999998,7760.62000082847,0.0,0.0,0.0
2097.9709599999996,7558.900723824527,0.0,0.0,0.0
1966.3671999999997,7345.789026394522,0.0,0.0,0.0
1744.5008799999998,6637.374980632553,0.0,0.0,0.0
1592.9728799999993,5989.366564777754,0.0,0.0,0.0
1514.8927199999996,5633.79006975496,0.0,0.0,0.0
1524.2175199999995,5142.35796878028,0.0,0.0,0.0
1328.6335999999997,4623.367721879495,0.0,0.0,0.0
1191.5251999999996,4501.931268261289,0.0,0.0,0.0
1340.1993599999998,4863.779548745119,0.0,0.0,0.0
1518.5060799999999,5186.538330920368,0.0,0.0,0.0
1738.5412799999997,5609.139571202404,0.0,0.0,0.0
1796.4565599999996,6049.930974063681,0.0,0.0,0.0
1776.2239999999993,6273.016001222075,0.0,0.0,0.0
1785.2254399999995,6581.673189821164,0.0,0.0,0.0
1833.1842399999998,7007.072916653853,0.0,0.0,0.0
1940.6713599999998,7666.741693136372,0.0,0.0,0.0
1940.2351999999996,8094.245246737637,0.0,0.0,0.0
2100.6631199999993,8887.23908282305,0.0,0.0,0.0
2642.1106399999994,10625.31755242401,0.0,0.0,0.0
3070.4648799999995,12554.238911583829,0.0,0.0,0.0
3227.8171199999992,14044.502465784464,0.0,0.0,0.0
3320.6402399999993,15204.326285362315,0.0,0.0,0.0
4079.4007199999996,17552.47482300551,0.0,0.0,0.0
5190.225039999998,20317.826102052884,0.0,0.0,0.0
6463.612959999999,22518.121266936614,0.0,0.0,0.0
7355.195439999999,23710.018521024067,0.0,0.0,0.0
7468.499279999999,23862.149013298895,0.0,0.0,0.0
7022.811439999999,23339.90378913352,0.0,0.0,0.0
6843.485759999999,23536.512354883613,0.0,0.0,0.0
6623.0632799999985,23605.78978257902,0.0,0.0,0.0
6322.925039999999,23445.809634766723,0.0,0.0,0.0
6137.218639999999,23168.749542540958,0.0,0.0,0.0
6001.790959999998,22773.478202828057,0.0,0.0,0.0
6117.918559999998,22624.255357926777,0.0,0.0,0.0
6190.302319999999,22655.296726474444,0.0,0.0,0.0
6182.842479999999,22402.24209157502,0.0,0.0,0.0
6048.508959999998,21797.649912100023,0.0,0.0,0.0
5749.976239999999,20733.173109467807,0.0,0.0,0.0
5506.437279999998,19586.24019070307,0.0,0.0,0.0
5348.378159999999,19264.612711601487,0.0,0.0,0.0
4881.066559999999,17941.59346179144,0.0,0.0,0.0
4220.660159999999,15940.358019317422,0.0,0.0,0.0
3740.985679999999,14348.59474724419,0.0,0.0,0.0
3497.7399999999993,13508.582367623349,0.0,0.0,0.0
3370.7685599999995,13338.222017924589,0.0,0.0,0.0
3216.454399999999,13406.546769347431,0.0,0.0,0.0
3041.1819999999993,13363.13053296763,0.0,0.0,0.0
3107.1173599999997,12965.249257216354,0.0,0.0,0.0
2913.9473599999997,12151.316390556914,0.0,0.0,0.0
2429.2946399999996,10678.15139070654,0.0,0.0,0.0
1938.1897599999998,9110.919532651795,0.0,0.0,0.0
1704.1372799999997,8398.536002420813,0.0,0.0,0.0
1837.3202399999998,8439.640014097418,0.0,0.0,0.0
2220.6108799999997,9090.55607732577,0.0,0.0,0.0
2506.6453599999995,9943.13187529103,0.0,0.0,0.0
2697.540559999999,10547.952300122994,0.0,0.0,0.0
2874.54632,10852.014810449204,0.0,0.0,0.0
3056.913839999999,11145.786432289502,0.0,0.0,0.0
3149.4135999999994,11417.467873059759,0.0,0.0,0.0
3191.5293599999995,11798.33990786132,0.0,0.0,0.0
3193.307839999999,12242.16796634139,0.0,0.0,0.0
3353.645519999999,12913.784891075635,0.0,0.0,0.0
3808.695759999999,13592.65604867699,0.0,0.0,0.0
4175.731919999999,13923.929375038268,0.0,0.0,0.0
4349.782319999999,14269.21498157515,0.0,0.0,0.0
4371.086479999999,14069.212506604052,0.0,0.0,0.0
4258.335359999999,14130.292948870954,0.0,0.0,0.0
4359.637279999999,14706.533085526044,0.0,0.0,0.0
4404.584319999998,14885.82477528008,0.0,0.0,0.0
4244.333119999998,14629.29684147027,0.0,0.0,0.0
4512.72568,14928.516580744285,0.0,0.0,0.0
4774.444239999999,15767.903766561258,0.0,0.0,0.0
4552.6230399999995,15774.066391199398,0.0,0.0,0.0
4561.917759999999,15731.245577489946,0.0,0.0,0.0
4554.0142399999995,15908.41359305306,0.0,0.0,0.0
4115.132,15021.640686387273,0.0,0.0,0.0
3942.412639999999,14751.983682696216,0.0,0.0,0.0
4081.953759999999,16162.827776383121,0.0,0.0,0.0
4328.82032,17735.329125070482,0.0,0.0,0.0
4883.42408,19924.430343751596,0.0,0.0,0.0
5447.22856,21252.222898635628,0.0,0.0,0.0
5671.907359999999,21880.870153992826,0.0,0.0,0.0
6133.578959999999,22766.303359650323,0.0,0.0,0.0
7059.339839999998,24454.21746927417,0.0,0.0,0.0
8268.273839999998,25638.632245137538,0.0,0.0,0.0
8683.178559999998,26661.647782490938,0.0,0.0,0.0
9060.141119999998,28238.604877494763,0.0,0.0,0.0
9522.658719999998,29050.979721500116,0.0,0.0,0.0
9961.356719999998,29151.03057754153,0.0,0.0,0.0
9847.763359999999,29225.94467318293,0.0,0.0,0.0
9415.897279999997,28647.19383760119,0.0,0.0,0.0
8916.403839999999,27185.520495288612,0.0,0.0,0.0
8372.62512,26109.720738208533,0.0,0.0,0.0
8041.440559999999,26392.427422091463,0.0,0.0,0.0
8768.748639999998,28394.714777949775,0.0,0.0,0.0
9999.930559999997,30362.427924083,0.0,0.0,0.0
10523.627119999996,30917.8580384093,0.0,0.0,0.0
10297.891759999999,29580.836432134824,0.0,0.0,0.0
9097.981759999999,26908.083302038285,0.0,0.0,0.0
7566.76312,24323.36341375323,0.0,0.0,0.0
5991.048639999999,21423.81378851978,0.0,0.0,0.0
4846.993439999999,18848.997763984913,0.0,0.0,0.0
4480.694239999999,17757.756712320388,0.0,0.0,0.0
4578.4429599999985,17952.489696658875,0.0,0.0,0.0
4964.77168,18773.369161139086,0.0,0.0,0.0
6211.155279999999,20701.02028526882,0.0,0.0,0.0
8071.569439999997,23509.371004826753,0.0,0.0,0.0
10356.074,26238.907610252485,0.0,0.0,0.0
12515.927039999999,29181.218506928355,0.0,0.0,0.0
14055.56808,31657.323376430108,0.0,0.0,0.0
14934.667359999996,33790.27623729706,0.0,0.0,0.0
15424.080239999998,34716.54551442951,0.0,0.0,0.0
15488.383759999999,36128.322436966635,0.0,0.0,0.0
14926.109599999998,35852.66158801619,0.0,0.0,0.0
13863.029759999996,34013.87729743643,0.0,0.0,0.0
12298.125279999997,30812.35906493417,0.0,0.0,0.0
10531.331359999996,27442.11789507662,0.0,0.0,0.0
9432.85864,25085.613592626156,0.0,0.0,0.0
8523.160479999999,23276.997384010876,0.0,0.0,0.0
7769.336879999999,21352.988261881455,0.0,0.0,0.0
7072.522399999998,19610.434198541687,0.0,0.0,0.0
6523.321759999998,18278.582845788096,0.0,0.0,0.0
6153.92056,17242.706178755096,0.0,0.0,0.0
6103.5816799999975,16793.618553353586,0.0,0.0,0.0
6180.661679999998,16247.764820308774,0.0,0.0,0.0
6459.815359999999,16151.286500289472,0.0,0.0,0.0
6598.860159999998,16290.932963909263,0.0,0.0,0.0
6535.575599999999,16454.049004452077,0.0,0.0,0.0
6447.49008,16584.843517705976,0.0,0.0,0.0
6259.245679999999,16879.69682406408,0.0,0.0,0.0
6047.993839999998,18243.750619572525,0.0,0.0,0.0
5908.652,20457.690887318473,0.0,0.0,0.0
6270.8189600000005,23303.05704954993,0.0,0.0,0.0
6982.030479999998,26022.789028337207,0.0,0.0,0.0
7819.423839999999,29013.626872646728,0.0,0.0,0.0
9257.552399999997,31798.746184349784,0.0,0.0,0.0
10325.50144,34218.08742594468,0.0,0.0,0.0
10799.787839999997,35800.90943425146,0.0,0.0,0.0
11059.573759999997,36717.90996514877,0.0,0.0,0.0
10902.101199999997,37354.37710490992,0.0,0.0,0.0
10599.748319999997,37350.59617095319,0.0,0.0,0.0
10613.013599999997,37000.328861407696,0.0,0.0,0.0
10635.833039999996,36659.727246544244,0.0,0.0,0.0
10945.7172,36771.339226101656,0.0,0.0,0.0
11107.115199999998,36861.66484519398,0.0,0.0,0.0
11043.875759999997,36728.24054847936,0.0,0.0,0.0
10881.161759999997,36167.21346105176,0.0,0.0,0.0
10479.093679999998,35257.79464549026,0.0,0.0,0.0
10125.100959999998,34223.11874750915,0.0,0.0,0.0
9732.643439999998,33054.05595282967,0.0,0.0,0.0
9435.780159999998,32383.84819508194,0.0,0.0,0.0
9255.631039999998,32499.330421996623,0.0,0.0,0.0
9078.335759999996,32931.19048480263,0.0,0.0,0.0
8972.63464,32997.60988368035,0.0,0.0,0.0
9123.327919999998,32632.92342180117,0.0,0.0,0.0
9229.205759999999,31846.7074804466,0.0,0.0,0.0
9045.619999999997,30920.48782187002,0.0,0.0,0.0
8659.295039999997,29785.64198331342,0.0,0.0,0.0
8032.017999999997,28505.006903921236,0.0,0.0,0.0
7292.095119999998,27117.24536242163,0.0,0.0,0.0
6338.807279999998,25230.837181924908,0.0,0.0,0.0
5478.703519999998,23321.743397687802,0.0,0.0,0.0
4776.81304,21530.66238671437,0.0,0.0,0.0
4204.680159999999,19758.188334189435,0.0,0.0,0.0
3571.2066399999994,17620.700337316626,0.0,0.0,0.0
3083.1962399999993,15631.809991541235,0.0,0.0,0.0
2822.7635999999993,14177.053475915898,0.0,0.0,0.0
2657.45896,13035.390047783769,0.0,0.0,0.0
2649.769759999999,12344.104327505584,0.0,0.0,0.0
2688.3774399999998,11944.089453852217,0.0,0.0,0.0
2593.0275999999994,11419.224369937296,0.0,0.0,0.0
2402.4895999999994,10877.796612075428,0.0,0.0,0.0
2303.0225599999994,10380.092725639712,0.0,0.0,0.0
2351.879999999999,9927.720351840097,0.0,0.0,0.0
2318.9010399999993,9326.095362005683,0.0,0.0,0.0
2214.0609599999993,8639.027218975818,0.0,0.0,0.0
2072.51576,7901.893953080557,0.0,0.0,0.0
1895.2016799999997,7110.487910782749,0.0,0.0,0.0
1750.65976,6477.494069931981,0.0,0.0,0.0
1704.1560799999995,6085.963969331125,0.0,0.0,0.0
1717.6243999999997,5829.039087074416,0.0,0.0,0.0
1739.5226399999995,5716.692752890245,0.0,0.0,0.0
1786.6467199999997,5795.248850531963,0.0,0.0,0.0
1889.5278399999997,6201.9721529379585,0.0,0.0,0.0
2086.2247199999997,6899.142633941455,0.0,0.0,0.0
2297.8074399999996,7661.7401427054165,0.0,0.0,0.0
2416.32264,8116.315580385337,0.0,0.0,0.0
2399.1281599999998,8190.793032735146,0.0,0.0,0.0
2240.4185599999996,7722.542721059488,0.0,0.0,0.0
1895.5776799999996,6741.514405677047,0.0,0.0,0.0
1575.6768799999998,5770.995300426309,0.0,0.0,0.0
1504.3383999999999,4970.161732514602,0.0,0.0,0.0
1390.0983199999998,4318.1937559019625,0.0,0.0,308.97588782981563
1341.6544799999995,4178.884698462038,0.0,0.0,385.926291782271
1365.39512,4328.970906235326,0.0,0.0,91.64323368586402
1390.4028799999996,4613.563095241039,0.0,0.0,0.0
1522.9240799999998,5125.428117519949,0.0,0.0,0.0
1665.9544799999996,5587.555499402159,0.0,0.0,0.0
1650.3918399999995,5592.815066323598,0.0,0.0,0.0
1469.6787199999999,5138.279323488372,0.0,0.0,0.0
1192.34112,4353.333617163879,0.0,0.0,740.1757944224212
914.1650399999999,3545.4939091643682,0.0,0.0,1436.151903191005
693.5658399999999,2909.5924209400496,0.0,0.0,1817.119301341839
541.0451999999999,2418.289328210612,0.0,0.0,2128.755662957979
484.13759999999985,2150.7063801546105,0.0,0.0,2133.6455750648197
523.3769599999998,2105.6328840089955,0.0,0.0,2068.4172562071526
626.6303199999999,2239.563289993412,0.0,0.0,1790.362462070653
731.7148,2441.391727820254,0.0,0.0,1544.4413082126218
819.8679999999999,2670.4806002380255,0.0,0.0,1432.3258036321195
937.0446399999998,2945.3971708505237,0.0,0.0,1570.5599083520738
1069.3214399999997,3247.9810482120265,0.0,0.0,2320.996610990179
1184.2646399999999,3556.3008306312495,0.0,0.0,2585.344035589744
1242.0783999999999,3777.033938241754,0.0,0.0,2567.290666499504
1204.2151999999999,3919.091863676469,0.0,0.0,2161.6301436982985
1161.5767999999998,3954.420275450663,0.0,0.0,1702.0005296697034
1180.9370399999998,4042.6420677744222,0.0,0.0,1178.7380009276199
1238.8636,4249.591140566288,0.0,0.0,685.2848349482775
1292.0187199999996,4435.581335361778,0.0,0.0,313.1973635545374
1315.5826399999999,4468.865462634431,0.0,0.0,116.72076831277748
1420.9528799999994,4624.905897111236,0.0,0.0,0.0
1531.2449599999998,4811.928157868669,0.0,0.0,0.0
1618.3491199999994,5049.581193028331,0.0,0.0,0.0
1715.0487999999998,5431.564683481217,0.0,0.0,0.0
1860.49688,5922.371590652027,0.0,0.0,0.0
1981.5425599999996,6283.416050530883,0.0,0.0,0.0
2075.87344,6588.500703107862,0.0,0.0,0.0
2310.301919999999,7199.870777313695,0.0,0.0,0.0
2564.5380799999994,7950.6789172046965,0.0,0.0,0.0
2759.621919999999,8532.297705315297,0.0,0.0,0.0
2909.76624,9044.023795637793,0.0,0.0,0.0
3071.3221599999997,9657.6068574351,0.0,0.0,0.0
3217.7591199999997,10249.357754652849,0.0,0.0,0.0
3220.9814399999996,10335.06884804996,0.0,0.0,0.0
3147.8569599999996,10208.005650196932,0.0,0.0,0.0
3017.7158399999994,10005.800111345534,0.0,0.0,0.0
2828.8811199999996,9540.90401404619,0.0,0.0,0.0
2612.008079999999,8978.576920454982,0.0,0.0,0.0
2387.02096,8519.70451583736,0.0,0.0,0.0
2224.84464,8249.997893590438,0.0,0.0,0.0
2136.63128,8055.274832963125,0.0,0.0,0.0
2227.7436,8069.128333759973,0.0,0.0,0.0
2204.9279199999996,7885.450363667682,0.0,0.0,0.0
2003.7792,7439.359699040276,0.0,0.0,0.0
1771.3021599999997,6872.695943666672,0.0,0.0,0.0
1724.6856799999998,6537.324124591143,0.0,0.0,0.0
1653.1742399999998,6071.544816997444,0.0,0.0,0.0
1546.2247999999997,5680.391817421143,0.0,0.0,0.0
1488.8020799999997,5476.598484782143,0.0,0.0,0.0
1499.1420799999999,5532.389588994085,0.0,0.0,0.0
1603.4557599999998,5902.8020322198045,0.0,0.0,0.0
1789.6960799999995,6457.785579543344,0.0,0.0,0.0
2075.4147199999998,7276.273429630976,0.0,0.0,0.0
2407.2986399999995,8194.990762561125,0.0,0.0,0.0
2707.726399999999,9072.534617836462,0.0,0.0,0.0
2887.123519999999,9771.04479984825,0.0,0.0,0.0
2854.8439199999993,10347.205546813959,0.0,0.0,0.0
2745.2775199999996,10831.66127883435,0.0,0.0,0.0
2853.64072,11810.089581889593,0.0,0.0,0.0
3208.874239999999,13478.205887724247,0.0,0.0,0.0
3866.8178399999997,15824.607852201074,0.0,0.0,0.0
4557.6990399999995,18299.87912996433,0.0,0.0,0.0
5091.97624,20467.356582000513,0.0,0.0,0.0
5732.101199999998,22366.050316928817,0.0,0.0,0.0
6278.745039999999,23754.94316150209,0.0,0.0,0.0
6470.907359999998,24232.10496581068,0.0,0.0,0.0
6403.129599999999,23734.798027821867,0.0,0.0,0.0
6328.519919999999,23211.788677896206,0.0,0.0,0.0
6209.459519999999,22874.531353697894,0.0,0.0,0.0
6160.662239999999,22963.894372806495,0.0,0.0,0.0
6250.402159999999,23387.358975960542,0.0,0.0,0.0
6075.689999999999,23293.212728066785,0.0,0.0,0.0
5520.292879999999,22101.811659537958,0.0,0.0,0.0
4809.758159999999,20287.955731423583,0.0,0.0,0.0
3952.1247199999993,18280.14086844218,0.0,0.0,0.0
3244.0339999999997,16536.435654606394,0.0,0.0,0.0
2783.904,15305.41913107684,0.0,0.0,0.0
2660.1661599999998,14972.657248039684,0.0,0.0,0.0
2738.2951999999996,15433.43500520243,0.0,0.0,0.0
2928.115039999999,16049.578384482249,0.0,0.0,0.0
3122.3378399999992,16687.156979894724,0.0,0.0,0.0
3336.9699199999995,17530.1563965785,0.0,0.0,0.0
3551.169599999999,18377.492475044663,0.0,0.0,0.0
3762.6282399999996,19161.029014382657,0.0,0.0,0.0
3970.469759999999,19988.30927256915,0.0,0.0,0.0
4278.910079999999,20884.837187317527,0.0,0.0,0.0
4360.174959999999,21336.52482504624,0.0,0.0,0.0
4383.99832,21958.344567116743,0.0,0.0,0.0
4440.44344,22056.122893299642,0.0,0.0,0.0
4540.0232799999985,21896.410685689003,0.0,0.0,0.0
4519.5199999999995,21708.495290926046,0.0,0.0,0.0
4524.11472,21999.389036526314,0.0,0.0,0.0
4416.973519999999,22443.356026962796,0.0,0.0,0.0
4583.9288,23069.37349885928,0.0,0.0,0.0
4786.487519999999,22878.719159812703,0.0,0.0,0.0
4797.301279999999,22564.881793981556,0.0,0.0,0.0
4579.559679999999,21893.235098113793,0.0,0.0,0.0
4253.43984,21221.697563068934,0.0,0.0,0.0
4059.781039999999,21169.141588699236,0.0,0.0,0.0
3836.3655999999996,21289.962772224746,0.0,0.0,0.0
3555.50864,21140.710156189947,0.0,0.0,0.0
3403.9768799999997,20981.861311451314,0.0,0.0,0.0
3278.8703999999993,20674.335425925896,0.0,0.0,0.0
3127.8161599999994,20375.443169120572,0.0,0.0,0.0
3086.2192799999993,20265.11134830443,0.0,0.0,0.0
3058.782559999999,19897.864568942743,0.0,0.0,0.0
3049.6758399999994,19326.31834767226,0.0,0.0,0.0
2972.02808,18476.77920532579,0.0,0.0,0.0
2789.085279999999,17077.32753206494,0.0,0.0,0.0
2573.5959199999993,15779.296186987322,0.0,0.0,0.0
2370.58976,14964.212169831866,0.0,0.0,0.0
2069.5528799999997,14066.245316963472,0.0,0.0,0.0
1754.9235999999996,13362.118314428031,0.0,0.0,0.0
1460.9931199999994,12532.466289271308,0.0,0.0,0.0
1292.5676799999997,11951.730711455062,0.0,0.0,0.0
1200.3085599999997,11722.959397794812,0.0,0.0,0.0
1312.9807199999996,11984.111781011015,0.0,0.0,0.0
1777.8144799999995,13054.90998766013,0.0,0.0,0.0
2299.0858399999993,14450.679964075967,0.0,0.0,0.0
2589.538319999999,15367.561410439199,0.0,0.0,0.0
2733.5763999999995,15739.263936117346,0.0,0.0,0.0
2897.7455199999995,16088.479332278554,0.0,0.0,0.0
3190.3975999999993,16813.922466412576,0.0,0.0,0.0
3549.977679999999,17596.178847009312,0.0,0.0,0.0
4084.589519999999,18764.9836251983,0.0,0.0,0.0
4639.166959999999,20205.57900498044,0.0,0.0,0.0
5275.682319999998,21869.388420166215,0.0,0.0,0.0
5753.755039999999,23493.57245664009,0.0,0.0,0.0
6385.645599999999,25424.131228143382,0.0,0.0,0.0
6651.752079999999,26696.489932417684,0.0,0.0,0.0
6860.191439999999,27693.09847434099,0.0,0.0,0.0
7228.59624,28760.284450123305,0.0,0.0,0.0
7680.924239999999,29670.338383199833,0.0,0.0,0.0
7870.097359999999,29905.351711187606,0.0,0.0,0.0
7819.378719999999,29760.743391981552,0.0,0.0,0.0
7951.035119999999,29756.148713708662,0.0,0.0,0.0
8228.966799999998,29741.65017168561,0.0,0.0,0.0
8033.025679999998,29452.373991006465,0.0,0.0,0.0
7855.422079999999,29199.31935610704,0.0,0.0,0.0
7792.3593599999995,29045.36290097647,0.0,0.0,0.0
7850.91008,29133.71370154547,0.0,0.0,0.0
7932.8968799999975,29524.519371230734,0.0,0.0,0.0
7985.736159999999,30047.687500535154,0.0,0.0,0.0
7968.857519999999,30245.774699249952,0.0,0.0,0.0
7804.229679999999,29997.22542922285,0.0,0.0,0.0
7682.149999999998,29601.626607041264,0.0,0.0,0.0
7508.058239999998,29071.90882836298,0.0,0.0,0.0
7297.674959999999,28397.781204702085,0.0,0.0,0.0
6971.26184,27386.485570243436,0.0,0.0,0.0
6694.883039999999,26602.472692769166,0.0,0.0,0.0
6525.904879999997,25996.818676198705,0.0,0.0,0.0
6244.446319999998,25254.902181518286,0.0,0.0,0.0
6013.055919999999,24549.346164574003,0.0,0.0,0.0
5956.294959999999,23901.13927449575,0.0,0.0,0.0
5812.644159999999,23405.549138539784,0.0,0.0,0.0
5750.656799999999,23264.384347110597,0.0,0.0,0.0
5769.505679999999,23271.34086864254,0.0,0.0,0.0
5736.240959999998,23003.162497916186,0.0,0.0,0.0
5740.346879999998,22201.87243929054,0.0,0.0,0.0
5523.50016,20664.530799287444,0.0,0.0,0.0
4922.689759999999,18453.55772118208,0.0,0.0,0.0
4278.759679999999,16318.044542832606,0.0,0.0,0.0
3834.1246399999995,14938.817392941368,0.0,0.0,0.0
3636.7772799999993,14423.687469686696,0.0,0.0,0.0
3673.399679999999,14729.516400601615,0.0,0.0,0.0
3911.084319999999,15472.742825156807,0.0,0.0,0.0
4175.9537599999985,16016.691205656496,0.0,0.0,0.0
4172.682559999999,15838.749140621925,0.0,0.0,0.0
3914.6901599999997,14888.22631338383,0.0,0.0,0.0
3518.46136,13478.324972258315,0.0,0.0,0.0
3107.1474399999993,12076.918327896481,0.0,0.0,0.0
2795.6051199999997,10910.455545544211,0.0,0.0,0.0
2571.3887999999997,10035.888803620634,0.0,0.0,0.0
2436.9951199999996,9440.317277601462,0.0,0.0,0.0
2390.80352,9154.951039124291,0.0,0.0,0.0
2384.6935199999994,8969.29825050867,0.0,0.0,0.0
2381.659199999999,8814.438737661394,0.0,0.0,0.0
2339.7915999999996,8530.769453794728,0.0,0.0,0.0
2235.8802399999995,8085.54215203933,0.0,0.0,0.0
2111.9092799999994,7631.14534116052,0.0,0.0,0.0
1996.5148799999997,7247.564133208858,0.0,0.0,0.0
1846.3968799999996,6733.039556335708,0.0,0.0,0.0
1510.6288799999995,5833.911629260128,0.0,0.0,324.1370840403834
1167.1491199999998,4809.705246566023,0.0,0.0,1530.1776080032369
905.6824799999998,3966.9043041057007,0.0,0.0,2333.7003807435544
717.05832,3444.1728180928726,0.0,0.0,2801.9201626638355
624.4495199999998,3216.671739462706,0.0,0.0,3006.6781519659467
603.30328,3098.6490424878493,0.0,0.0,3069.8826982332243
644.5429599999999,3083.981797374855,0.0,0.0,2942.7403731673185
703.8343999999998,2982.442384657565,0.0,0.0,3246.7486395680694
649.5024,2734.875562036549,0.0,0.0,3940.23602671238
532.9160799999999,2462.7376305523585,0.0,196.88670045201692,4022.0
425.3951199999999,2182.194315705037,0.0,433.82295773070354,4021.9999999999995
336.5613599999999,1876.008131187907,0.0,581.7923717957923,4021.9999999999995
263.9708,1597.3800925968837,0.0,518.0442161632487,4021.9999999999995
209.36055999999996,1429.431204713047,0.0,222.7449112604793,4022.0
180.24687999999992,1380.5370797660094,0.0,0.0,3907.981102914779
166.63943999999995,1393.199735222153,0.0,0.0,3523.4881520279223
159.68343999999996,1502.4895663651862,0.0,0.0,3220.25150204081
167.35008,1713.1600308467494,0.0,0.0,2880.523515735514
197.78351999999995,2004.2423269592932,0.0,0.0,2516.688345781124
249.69031999999999,2342.869123299412,0.0,0.0,2210.9860611347435
312.38831999999996,2795.658292968273,0.0,0.0,2013.6911935273301
401.5416799999999,3334.783749838115,0.0,0.0,2541.4681844153565
532.4385599999999,3807.9462985441737,0.0,0.0,2906.6230554975054
667.7045599999998,4353.73056561078,0.0,0.0,2632.0859785790003
741.0358399999998,4931.558496053474,0.0,0.0,1798.9514946507293
715.7535999999999,5275.881502606623,0.0,0.0,1198.34950937728
668.82504,5334.302390279286,0.0,0.0,893.9930645605951
655.9771199999999,5329.439771804748,0.0,0.0,659.8896171695147
680.3456799999999,5270.244834660628,0.0,0.0,610.256157700325
806.5237599999998,5525.115508704624,0.0,0.0,125.60557351155727
1118.8255999999997,6433.57172428238,0.0,0.0,0.0
1619.6651199999994,8070.57719559116,0.0,0.0,0.0
2163.28592,9997.553507361165,0.0,0.0,0.0
2623.4911199999997,11890.848743411612,0.0,0.0,0.0
2970.700799999999,13448.801931520049,0.0,0.0,0.0
3227.358399999999,14587.438627744554,0.0,0.0,0.0
3472.047919999999,15598.29761891161,0.0,0.0,0.0
3661.085679999999,16463.655156867087,0.0,0.0,0.0
3821.5511999999994,17282.907132715,0.0,0.0,0.0
4065.9135999999985,18222.40471684042,0.0,0.0,0.0
4273.11592,19134.99911997712,0.0,0.0,0.0
4341.912639999999,19658.514579172577,0.0,0.0,0.0
4391.76272,19552.509496427654,0.0,0.0,0.0
4450.147999999998,19302.630449103435,0.0,0.0,0.0
4509.999679999999,19457.22202174905,0.0,0.0,0.0
4328.372879999999,19868.89725603014,0.0,0.0,0.0
3891.043519999999,19772.329622610283,0.0,0.0,0.0
3424.9200799999994,19328.184005372692,0.0,0.0,0.0
2884.9389599999995,17828.373841024088,0.0,0.0,0.0
2322.3038399999996,15652.758945826434,0.0,0.0,0.0
1809.7406399999998,13531.496216720712,0.0,0.0,0.0
1411.2859199999996,11567.702936500635,0.0,0.0,0.0
1022.4718399999998,9593.77754717341,0.0,0.0,0.0
803.0645599999998,8089.898661244071,0.0,0.0,0.0
787.2274399999999,7116.978017889583,0.0,0.0,0.0
842.8641599999997,6309.217699579452,0.0,0.0,0.0
821.9999199999999,5769.744912818572,0.0,0.0,351.74555041786584
768.3371999999999,5254.823387498523,0.0,0.0,872.0537300880826
688.22664,4776.5997460944745,0.0,0.0,1305.9076841814538
619.1441599999999,4369.400105552199,0.0,0.0,1551.0070725220792
575.7424799999999,4205.0138299793,0.0,0.0,1353.0077562575534
550.8625599999999,3987.7143264344895,0.0,0.0,1103.773865037046
600.6148799999999,3976.4608379648444,0.0,0.0,677.3512624454357
720.2768799999999,4365.817645818917,0.0,0.0,0.0
882.6524799999999,4934.6646176504755,0.0,0.0,0.0
1051.6569599999998,5556.146953541113,0.0,0.0,0.0
1202.9743999999998,6267.557960077186,0.0,0.0,0.0
1269.6166399999997,6799.141396455906,0.0,0.0,0.0
1231.1856799999996,6841.039305026314,0.0,0.0,0.0
1147.1872799999999,6658.373553473621,0.0,0.0,0.0
1080.8270399999997,6618.668785072341,0.0,0.0,0.0
1057.2856799999997,6599.754191577507,0.0,0.0,0.0
994.4109599999998,6262.645723046784,0.0,0.0,83.76971894625714
910.5930399999997,5971.880985691762,0.0,0.0,191.80845197912495
876.0236,5807.812268876383,0.0,0.0,43.05875848528611
880.01296,5749.361610070202,0.0,0.0,0.0
934.49536,5820.028357329763,0.0,0.0,0.0
981.6457599999998,5966.57180021446,0.0,0.0,0.0
1079.6050399999997,6214.624884682929,0.0,0.0,0.0
1249.5946399999996,6746.476261263309,0.0,0.0,0.0
1368.9708799999999,7345.2134511465165,0.0,0.0,0.0
1358.2811999999997,7527.7402707427955,0.0,0.0,0.0
1249.4931199999999,7387.379299918582,0.0,0.0,0.0
1094.4570399999998,7053.158631339064,0.0,0.0,0.0
972.6931999999998,6739.559434576059,0.0,0.0,0.0
891.8155999999998,6489.094888292665,0.0,0.0,0.0
882.2576799999998,6434.712951067219,0.0,0.0,0.0
922.4144799999998,6482.902492521009,0.0,0.0,0.0
992.0797599999999,6534.138613304761,0.0,0.0,0.0
1077.3565599999997,6734.925061458487,0.0,0.0,0.0
1164.1524,6989.240007676823,0.0,0.0,0.0
1217.8639999999998,7148.386563750628,0.0,0.0,0.0
1219.6424799999998,7136.368949520699,0.0,0.0,0.0
1173.7967999999998,6951.05356708494,0.0,0.0,0.0
1094.16376,6565.418150920565,0.0,0.0,0.0
1008.16128,5994.884148189677,0.0,0.0,0.0
871.5642399999998,5144.739659461687,0.0,0.0,348.68231933186775
727.1990399999999,4274.122554584774,0.0,0.0,1129.9303195580142
644.8851199999998,3792.306529736272,0.0,0.0,1411.1915359216596
613.42896,3441.2651707193236,0.0,0.0,1531.9648939580686
566.15072,3172.2135134097884,0.0,0.0,1751.0781653166446
508.53999999999985,2883.880085292033,0.0,0.0,2082.9684231742176
512.62712,2629.7239184524597,0.0,0.0,2409.207641954356
718.8668799999998,2635.827000823563,0.0,0.0,2530.361638678602
1109.4970399999997,3088.5764756477347,0.0,0.0,2278.269843190658
1614.84856,3850.648027719555,0.0,0.0,964.9779299508423
2199.9158399999997,4747.731670293596,0.0,0.0,0.0
2777.07584,5624.48162867513,0.0,0.0,0.0
3309.2098399999995,6383.06003441422,0.0,0.0,0.0
3533.8923999999993,7356.268465392712,0.0,0.0,0.0
3610.870879999999,9009.191569422226,0.0,0.0,0.0
3780.9770399999984,10677.893374216055,0.0,0.0,0.0
4027.2532799999994,11550.654000706234,0.0,0.0,0.0
4297.217519999999,12134.65447949824,0.0,0.0,0.0
4296.548239999999,12310.8301239441,0.0,0.0,0.0
4104.555119999999,11991.852275725587,0.0,0.0,0.0
3866.9155999999994,11571.96020859365,0.0,0.0,0.0
3962.4496799999997,11839.910333963035,0.0,0.0,0.0
4172.750239999999,12678.513546597378,0.0,0.0,0.0
4497.35104,14261.434792015893,0.0,0.0,0.0
4868.899199999999,15856.52250733192,0.0,0.0,0.0
5126.2674400000005,17217.658731755644,0.0,0.0,0.0
5451.9623999999985,18314.218892608635,0.0,0.0,0.0
5754.1987199999985,19562.373665333143,0.0,0.0,0.0
5873.661439999999,20863.550826852457,0.0,0.0,0.0
5908.024079999999,22403.01614104648,0.0,0.0,0.0
6294.1572799999985,24152.973292920957,0.0,0.0,0.0
7144.714399999998,26901.09700937283,0.0,0.0,0.0
7989.458559999999,30301.86351479707,0.0,0.0,0.0
8710.08136,33054.09564767437,0.0,0.0,0.0
9342.949519999996,34840.07587110512,0.0,0.0,0.0
9727.511039999998,35919.8451126542,0.0,0.0,0.0
9994.929759999999,36725.44206192872,0.0,0.0,0.0
10182.04992,37052.597048153395,0.0,0.0,0.0
10356.198079999996,36984.619626621585,0.0,0.0,0.0
10163.170959999996,36136.17209250411,0.0,0.0,0.0
9777.240799999998,34647.883356826795,0.0,0.0,0.0
9416.878639999997,33076.03697307683,0.0,0.0,0.0
9380.696159999998,31819.020326275247,0.0,0.0,0.0
9174.22704,30800.162823903138,0.0,0.0,0.0
9255.886719999999,29801.37106552187,0.0,0.0,0.0
9246.467919999997,29150.971035274495,0.0,0.0,0.0
9522.181199999999,29078.49817258153,0.0,0.0,0.0
9980.863599999999,30042.755416082404,0.0,0.0,0.0
10130.263439999997,30581.990033775146,0.0,0.0,0.0
10127.289279999997,30498.3133011684,0.0,0.0,0.0
9915.646399999996,30302.36962406687,0.0,0.0,0.0
9523.673919999996,29940.74958894001,0.0,0.0,0.0
8829.882479999997,28976.88929388603,0.0,0.0,0.0
7902.271679999999,27484.18450673696,0.0,0.0,0.0
7253.160319999998,26002.70343692401,0.0,0.0,0.0
7095.6915199999985,25132.969542341456,0.0,0.0,0.0
7145.40248,24701.89345271808,0.0,0.0,0.0
6912.256159999999,24291.95486789219,0.0,0.0,0.0
6375.568799999998,23596.074469341118,0.0,0.0,0.0
5919.161199999999,22292.049202715287,0.0,0.0,0.0
5541.412799999998,20737.321220737922,0.0,0.0,0.0
4946.501839999999,19242.98894495655,0.0,0.0,0.0
4586.380319999999,18516.79160877342,0.0,0.0,0.0
4268.461039999998,17748.48796608525,0.0,0.0,0.0
3959.757519999999,16643.14532084457,0.0,0.0,0.0
3879.285999999999,16250.166358412525,0.0,0.0,0.0
3635.8936799999997,15789.051195069915,0.0,0.0,0.0
3481.7825599999996,15456.080914098135,0.0,0.0,0.0
3552.8803999999996,15711.398155144896,0.0,0.0,0.0
3785.932719999999,16523.49513523742,0.0,0.0,0.0
4071.2189599999997,17256.88716202064,0.0,0.0,0.0
4579.9018399999995,18628.50282544254,0.0,0.0,0.0
5171.695759999999,20418.551770454033,0.0,0.0,0.0
5448.266319999999,21598.22301237693,0.0,0.0,0.0
5658.87144,21911.574116360625,0.0,0.0,0.0
5660.608559999999,21488.41714825293,0.0,0.0,0.0
5632.231839999999,20574.602128642007,0.0,0.0,0.0
5693.658959999999,19322.299244647384,0.0,0.0,0.0
5788.102639999999,18500.81443378565,0.0,0.0,0.0
6025.272159999999,19003.658802608734,0.0,0.0,0.0
6037.401919999999,19892.217977285574,0.0,0.0,0.0
6058.555679999999,19880.63700634724,0.0,0.0,0.0
5723.565999999999,18291.215730110718,0.0,0.0,0.0
5350.032559999999,15969.543653875824,0.0,0.0,0.0
4866.131839999998,13626.297429551856,0.0,0.0,0.0
4178.213519999998,11639.123885809307,0.0,0.0,0.0
3554.6099999999997,10019.008570916167,0.0,0.0,0.0
3039.4411199999995,8807.740232619939,0.0,0.0,0.0
2633.28592,7959.471325303556,0.0,0.0,0.0
2360.49792,7680.198245486318,0.0,0.0,0.0
2187.8650399999997,7842.311991200709,0.0,0.0,0.0
2104.2501599999996,7916.6505115941045,0.0,0.0,0.0
2073.3053599999994,7985.044728995156,0.0,0.0,0.0
2029.2682399999994,7799.5904146029825,0.0,0.0,0.0
1966.8409599999995,7288.5589840625635,0.0,0.0,0.0
1892.3703999999996,6739.658671687783,0.0,0.0,0.0
1838.1436799999997,6541.105058547875,0.0,0.0,0.0
1773.5581599999996,6442.364132381238,0.0,0.0,0.0
1678.7046399999997,6116.092356450915,0.0,0.0,0.0
1532.2187999999994,5524.847568502965,0.0,0.0,0.0
1318.5944,4710.478058551931,0.0,0.0,424.1020865132962
1163.0958399999997,4208.834458780721,0.0,0.0,977.8870274984132
1253.2455999999997,4556.104807552111,0.0,0.0,497.73770298820466
1626.2338399999996,5920.148679349382,0.0,0.0,0.0
2160.2967199999994,7854.081512651325,0.0,0.0,0.0
2681.0191199999995,9727.469784089684,0.0,0.0,0.0
3086.2493599999993,11296.229893665002,0.0,0.0,0.0
3380.4881599999994,12530.04490374521,0.0,0.0,0.0
3629.7347999999993,13336.316665379463,0.0,0.0,0.0
3818.1672,13723.599417598476,0.0,0.0,0.0
3992.191279999999,14146.528140349208,0.0,0.0,0.0
4236.35816,14859.894117986267,0.0,0.0,0.0
4504.901119999999,16037.153898094246,0.0,0.0,0.0
5120.819199999999,18075.871197666893,0.0,0.0,0.0
5914.088959999999,20755.094587447922,0.0,0.0,0.0
6862.812159999999,23934.215003833786,0.0,0.0,0.0
8123.573999999998,27520.62437416248,0.0,0.0,0.0
9384.655439999997,30553.717380644615,0.0,0.0,0.0
10069.765039999997,32865.346661172916,0.0,0.0,0.0
10689.435599999997,34818.94829001881,0.0,0.0,0.0
11227.826239999999,36371.63198749463,0.0,0.0,0.0
11786.930719999998,37344.57247827147,0.0,0.0,0.0
11823.485439999997,37483.83191715553,0.0,0.0,0.0
12002.051599999999,37412.67890804851,0.0,0.0,0.0
11972.50176,37389.47727132715,0.0,0.0,0.0
11882.859599999996,37399.5002196114,0.0,0.0,0.0
11837.254559999998,37578.801833076606,0.0,0.0,0.0
11832.689919999999,37500.38466739131,0.0,0.0,0.0
11453.696959999997,37037.98934530743,0.0,0.0,0.0
10976.316079999997,36371.32435244828,0.0,0.0,0.0
10378.449759999998,35098.300759525424,0.0,0.0,0.0
9739.159519999997,33715.33237052215,0.0,0.0,0.0
9239.120879999997,32363.97100160336,0.0,0.0,0.0
8581.80144,30409.62509441953,0.0,0.0,0.0
7686.045359999998,27889.45894731177,0.0,0.0,0.0
6792.5791199999985,25410.873150016883,0.0,0.0,0.0
5962.292159999999,23489.196100013014,0.0,0.0,0.0
5424.3452,22415.887194437248,0.0,0.0,0.0
5418.314159999998,22257.99102597118,0.0,0.0,0.0
5477.680799999998,21746.54279956151,0.0,0.0,0.0
4919.8622399999995,20386.74627614608,0.0,0.0,0.0
4619.8330399999995,19323.341234320495,0.0,0.0,0.0
4286.478959999999,18185.855688592008,0.0,0.0,0.0
3968.11224,17137.72323826094,0.0,0.0,0.0
3678.3215199999995,16111.56188446585,0.0,0.0,0.0
3298.8811199999996,15222.139346917,0.0,0.0,0.0
2845.3612,14616.991439616339,0.0,0.0,0.0
2743.7622399999996,13949.82033748739,0.0,0.0,0.0
2781.538959999999,13942.943205644828,0.0,0.0,0.0
2960.9247999999993,14975.971767571307,0.0,0.0,0.0
3655.0659199999996,16873.851758183464,0.0,0.0,0.0
4607.0452799999985,19598.952464715072,0.0,0.0,0.0
5309.762959999998,21571.964872614426,0.0,0.0,0.0
5884.467679999998,22750.544506308353,0.0,0.0,0.0
6616.644959999999,23453.292112990806,0.0,0.0,0.0
7263.222079999999,23989.18244001841,0.0,0.0,0.0
7971.703839999997,24403.81494022891,0.0,0.0,0.0
8376.53552,24564.777535447283,0.0,0.0,0.0
8487.726239999998,24207.811720860333,0.0,0.0,0.0
8266.168239999999,23181.342732018897,0.0,0.0,0.0
7712.2675999999965,21870.291477882914,0.0,0.0,0.0
6986.189039999999,20204.943887465397,0.0,0.0,0.0
6270.363999999999,18961.701351771295,0.0,0.0,0.0
5566.706319999999,17474.494300611797,0.0,0.0,0.0
5060.779519999998,16237.315152444104,0.0,0.0,0.0
4681.015759999999,15044.465222084085,0.0,0.0,0.0
4289.336559999999,13764.485107629285,0.0,0.0,0.0
3775.9875199999988,11801.932291305779,0.0,0.0,0.0
3169.4205599999996,9704.020054589006,0.0,0.0,0.0
2578.2808799999993,7777.510157244112,0.0,0.0,0.0
1937.7084799999998,5636.886267640789,0.0,0.0,0.0
1466.6744799999997,4437.387450795177,0.0,0.0,0.0
1228.0047199999997,3916.54146990513,0.0,0.0,215.65921673650914
1071.5623999999996,3670.770839006341,0.0,0.0,623.637930342385
1177.8538399999998,4533.925313081515,0.0,0.0,0.0
1574.3082399999998,6009.4620799021195,0.0,0.0,0.0
2000.89528,7725.460292144211,0.0,0.0,0.0
2507.7658399999996,9417.939308907415,0.0,0.0,0.0
3022.0924799999993,10725.676043511772,0.0,0.0,0.0
3398.953519999999,11714.405158764095,0.0,0.0,0.0
3831.988959999999,13039.399227097472,0.0,0.0,0.0
4306.440799999998,13382.392456353502,0.0,0.0,0.0
4839.6915199999985,13900.271247602966,0.0,0.0,0.0
5197.1471999999985,14706.19567934618,0.0,0.0,0.0
5268.636079999998,15287.209121075253,0.0,0.0,0.0
5247.613919999999,15941.906118260335,0.0,0.0,0.0
5406.387439999999,16628.09105099585,0.0,0.0,0.0
5874.969919999999,17974.74858081885,0.0,0.0,0.0
6704.8996799999995,19512.20930535602,0.0,0.0,0.0
7016.201359999998,20380.782125731395,0.0,0.0,0.0
6914.376799999999,20608.580915696737,0.0,0.0,0.0
6358.457039999999,20144.131385400156,0.0,0.0,0.0
5538.100239999999,19002.160322221684,0.0,0.0,0.0
4482.359919999999,17743.655118744235,0.0,0.0,0.0
3817.922799999999,16610.774174999788,0.0,0.0,0.0
3240.2664799999993,15811.806264788518,0.0,0.0,0.0
2894.6171999999992,15334.108580076612,0.0,0.0,0.0
2733.6741599999996,15441.939625677283,0.0,0.0,0.0
2804.4411199999995,16173.277444247791,0.0,0.0,0.0
3011.8615199999995,17121.587283894412,0.0,0.0,0.0
3129.0795199999993,18334.125857220723,0.0,0.0,0.0
3218.1087999999986,19946.79838873447,0.0,0.0,0.0
3447.3597599999994,21425.530590552626,0.0,0.0,0.0
3756.706239999999,22245.11004886924,0.0,0.0,0.0
4168.117919999999,23021.858769765226,0.0,0.0,0.0
4446.79408,23988.8946523944,0.0,0.0,0.0
4439.853119999999,24725.194326551173,0.0,0.0,0.0
4621.216719999999,25092.887672915618,0.0,0.0,0.0
5100.4061599999995,25684.906510335033,0.0,0.0,0.0
5611.314959999998,25983.510979516344,0.0,0.0,0.0
5944.6201599999995,25683.140089746314,0.0,0.0,0.0
5874.793199999998,24671.57651508601,0.0,0.0,0.0
5474.898399999999,23577.35835006973,0.0,0.0,0.0
5194.737039999999,23029.172544899375,0.0,0.0,0.0
4694.664559999999,22530.1884997224,0.0,0.0,0.0
4232.8575999999985,22078.10391354679,0.0,0.0,0.0
3951.2636799999996,21841.105843324516,0.0,0.0,0.0
4040.6238399999997,22247.660442640576,0.0,0.0,0.0
4372.150559999999,22805.085222912556,0.0,0.0,0.0
4650.728959999999,23108.492768301378,0.0,0.0,0.0
4898.719759999998,23303.096744394625,0.0,0.0,0.0
4949.57752,22979.504370480878,0.0,0.0,0.0
4892.08712,22195.828899186472,0.0,0.0,0.0
4922.38896,21457.306313727062,0.0,0.0,0.0
4840.90976,20469.48025619144,0.0,0.0,0.0
4671.5668799999985,19286.57388442629,0.0,0.0,0.0
4405.264879999999,17856.110613751298,0.0,0.0,0.0
4101.588479999999,16344.878257843116,0.0,0.0,0.0
3785.462719999999,14804.460267376535,0.0,0.0,0.0
3359.92848,12799.443890945784,0.0,0.0,0.0
2718.096479999999,10378.107983405207,0.0,0.0,0.0
2081.10736,7892.972536736457,0.0,0.0,0.0
1523.3564799999997,5886.576764452725,0.0,0.0,0.0
1034.5827999999997,4270.411086606248,0.0,0.0,0.0
686.0871999999998,3034.442631201604,0.0,0.0,647.3386961017243
445.3719999999999,2582.9633914075152,0.0,0.0,1421.4886992257952
347.26231999999993,2739.9862732904003,0.0,0.0,1680.164941652281
366.88576,2872.596825688871,0.0,0.0,2669.9287709272444
458.90423999999996,3032.170101343095,0.0,0.0,3399.664865623197
573.2044799999999,3257.487963515307,0.0,0.0,3469.911409582085
712.3695999999999,3675.931168816055,0.0,0.0,2847.850970619732
770.7548799999997,3806.8050717593333,0.0,0.0,2385.0588060888713
722.6043199999998,3743.849048080825,0.0,0.0,2208.4621135392667
706.6355999999997,3788.7935359811977,0.0,0.0,1937.9362529730013
807.20808,3934.8705644407864,0.0,0.0,1630.8180144935363
1011.3685599999999,4385.139111471825,0.0,0.0,919.1980715663722
1379.3823199999997,5456.433503679568,0.0,0.0,0.0
1894.3443999999997,7009.10727744422,0.0,0.0,0.0
2471.011839999999,8655.738748590353,0.0,0.0,0.0
2904.7391199999997,10158.287857222575,0.0,0.0,0.0
3135.4000799999994,11467.701699015086,0.0,0.0,0.0
3296.125039999999,12406.008437799803,0.0,0.0,0.0
3566.8788799999998,12816.373742206115,0.0,0.0,0.0
3672.9484799999987,13145.543241798812,0.0,0.0,0.0
3523.96976,13119.027085545824,0.0,0.0,0.0
3288.311759999999,12838.741787188988,0.0,0.0,0.0
3091.5434399999995,12677.937971349369,0.0,0.0,0.0
2908.1343999999995,12572.925259721696,0.0,0.0,0.0
2719.7396,12096.884834775605,0.0,0.0,0.0
2443.0224,11339.249181597905,0.0,0.0,0.0
2329.0868799999994,10775.066354017436,0.0,0.0,0.0
2302.0750399999997,10412.880667353738,0.0,0.0,0.0
2320.2696799999994,10219.566773712926,0.0,0.0,0.0
2394.3266399999993,10509.775783242289,0.0,0.0,0.0
2402.7076799999995,11095.274742421345,0.0,0.0,0.0
2244.257519999999,11366.946259480428,0.0,0.0,0.0
2039.5217599999999,11189.162973824616,0.0,0.0,0.0
1958.1666399999995,10942.052641917535,0.0,0.0,0.0
1993.3639999999996,10933.389242063922,0.0,0.0,0.0
2306.64344,11755.40993332897,0.0,0.0,0.0
2993.5390399999997,13715.352813614107,0.0,0.0,0.0
3952.602239999999,16498.209519169824,0.0,0.0,0.0
4799.884399999999,18837.248089956636,0.0,0.0,0.0
5400.946719999999,20191.040768112693,0.0,0.0,0.0
5875.552719999998,21004.229356434196,0.0,0.0,0.0
5913.724239999999,21121.994036918564,0.0,0.0,0.0
5826.180159999999,21208.389866386577,0.0,0.0,0.0
5636.709999999999,21699.891433339464,0.0,0.0,0.0
5574.70008,22139.184355813686,0.0,0.0,0.0
5616.46992,22363.122822132922,0.0,0.0,0.0
5639.992479999998,22151.94624838156,0.0,0.0,0.0
5624.557679999999,22013.173071344954,0.0,0.0,0.0
5515.935039999999,21864.783818182164,0.0,0.0,0.0
5567.612479999998,22256.433003317085,0.0,0.0,0.0
5580.708559999999,22829.8845771327,0.0,0.0,0.0
5485.151919999999,23058.407798013643,0.0,0.0,0.0
5324.588639999999,22820.71506800929,0.0,0.0,0.0
5147.368559999999,22080.842857830405,0.0,0.0,0.0
4779.445039999999,20997.30260603577,0.0,0.0,0.0
4241.449199999999,19360.624617195677,0.0,0.0,0.0
3645.2071999999994,17244.472599343808,0.0,0.0,0.0
3252.869999999999,15644.591731531447,0.0,0.0,0.0
3009.5453599999996,14783.967803805264,0.0,0.0,0.0
2996.009359999999,14475.886190454185,0.0,0.0,0.0
3216.9469599999993,15247.037938248866,0.0,0.0,0.0
3648.9672,16861.060094482076,0.0,0.0,0.0
3950.643279999999,18302.111964978154,0.0,0.0,0.0
4138.019119999999,19357.994833734963,0.0,0.0,0.0
4150.333119999999,19726.104975968654,0.0,0.0,0.0
4192.599279999999,19440.976906559623,0.0,0.0,0.0
4390.4392,18807.01054201395,0.0,0.0,0.0
4634.312799999998,18520.284755106146,0.0,0.0,0.0
4924.114799999999,19166.30842872644,0.0,0.0,0.0
5378.488239999998,20733.490668225324,0.0,0.0,0.0
5846.360079999999,22138.896568189688,0.0,0.0,0.0
6251.24064,22892.443652364305,0.0,0.0,0.0
6548.536319999999,23424.47365574579,0.0,0.0,0.0
6528.228559999998,23944.724213965488,0.0,0.0,0.0
6908.729279999999,24863.123988138115,0.0,0.0,0.0
7409.591359999999,26136.465139818494,0.0,0.0,0.0
7779.003839999998,27241.827632481527,0.0,0.0,0.0
7911.291919999999,28404.181998408367,0.0,0.0,0.0
7954.272479999999,28896.18967463105,0.0,0.0,0.0
7906.302399999998,28664.232849684417,0.0,0.0,0.0
7732.808479999999,27975.59676028929,0.0,0.0,0.0
7671.042959999999,27796.225680845884,0.0,0.0,0.0
7683.3118399999985,28403.517109759803,0.0,0.0,0.0
7783.779039999997,29204.48960962793,0.0,0.0,0.0
8055.871439999998,30197.406530995057,0.0,0.0,0.0
8478.25104,31456.57662312107,0.0,0.0,0.0
8831.973039999999,32431.094983974337,0.0,0.0,0.0
9060.900639999998,32766.427108205175,0.0,0.0,0.0
8992.29192,32458.484426810504,0.0,0.0,0.0
8691.067039999998,31751.340616078618,0.0,0.0,0.0
8272.4512,30776.335993377903,0.0,0.0,0.0
8068.362159999999,30089.793807040183,0.0,0.0,0.0
8034.571039999998,29644.050472303814,0.0,0.0,0.0
8114.260479999998,29478.364190567314,0.0,0.0,0.0
8243.533039999998,29655.611595819806,0.0,0.0,0.0
8399.027839999999,29916.62504707959,0.0,0.0,0.0
8534.132159999997,30216.142497688787,0.0,0.0,0.0
8621.72136,30393.58837716473,0.0,0.0,0.0
8833.431919999997,30845.226396337577,0.0,0.0,0.0
8987.700959999998,31213.22737774838,0.0,0.0,0.0
9070.153999999999,31286.0376466212,0.0,0.0,0.0
9065.581839999997,31039.92960954255,0.0,0.0,0.0
8830.59312,30407.799131563785,0.0,0.0,0.0
8346.034399999999,29322.591696292162,0.0,0.0,0.0
7909.629999999999,28327.61064300115,0.0,0.0,0.0
7494.7967199999985,27333.51280000449,0.0,0.0,0.0
7083.975359999999,26493.798131718828,0.0,0.0,0.0
6826.306319999999,26009.282857431404,0.0,0.0,0.0
6595.3107199999995,25919.661821832306,0.0,0.0,0.0
6697.849679999999,26493.60958120655,0.0,0.0,0.0
6796.463199999998,26770.600207454107,0.0,0.0,0.0
6577.0935199999985,26205.831880914455,0.0,0.0,0.0
6143.65576,25252.351787746946,0.0,0.0,0.0
5649.50152,23848.523757859017,0.0,0.0,0.0
5149.718559999999,22180.73493449306,0.0,0.0,0.0
4738.160239999998,20490.300202231396,0.0,0.0,0.0
4442.07904,18851.111514464657,0.0,0.0,0.0
4043.9927999999995,17368.737310646182,0.0,0.0,0.0
3691.466479999999,16067.321980058727,0.0,0.0,0.0
3469.2993599999995,14752.668418767118,0.0,0.0,0.0
3211.243039999999,13537.81762073761,0.0,0.0,0.0
3087.610479999999,12997.153988636028,0.0,0.0,0.0
3130.850479999999,13362.971753588869,0.0,0.0,0.0
3260.671999999999,13860.824495692174,0.0,0.0,0.0
3424.3899199999996,14190.390943731774,0.0,0.0,0.0
3557.531519999999,14116.737159409284,0.0,0.0,0.0
3529.0382399999994,13543.454288683606,0.0,0.0,0.0
3339.274799999999,12748.436015518997,0.0,0.0,0.0
3028.4619199999997,11619.742877889363,0.0,0.0,0.0
2679.6955999999996,10266.148673956764,0.0,0.0,0.0
2444.38352,9268.825624829033,0.0,0.0,0.0
2332.925839999999,8852.922889588453,0.0,0.0,0.0
2390.7283199999993,9150.06857322741,0.0,0.0,0.0
2582.7477599999997,10038.597976770732,0.0,0.0,0.0
2732.767999999999,10985.826131899552,0.0,0.0,0.0
2771.8343999999997,11626.391764374957,0.0,0.0,0.0
2791.9879999999994,11904.533541118526,0.0,0.0,0.0
2761.67864,11905.565607080469,0.0,0.0,0.0
2606.37184,11635.759747721822,0.0,0.0,0.0
2452.7307199999996,11245.301407927598,0.0,0.0,0.0
2377.8202399999996,10714.690495243784,0.0,0.0,0.0
2304.0227199999995,10111.150229153074,0.0,0.0,0.0
2198.1260799999995,9558.131576641696,0.0,0.0,0.0
2119.6210399999995,9209.938322731263,0.0,0.0,0.0
2090.1990399999995,9054.493310924807,0.0,0.0,0.0
2069.2031999999995,8991.120491377054,0.0,0.0,0.0
2132.9314399999994,9363.378744880865,0.0,0.0,0.0
2320.78104,10213.41407278596,0.0,0.0,0.0
2456.9531999999995,11055.897456488758,0.0,0.0,0.0
2636.1923999999995,12150.800357575943,0.0,0.0,0.0
2698.6384799999987,12517.461637978446,0.0,0.0,0.0
2580.172159999999,12452.03461021798,0.0,0.0,0.0
2404.34704,12036.161646110919,0.0,0.0,0.0
2221.8667199999995,11293.967287517668,0.0,0.0,0.0
1977.57576,10493.004711360716,0.0,0.0,0.0
1840.4297599999998,10168.082560149856,0.0,0.0,0.0
1961.3626399999996,10589.820437559885,0.0,0.0,0.0
2275.1196,11305.994825458767,0.0,0.0,0.0
2541.8765599999997,11685.983649965978,0.0,0.0,0.0
2698.6159199999997,11821.789637362,0.0,0.0,0.0
2807.580719999999,11850.737102852261,0.0,0.0,0.0
2860.220719999999,11928.251210820863,0.0,0.0,0.0
2917.5757599999993,11883.167790964077,0.0,0.0,0.0
2894.83528,11954.549045428059,0.0,0.0,0.0
2813.5139999999997,11720.815876181545,0.0,0.0,0.0
2605.950719999999,11456.716150747101,0.0,0.0,0.0
2501.2986399999995,11513.20191474112,0.0,0.0,0.0
2515.84608,11829.291963008433,0.0,0.0,0.0
2674.988079999999,12007.948535247424,0.0,0.0,0.0
2832.0244799999996,12192.489868211724,0.0,0.0,0.0
2987.1470399999994,12206.928867967752,0.0,0.0,0.0
3150.38368,12330.280597842255,0.0,0.0,0.0
3259.9951999999994,12603.926933424667,0.0,0.0,0.0
3527.271039999999,13488.288378275529,0.0,0.0,0.0
3827.8040799999994,14495.604604553995,0.0,0.0,0.0
3989.2321599999996,15171.716970449392,0.0,0.0,0.0
3885.2380799999987,15758.099139922804,0.0,0.0,0.0
3931.794399999999,16259.137393312489,0.0,0.0,0.0
4314.374399999999,17355.59831705376,0.0,0.0,0.0
4788.23968,19091.80120524311,0.0,0.0,0.0
5272.287039999998,20881.165414183688,0.0,0.0,0.0
5643.609599999999,22402.94667506827,0.0,0.0,0.0
5696.952719999999,23306.540272171485,0.0,0.0,0.0
5475.101439999998,23241.569735124962,0.0,0.0,0.0
5184.472239999999,23085.628537759883,0.0,0.0,0.0
5006.63176,21934.696363392613,0.0,0.0,0.0
4597.49112,19939.603698134386,0.0,0.0,0.0
4018.962479999999,17553.635897212695,0.0,0.0,0.0
3605.264719999999,15586.359394371058,0.0,0.0,0.0
3244.5077599999995,14030.609270142926,0.0,0.0,0.0
3131.2151999999996,13361.512968046505,0.0,0.0,0.0
3120.1232,13413.483443457028,0.0,0.0,0.0
3172.8383999999996,13776.125620834657,0.0,0.0,0.0
3318.0496000000003,14443.38603636416,0.0,0.0,0.0
3626.2304799999993,15638.151242980477,0.0,0.0,0.0
3997.902719999999,16826.962222893275,0.0,0.0,0.0
4116.109599999999,17452.066713361888,0.0,0.0,0.0
3946.7554399999995,17169.360029478954,0.0,0.0,0.0
3681.1151999999993,16715.062455711868,0.0,0.0,0.0
3713.5075999999995,16709.306703231803,0.0,0.0,0.0
3583.7913599999993,16650.74688360273,0.0,0.0,0.0
3742.910799999999,16862.63796455851,0.0,0.0,0.0
3819.953199999999,17521.88994517178,0.0,0.0,0.0
3902.267119999999,18230.432999178993,0.0,0.0,0.0
4232.60568,19393.859125912473,0.0,0.0,0.0
4627.762879999999,20438.538124755498,0.0,0.0,0.0
4759.5772,21016.504987154607,0.0,0.0,0.0
4911.575199999998,21477.1934309168,0.0,0.0,0.0
5079.320079999999,22444.388092924743,0.0,0.0,0.0
5391.708399999999,24155.880940294508,0.0,0.0,0.0
5707.401759999999,26016.65617483258,0.0,0.0,0.0
6185.106,27652.09369977611,0.0,0.0,0.0
6829.810639999999,28901.5187075307,0.0,0.0,0.0
7346.2466399999985,29358.96209773948,0.0,0.0,0.0
8188.358799999998,30425.00684673695,0.0,0.0,0.0
9114.766399999999,32222.04208441389,0.0,0.0,0.0
10050.675519999999,33831.608494330634,0.0,0.0,0.0
10991.209439999999,35250.699192001906,0.0,0.0,0.0
11656.797119999997,36123.59875044851,0.0,0.0,0.0
12106.624719999996,36545.42594125909,0.0,0.0,0.0
12533.83216,36506.74331510858,0.0,0.0,0.0
12497.818879999999,36123.132336023395,0.0,0.0,0.0
11895.997039999997,35504.438562972246,0.0,0.0,0.0
10922.878959999998,34360.770545183266,0.0,0.0,0.0
9942.007759999999,32598.57745743306,0.0,0.0,0.0
9275.89368,30596.925219089793,0.0,0.0,0.0
8962.59544,29317.838238640525,0.0,0.0,0.0
8610.433839999998,29054.373630721122,0.0,0.0,0.0
8195.378719999999,29180.920795593178,0.0,0.0,0.0
7716.162959999998,28780.90592193981,0.0,0.0,0.0
7184.547839999998,27757.066716559093,0.0,0.0,0.0
6708.486719999999,26536.78764851821,0.0,0.0,0.0
6363.45032,25473.839097406562,0.0,0.0,0.0
6009.784719999998,24360.388780137928,0.0,0.0,0.0
5689.5831199999975,23287.893618878312,0.0,0.0,0.0
5463.892879999999,22359.699141778397,0.0,0.0,0.0
5303.803359999998,21771.828415629112,0.0,0.0,0.0
5296.794719999999,21584.796231160504,0.0,0.0,0.0
5342.53512,21388.673927257863,0.0,0.0,0.0
5378.898079999999,21058.11510810101,0.0,0.0,0.0
5445.352319999998,20800.77342997506,0.0,0.0,0.0
5238.244,20099.047965543366,0.0,0.0,0.0
4977.322559999999,19123.189903681814,0.0,0.0,0.0
4785.84456,18288.188998203103,0.0,0.0,0.0
4552.389919999999,17440.85291973693,0.0,0.0,0.0
4313.983359999999,16485.70564309244,0.0,0.0,0.0
3990.3827199999996,15354.938449827747,0.0,0.0,0.0
3616.984639999999,14550.621659294478,0.0,0.0,0.0
3276.768559999999,14074.124743634455,0.0,0.0,0.0
3154.185039999999,13845.641217598204,0.0,0.0,0.0
3054.2893599999993,13417.423156792522,0.0,0.0,0.0
2929.7543999999994,12612.95751059167,0.0,0.0,0.0
2818.123759999999,11640.691832174565,0.0,0.0,0.0
2530.363439999999,10373.999566979779,0.0,0.0,0.0
2193.3884799999996,9137.346375504232,0.0,0.0,0.0
1902.7367199999997,8150.224901461858,0.0,0.0,0.0
1657.8328799999997,7382.040343307762,0.0,0.0,0.0
1465.8171999999997,6743.1716654428565,0.0,0.0,0.0
1338.57128,6195.362961297056,0.0,0.0,0.0
1266.3679999999997,5737.869952532416,0.0,0.0,0.0
1276.1928799999998,5433.827289628553,0.0,0.0,0.0
1389.2410399999997,5480.75651976343,0.0,0.0,0.0
1574.6616799999995,5855.843030951411,0.0,0.0,0.0
1778.2243199999996,6376.728706686148,0.0,0.0,0.0
1927.6956,6875.335650838565,0.0,0.0,0.0
1991.1606399999994,7296.617037534655,0.0,0.0,0.0
1966.8823199999997,7602.386426182537,0.0,0.0,0.0
1926.4848800000002,7745.337485622781,0.0,0.0,0.0
1942.7919999999995,7893.875594453159,0.0,0.0,0.0
1978.4856799999995,8089.382628263098,0.0,0.0,0.0
2029.2456799999995,8345.424300225452,0.0,0.0,0.0
2101.982879999999,9001.411379862962,0.0,0.0,0.0
2295.9161599999998,10445.777769890665,0.0,0.0,0.0
2671.3183200000003,12696.207523617992,0.0,0.0,0.0
3308.506719999999,15243.723418717243,0.0,0.0,0.0
4039.5221599999995,17656.06844393551,0.0,0.0,0.0
4600.578079999999,19650.674847346283,0.0,0.0,0.0
4974.464959999999,21113.360408198463,0.0,0.0,0.0
5231.712879999999,21881.99153335532,0.0,0.0,0.0
5141.954159999999,21831.291292974885,0.0,0.0,0.0
5078.823759999999,21254.16794602544,0.0,0.0,0.0
5020.72424,20389.40583074032,0.0,0.0,0.0
4989.5952,19797.793865478983,0.0,0.0,0.0
5156.6482399999995,19961.545023536844,0.0,0.0,0.0
5498.195359999999,20529.47901394053,0.0,0.0,0.0
5732.529839999998,21109.84741444339,0.0,0.0,0.0
6015.928559999999,22127.74231683177,0.0,0.0,0.0
6101.818239999999,22891.282578157126,0.0,0.0,0.0
6026.2836,23153.218934555956,0.0,0.0,0.0
5789.956319999998,22798.25770962586,0.0,0.0,0.0
5669.858159999998,22673.35788080844,0.0,0.0,0.0
5749.562639999998,23077.292620374956,0.0,0.0,0.0
5943.958399999999,23702.407034554733,0.0,0.0,0.0
5965.950639999998,23798.885354574042,0.0,0.0,0.0
6030.287999999999,23813.274735774205,0.0,0.0,0.0
5908.670799999999,23603.467634164652,0.0,0.0,0.0
5956.4039999999995,23216.42305101378,0.0,0.0,0.0
5925.425359999999,22547.088579849216,0.0,0.0,0.0
5812.456159999998,21738.891618247493,0.0,0.0,0.0
5505.467199999999,20412.716628284586,0.0,0.0,0.0
5147.026399999998,18852.560376295845,0.0,0.0,0.0
4973.130159999999,17668.215066410685,0.0,0.0,0.0
4628.402079999999,16105.270251582468,0.0,0.0,0.0
3921.2475999999997,13997.999955230003,0.0,0.0,0.0
3117.3257599999993,11550.1975099923,0.0,0.0,0.0
2409.2124799999997,9000.041907721155,0.0,0.0,0.0
1820.2122399999996,6812.637643650543,0.0,0.0,0.0
1492.5131999999996,5729.613424836875,0.0,0.0,0.0
1348.3773599999997,5475.516800264337,0.0,0.0,0.0
1249.6096799999998,5446.122767771313,0.0,0.0,0.0
1291.2742399999997,5895.16077461696,0.0,0.0,0.0
1339.4172799999997,6927.454981916673,0.0,0.0,0.0
1438.1247999999994,8453.136261292053,0.0,0.0,0.0
1607.2947199999996,9792.440321136215,0.0,0.0,0.0
2024.1358399999995,11091.80144351096,0.0,0.0,0.0
2482.4497599999995,12191.338717715713,0.0,0.0,0.0
3281.6979199999996,14216.172745357995,0.0,0.0,0.0
4104.607759999999,16688.933324194608,0.0,0.0,0.0
4544.5578399999995,18766.730198364665,0.0,0.0,0.0
4973.5625599999985,20074.42723812433,0.0,0.0,0.0
5375.822399999998,21421.392402993682,0.0,0.0,0.0
6194.2653599999985,23011.518262723454,0.0,0.0,0.0
7386.636559999998,25144.838300903793,0.0,0.0,0.0
7882.309839999997,26658.095093891174,0.0,0.0,0.0
8493.26096,27794.121854077308,0.0,0.0,0.0
9287.534639999998,28209.697106849195,0.0,0.0,0.0
9497.101999999999,28189.472583479586,0.0,0.0,0.0
9266.463599999997,28127.399770095428,0.0,0.0,0.0
8965.810239999997,27677.309849865498,0.0,0.0,0.0
8849.626239999998,27501.421993043645,0.0,0.0,0.0
8587.151919999998,27295.19735116737,0.0,0.0,0.0
8312.728319999998,26821.528693191514,0.0,0.0,0.0
7922.000399999997,25642.5818821842,0.0,0.0,0.0
7558.472319999998,24565.640898319292,0.0,0.0,0.0
7222.959999999998,23641.36628713253,0.0,0.0,0.0
6948.280719999999,23263.640068772656,0.0,0.0,0.0
6819.229999999999,22850.13887163583,0.0,0.0,0.0
6605.661999999999,21957.808686713423,0.0,0.0,0.0
6315.574239999999,21097.97865588105,0.0,0.0,0.0
6076.287839999999,20624.290150482848,0.0,0.0,0.0
5949.459279999998,20351.10030561437,0.0,0.0,0.0
5803.296799999998,20002.113154810133,0.0,0.0,0.0
5683.127199999998,19877.441571349682,0.0,0.0,0.0
5467.5776799999985,19828.706225781407,0.0,0.0,0.0
5478.504239999999,20229.31652210512,0.0,0.0,0.0
5773.543919999999,21173.815656661493,0.0,0.0,0.0
6102.998879999999,22148.423330915317,0.0,0.0,0.0
6261.2347199999995,22570.87571552976,0.0,0.0,0.0
6234.4184,22707.44582868607,0.0,0.0,0.0
6074.434159999999,23083.316313056683,0.0,0.0,0.0
5998.117439999999,23447.21880175322,0.0,0.0,0.0
6010.326159999999,24131.835788123477,0.0,0.0,0.0
6029.7728799999995,24529.320115427843,0.0,0.0,0.0
6169.445599999999,25129.516090853413,0.0,0.0,0.0
6229.252159999998,25684.727883533928,0.0,0.0,0.0
6382.235279999999,26582.932905470454,0.0,0.0,0.0
6581.037759999999,27281.462934904594,0.0,0.0,0.0
6825.482879999999,27657.08532649589,0.0,0.0,0.0
6984.128559999998,27593.801820348683,0.0,0.0,0.0
7021.611999999998,27573.22004337687,0.0,0.0,0.0
7244.346879999998,27623.434021909845,0.0,0.0,0.0
7419.754639999999,27826.9197195025,0.0,0.0,0.0
7636.623919999998,28178.645814590356,0.0,0.0,0.0
7856.448559999997,28811.193088438362,0.0,0.0,0.0
8075.773119999999,29462.48625269127,0.0,0.0,0.0
8229.722559999998,30373.770725953193,0.0,0.0,0.0
8443.3056,31227.130497101087,0.0,0.0,0.0
8957.519439999998,32297.04549345585,0.0,0.0,0.0
9555.803119999999,33244.74998672094,0.0,0.0,0.0
9944.530719999999,33953.91823453202,0.0,0.0,0.0
10205.155119999998,34389.32106222662,0.0,0.0,0.0
10305.746399999996,35029.04317925237,0.0,0.0,0.0
10621.842079999999,35857.03794464328,0.0,0.0,0.0
11212.444079999997,37434.33244582697,0.0,0.0,0.0
11950.904319999998,39197.24996449277,0.0,0.0,0.0
12677.306239999996,40460.27045655372,0.0,0.0,0.0
13163.842719999997,41292.62173114937,0.0,0.0,0.0
13811.694479999996,42183.72137588637,0.0,0.0,0.0
14467.919759999999,43174.98103748769,0.0,0.0,0.0
15212.332079999996,44160.30631980784,0.0,0.0,0.0
15796.673679999998,45112.30778001064,0.0,0.0,0.0
16272.539279999995,45900.05197288578,0.0,0.0,0.0
16625.419039999997,46565.50627298189,0.0,0.0,0.0
16786.369599999998,46896.40249831861,0.0,0.0,0.0
16759.417919999996,46798.51501131281,0.0,0.0,0.0
16554.62576,46043.18165912713,0.0,0.0,0.0
16033.151359999994,44582.80832297815,0.0,0.0,0.0
15271.976959999998,42455.96846819346,0.0,0.0,0.0
14221.617199999997,40047.146360441446,0.0,0.0,0.0
13205.007199999996,37905.95681930128,0.0,0.0,0.0
12144.822559999997,35871.05022481888,0.0,0.0,0.0
11109.389999999996,33950.43501191047,0.0,0.0,0.0
10253.982479999999,32647.183794756093,0.0,0.0,0.0
9419.356479999997,31683.670829593164,0.0,0.0,0.0
9470.665439999999,31959.89733008043,0.0,0.0,0.0
9635.91744,31920.301722502052,0.0,0.0,0.0
9643.535199999998,32241.95897273715,0.0,0.0,0.0
9636.57168,32382.756586852953,0.0,0.0,0.0
9786.738559999998,32718.03909252793,0.0,0.0,0.0
9940.274399999998,33131.192959773725,0.0,0.0,0.0
10367.211119999998,33817.377892509234,0.0,0.0,0.0
10727.19728,33660.54356113863,0.0,0.0,0.0
10465.448639999997,32975.599092299686,0.0,0.0,0.0
10169.224559999999,32036.270211264196,0.0,0.0,0.0
9743.603839999998,31378.209075991625,0.0,0.0,0.0
9171.745439999999,31634.588154133846,0.0,0.0,0.0
8726.756959999997,32626.879881697107,0.0,0.0,0.0
8670.056159999998,33080.64157506088,0.0,0.0,0.0
8954.61672,32939.97296919031,0.0,0.0,0.0
9458.313839999997,33300.680022889304,0.0,0.0,0.0
9975.535679999999,33617.147172181176,0.0,0.0,0.0
10281.043199999998,34529.414092849176,0.0,0.0,0.0
10218.597119999999,34836.41402168245,0.0,0.0,0.0
10475.536719999996,35199.03635163774,0.0,0.0,0.0
10335.792559999996,35417.31830258863,0.0,0.0,0.0
10118.720239999997,34954.297786700896,0.0,0.0,0.0
10328.938079999998,35446.69248765931,0.0,0.0,0.0
10857.767039999999,36081.79015527866,0.0,0.0,0.0
11073.230079999996,35489.2453611671,0.0,0.0,0.0
10781.514239999999,34032.18654454974,0.0,0.0,0.0
10185.65576,32236.02459345599,0.0,0.0,0.0
9298.280719999999,29723.648559618647,0.0,0.0,0.0
8100.115359999998,26847.06240203842,0.0,0.0,0.0
7102.327919999999,24366.978124356487,0.0,0.0,0.0
6377.565359999999,22321.33407438541,0.0,0.0,0.0
5794.325439999999,20804.33604228599,0.0,0.0,0.0
5213.491919999999,20519.525531634485,0.0,0.0,0.0
4895.328239999999,22403.542097738624,0.0,0.0,0.0
5154.271919999999,24446.010560134488,0.0,0.0,0.0
5862.915359999999,26833.38752804268,0.0,0.0,0.0
6924.220479999999,29578.19672496293,0.0,0.0,0.0
8395.267839999999,32943.70428459118,0.0,0.0,0.0
9928.39656,35985.1133610359,0.0,0.0,0.0
11590.421839999997,38777.75484580773,0.0,0.0,0.0
13079.814239999998,41796.23022573273,0.0,0.0,0.0
14304.228159999997,44165.80405579742,0.0,0.0,0.0
15386.239599999995,45265.1825506234,0.0,0.0,0.0
16179.663519999996,46171.81280334541,0.0,0.0,0.0
16703.679679999997,46792.302768118796,0.0,0.0,0.0
16670.775919999996,46654.20440344192,0.0,0.0,0.0
16332.650399999997,46165.93796633129,0.0,0.0,0.0
15607.508079999998,45506.82491767442,0.0,0.0,0.0
14556.166959999997,44540.6722453396,0.0,0.0,0.0
13735.783839999998,43432.67004550469,0.0,0.0,0.0
12845.652719999996,42384.021562192655,0.0,0.0,0.0
12319.598639999997,41782.862986783344,0.0,0.0,0.0
12485.147679999998,41461.166041703545,0.0,0.0,0.0
12539.419519999998,41228.24661677319,0.0,0.0,0.0
12559.19712,41545.73590831583,0.0,0.0,0.0
12751.182719999995,41801.73788543349,0.0,0.0,0.0
13014.472959999997,41565.20622963632,0.0,0.0,0.0
13057.126399999997,41309.85921745604,0.0,0.0,0.0
12616.33032,41008.57534625814,0.0,0.0,0.0
12442.550639999998,40800.872071417165,0.0,0.0,0.0
12398.370639999997,40792.496459187554,0.0,0.0,0.0
12107.421839999997,40040.84480384689,0.0,0.0,0.0
11836.713119999999,39279.487758979485,0.0,0.0,0.0
11621.554639999997,38630.060252427014,0.0,0.0,0.0
11417.277599999998,37920.068336588614,0.0,0.0,0.0
11234.695759999999,37281.30881954661,0.0,0.0,0.0
11044.150239999999,37248.034615985125,0.0,0.0,0.0
10988.991039999997,37448.34472600258,0.0,0.0,0.0
10757.232159999998,37483.8418408667,0.0,0.0,0.0
10601.308719999999,37863.46348806053,0.0,0.0,0.0
10747.162879999998,38731.55997029962,0.0,0.0,0.0
11279.586399999998,39604.2809019451,0.0,0.0,0.0
11960.496079999997,39986.91935733538,0.0,0.0,0.0
12344.65152,40200.68601970277,0.0,0.0,0.0
12841.163279999997,40395.92511331105,0.0,0.0,0.0
13389.93904,40513.12414225859,0.0,0.0,0.0
13623.765919999998,41062.66949585958,0.0,0.0,0.0
13297.679919999999,41787.18972485456,0.0,0.0,0.0
13179.52192,42275.93250010148,0.0,0.0,0.0
13196.329119999999,42029.13972695194,0.0,0.0,0.0
12711.548559999997,40701.77389164832,0.0,0.0,0.0
11905.686559999998,38866.71099275825,0.0,0.0,0.0
11094.966639999999,36939.823994388804,0.0,0.0,0.0
10227.015759999998,34479.45813080668,0.0,0.0,0.0
9039.46864,31403.663395149157,0.0,0.0,0.0
7981.231679999999,28523.762718037306,0.0,0.0,0.0
6994.39712,25621.66269903252,0.0,0.0,0.0
5903.929439999999,22173.034134623176,0.0,0.0,0.0
4759.723839999999,18192.514498788772,0.0,0.0,0.0
3558.0015199999984,14192.88179523608,0.0,0.0,0.0
2552.88208,11287.834434013046,0.0,0.0,0.0
2125.96792,10574.974565645785,0.0,0.0,0.0
2161.60144,12127.370475497606,0.0,0.0,0.0
2492.1656,14167.387781233858,0.0,0.0,0.0
2935.5786399999993,17216.725902905422,0.0,0.0,0.0
3698.508959999999,20530.15382630026,0.0,0.0,0.0
4652.270559999999,23191.048121545628,0.0,0.0,0.0
5607.882079999999,25669.584300284652,0.0,0.0,0.0
6924.634079999999,28343.78629221237,0.0,0.0,0.0
8182.545839999999,30809.074316536065,0.0,0.0,0.0
9580.021279999999,33089.20573780277,0.0,0.0,0.0
10938.576959999999,35369.60509927113,0.0,0.0,0.0
12482.02312,37584.20033195445,0.0,0.0,0.0
13552.371039999998,39433.990018224555,0.0,0.0,0.0
14487.373999999996,41170.26237239211,0.0,0.0,0.0
15096.196959999997,42460.21581657531,0.0,0.0,0.0
15391.759279999997,43425.118101302396,0.0,0.0,0.0
15795.105759999999,44056.93102052363,0.0,0.0,0.0
15963.076239999999,44108.0182856398,0.0,0.0,0.0
15952.337679999995,43641.7328687763,0.0,0.0,0.0
15411.051839999998,43219.49880580764,0.0,0.0,0.0
14354.266239999997,42032.186306281896,0.0,0.0,0.0
12782.458399999998,39860.3821161745,0.0,0.0,0.0
10989.340719999997,36913.774252560914,0.0,0.0,0.0
9351.841919999999,33610.78607331958,0.0,0.0,0.0
7895.672879999998,30155.54831726934,0.0,0.0,0.0
6998.924159999999,27471.978341994753,0.0,0.0,0.0
6156.507439999999,25776.05579745468,0.0,0.0,0.0
5578.80976,24415.802783325318,0.0,0.0,0.0
4979.16872,22901.563542931865,0.0,0.0,0.0
4298.059759999999,21095.517575510265,0.0,0.0,0.0
3846.0739199999994,19419.551614138145,0.0,0.0,0.0
3858.9819999999986,18649.302924060157,0.0,0.0,0.0
3962.0887199999993,18758.10649335574,0.0,0.0,0.0
3822.5663999999983,18887.620847868384,0.0,0.0,0.0
3786.11696,18950.656261236272,0.0,0.0,0.0
3708.5556799999995,18668.505305179002,0.0,0.0,0.0
3495.374959999999,17925.2094146456,0.0,0.0,0.0
3224.1360799999993,16799.850643969934,0.0,0.0,0.0
3006.3343199999995,15688.583543159257,0.0,0.0,0.0
2849.2715999999996,14953.137308163326,0.0,0.0,0.0
2755.6024799999996,14377.889542625486,0.0,0.0,0.0
2682.06816,13825.138830315767,0.0,0.0,0.0
2691.55088,13572.014729438135,0.0,0.0,0.0
2794.6989599999997,13441.766020298726,0.0,0.0,0.0
2934.078399999999,13323.118129520002,0.0,0.0,0.0
3091.38928,13252.99718637493,0.0,0.0,0.0
3300.5430399999996,13254.99185232061,0.0,0.0,0.0
3415.8058399999995,12985.791339343485,0.0,0.0,0.0
3494.092799999999,12546.647272536848,0.0,0.0,0.0
3597.259679999999,12511.656266942517,0.0,0.0,0.0
3779.8377599999985,13063.732166892507,0.0,0.0,0.0
4015.055839999999,14162.81295038332,0.0,0.0,0.0
4333.524079999999,15187.465900080193,0.0,0.0,0.0
4638.2796,16048.57608965382,0.0,0.0,0.0
4773.2786399999995,16774.029147499023,0.0,0.0,0.0
4973.3294399999995,17805.330983681477,0.0,0.0,0.0
5169.537519999999,18822.21366753026,0.0,0.0,0.0
5317.760479999999,19727.970633669087,0.0,0.0,0.0
5504.042159999998,20783.54586737955,0.0,0.0,0.0
5637.649999999999,21948.381161099525,0.0,0.0,0.0
5648.982639999999,23481.326597053197,0.0,0.0,0.0
5644.267599999999,25085.990693650718,0.0,0.0,0.0
6036.495759999999,26973.629414332823,0.0,0.0,0.0
6290.589039999999,28521.52988302349,0.0,0.0,0.0
7086.524639999999,30094.60680695885,0.0,0.0,0.0
7989.770639999998,31559.78321931534,0.0,0.0,0.0
8653.264,32796.14862316688,0.0,0.0,0.0
9303.277759999997,33787.011336321295,0.0,0.0,0.0
9834.2236,34584.48076614552,0.0,0.0,0.0
10188.701360000001,35292.03144903549,0.0,0.0,0.0
10535.553839999997,35941.726895789616,0.0,0.0,0.0
10862.982159999998,36405.86879103985,0.0,0.0,0.0
10953.192079999997,36492.08599370676,0.0,0.0,0.0
10748.260799999996,35847.9974437651,0.0,0.0,0.0
10260.85952,34456.54428170931,0.0,0.0,0.0
9709.933039999998,32818.05025372465,0.0,0.0,0.0
9041.149359999998,30949.038338913375,0.0,0.0,0.0
8508.436319999999,29605.407540997992,0.0,0.0,0.0
8285.829279999998,29239.579852333984,0.0,0.0,0.0
8311.611599999998,29521.790350658284,0.0,0.0,0.0
8192.381999999998,29580.052458952192,0.0,0.0,0.0
7964.507199999999,29105.391429859083,0.0,0.0,0.0
7254.668079999998,27729.79635825699,0.0,0.0,0.0
6299.819839999998,25824.14610179675,0.0,0.0,0.0
5390.693199999998,23653.681612697634,0.0,0.0,0.0
4559.127839999999,21590.095492926637,0.0,0.0,0.0
3895.8412799999987,19652.15348031099,0.0,0.0,0.0
3373.975839999999,18049.81153212784,0.0,0.0,0.0
3101.6578399999994,17004.69588999322,0.0,0.0,0.0
3063.5464799999995,16848.37759160359,0.0,0.0,0.0
3307.6343999999995,17538.05567067183,0.0,0.0,0.0
3682.2807999999995,18458.856982948208,0.0,0.0,0.0
4070.098479999999,19298.740354323807,0.0,0.0,0.0
4336.6223199999995,19786.232741962995,0.0,0.0,0.0
4565.689039999998,19618.918971594198,0.0,0.0,0.0
4697.853039999999,18785.2478434126,0.0,0.0,0.0
4819.876319999999,18072.199424533064,0.0,0.0,0.0
4777.110079999999,17526.732716223978,0.0,0.0,0.0
4811.623119999998,17281.220101815674,0.0,0.0,0.0
4969.306239999998,17454.190387552804,0.0,0.0,0.0
5163.38992,17850.305242715374,0.0,0.0,0.0
5383.128079999998,18556.029962749588,0.0,0.0,0.0
5652.862959999998,19703.488838206467,0.0,0.0,0.0
6125.039999999998,21248.91830281518,0.0,0.0,0.0
6778.155759999998,23098.876692175196,0.0,0.0,0.0
7392.761599999999,24836.419281372848,0.0,0.0,0.0
8085.925119999998,26367.340280247317,0.0,0.0,0.0
8916.47152,27770.02708335041,0.0,0.0,0.0
9771.284959999997,29535.246903008236,0.0,0.0,0.0
10779.953839999996,31938.104860345564,0.0,0.0,0.0
11464.450559999997,34413.157816463034,0.0,0.0,0.0
11990.463279999998,37033.821386614974,0.0,0.0,0.0
12342.824159999996,38981.885584626594,0.0,0.0,0.0
12709.860319999998,40145.976600008624,0.0,0.0,0.0
12347.373759999999,39544.798177176985,0.0,0.0,0.0
11210.639279999998,36841.440321824375,0.0,0.0,0.0
9109.47984,31872.3900449611,0.0,0.0,0.0
7416.671439999998,27089.697140206696,0.0,0.0,0.0
6993.942159999998,24675.486457287992,0.0,0.0,0.0
7629.74312,26527.310504348447,0.0,0.0,0.0
8724.940879999998,29829.62387123005,0.0,0.0,0.0
10513.253279999999,32965.4074409255,0.0,0.0,0.0
11582.958239999996,33318.24499166468,0.0,0.0,0.0
12387.338799999998,33302.505985745054,0.0,0.0,0.0
12961.344159999997,33450.349434793345,0.0,0.0,0.0
13038.160959999997,34218.94086510552,0.0,0.0,0.0
13037.803759999999,35171.79576446916,0.0,0.0,0.0
13611.827919999996,35824.09122355049,0.0,0.0,0.0
14340.136159999998,36684.97316776715,0.0,0.0,0.0
14518.367679999998,36597.11855275678,0.0,0.0,0.0
14081.211279999998,36273.53610255421,0.0,0.0,0.0
13136.943679999997,36477.77600219597,0.0,0.0,0.0
12185.787759999996,37283.978297852016,0.0,0.0,0.0
11510.23232,37551.501703640984,0.0,0.0,0.0
11061.935039999997,36881.095471669796,0.0,0.0,0.0
10603.463199999998,35390.64336695688,0.0,0.0,0.0
9895.131839999996,33172.11834464922,0.0,0.0,0.0
8806.514079999999,30915.44657659438,0.0,0.0,0.0
8032.957999999999,29215.06828573784,0.0,0.0,0.0
7812.821279999999,27549.54206851922,0.0,0.0,0.0
7126.2678399999995,25100.499159384948,0.0,0.0,0.0
6463.127919999999,23480.115904290145,0.0,0.0,0.0
6262.140879999998,23577.973620162433,0.0,0.0,0.0
6868.41832,24641.964160947195,0.0,0.0,0.0
7516.213679999998,25820.583489485813,0.0,0.0,0.0
7684.150319999999,26612.694115276863,0.0,0.0,0.0
7797.224799999997,26950.02090545338,0.0,0.0,0.0
7777.9547999999995,27018.19680120864,0.0,0.0,0.0
7764.433839999998,27377.415298231746,0.0,0.0,0.0
7701.32976,27729.02230878553,0.0,0.0,0.0
7877.564719999998,28455.904381039567,0.0,0.0,0.0
7857.76456,28563.933900863696,0.0,0.0,0.0
7613.247999999999,27724.090224332784,0.0,0.0,0.0
7168.071519999999,26515.282966407343,0.0,0.0,0.0
6832.183199999999,25732.619713652533,0.0,0.0,0.0
6498.607279999998,24809.734422029927,0.0,0.0,0.0
6028.780239999999,23179.387760917904,0.0,0.0,0.0
5333.334399999999,20765.226696555066,0.0,0.0,0.0
4486.304159999999,17741.59098682034,0.0,0.0,0.0
3528.8276799999994,14144.126602245457,0.0,0.0,0.0
2818.762959999999,11352.090463855156,0.0,0.0,0.0
2314.1295999999998,9373.99711583547,0.0,0.0,0.0
1883.22232,7891.533598616439,0.0,0.0,0.0
1651.3919999999996,6837.992725696347,0.0,0.0,0.0
1616.0743199999995,6250.171618102921,0.0,0.0,0.0
1799.4683199999995,6342.184268094583,0.0,0.0,0.0
2066.9772799999996,7002.954576517254,0.0,0.0,0.0
2392.0292799999993,8013.486085215617,0.0,0.0,0.0
2648.7508,9050.21619140945,0.0,0.0,0.0
2764.6452799999997,9678.049702450504,0.0,0.0,0.0
2585.6467199999997,9808.63581776978,0.0,0.0,0.0
2340.45336,9102.921021446737,0.0,0.0,0.0
2166.7563999999998,8490.95552457055,0.0,0.0,0.0
2193.4975199999994,8542.36034844424,0.0,0.0,0.0
2534.1422399999988,9377.3811013453,0.0,0.0,0.0
3170.6500799999994,10800.381741218549,0.0,0.0,0.0
4010.923599999999,12816.98901229881,0.0,0.0,0.0
4854.49464,14997.595534216242,0.0,0.0,0.0
5563.863759999999,16770.982568169056,0.0,0.0,0.0
6086.954959999999,18034.13206847525,0.0,0.0,0.0
6320.785599999999,19286.107470001178,0.0,0.0,0.0
6825.791199999999,19829.867299988593,0.0,0.0,0.0
6803.513199999999,19683.452865349136,0.0,0.0,0.0
6439.537679999998,20240.381460062486,0.0,0.0,0.0
6896.475439999999,22653.748627531528,0.0,0.0,0.0
8109.079199999998,25329.290320467542,0.0,0.0,0.0
10008.202559999996,27252.783409615986,0.0,0.0,0.0
10732.228159999999,28603.52950844208,0.0,0.0,0.0
10168.660559999995,30557.141060999136,0.0,0.0,0.0
9081.851359999999,30993.44694641043,0.0,0.0,0.0
8326.832079999996,31101.119212632348,0.0,0.0,0.0
7857.9112,30146.82537514869,0.0,0.0,0.0
7339.617759999999,27914.575860289435,0.0,0.0,0.0
7371.8672799999995,26839.173051656264,0.0,0.0,0.0
7684.612799999999,27657.50212236513,0.0,0.0,0.0
7903.3996799999995,28507.467984292023,0.0,0.0,0.0
8205.67736,28806.38008851969,0.0,0.0,0.0
8233.941279999997,27333.721197939118,0.0,0.0,0.0
7983.942639999998,25269.192325606724,0.0,0.0,0.0
7522.673359999999,23824.53814795502,0.0,0.0,0.0
7035.3698399999985,22543.585509805318,0.0,0.0,0.0
6318.375439999999,19824.92529182467,0.0,0.0,0.0
5076.199279999999,16400.510582676303,0.0,0.0,0.0
4181.984799999999,13795.655484422192,0.0,0.0,0.0
3588.1604799999986,12638.947710152515,0.0,0.0,0.0
3540.588959999999,13009.84641522569,0.0,0.0,0.0
3627.35096,13785.622612426765,0.0,0.0,0.0
3535.7122399999994,14716.982753390712,0.0,0.0,0.0
3345.275759999999,15250.679940249185,0.0,0.0,0.0
3166.423839999999,15838.699522066066,0.0,0.0,0.0
3001.886239999999,16393.3952817656,0.0,0.0,0.0
3160.5958399999995,17213.103748327452,0.0,0.0,0.0
3615.4279999999994,18166.355596137993,0.0,0.0,0.0
4221.667839999999,19902.86611937369,0.0,0.0,0.0
5177.474879999998,22732.19556435035,0.0,0.0,0.0
6454.352079999998,25592.37782736239,0.0,0.0,0.0
7413.930399999998,27847.342717095562,0.0,0.0,0.0
8098.355679999999,29231.442409172512,0.0,0.0,0.0
8492.005119999998,29721.495114294208,0.0,0.0,0.0
8563.629359999997,29685.065170579866,0.0,0.0,0.0
8169.776879999997,28626.502899806474,0.0,0.0,0.0
7642.252639999999,27664.240322251277,0.0,0.0,0.0
7236.928399999998,27047.441978034076,0.0,0.0,0.0
7017.709119999999,26926.908582132568,0.0,0.0,0.0
7241.72992,27119.547663413654,0.0,0.0,0.0
7021.675919999998,27040.048813210546,0.0,0.0,0.0
6788.168639999999,25873.060074166126,0.0,0.0,0.0
6596.653039999999,24743.36464170807,0.0,0.0,0.0
6408.480079999998,24000.94203775785,0.0,0.0,0.0
6164.677919999998,23349.559560104393,0.0,0.0,0.0
5786.718959999998,22627.490487769024,0.0,0.0,0.0
5495.976959999999,22201.028923840877,0.0,0.0,0.0
5263.913519999999,22151.98594322625,0.0,0.0,0.0
5026.977119999999,21566.2686624014,0.0,0.0,0.0
4907.081999999999,21041.85014548924,0.0,0.0,0.0
4667.400799999999,19802.646560242352,0.0,0.0,0.0
4562.233599999999,19504.62759002021,0.0,0.0,0.0
4700.515119999999,19430.557009828473,0.0,0.0,0.0
5106.095039999998,20299.397770405503,0.0,0.0,0.0
5536.419519999999,21966.075138120137,0.0,0.0,0.0
6230.853919999998,24133.59228500101,0.0,0.0,0.0
6706.475119999998,26303.570512252667,0.0,0.0,0.0
7027.737039999999,27133.36146936581,0.0,0.0,0.0
6915.264159999999,27155.3623370353,0.0,0.0,0.0
7235.601119999998,26745.86039550099,0.0,0.0,0.0
7101.63232,26123.405535915455,0.0,0.0,0.0
7040.994799999999,26194.27075739846,0.0,0.0,0.0
7515.213519999999,27312.49437974108,0.0,0.0,0.0
7862.09232,28783.515857978182,0.0,0.0,0.0
8100.792159999999,29458.08012493066,0.0,0.0,0.0
7997.286879999998,29169.33982465484,0.0,0.0,0.0
7430.715039999999,28393.414771786174,0.0,0.0,0.0
7211.585999999999,27690.200750678603,0.0,0.0,0.0
6614.411519999999,26743.955042955873,0.0,0.0,0.0
5686.10512,24634.193895099106,0.0,0.0,0.0
4961.955439999999,22635.71724433105,0.0,0.0,0.0
4594.396639999999,21438.45126249926,0.0,0.0,0.0
4468.744959999999,20699.36302550301,0.0,0.0,0.0
4509.755279999999,20207.176722479217,0.0,0.0,0.0
4541.076079999999,19965.65343996227,0.0,0.0,0.0
4669.852319999999,19968.273299711822,0.0,0.0,0.0
4905.79984,19753.276097159032,0.0,0.0,0.0
5063.48672,19203.105549754167,0.0,0.0,0.0
5002.578479999999,18518.061843803498,0.0,0.0,0.0
4619.7728799999995,17598.828477892377,0.0,0.0,0.0
4176.37864,16422.025188498334,0.0,0.0,0.0
3693.0494399999993,15057.405741453062,0.0,0.0,0.0
3180.6516799999995,13870.450495529523,0.0,0.0,0.0
2822.3424799999993,13098.455232285176,0.0,0.0,0.0
2533.1495999999997,12761.108594686313,0.0,0.0,0.0
2435.2203999999992,12646.370646109564,0.0,0.0,0.0
2445.38368,12816.403513339632,0.0,0.0,0.0
2467.8158399999993,12926.715486733434,0.0,0.0,0.0
2542.0908799999993,13356.80912895073,0.0,0.0,0.0
2805.9263199999996,14366.864299512812,0.0,0.0,0.0
3192.9280799999997,15469.527542736909,0.0,0.0,0.0
3399.378399999999,16079.190738621068,0.0,0.0,0.0
3600.0007199999986,16556.95788931118,0.0,0.0,0.0
3479.6882399999995,16110.39088654749,0.0,0.0,0.0
3416.9601599999996,15518.411743972772,0.0,0.0,0.0
3250.9937599999994,14456.634190779483,0.0,0.0,0.0
3221.1694399999997,13628.232553230499,0.0,0.0,0.0
3194.462159999999,13105.590380618223,0.0,0.0,0.0
3227.68176,12781.79953248103,0.0,0.0,0.0
3224.549679999999,12851.166273576991,0.0,0.0,0.0
3078.1503199999997,12656.185196459193,0.0,0.0,0.0
2974.4983999999995,12422.094773610468,0.0,0.0,0.0
3014.102479999999,12383.144207258303,0.0,0.0,0.0
3131.5836799999993,12407.794705810857,0.0,0.0,0.0
3279.0057599999996,12599.76889844338,0.0,0.0,0.0
3519.055439999999,12762.190279204122,0.0,0.0,0.0
3765.647519999999,12865.506036221292,0.0,0.0,0.0
3970.913439999999,13007.30594516552,0.0,0.0,0.0
4081.8371999999995,13216.021438546099,0.0,0.0,0.0
4064.3118399999994,13551.432952466319,0.0,0.0,0.0
3931.1852799999992,14220.211695805214,0.0,0.0,0.0
4138.962879999999,15214.071369733736,0.0,0.0,0.0
4456.404639999999,15999.45371934982,0.0,0.0,0.0
4627.21768,16270.708440539656,0.0,0.0,0.0
4589.640239999999,15975.11085584361,0.0,0.0,0.0
4455.678959999998,15469.73594067153,0.0,0.0,0.0
4252.966079999999,14734.607264433118,0.0,0.0,0.0
4137.37616,14018.105394065542,0.0,0.0,0.0
3875.9170399999994,13016.87240273584,0.0,0.0,0.0
3687.593679999999,12085.264168992579,0.0,0.0,0.0
3556.8208799999998,11251.55334596629,0.0,0.0,0.0
3311.5147199999997,10250.469210304173,0.0,0.0,0.0
3093.6866399999994,9144.421981570244,0.0,0.0,0.0
2981.424319999999,8425.965140101678,0.0,0.0,0.0
2923.806079999999,8008.27613685004,0.0,0.0,0.0
2780.3921599999994,7949.78578319917,0.0,0.0,0.0
2603.055519999999,8591.532337304108,0.0,0.0,0.0
2536.0071999999996,9461.950967957571,0.0,0.0,0.0
2577.0062399999993,10087.382940894875,0.0,0.0,0.0
2650.4540799999995,10522.200269630292,0.0,0.0,0.0
2742.547759999999,11037.379811440824,0.0,0.0,0.0
2897.963599999999,11363.234791501902,0.0,0.0,0.0
2971.1294399999997,11460.487160992661,0.0,0.0,0.0
3042.4791999999993,11424.50378428108,0.0,0.0,0.0
3154.4519999999993,11230.336451479428,0.0,0.0,0.0
3313.1954399999995,11070.326532533612,0.0,0.0,0.0
3579.2041599999993,11211.709645608596,0.0,0.0,0.0
3872.6796799999993,11575.195338435891,0.0,0.0,0.0
4063.619999999999,12133.404091890501,0.0,0.0,0.0
4180.1799999999985,12634.72020919302,0.0,0.0,0.0
4281.523279999999,13129.427134854634,0.0,0.0,0.0
4344.078399999999,13594.789646579085,0.0,0.0,0.0
4412.100559999999,14063.337669589917,0.0,0.0,0.0
4482.593039999999,15019.338385395247,0.0,0.0,0.0
4678.6431999999995,16062.578446118257,0.0,0.0,0.0
4827.31736,16674.71264608438,0.0,0.0,0.0
4840.827039999998,16931.965010809778,0.0,0.0,0.0
4674.337999999999,16609.345160590947,0.0,0.0,0.0
4518.959759999999,15805.534479327478,0.0,0.0,0.0
4500.0319199999985,15264.642601868927,0.0,0.0,0.0
4608.718479999999,15186.433834118248,0.0,0.0,0.0
4790.894239999999,15473.566493184126,0.0,0.0,0.0
4775.45944,15397.30277282326,0.0,0.0,0.0
4574.085119999999,14973.937406780939,0.0,0.0,0.0
4358.569439999998,14262.169146642658,0.0,0.0,0.0
3904.688559999999,12987.011955817705,0.0,0.0,0.0
3359.150159999999,11107.639686542312,0.0,0.0,0.0
2700.0672799999998,8956.308112583833,0.0,0.0,0.0
2134.7663199999997,7089.459566808167,0.0,0.0,0.0
1803.9727999999996,5646.720665412762,0.0,0.0,0.0
1529.3611999999996,4705.297881319872,0.0,0.0,179.43079645369235
1358.9655199999997,4129.057744664782,0.0,0.0,882.0547223051227
1215.4199999999998,3655.1608413319577,0.0,0.0,1455.2655477611313
1111.9936799999998,3220.492368264128,0.0,0.0,1874.4648518182369
987.9023999999997,2770.4818377235742,0.0,0.0,2172.8372051751358
855.9564799999999,2428.8680043205254,0.0,0.0,2259.876369909182
748.5182399999998,2336.0515337238858,0.0,0.0,2159.7817431328335
686.7376799999998,2379.1105165014783,0.0,0.0,1804.2348953568567
675.7847999999998,2592.1924427979648,0.0,0.0,1539.3056265697169
701.5332799999998,2917.6306269897955,0.0,0.0,1022.3797850121456
792.2019199999999,3369.109866783884,0.0,0.0,387.7490392682602
871.2483999999998,3682.331962522334,0.0,0.0,0.0
952.3779199999997,3984.0326295894815,0.0,0.0,0.0
1071.7278399999998,4465.928044127363,0.0,0.0,0.0
1245.29696,5129.288441166063,0.0,0.0,0.0
1454.00328,5888.154634529155,0.0,0.0,0.0
1655.8287999999998,6590.366360808297,0.0,0.0,0.0
1732.9727199999998,7305.4888353228935,0.0,0.0,0.0
1822.0019999999997,8081.562743859148,0.0,0.0,0.0
2004.8921599999996,9018.619095036125,0.0,0.0,0.0
2259.5607199999995,10121.659439284778,0.0,0.0,0.0
2680.4964799999993,11431.033586232603,0.0,0.0,0.0
3188.22432,12906.014625227546,0.0,0.0,0.0
3617.1387999999993,14049.791803839418,0.0,0.0,0.0
3954.7379199999987,14920.974560253166,0.0,0.0,0.0
4308.944959999999,15419.105166269303,0.0,0.0,0.0
4537.5228799999995,15535.728619968833,0.0,0.0,0.0
4613.832079999999,15513.559049209409,0.0,0.0,0.0
4650.480799999999,15486.636020798343,0.0,0.0,0.0
4720.255119999998,15852.443862040009,0.0,0.0,0.0
4676.484959999999,16165.735423756672,0.0,0.0,0.0
4516.154799999998,16002.25220590047,0.0,0.0,0.0
4252.879599999998,15503.367397835222,0.0,0.0,0.0
4036.499119999999,14581.21646083938,0.0,0.0,0.0
3749.2614399999998,13543.374898994223,0.0,0.0,0.0
3345.2795199999987,12133.523176424573,0.0,0.0,0.0
2835.671679999999,10309.108419622631,0.0,0.0,0.0
2342.0024799999997,8621.402707933412,0.0,0.0,0.0
1903.6654399999998,7290.7521242316925,0.0,0.0,0.0
1550.3307199999995,6160.749056727284,0.0,0.0,0.0
1248.7072799999996,5186.488712364505,0.0,0.0,320.95427983475827
988.92512,4375.781051836134,0.0,0.0,1258.0089439516025
834.7763999999999,3892.258148665958,0.0,0.0,1696.1042917004975
793.5743199999998,3709.106135265811,0.0,0.0,1695.998470609112
793.4615199999998,3636.3256375265023,0.0,0.0,1676.8192826083373
789.6300799999998,3566.929125297025,0.0,0.0,1760.9350947517248
772.1122399999999,3457.0736426171584,0.0,0.0,2000.4816641504985
744.3408799999999,3308.912634811339,0.0,0.0,2491.5683121413167
791.5025599999998,3344.707461010641,0.0,0.0,2726.681546030238
897.7902399999998,3534.101488738308,0.0,0.0,2437.606335290395
959.0030399999998,3763.964410627537,0.0,0.0,2132.6133163547242
936.8303199999999,3943.4942694497113,0.0,0.0,1873.5886197047785
896.6020799999999,4158.2632266455275,0.0,0.0,1429.6419925377816
905.3027199999998,4601.734031523387,0.0,0.0,581.3696539057338
974.1107199999998,5262.931059526477,0.0,0.0,0.0
1133.5121599999998,6180.874342985167,0.0,0.0,0.0
1406.1685599999998,7358.58069009591,0.0,0.0,0.0
1724.0615199999995,8542.707678335277,0.0,0.0,0.0
2007.2759999999994,9434.630991099604,0.0,0.0,0.0
2253.5522399999995,10062.970611410457,0.0,0.0,0.0
2485.104319999999,10541.164481680988,0.0,0.0,0.0
2706.026879999999,11000.850630614754,0.0,0.0,0.0
2853.4677599999995,11389.939498267171,0.0,0.0,0.0
2877.2873599999994,11515.404978621422,0.0,0.0,0.0
2762.9720799999996,11206.370688997777,0.0,0.0,0.0
2432.47184,10233.727909556119,0.0,0.0,0.0
2036.8483999999999,9172.396923365595,0.0,0.0,0.0
1781.9429599999996,8600.900320650971,0.0,0.0,0.0
1727.5959199999993,8514.831973651651,0.0,0.0,0.0
1862.4295199999997,8810.280702680106,0.0,0.0,0.0
2078.1670399999994,9404.155274088776,0.0,0.0,0.0
2109.5705599999997,10013.91770708466,0.0,0.0,0.0
1989.1979199999996,10293.299947724798,0.0,0.0,0.0
1807.8944799999995,10297.626685796016,0.0,0.0,0.0
1664.4354399999995,10299.333564117693,0.0,0.0,0.0
1578.9631199999997,10304.27557228161,0.0,0.0,0.0
1504.7219199999997,10295.741180673236,0.0,0.0,0.0
1459.8350399999995,10531.04229628501,0.0,0.0,0.0
1334.8526399999998,10425.513551676366,0.0,0.0,0.0
1094.73904,10031.413209881825,0.0,0.0,0.0
1018.6516799999998,9764.832556654248,0.0,0.0,0.0
1060.71104,9745.610328113065,0.0,0.0,0.0
1063.0046399999999,9957.838815248713,0.0,0.0,0.0
1061.64728,9948.957093749303,0.0,0.0,0.0
1070.4343999999999,9958.870881210658,0.0,0.0,0.0
1140.7351199999998,10186.629976331309,0.0,0.0,0.0
1290.0973599999998,10652.607758148459,0.0,0.0,0.0
1542.0775199999996,11547.369252308128,0.0,0.0,0.0
1872.4235999999994,12810.4195155026,0.0,0.0,0.0
2061.7922399999998,14096.879813353054,0.0,0.0,0.0
2161.7931999999996,15115.380062122958,0.0,0.0,0.0
2423.9817599999997,15846.608719870566,0.0,0.0,0.0
2782.8775199999995,16233.226583441023,0.0,0.0,0.0
2960.8157599999995,16377.358564510798,0.0,0.0,0.0
3155.820639999999,16479.622408143678,0.0,0.0,0.0
3261.784959999999,16706.329589880046,0.0,0.0,0.0
3513.8365599999993,17319.52562694162,0.0,0.0,0.0
3879.022799999999,18247.749875175054,0.0,0.0,0.0
4392.69896,19500.439783905404,0.0,0.0,0.0
4772.782319999999,20558.64480107658,0.0,0.0,0.0
5010.399279999999,21453.33682925805,0.0,0.0,0.0
5125.541759999999,22028.147951504296,0.0,0.0,0.0
5132.738399999998,22397.47871021221,0.0,0.0,0.0
5570.902479999999,23259.01561936626,0.0,0.0,0.0
5705.412719999998,23825.61983247283,0.0,0.0,0.0
5654.171439999998,24051.979684318158,0.0,0.0,0.0
5744.253519999999,24268.8326208602,0.0,0.0,0.0
5929.587679999999,24140.93583126868,0.0,0.0,0.0
5946.315919999999,23701.45435828218,0.0,0.0,0.0
6306.159199999998,23857.197081423805,0.0,0.0,0.0
6711.239039999999,24371.136159337773,0.0,0.0,0.0
7006.6735199999985,25066.778388820705,0.0,0.0,0.0
7205.235359999998,25827.63924812947,0.0,0.0,0.0
7193.462799999999,26856.450232807627,0.0,0.0,0.0
7699.013599999999,28217.913939700044,0.0,0.0,0.0
8353.430319999998,29500.732235550182,0.0,0.0,0.0
8692.807919999997,30187.988929092335,0.0,0.0,0.0
8778.539679999996,30767.364958477938,0.0,0.0,0.0
9468.161279999998,32185.47320874313,0.0,0.0,0.0
9607.085759999998,32734.145275760948,0.0,0.0,0.0
9025.729599999999,32645.24867107745,0.0,0.0,0.0
9239.805199999999,32990.63351472606,0.0,0.0,0.0
9524.339439999998,33758.12341309808,0.0,0.0,0.0
9650.412239999998,33877.36672654716,0.0,0.0,0.0
10076.848879999998,34233.24093290513,0.0,0.0,0.0
10313.311519999997,34503.53305411123,0.0,0.0,0.0
10287.566799999999,34537.91871332403,0.0,0.0,0.0
10434.060159999999,34766.580866161385,0.0,0.0,0.0
10566.795679999997,35120.71842306416,0.0,0.0,0.0
10629.587679999999,35188.72561572949,0.0,0.0,0.0
10644.721679999999,35434.853500230485,0.0,0.0,0.0
10806.085839999998,35766.930647196736,0.0,0.0,0.0
10957.794319999997,35598.4756500431,0.0,0.0,0.0
10947.540799999997,35639.291874095696,0.0,0.0,0.0
10824.430879999998,35451.77342777964,0.0,0.0,0.0
10689.713839999999,35637.23766588299,0.0,0.0,0.0
10499.758639999998,35391.26856076075,0.0,0.0,0.0
10358.442799999997,34907.89451325816,0.0,0.0,0.0
10291.672719999997,34275.96250950285,0.0,0.0,0.0
10298.294079999998,33754.40202140839,0.0,0.0,0.0
10279.524159999997,33149.98846873449,0.0,0.0,0.0
9975.832719999997,31895.551986837774,0.0,0.0,0.0
9606.916559999998,31141.24077690287,0.0,0.0,0.0
9332.489199999998,30507.36372575774,0.0,0.0,0.0
9190.966559999997,30034.875989411423,0.0,0.0,0.0
8920.122479999996,30046.863832507832,0.0,0.0,0.0
9035.197279999998,31615.7132554837,0.0,0.0,0.0
9435.005599999999,33312.58847629634,0.0,0.0,0.0
9909.479999999998,35037.24016468087,0.0,0.0,0.0
10204.553519999996,36060.851124704626,0.0,0.0,0.0
10888.057599999996,37559.113190110314,0.0,0.0,0.0
11596.648399999996,39114.12895971168,0.0,0.0,0.0
12325.069439999997,40399.97398746944,0.0,0.0,0.0
13182.308079999997,41728.11387224452,0.0,0.0,0.0
13854.453199999998,42754.48362397423,0.0,0.0,0.0
14362.786399999997,43378.38734539096,0.0,0.0,0.0
14613.946879999996,43266.36849367548,0.0,0.0,0.0
14525.365039999995,42888.98960520665,0.0,0.0,0.0
13941.279119999997,41932.80033888904,0.0,0.0,0.0
13242.216159999998,40457.898689583475,0.0,0.0,0.0
12346.873679999999,38370.48573928724,0.0,0.0,0.0
11357.497359999998,35346.60193677321,0.0,0.0,0.0
10292.751839999997,32526.858796789213,0.0,0.0,0.0
9557.859839999997,30961.70099436952,0.0,0.0,0.0
8966.513359999997,29627.6565014468,0.0,0.0,0.0
8176.883279999998,27952.752377170138,0.0,0.0,0.0
7487.942239999999,26016.08059958458,0.0,0.0,0.0
6981.883839999999,24418.61119358714,0.0,0.0,0.0
6433.408879999999,22642.137885459677,0.0,0.0,0.0
6045.598719999998,20527.76221190768,0.0,0.0,0.0
5581.78392,18555.047515343504,0.0,0.0,0.0
5025.725039999998,16643.88959918251,0.0,0.0,0.0
4626.364159999999,15294.37404054182,0.0,0.0,0.0
4643.611279999999,15405.261589183629,0.0,0.0,0.0
5037.234399999999,16777.24442991892,0.0,0.0,0.0
5536.788,18604.745460895516,0.0,0.0,0.0
