Onshore turbines,Offshore trubines fixed,Utility scale PV,"Biogas, Basic plant, large",battery
14649.828559999996,6324.965384718856,0.0,0.0,993.0572517243338
15288.148719999996,6477.88522095514,0.0,0.0,6836.374977911245
15755.479119999996,6557.7265890935705,0.0,0.0,6836.374977911244
16188.540879999995,6650.015778279841,0.0,0.0,6836.374977911244
16636.5712,6746.321857758667,0.0,0.0,6836.374977911244
16923.891599999995,6780.917892760701,0.0,0.0,6836.374977911244
17051.246559999996,6777.447083952125,0.0,0.0,6836.374977911245
17195.235759999996,6775.681184088342,0.0,0.0,6836.374977911244
17369.398959999995,6811.067264250317,294.25486859440116,0.0,0.0
17553.894639999995,6853.514107080494,1408.2197282732054,0.0,0.0
17723.323999999993,6881.601134472166,2732.3666369480106,0.0,0.0
17858.744159999995,6890.651903171604,2963.566890843611,0.0,0.0
17907.522639999992,6892.504325036744,2543.20279285161,0.0,0.0
17882.247919999998,6888.232123920508,1134.9830645784043,0.0,0.0
17797.140319999995,6872.76879836632,105.09102449800041,0.0,0.0
17602.970159999997,6845.9682538473,0.0,0.0,6836.374977911244
17280.027519999996,6812.268643515076,0.0,0.0,6836.374977911244
16911.799439999995,6766.799204211226,0.0,0.0,0.0
16573.294159999998,6705.6153837099055,0.0,0.0,0.0
16370.885839999999,6639.892704120949,0.0,0.0,0.0
16219.203679999997,6593.43606296554,0.0,0.0,0.0
16213.300479999996,6619.283447076156,0.0,0.0,0.0
16260.50352,6650.651218552111,0.0,0.0,0.0
16286.725759999998,6658.4608929697715,0.0,0.0,0.0
16202.528079999996,6646.922262132924,0.0,0.0,0.0
15966.166959999997,6561.828582994021,0.0,0.0,0.0
15600.653599999994,6451.466224278174,0.0,0.0,0.0
15259.79832,6305.853951172982,0.0,0.0,0.0
14907.903679999996,6143.145781635519,0.0,0.0,0.0
14396.773039999996,5947.122386394815,0.0,0.0,0.0
13745.883199999998,5714.998040685831,0.0,0.0,0.0
12854.135279999997,5429.008784754341,0.0,0.0,0.0
11904.889439999997,5143.958505296605,1828.5838262652069,0.0,0.0
11070.639439999999,4927.297485141809,4855.205331807619,0.0,0.0
10273.135919999999,4754.901688239175,6599.716338474425,0.0,0.0
9768.882319999999,4693.011507792341,6809.898387470426,0.0,0.0
9292.091759999998,4649.604412586436,5569.824298394022,0.0,0.0
8901.53304,4597.970635284193,3257.8217594380126,0.0,0.0
8475.822079999998,4507.184943170701,609.5279420884024,0.0,0.0
7784.940879999999,4325.582354287494,0.0,0.0,0.0
6773.192559999998,4026.173677784716,0.0,0.0,0.0
5590.54472,3667.4818280235654,0.0,0.0,0.0
4664.23864,3325.599359214778,0.0,0.0,0.0
4052.4339999999993,3031.1422942979175,0.0,0.0,513.4924868526534
3693.5307199999993,2797.704516240451,0.0,0.0,724.6927293212121
3566.626959999999,2710.8179877619323,0.0,0.0,492.94793703427723
3686.014479999999,2781.7603553016684,0.0,0.0,0.0
3980.324719999999,2938.2304303805627,0.0,0.0,0.0
4236.064879999999,3045.4950177690985,0.0,0.0,0.0
4366.454159999999,3030.4075664831066,0.0,0.0,0.0
4432.17144,2974.915758956373,0.0,0.0,0.0
4406.453039999999,2862.323685713726,0.0,0.0,0.0
4320.435519999999,2733.0810915867823,0.0,0.0,0.0
4161.752239999999,2620.345760604181,0.0,0.0,476.13534340039666
3901.7143999999994,2482.689256443534,0.0,0.0,1881.8010585254563
3598.4440799999993,2303.427016777387,0.0,0.0,2912.474243033192
3270.01936,2083.451211095153,1303.128703775205,0.0,2094.8651389767015
2895.4406399999993,1907.1633425248715,2669.3120222492103,0.0,960.5579999865391
2520.3580799999995,1759.3695802706845,3299.8581692372127,0.0,440.37164921489125
2165.3651999999997,1640.3223983693408,3468.0038084340135,0.0,446.28479959256094
2037.4650399999996,1638.7720943122204,3068.657915341612,0.0,884.1499043435578
2264.0839999999994,1812.4515373005768,1849.602031164807,0.0,1603.9400418520004
2493.872639999999,1876.0381163314141,336.2912783936013,0.0,2836.1740309710854
2461.5253599999996,1781.2000740887443,0.0,0.0,3694.545539704911
2516.5191199999995,1746.9203408293806,0.0,0.0,4121.540087230895
2864.127359999999,1841.4676124117486,0.0,0.0,3665.3197435026964
3281.863359999999,1964.362895783328,0.0,0.0,2950.297649186999
3749.05088,2101.730047677139,0.0,0.0,2056.4554287098986
4195.073359999999,2195.3482715400064,0.0,0.0,1019.3096499026841
4734.595759999999,2324.9795054763285,0.0,0.0,0.0
5277.851839999999,2548.3637106546835,0.0,0.0,0.0
5770.889359999998,2805.444689378334,0.0,0.0,0.0
6291.653119999999,3068.756670593228,0.0,0.0,0.0
6986.572559999999,3393.190062996988,0.0,0.0,0.0
7760.884399999999,3727.081303024609,0.0,0.0,0.0
8045.467519999998,3965.836638181932,0.0,0.0,0.0
7884.483119999997,4069.4673015134304,0.0,0.0,0.0
7976.215839999998,4168.9520007470655,0.0,0.0,0.0
8186.031359999999,4234.790988600143,0.0,0.0,0.0
8177.672879999998,4232.3357495124255,0.0,0.0,0.0
8037.436159999998,4186.869146995506,210.18204899600082,0.0,0.0
7668.963679999998,4108.958212362785,1408.2197282732054,0.0,0.0
7845.646079999999,4164.818802190388,2648.2938173496104,0.0,0.0
8218.224479999997,4213.641323645228,2816.439456546411,0.0,0.0
8553.59016,4285.674435759462,1933.6748507632074,0.0,0.0
9011.862719999997,4394.94888668774,798.691786184803,0.0,0.0
9423.323279999997,4522.566001903924,63.05461469880024,0.0,0.0
9761.956399999997,4642.112458304909,0.0,0.0,0.0
9860.641359999998,4655.636839992596,0.0,0.0,0.0
10133.936959999999,4707.296148377208,0.0,0.0,0.0
10219.819119999996,4775.99319906203,0.0,0.0,0.0
10192.089119999997,4825.503641347339,0.0,0.0,0.0
9996.50896,4769.339515318249,0.0,0.0,0.0
9927.806239999998,4727.721014271566,0.0,0.0,0.0
9740.2048,4654.982960605284,0.0,0.0,0.0
9511.965279999999,4590.956679600332,0.0,0.0,0.0
9052.587279999998,4533.693298635956,0.0,0.0,0.0
8768.62832,4464.332439809567,0.0,0.0,0.0
8516.49776,4428.177590389624,0.0,0.0,0.0
8045.738239999998,4366.65902903059,0.0,0.0,0.0
7596.662639999997,4281.795129632998,0.0,0.0,0.0
6960.978239999998,4143.371274607848,0.0,0.0,0.0
6111.349839999999,3850.308490466971,0.0,0.0,0.0
5288.270799999998,3491.3145228977987,0.0,0.0,0.0
4339.431039999999,3100.1925249554965,483.41871269080184,0.0,0.0
3295.69264,2713.7852668904734,1870.6202360644072,0.0,0.0
2424.02688,2334.443026674048,3636.149447630814,0.0,0.0
1910.2303999999995,2070.8218356838083,4245.677389719217,0.0,0.0
1613.8634399999996,1947.7265588336809,3404.949193735213,0.0,0.0
1586.9907199999998,1904.7492368476362,1744.511006666807,0.0,1146.7770498733016
1828.9955999999995,1955.3248926250742,252.21845879520097,0.0,2405.4044064597892
2056.302639999999,2006.226778899437,0.0,0.0,2779.366665005652
2058.7955199999997,1963.8636212836884,0.0,0.0,3351.7791997375793
1822.1787199999994,1867.4497439015297,0.0,0.0,3703.494894601483
1493.5509599999996,1732.2711731240381,0.0,0.0,4043.9398197724954
1180.2865599999998,1605.8412532379634,0.0,0.0,4281.609820076595
928.5131999999999,1506.0274867204737,0.0,0.0,4317.853290089112
786.26864,1477.4128169598641,0.0,0.0,4105.586051734736
700.9579999999999,1421.5181856891031,0.0,0.0,3991.0285653089513
624.0772799999999,1344.9589800284189,0.0,0.0,3718.7461047999363
551.7574399999999,1280.9553933189045,0.0,0.0,3851.9271927627638
504.24607999999995,1231.8279172691146,0.0,0.0,3796.9322995159464
509.38223999999997,1238.6475530482862,0.0,0.0,3718.869154849348
510.81103999999993,1214.296574043124,0.0,0.0,3674.288440887255
529.11848,1223.8196677663684,0.0,0.0,3545.0461697824135
579.4911999999998,1265.3771778940622,0.0,0.0,4059.592482498382
641.8545599999998,1303.6681278721237,0.0,0.0,4728.80075016631
765.0810399999998,1388.7419495025185,0.0,0.0,5072.997236203871
960.2438399999996,1468.2797814394635,105.09102449800041,0.0,4718.40098710273
1128.6767999999997,1466.5819644619953,399.3458930924015,0.0,4133.111276339454
1260.1940799999998,1455.074538281375,777.673581285203,0.0,3386.665387559754
1400.8293599999997,1496.321420240259,924.8010155824035,0.0,2767.0696229958785
1657.7501599999998,1583.866083286485,777.673581285203,0.0,2441.4585499909826
2017.6423199999992,1677.362325311373,357.3094832932014,0.0,2353.821747610547
2472.3842399999994,1733.3477337638865,21.018204899600082,0.0,2219.275398064309
2834.596319999999,1677.637493643561,0.0,0.0,2195.3264185950625
2720.713439999999,1521.9149119206613,0.0,0.0,2915.4743669965383
2384.6258399999997,1406.138545349345,0.0,0.0,3345.496489813251
2393.25504,1447.6464117057674,0.0,0.0,3148.5597003396156
2633.8875199999998,1528.6253314030369,0.0,0.0,2621.686880136307
2807.0279999999993,1621.731515225081,0.0,0.0,2034.1293770514706
2863.8603999999996,1713.0916566918502,0.0,0.0,1501.3257351265606
2762.7803199999994,1710.2080627777375,0.0,0.0,1271.3344028753384
2610.9439999999995,1732.6144243425406,0.0,0.0,1005.3239672984516
2615.8846399999993,1748.219589243216,0.0,0.0,591.8300728485436
2649.68704,1706.8010816750812,0.0,0.0,434.20894814148147
2644.501999999999,1718.3567332335072,0.0,0.0,317.0762010534564
2661.8393599999995,1677.026166060195,0.0,0.0,258.2526826373933
2750.221919999999,1622.0251226723121,0.0,0.0,142.30747647017517
2834.314319999999,1612.350260848325,0.0,0.0,654.8628816234915
3041.0879999999993,1636.7735779201967,0.0,0.0,1185.6238296469196
3293.959279999999,1681.220355535863,0.0,0.0,1444.4719915231524
3435.4819199999993,1734.690952375134,168.14563919680066,0.0,1126.7647073311302
3479.594239999999,1825.5745136377016,735.6371714860029,0.0,369.83684289419637
3508.8207199999997,2069.647405894883,1324.1469086748052,0.0,0.0
3682.487599999999,2460.898477642491,1261.0922939760048,0.0,0.0
4349.113039999999,2980.8120205899045,798.691786184803,0.0,0.0
5587.487839999999,3505.6147658107793,273.23666369480105,0.0,0.0
7059.196959999999,3929.6534208926914,0.0,0.0,0.0
8033.563359999999,4288.932485548305,0.0,0.0,0.0
9340.798799999997,4740.758887000798,0.0,0.0,0.0
10711.822639999999,5134.5942716414265,0.0,0.0,0.0
11290.324959999996,5349.658180754762,0.0,0.0,0.0
11606.99216,5451.263378218401,0.0,0.0,0.0
11848.989519999997,5504.000665636327,0.0,0.0,0.0
11795.007199999998,5596.278507674878,0.0,0.0,0.0
11456.16352,5590.294305646525,0.0,0.0,0.0
11232.169039999995,5483.62828030017,0.0,0.0,0.0
10855.183919999998,5224.496304626294,0.0,0.0,0.0
9668.832479999997,4935.5695558290245,0.0,0.0,0.0
9032.065199999997,4977.088769333167,0.0,0.0,0.0
9472.902639999997,5091.482202276217,0.0,0.0,0.0
10288.973039999997,5015.247808718993,0.0,0.0,0.0
10518.396959999998,4779.232809735829,0.0,0.0,0.0
10161.28344,4799.956956651278,0.0,0.0,0.0
10064.993599999998,4994.169063437323,0.0,0.0,0.0
10291.4396,5152.619215793199,420.36409799200163,0.0,0.0
10369.707759999998,5273.623780676084,1576.365367470006,0.0,0.0
10528.511359999999,5358.25364515197,2606.25740755041,0.0,0.0
11367.156799999997,5419.333922930354,2816.439456546411,0.0,0.0
11966.967039999996,5433.812883419909,1933.6748507632074,0.0,0.0
12493.998719999998,5392.812801923916,840.7281959840033,0.0,0.0
12968.1084,5349.3276950774425,84.07281959840033,0.0,0.0
13340.765759999997,5341.329374328951,0.0,0.0,0.0
13542.072399999995,5304.8695703140575,0.0,0.0,0.0
13664.268639999998,5293.528096168829,0.0,0.0,0.0
13669.525119999998,5281.3157284361605,0.0,0.0,0.0
13576.002639999997,5262.1021705608155,0.0,0.0,0.0
13505.927519999997,5221.209886968154,0.0,0.0,0.0
13631.413759999998,5253.759180200356,0.0,0.0,0.0
13952.713279999996,5350.055330924929,0.0,0.0,0.0
14153.501039999997,5421.579239785268,0.0,0.0,0.0
14271.6064,5477.042679442704,0.0,0.0,0.0
14242.184399999996,5520.695156718035,0.0,0.0,0.0
14138.961119999996,5582.017979778914,0.0,0.0,0.0
13854.178719999998,5622.435101560838,0.0,0.0,0.0
13643.833039999998,5576.4819900854645,0.0,0.0,0.0
13516.489359999998,5494.181127678922,0.0,0.0,0.0
13400.782879999995,5414.514221936672,0.0,0.0,0.0
13260.211519999997,5305.546143996808,0.0,0.0,0.0
12943.815039999998,5155.770886072175,2122.8386948596085,0.0,0.0
12648.169999999996,5040.844137186325,5002.332766104819,0.0,0.0
12440.847359999998,4956.8270186872705,6578.698133574825,0.0,0.0
12176.481759999997,4887.321483727464,6767.861977671227,0.0,0.0
12066.110719999997,4792.811090375182,5548.8060934944215,0.0,0.0
11292.979519999997,4574.426722160551,3299.8581692372127,0.0,0.0
10133.230079999998,4311.483523246527,693.6007616868027,0.0,0.0
9210.804319999997,4076.278426931812,0.0,0.0,0.0
8375.43008,3812.6529807611782,0.0,0.0,0.0
7652.91224,3502.1240994936943,0.0,0.0,0.0
6835.864239999998,3163.8259109706746,0.0,0.0,0.0
5982.5247199999985,2849.3907741008957,0.0,0.0,0.0
4845.68496,2433.922052333825,0.0,0.0,165.08049654734828
4170.746159999999,2101.623668167272,0.0,0.0,674.7498237986396
3466.7763999999997,1850.119812547553,0.0,0.0,1244.5793621891776
2860.13424,1612.3105458313084,0.0,0.0,1693.3593268292843
2422.0904799999994,1468.9506815483546,0.0,0.0,2206.9919558878564
2101.253439999999,1358.7840611306622,0.0,0.0,2528.134490273339
1814.8617599999998,1256.6512212980838,0.0,0.0,2862.106160632052
1629.6967999999997,1160.8472531058264,0.0,0.0,3238.773879571652
1455.5711999999996,1086.825553353823,0.0,0.0,3790.483079342546
1308.0927199999996,1005.7374173597576,0.0,0.0,5133.362543695653
1170.2473599999998,906.7761053146643,0.0,0.0,6374.198815414656
1010.84592,794.3613312551273,0.0,380.2766694936084,6836.374977911244
998.2386399999997,718.83187924995,231.20025389560087,175.12493504312056,6836.374977911245
1059.91016,713.6660902508354,861.7464008836033,0.0,5975.377353128198
1120.8296799999998,772.6726767835562,1324.1469086748052,0.0,5058.378629619665
1219.6499999999996,884.4108771603422,1408.2197282732054,0.0,4496.796074713573
1398.1559999999997,973.5441408872409,966.8374253816037,0.0,4552.039808521053
1626.1736799999999,1061.5994255808262,399.3458930924015,0.0,4730.661390350899
1922.6835199999998,1178.3076766585725,21.018204899600082,0.0,4622.915246411716
2317.8444799999997,1308.574350867164,0.0,0.0,4325.919775903893
2614.9483999999993,1447.7045658378277,0.0,0.0,4269.126081144277
2892.2295999999997,1662.8010980008537,0.0,0.0,3690.4801565262933
3312.5148799999997,1842.256239178225,0.0,0.0,2880.0167738076425
3797.35184,2004.2537935897806,0.0,0.0,1925.3143686360208
4315.633999999999,2203.1934057942913,0.0,0.0,740.6854986337993
4991.794799999999,2540.6632525338177,0.0,0.0,0.0
5676.919439999999,2957.6624208495,0.0,0.0,0.0
6251.861039999999,3296.4059849204955,0.0,0.0,0.0
6895.328639999999,3601.559154956061,0.0,0.0,0.0
7484.88912,3865.960462351987,0.0,0.0,0.0
7963.097199999998,4162.183427132631,0.0,0.0,0.0
8411.92088,4370.565284632886,0.0,0.0,0.0
8987.136959999998,4545.465964394509,0.0,0.0,0.0
9299.544079999998,4626.993802362689,0.0,0.0,0.0
9280.435759999998,4723.0360606570475,0.0,0.0,0.0
9491.548479999996,4813.013268495553,0.0,0.0,0.0
9782.576239999999,4869.157537016134,462.40050779120173,0.0,0.0
9981.758479999999,4937.772320879992,1660.4381870684065,0.0,0.0
10114.50152,4915.723394468339,3089.6761202412117,0.0,0.0
10128.5564,4848.595086955683,3867.3497015264147,0.0,0.0
10139.659679999997,4794.609613288657,4140.5863652212165,0.0,0.0
10041.493599999998,4702.60835797576,2627.27561245001,0.0,0.0
9709.053199999995,4564.314995149379,546.4733273896021,0.0,0.0
9153.663599999998,4393.200007545536,0.0,0.0,6836.374977911244
8259.945439999998,4137.365796677521,0.0,0.0,6836.374977911244
7095.898319999999,3789.940246207959,0.0,0.0,0.0
6053.58872,3449.0024274467855,0.0,0.0,0.0
5467.032479999999,3182.213963849457,0.0,0.0,0.0
5197.271279999999,2954.149060236977,0.0,0.0,0.0
4945.33248,2693.1575707306365,0.0,0.0,0.0
4709.854959999999,2420.2685968408327,0.0,0.0,0.0
4556.98464,2205.7819738677076,0.0,0.0,0.0
4527.716799999999,2115.94944216262,0.0,0.0,0.0
4739.250639999998,2149.488774033314,0.0,0.0,0.0
5063.738639999999,2277.0619190520865,0.0,0.0,0.0
5218.951439999998,2429.339223048778,0.0,0.0,0.0
5233.5477599999995,2521.1844550805386,0.0,0.0,0.0
5358.748239999999,2633.2503043477136,0.0,0.0,0.0
5260.901759999999,2789.14025649947,0.0,0.0,0.0
5634.991679999998,3191.9640005270826,0.0,0.0,0.0
6225.6500799999985,3640.4046967788922,84.07281959840033,0.0,0.0
6343.056079999999,3924.5670619276098,231.20025389560087,0.0,0.0
7193.992959999998,4158.620422748837,420.36409799200163,0.0,0.0
7905.155599999997,4118.692646712298,630.5461469880024,0.0,0.0
8252.335199999998,4160.840208521384,672.5825567872026,0.0,0.0
8356.28416,4199.328315191064,315.2730734940012,0.0,0.0
7831.312959999998,4171.106540420228,21.018204899600082,0.0,0.0
7455.478399999998,4193.1824163077135,0.0,0.0,6836.374977911244
7647.5805599999985,4256.146320607466,0.0,0.0,6836.374977911244
7536.081519999999,4221.0467559253975,0.0,0.0,6836.374977911244
7287.631999999999,4018.4647093030603,0.0,0.0,0.0
6866.354079999998,3839.3060123598507,0.0,0.0,0.0
6261.309919999998,3691.4314016781645,0.0,0.0,0.0
5921.451039999999,3508.6175047759434,0.0,0.0,0.0
5847.003039999999,3354.791315115596,0.0,0.0,0.0
5896.65384,3214.5760291442944,0.0,0.0,0.0
5738.12472,3129.792978174201,0.0,0.0,0.0
5848.969519999999,3149.4973001883973,0.0,0.0,0.0
6223.833999999999,3183.8805761706967,0.0,0.0,0.0
6863.658159999998,3318.1386095894777,0.0,0.0,0.0
6977.853119999999,3611.1843730087758,0.0,0.0,0.0
7174.512399999999,4098.680533316221,0.0,0.0,5695.18064037115
7887.727999999999,4575.143010860318,0.0,0.0,6836.374977911244
9207.153359999997,4745.212642480539,0.0,0.0,6836.374977911244
10399.092159999998,4786.933267856694,42.036409799200165,0.0,0.0
12007.650239999997,5172.868200897911,336.2912783936013,0.0,0.0
12950.616879999998,5666.992513866767,693.6007616868027,0.0,0.0
13585.590639999997,5960.458121751672,714.6189665864028,0.0,0.0
14149.962879999997,6081.5350247012675,924.8010155824035,0.0,0.0
14486.836319999997,6160.155156066431,462.40050779120173,0.0,0.0
14653.60736,6228.006844246182,21.018204899600082,0.0,0.0
14647.237919999996,6263.936169105207,0.0,0.0,6836.374977911244
14538.224239999996,6247.532448683801,0.0,0.0,6836.374977911243
14555.159279999998,6203.950891081715,0.0,0.0,6836.374977911244
14594.729519999997,6196.6887165415,0.0,0.0,6836.374977911244
14292.745119999998,6199.265937467196,0.0,0.0,4667.838408835171
14131.914879999998,6204.109751149783,0.0,0.0,0.0
14360.383759999995,6208.200397902513,0.0,0.0,6836.374977911244
14437.294559999997,6168.832887284603,0.0,0.0,0.0
14128.406799999999,6116.047374488872,0.0,0.0,0.0
14109.084159999997,6189.740006957022,0.0,0.0,0.0
14709.830639999998,6335.875667250758,0.0,0.0,6836.374977911244
15062.778079999995,6475.933511547457,0.0,0.0,6836.374977911244
15023.079999999996,6519.227135276172,0.0,0.0,6836.374977911244
14668.654879999998,6488.21112537951,0.0,0.0,6836.374977911244
14414.241999999998,6429.20453884679,0.0,0.0,6836.374977911244
14229.122159999995,6361.242215976779,0.0,0.0,6836.374977911244
13995.032079999997,6303.367507429035,0.0,0.0,6836.374977911244
13729.722719999998,6243.8588096097465,1471.2743429720058,0.0,0.0
13746.582559999995,6243.765195641064,3678.185857430014,0.0,0.0
14035.361839999998,6289.081448450706,5233.53302000042,0.0,0.0
14504.967039999998,6326.95255396316,5969.1701914864225,0.0,0.0
14915.671839999999,6392.672396765186,5170.47840530162,0.0,0.0
15176.367679999996,6467.162166360604,3131.712530040412,0.0,0.0
15244.089039999997,6496.505890362164,672.5825567872026,0.0,0.0
15066.432799999999,6459.5539038149545,0.0,0.0,6836.374977911244
14664.755759999996,6356.048059108366,0.0,0.0,6836.374977911244
14280.649199999996,6212.096724750555,0.0,0.0,6836.374977911245
13837.773839999998,5997.533508530327,0.0,0.0,6836.374977911244
13160.657999999998,5708.950010951559,0.0,0.0,629.4479660386148
12141.446079999996,5393.275198193469,0.0,0.0,0.0
11207.672639999997,5180.21547904602,0.0,0.0,0.0
10392.497119999996,4978.620634275243,0.0,0.0,0.0
9559.57816,4807.731171232318,0.0,0.0,0.0
8821.994,4668.765489903581,0.0,0.0,0.0
8255.267999999998,4466.330956201592,0.0,0.0,0.0
7682.307919999998,4158.603402027259,0.0,0.0,0.0
7124.459279999998,3835.5997502361024,0.0,0.0,0.0
6842.079519999999,3594.060108707209,0.0,0.0,0.0
6127.029039999999,3400.8848475439945,0.0,0.0,0.0
5240.64664,3411.9029279792285,0.0,0.0,0.0
5048.446719999999,3639.4416076162347,0.0,0.0,0.0
5551.54976,3906.4882188241736,42.036409799200165,0.0,0.0
7069.040639999998,4170.852647990014,147.12743429720058,0.0,0.0
8983.640159999999,4310.509086936149,168.14563919680066,0.0,0.0
10174.67656,4557.8215898671315,336.2912783936013,0.0,0.0
12065.956559999997,4917.066613079587,735.6371714860029,0.0,0.0
12795.411599999998,5122.101062002711,777.673581285203,0.0,0.0
12872.694639999996,5163.579142096372,168.14563919680066,0.0,0.0
12584.483119999997,5063.966787450897,0.0,0.0,6836.374977911245
12247.365279999998,4931.676065767912,0.0,0.0,6836.374977911244
11597.276319999997,4971.203854847354,0.0,0.0,6836.374977911244
10579.102159999999,4856.986302693948,0.0,0.0,6836.374977911244
9615.865359999996,4502.122696894525,0.0,0.0,6836.374977911244
8753.971839999998,4214.915040976696,0.0,0.0,6836.374977911245
8025.761359999998,4054.8535936447097,0.0,0.0,827.4636319095719
7502.455839999999,3944.2756391222006,0.0,0.0,0.0
7194.43664,3858.742258009183,0.0,0.0,0.0
6942.223359999999,3753.5144836362224,0.0,0.0,0.0
7049.751839999999,3699.2978118344213,0.0,0.0,0.0
7283.345599999998,3716.7780928956763,0.0,0.0,0.0
7546.5982399999975,3778.3207669436147,0.0,0.0,0.0
7645.937439999999,3843.474670753151,0.0,0.0,0.0
7866.378719999999,3905.3563408391947,0.0,0.0,0.0
8284.983279999997,4009.5231569004195,0.0,0.0,0.0
9099.083439999999,4224.370051813626,0.0,0.0,6836.374977911244
10021.817519999997,4533.178421808202,42.036409799200165,0.0,0.0
10789.940399999998,4861.468426042988,126.10922939760049,0.0,0.0
11421.947519999998,5202.967928616256,168.14563919680066,0.0,0.0
11966.064639999999,5438.354579294475,210.18204899600082,0.0,0.0
12241.086079999997,5493.564126521696,231.20025389560087,0.0,0.0
12816.997759999998,5630.70575385459,168.14563919680066,0.0,0.0
13196.306559999997,5725.6615227548455,21.018204899600082,0.0,0.0
13537.154319999996,5648.065471471328,0.0,0.0,0.0
13809.047439999998,5569.202794823669,0.0,0.0,0.0
13816.108719999997,5462.993492173009,0.0,0.0,0.0
13378.313119999999,5251.601803740266,0.0,0.0,0.0
12569.157359999997,5158.309810374321,0.0,0.0,0.0
11793.221199999998,5036.381871345794,0.0,0.0,0.0
11251.307439999997,4840.972640475385,0.0,0.0,0.0
10720.038239999998,4621.708868312524,0.0,0.0,0.0
10060.169519999998,4295.091149972839,0.0,0.0,0.0
9231.431679999998,3922.204018415111,0.0,0.0,0.0
8384.521759999998,3689.983221950516,0.0,0.0,0.0
7420.841279999999,3603.7363889246603,0.0,0.0,0.0
6820.87688,3710.591060601843,0.0,0.0,0.0
6461.789359999999,3804.0121277730927,0.0,0.0,0.0
6273.244159999998,3731.1067036779546,0.0,0.0,0.0
6191.249839999998,3620.772712831406,0.0,0.0,0.0
6376.5088,3594.614700551979,0.0,0.0,0.0
6726.658799999999,3634.9793417757037,273.23666369480105,0.0,0.0
6845.783119999998,3705.9472403978066,840.7281959840033,0.0,0.0
6699.47024,3726.2004806829145,1429.2379331728057,0.0,0.0
6477.073759999998,3790.7331281548304,1744.511006666807,0.0,0.0
5986.262159999998,3870.4000338970804,1366.1833184740053,0.0,0.0
5865.231519999999,3919.3785786330563,819.7099910844032,0.0,0.0
6133.725599999999,3933.9568266651554,168.14563919680066,0.0,0.0
6960.718799999999,3927.0676896062037,0.0,0.0,0.0
7436.3024,3764.4091638400123,0.0,0.0,0.0
7447.368079999998,3614.9459524776544,0.0,0.0,0.0
6869.155279999997,3362.985374162242,0.0,0.0,0.0
6401.62936,2983.620439650378,0.0,0.0,0.0
6214.990479999999,2941.1622496724817,0.0,0.0,0.0
5996.162239999999,3101.9726087539275,0.0,0.0,0.0
5699.370399999998,3163.868462774621,0.0,0.0,0.0
5332.198879999999,3137.6026525918624,0.0,0.0,0.0
4961.18088,3082.993085800288,0.0,0.0,0.0
4629.6165599999995,3010.9429529644763,0.0,0.0,0.0
4339.97624,2869.4894094983297,0.0,0.0,0.0
3837.16648,2583.1171873313197,0.0,0.0,0.0
3418.1182399999993,2280.2802538239125,0.0,0.0,999.0624083048376
3314.0000799999993,2120.0400889153516,0.0,0.0,2388.0026847088175
3372.945599999999,2069.4034422189225,0.0,0.0,3437.603781265536
3459.6887999999994,2056.2364956843858,84.07281959840033,0.0,3859.3252192240566
3352.1039199999996,2011.9627620714361,3341.894579036413,0.0,711.9620215214269
3066.2123199999987,1918.2835472895779,6074.261215984423,0.0,0.0
2835.9988,1849.0007001037582,7377.389919759628,0.0,0.0
2803.2491999999993,1830.507686108575,7209.244280562829,0.0,0.0
2909.2247999999995,1818.930758648176,5864.079166988423,0.0,0.0
3111.5729599999995,1789.3090295274974,3720.222267229214,0.0,0.0
3415.1628799999994,1733.7377919667304,1029.892040080404,1409.52,63.717246153311685
3639.717599999999,1661.1968949920677,0.0,1409.5200000000002,1221.053976803419
3673.96368,1597.5961320265817,0.0,1409.52,1918.1150293971077
3601.109919999999,1536.2562882441227,0.0,1409.52,2056.49418378521
3478.270719999999,1464.9522303708413,0.0,1409.52,2097.0351060219596
3346.328559999999,1397.1118893388104,0.0,1409.52,2065.416853586566
3224.508319999999,1345.5873283333633,0.0,1409.52,1809.6828754127648
3150.9401599999997,1320.8647302404008,0.0,1409.52,1374.1798612075688
3083.1435999999994,1322.1554682934468,0.0,1409.52,1034.990220978802
2991.008559999999,1350.676524085374,0.0,1409.52,672.9024212011437
2843.9511999999995,1360.9088145410612,0.0,1409.52,635.361113755697
2667.1409599999997,1356.7515032954807,0.0,1409.52,723.4852903695129
2492.38744,1335.2713526632474,0.0,1409.52,920.0485410066074
2305.8575999999994,1267.3288873017452,0.0,1409.52,1266.863463744241
2111.514479999999,1186.0435946160608,0.0,1409.52,1837.893014488607
1988.8632799999996,1138.664997708475,0.0,1409.52,3149.189452148384
1989.3332799999998,1140.6635141004992,0.0,1409.52,4194.902965715967
2136.059759999999,1202.9139664874142,0.0,1409.52,4572.323748143148
2365.08888,1326.324126686747,504.43691759040195,1409.5200000000002,3617.534772520698
2438.06672,1460.9523607998628,1029.892040080404,1409.52,2448.64470990529
2533.0555999999992,1573.1799069220344,1408.2197282732054,1409.52,1384.6914928495432
2553.1189599999993,1627.5979905958493,1639.4199821688064,1409.52,660.4702198248282
2495.560879999999,1584.2504679154692,1513.3107527712057,1409.52,633.3090110779672
2464.033279999999,1487.801130696689,945.8192204820036,1409.5200000000002,1155.031423740489
2397.1391199999994,1389.2369688217636,231.20025389560087,1409.52,1986.936281163651
2407.2986399999995,1323.535565134781,0.0,1409.52,2502.264560813265
2457.69392,1294.486866973917,0.0,1409.52,3132.472739497854
2537.9360799999995,1303.3433157686648,0.0,1409.52,3047.724600325111
2731.7227199999993,1337.9960865092935,0.0,1409.52,2677.459217035289
2853.9791199999995,1368.0617727844813,0.0,1409.52,2312.074454532388
2896.4332799999993,1370.1808526210211,0.0,1409.52,1923.3586876389375
2924.3588,1371.7694533016931,0.0,1409.52,1468.2933438777686
2957.7964799999995,1380.1365563510553,0.0,1409.5199999999998,1060.5699928604574
2927.68264,1383.3165944993295,0.0,1409.52,668.5094320300595
2810.4345599999992,1339.769078340401,0.0,1409.52,641.1232581435175
2658.507999999999,1267.6352602901609,0.0,1409.52,726.513957757223
2490.4773599999994,1186.586839313112,0.0,1409.52,898.7081949362658
2250.48032,1064.3085570987582,0.0,1409.52,1208.6092911840296
1952.26344,931.4306205213118,0.0,1409.52,1614.5615496515595
1702.4415199999996,818.6257882589315,0.0,1409.52,2702.3240480492923
1509.8505599999996,727.91243421215,0.0,1409.52,3868.0735391385942
1368.0459199999996,661.5472223836008,42.036409799200165,1409.52,4661.236528866538
1261.4047999999998,628.2972427797441,1765.529211566407,1409.5200000000002,3142.308100173212
1179.7413599999998,621.7882351693825,3993.4589309240155,1409.52,693.7494981334299
1124.9167999999997,646.9476984495296,5653.897117992422,1409.52,0.0
1125.8379999999997,688.9732784206357,5864.079166988423,1409.52,0.0
1174.24048,741.96587666224,5023.350971004419,67.20348942758127,0.0
1284.3595999999998,807.6899746446607,3236.8035545384123,1409.52,173.79830654122156
1473.4199199999998,875.3913131171325,903.7828106828034,1409.52,2251.433016919081
1648.7750399999995,927.2080631763464,0.0,1409.5199999999998,3188.0830272603007
1841.0087999999996,993.5832037591497,0.0,1409.52,3644.1340296728326
2079.6071199999997,1089.7332599568392,0.0,1409.52,3348.2568564591625
2373.4999999999995,1213.9916194481737,0.0,1409.52,2804.6225561690453
2726.2067999999995,1370.9155804358318,0.0,1409.52,2120.04964713202
3100.1801599999994,1564.40856173518,0.0,1409.52,1258.893932792058
3516.5550399999997,1806.9921408542305,0.0,1409.52,202.89498393627596
3959.2612,2057.3754656366896,0.0,1409.52,0.0
4454.13736,2330.4828721200865,0.0,1409.52,0.0
4825.21176,2607.60716889604,0.0,1409.52,0.0
5377.412879999998,2878.924562826751,0.0,1409.52,0.0
5506.497439999999,3115.992009760861,0.0,1409.52,0.0
5781.097759999999,3256.0030470732186,0.0,1409.52,0.0
6273.518639999998,3396.5715130172766,0.0,1409.52,0.0
6636.035279999998,3486.51042423223,0.0,1409.52,0.0
7100.917919999999,3515.8257803644933,0.0,596.5281443101181,0.0
7426.093999999998,3451.1782430219214,0.0,0.0,0.0
7346.626399999997,3342.2527168860033,546.4733273896021,0.0,0.0
6957.797279999999,3151.240505756742,1618.4017772692061,1409.52,0.0
6729.418639999997,2959.622640617973,2669.3120222492103,1409.52,0.0
6113.73368,2721.799189967079,3468.0038084340135,1409.52,0.0
5510.671039999998,2488.025252658435,3594.1130378316143,1409.52,0.0
5281.333599999999,2305.8751638977797,2627.27561245001,1409.52,0.0
5185.092639999999,2143.1825966884303,798.691786184803,1409.5199999999998,0.0
4784.524799999998,1947.4343697799138,0.0,1409.52,0.0
4136.5113599999995,1713.3441307286,0.0,1409.5199999999998,374.29581436960876
3258.6679199999994,1431.5050940753652,0.0,1409.52,1604.992946102094
2365.9649599999993,1175.0964338540707,0.0,1409.52,2683.6441043223226
1602.5984799999992,973.942709450874,0.0,1409.52,3495.5944959938547
1122.2998400000001,858.0401058611826,0.0,1409.52,3785.031490278586
897.1435199999999,824.86104593057,0.0,1409.5200000000002,3637.292151519827
823.1203999999999,866.0511921508585,0.0,1409.52,3336.3327307859195
899.0611199999998,972.8306889744031,0.0,1409.52,2803.5502776844155
1108.6059199999995,1119.0571264498915,0.0,1409.5199999999998,2364.7090836022776
1410.8836,1295.7832786008225,0.0,1409.52,1800.9149679065092
1769.6928799999996,1481.0126995737448,0.0,1409.52,1243.9392082316183
2040.4053599999997,1634.7807351020315,0.0,1409.52,908.8725710170689
2238.1587999999992,1792.1614187853831,0.0,1409.52,847.3448555960572
2410.0885599999997,1967.25783684516,0.0,1409.52,1637.4911837847694
2588.1546399999993,2160.447281943023,0.0,1409.52,2312.489765825082
2882.348319999999,2392.4680849290676,0.0,1409.5199999999998,2331.902386888307
3226.3920799999996,2635.4431406444273,420.36409799200163,1409.5199999999998,1288.8336587897131
3614.1082399999996,2859.2741397642208,1113.9648596788043,1166.6822147142748,0.0
4096.707999999999,3028.3083441550752,1765.529211566407,1409.5200000000002,0.0
4583.342239999999,3153.7680829111687,2375.057153654809,1409.52,0.0
4836.55192,3222.662290287609,2206.9115144580082,1409.52,0.0
4883.533119999998,3265.033958264147,1576.365367470006,1409.52,0.0
5312.755919999999,3350.458123080369,504.43691759040195,1409.5200000000002,0.0
5939.570479999998,3540.9483654145533,0.0,1409.52,0.0
6486.785839999999,3730.0599293008686,0.0,1409.52,0.0
6936.741279999999,3868.9376702347827,0.0,1409.52,0.0
7125.575999999999,3934.8575065153577,0.0,0.0,0.0
7224.651999999999,3925.169879150187,0.0,0.0,0.0
7103.136319999998,3847.8319754772797,0.0,0.0,0.0
6874.313999999998,3733.167629382434,0.0,1409.52,0.0
6581.526559999998,3582.7257265293047,0.0,1409.52,0.0
6181.267039999999,3406.5612581904684,0.0,1409.52,0.0
5820.11904,3250.57201849617,0.0,1409.52,0.0
5545.247999999999,3107.9525556018866,0.0,1409.52,0.0
5390.527759999999,3003.523336749658,0.0,1409.52,0.0
5217.894879999999,2916.6297163038143,0.0,1409.52,0.0
5154.279439999999,2866.112214658436,0.0,1409.52,0.0
5230.656319999999,2857.986238498104,0.0,1409.52,0.0
5182.344079999999,2826.697897056185,0.0,1409.52,0.0
5034.963359999999,2745.172895874935,42.036409799200165,1409.52,436.49063147642556
4938.598319999999,2627.3114909102364,945.8192204820036,1105.2398390579544,0.0
4706.880799999999,2446.5017839738985,1996.7294654620077,141.72869050025122,0.0
4196.107359999999,2195.639042200308,2669.3120222492103,0.0,0.0
3672.621359999999,1945.3053611891203,2900.5122761448115,1409.52,0.0
3252.3135199999992,1752.325838324061,2690.3302271488105,858.1812026205449,0.0
2997.7351999999996,1627.9767016509738,1891.6384409640073,1409.52,504.8565313844495
2914.642959999999,1587.0617237628733,630.5461469880024,1409.5200000000002,1780.4290445666618
3175.2823999999996,1666.0123408053555,0.0,1409.52,2236.8220507360056
3413.7716799999994,1763.1425068872816,0.0,1409.5200000000002,2530.655287775337
3475.2476799999995,1819.1080578312867,0.0,1409.52,2444.865381753655
3440.6105599999996,1833.7189289130768,0.0,1409.5199999999998,2333.426067182809
3380.232479999999,1810.4657864497365,0.0,1409.5200000000002,2181.025690399146
3329.0739199999994,1769.983418568426,0.0,1409.52,1860.7975137598414
3423.724399999999,1766.9849347836573,0.0,1409.52,1227.511196874737
3485.854639999999,1767.9834837829371,0.0,1409.5199999999998,703.1419326761029
3374.490959999999,1715.510017549481,0.0,1409.52,397.09301352714135
3141.4499199999996,1615.3331423049801,0.0,1409.52,649.4372762332351
2906.3634399999996,1511.5833339224316,0.0,1409.52,860.7118226744286
2712.96784,1417.4232837559773,0.0,1409.52,1113.5690393054288
2501.6144799999997,1311.026753167952,0.0,1409.52,1528.6074733629484
2337.3250399999997,1233.664736806142,0.0,1409.52,2096.0926927561236
2315.94568,1245.3324414482938,0.0,1409.52,3277.6064546421185
2412.0099199999995,1316.6336625346457,0.0,1409.52,4223.774578387372
2600.8935199999996,1427.2953022715838,126.10922939760049,1409.52,4411.293091819128
2734.723199999999,1516.156234453224,1618.4017772692061,1409.52,2667.156923064393
2732.6364,1519.1774125334312,3383.9309888356133,1409.52,631.5135068006375
2651.3414399999997,1454.7440526040573,4855.205331807619,1409.52,0.0
2372.06744,1332.8189503624599,5611.860708193222,1409.52,0.0
2030.0540799999992,1193.239104663427,4897.241741606819,1409.52,0.0
1730.6903999999997,1075.7975441643346,3131.712530040412,1409.52,1532.6332319233798
1561.0542399999997,990.5960671220998,903.7828106828034,1409.52,3932.2359446733017
1586.5131999999999,978.7567368706967,0.0,1409.52,4905.306899269089
1669.3271999999997,1019.0220905518794,0.0,1409.52,5296.916784062825
1722.8883999999998,1092.795571447528,0.0,1409.52,5118.315410643595
1685.25832,1134.2027318679438,0.0,1409.52,4966.123009891579
1539.58088,1119.0585448433565,0.0,1409.52,4878.996820553451
1317.68448,1056.348532973818,0.0,1409.52,4717.834748296062
1070.6035999999997,966.5216748425904,0.0,1409.52,4493.197250168057
873.3464799999998,870.3914761534096,0.0,1409.5199999999998,4338.0013158283455
706.59048,779.4185561025538,0.0,1409.5199999999998,4139.069406227184
589.5228799999999,717.3411477183549,0.0,1409.52,4167.10760952912
499.4558399999999,678.5041162563125,0.0,1409.5200000000002,4187.022364879186
437.8444799999999,654.6566669311849,0.0,1409.52,4253.953485906146
435.0319999999999,674.9609693810274,0.0,1409.52,4329.57530835837
481.74623999999994,733.6498357776136,0.0,1409.52,4548.9811618544345
558.6908799999999,811.5650255907292,0.0,1409.52,5578.047316478841
663.3692799999999,894.750965519361,0.0,1409.5200000000002,6518.481161454531
788.2463999999999,1012.8818652423884,63.05461469880024,1409.52,6836.374977911244
897.6962399999998,1155.5708294164508,840.7281959840033,1409.5200000000002,5771.374533080514
1007.7965599999999,1324.4873071497198,1513.3107527712057,1409.52,4496.389557328968
1262.3448,1525.5289784691906,1681.4563919680065,1409.52,3540.690500913118
1588.4909599999999,1777.2994920603078,1471.2743429720058,1409.52,2902.998842297964
1978.3991999999998,2057.9584253507574,1029.892040080404,1409.5199999999998,2541.4713633372107
2451.9749599999996,2329.7112660751886,609.5279420884024,1409.5199999999998,2074.500370297664
3021.4983999999995,2576.1500386318,189.1638440964007,1409.52,1592.9715278783658
3518.9689599999997,2773.59182733739,0.0,1409.52,1172.7900838276698
4072.9485599999994,2864.5803497163593,0.0,1409.52,1044.0586957341295
4586.917999999999,2759.41640304932,0.0,1409.52,603.5015518802384
5023.138159999999,2680.892722439768,0.0,1409.52,100.78470005979369
5211.066719999999,2696.0000312342686,0.0,1409.52,0.0
5421.45376,2590.6261623344258,0.0,1409.52,0.0
5533.971759999999,2331.173629737486,0.0,1409.52,0.0
5208.94608,2094.982749964676,0.0,1409.52,0.0
4480.78824,1989.0684731547115,0.0,1409.52,0.0
3694.181199999999,2069.99207550685,0.0,1409.52,0.0
3182.7046399999995,2014.6534544743242,0.0,1409.52,0.0
2954.074079999999,1908.716483368922,0.0,1409.5200000000002,33.91545490612734
2821.3799199999994,1817.994618961351,0.0,1409.52,313.26295795355975
2886.5256799999993,1737.587311830431,0.0,1409.52,587.71629747253
2843.7707199999995,1583.9526052878432,0.0,1409.52,1864.2252700544386
2675.4843999999994,1394.1417734233391,0.0,1409.52,3237.586049062502
2582.7439999999997,1266.883511753771,0.0,1409.52,3961.066217202734
2437.67944,1213.4299356360789,168.14563919680066,1409.52,3884.2079836289336
2258.76736,1196.9354380329198,420.36409799200163,1409.5199999999998,3501.297418835258
2058.8293599999993,1173.8709419004094,672.5825567872026,1409.5200000000002,3104.0537769998073
1937.2384799999995,1181.4451630029002,735.6371714860029,1409.5200000000002,2778.0906755329656
1864.5727199999997,1219.836818916969,567.4915322892022,1409.5199999999998,2769.032279928062
1895.8483999999994,1318.9371335216208,294.25486859440116,1409.52,2766.2747875885566
2041.3641599999994,1499.6149298657242,63.05461469880024,1409.52,2613.040210449496
2442.883279999999,1808.9793100985357,0.0,1409.52,2117.53299063732
3015.50872,2174.147544420356,0.0,1409.52,1675.020595698
3802.2172799999994,2508.079917858457,0.0,1409.52,513.3769590057543
4641.55456,2798.430733694473,0.0,598.8449788262361,0.0
5280.70568,3047.679343705023,0.0,0.0,0.0
5880.974639999999,3293.685506254843,0.0,0.0,0.0
6377.03144,3487.57280093743,0.0,0.0,0.0
6609.271599999999,3598.668469074623,0.0,0.0,0.0
6950.262239999998,3667.239282741069,0.0,0.0,0.0
7280.901599999999,3761.179481920467,0.0,0.0,0.0
7442.604159999998,3795.9329585971027,0.0,0.0,0.0
7665.214959999998,3917.1843239428786,0.0,0.0,0.0
7893.875599999998,4031.800444659919,0.0,0.0,0.0
7931.550799999999,4152.786570427761,0.0,0.0,0.0
8013.4623999999985,4240.585125904202,0.0,0.0,0.0
7966.530079999999,4292.1933721240775,0.0,0.0,0.0
7796.194559999999,4265.113404092474,0.0,0.0,0.0
7422.984479999999,4211.085378621504,84.07281959840033,0.0,0.0
6820.722719999999,4030.1934048642024,273.23666369480105,0.0,0.0
6173.077759999999,3777.8711362152444,441.38230289160174,0.0,0.0
5402.894399999998,3490.9301382688145,546.4733273896021,0.0,0.0
4732.640559999998,3221.038229770315,525.455122490002,0.0,0.0
4272.875279999999,3083.8455402726854,357.3094832932014,0.0,0.0
4071.6814399999994,3045.5432431469044,84.07281959840033,0.0,0.0
4087.0936799999995,3073.532401389499,0.0,0.0,0.0
4007.133519999999,3066.0191712059986,0.0,0.0,358.81980189117576
3799.1340799999994,2963.543080154918,0.0,0.0,667.7415701652319
3452.6011999999996,2798.9938359000325,0.0,0.0,1047.524563397887
3040.512719999999,2620.656388772991,0.0,1409.5200000000002,33.38559090020085
2677.48096,2453.297307064167,0.0,0.0,1665.419322652212
2394.20632,2324.2107362183606,0.0,0.0,1689.161384204906
2222.4570399999993,2219.2850796534217,0.0,0.0,1636.5989834624822
2179.9051199999994,2162.2302025283843,0.0,0.0,1329.5595792483603
2210.2708799999996,2113.8360358999403,0.0,0.0,1257.7959938293534
2274.1758399999994,2057.9541701703633,0.0,0.0,1103.1201545360314
2427.8432799999996,2007.7260207918216,0.0,0.0,925.2218248336715
2578.6756799999994,1977.4305547753222,0.0,0.0,755.7134320463305
2715.411839999999,2006.8381064828027,0.0,0.0,553.374824621455
2895.944479999999,2135.0693860692827,0.0,0.0,919.4900874429641
3133.2455999999993,2246.10548168095,0.0,1409.52,0.0602004593852355
3339.0980799999993,2271.4195498487697,0.0,1409.52,366.01248527716115
3323.990399999999,2272.4180988480502,252.21845879520097,0.0,1622.3926309268545
3240.822959999999,2227.3897799117804,714.6189665864028,0.0,1209.7974262572502
3365.1059999999998,2146.4902902485446,1050.910244980004,0.0,665.588874971874
3451.8980799999995,2086.439766125668,1071.9284498796042,0.0,372.2605816113919
3577.617439999999,2070.5112075149987,882.7646057832035,0.0,422.592037632282
3743.8094399999995,2091.842426833419,504.43691759040195,0.0,604.3766658951489
3910.9827999999993,2141.720233026133,147.12743429720058,0.0,749.2961978787259
3939.5061599999995,2182.018209757008,0.0,0.0,1059.0389160886587
4042.2180799999996,2193.8362641064377,0.0,1409.52,166.796748592912
4093.2751199999993,2135.649508996421,0.0,1409.52,260.39444790653255
4198.1903999999995,2057.99388518738,0.0,1409.52,166.89197671574289
4278.1392799999985,2021.0688481160034,0.0,655.28279162132,694.8008679186077
4324.61288,2053.280563703564,0.0,0.0,951.9379816710239
4272.30376,2080.909450006077,0.0,0.0,566.5438089851683
4010.7355999999995,2059.6434767870423,0.0,0.0,512.6530883730173
3703.2390399999995,2004.5332171023629,0.0,0.0,528.8693169735578
3395.4792799999996,1916.2495710609312,0.0,0.0,880.4684804059682
3090.340239999999,1785.2510058244584,0.0,1253.9051016823964,0.0
2898.7569599999993,1641.0287583148543,0.0,1409.52,181.59970594833794
2736.28736,1487.4408587566081,0.0,0.0,2024.8563860773702
2525.8664800000006,1343.795897387212,0.0,0.0,2716.7772422180446
2392.0555999999992,1259.0993684184768,0.0,0.0,4110.782334118377
2396.3683199999996,1231.1130469628122,0.0,0.0,5230.210894898196
2508.29224,1265.7998591465982,420.36409799200163,0.0,5231.6514534551625
2578.807279999999,1331.7310425748924,2312.002538956009,0.0,3107.0316997262153
2570.2683199999997,1420.1848958321104,3720.222267229214,0.0,1124.57011016501
2535.5823199999995,1513.5846871013862,4329.750209317616,0.0,37.701640300402765
2522.4975199999994,1584.851866744581,4098.549955422016,0.0,0.0
2597.8178399999993,1621.3641513176754,3320.876374136813,0.0,381.6980591880094
2514.3458399999995,1597.328055661718,1933.6748507632074,0.0,1708.0876220049297
2645.5735999999997,1555.0840430970195,651.5643518876025,0.0,2782.8494070025977
2904.1412799999994,1535.8463725327713,0.0,1409.52,1958.470181411151
3121.5632799999994,1552.702560469476,0.0,1409.52,2365.405420921433
3169.24384,1584.5511673300252,0.0,1409.52,2313.988014332624
3216.0633599999996,1640.8925925422252,0.0,1409.52,2043.5941960351624
3280.5849599999992,1717.8915001770247,0.0,1409.5200000000002,1635.3795387195057
3229.9753599999995,1744.9161508634968,0.0,1409.52,1224.5787601146073
3246.65096,1785.2424954636692,0.0,1409.52,601.9523270645341
3259.040159999999,1860.9761961277902,0.0,1409.52,88.59118013780498
3075.8191199999997,1901.8585509661982,0.0,0.0,1229.9270932709308
2933.56704,1931.4476570371846,0.0,1118.434815136286,0.0
2858.5888799999993,1981.1325617186747,0.0,1057.514577345163,0.0
2748.9735999999994,2050.825324615846,0.0,1110.3086221673002,0.0
2737.389039999999,2080.3023776031064,0.0,1233.8947861866516,0.0
2927.31792,2140.0890805415142,0.0,1318.2769567675703,0.0
3125.8609599999995,2266.056604158037,0.0,1409.52,766.0979544922927
3488.9791999999993,2430.4980505095905,0.0,1409.52,1307.759854840035
3791.6140800000003,2564.360352151667,147.12743429720058,1409.5199999999998,1270.552685472765
3998.9667999999992,2628.4135826324527,1092.9466547792042,0.0,1351.305325048328
4023.2112799999995,2638.89551033796,2269.9661291568086,0.0,0.0
4125.975839999999,2658.306224904924,3510.0402182332136,0.0,0.0
4385.825679999999,2675.6957287844257,4077.5317505224157,0.0,0.0
4474.625599999999,2730.815917223359,3468.0038084340135,0.0,0.0
4958.191679999999,2886.9115364275235,1996.7294654620077,0.0,0.0
5682.284959999999,3142.3117188952847,651.5643518876025,0.0,0.0
6357.325279999999,3409.9980255558867,0.0,0.0,0.0
6833.540559999999,3656.7474262813084,0.0,0.0,0.0
7324.777039999998,3924.4507536634896,0.0,0.0,0.0
7846.052159999999,4155.525488208456,0.0,0.0,0.0
8250.5868,4297.866945983622,0.0,0.0,0.0
8468.08024,4380.488365313228,0.0,0.0,0.0
8491.93744,4375.020458506094,0.0,0.0,0.0
8431.84888,4337.041555090306,0.0,0.0,0.0
8326.997519999997,4256.40304982461,0.0,0.0,0.0
8264.160399999999,4180.699135423251,0.0,0.0,0.0
8234.8136,4124.08396027233,0.0,0.0,0.0
8177.763119999998,4095.6068746778133,0.0,0.0,0.0
8226.064079999998,4077.632992690778,0.0,0.0,0.0
8216.491119999999,4065.5851586000376,0.0,0.0,0.0
7944.9815199999975,4016.1541463487615,0.0,0.0,0.0
7672.941759999998,3940.0232955144725,0.0,0.0,0.0
7379.146639999999,3843.996639548228,63.05461469880024,0.0,0.0
6842.861599999999,3662.87914123001,609.5279420884024,0.0,0.0
6469.974879999999,3466.574904083258,1345.1651135744053,0.0,0.0
6055.8372,3304.1007694675013,1807.5656213656068,0.0,0.0
5673.625679999999,3160.9990527951577,1912.6566458636073,0.0,0.0
5412.489919999999,3033.237261445554,1891.6384409640073,0.0,0.0
4831.333039999999,2894.2659065429575,1282.110498875605,0.0,0.0
4455.03224,2777.7931087803818,546.4733273896021,0.0,84.64464743067595
4518.053599999999,2759.4390973447576,0.0,0.0,645.9991324291155
4447.128719999999,2747.022480953146,0.0,0.0,1248.110711966043
4276.717999999999,2752.4379072020806,0.0,0.0,1424.8608031630972
4142.478479999999,2738.814237971851,0.0,0.0,1424.8845205452433
4036.822479999999,2706.3032413632,0.0,0.0,1312.6057625683784
3766.4747199999993,2639.179189030937,0.0,0.0,1241.186054611064
3527.1018399999994,2563.408610136729,0.0,0.0,998.8376326655698
3323.6219199999996,2456.761023905419,0.0,0.0,894.0930062719062
3163.1413599999996,2321.271824959117,0.0,0.0,755.7730871155287
3014.5311199999987,2204.182026039316,0.0,0.0,469.19849434386293
3073.8601599999997,2173.97733720457,0.0,0.0,316.5812326331799
3381.2326399999993,2241.6914412182255,0.0,0.0,0.0
3813.2528799999986,2359.1273281434583,0.0,0.0,0.0
4167.99008,2504.963707416103,0.0,0.0,0.0
4526.00976,2661.647959908196,0.0,0.0,0.0
4781.77248,2769.274237630277,0.0,0.0,492.98666124581194
5000.2397599999995,2864.933529689116,315.2730734940012,0.0,315.2179092865789
5161.667839999999,2906.078287318528,2017.7476703616078,0.0,0.0
5194.067759999998,2853.572198035379,4161.604570120816,0.0,0.0
5572.932879999999,2809.240310290369,5843.0609620888235,0.0,0.0
5511.332799999998,2744.031089135701,5107.423790602819,0.0,0.0
5317.455919999999,2693.3362883072123,3762.2586770284142,0.0,0.0
5050.1349599999985,2686.434385707078,2290.984334056409,0.0,0.0
5025.78144,2733.60306038186,777.673581285203,0.0,0.0
5058.9220799999985,2783.66809451194,0.0,0.0,0.0
4850.257119999999,2729.24008208387,0.0,0.0,345.8955360845126
4449.6968,2578.593930571798,0.0,0.0,983.5080744888506
4063.097359999999,2365.7427152636865,0.0,0.0,1420.9918404597909
3805.3493599999997,2209.4215714986044,0.0,0.0,1553.9334018448988
3629.764879999999,2054.683354840336,0.0,0.0,1448.2387075510114
3429.2290399999993,1915.558813443532,0.0,0.0,1247.9106227777045
3204.268239999999,1765.9509259477554,0.0,0.0,1199.3344040022382
2916.8839199999993,1631.4928990504263,0.0,0.0,1198.9179821159603
2817.13864,1584.3852152946338,0.0,0.0,1185.4615925331907
2905.122639999999,1598.9677185071262,0.0,0.0,962.5143771107086
3114.513279999999,1674.9907714380836,0.0,0.0,646.1462734195908
3185.0208,1720.8871471748637,0.0,0.0,602.8075413892717
3068.912,1716.3312673656503,0.0,0.0,996.2782777463535
2972.4755199999995,1723.3267839344674,0.0,0.0,2195.3240259972426
2980.5820799999997,1770.6585738577119,0.0,0.0,3098.2080634991867
3083.3353599999996,1793.964196879253,168.14563919680066,0.0,3252.806423343213
2951.4270399999996,1766.8714633064665,1134.9830645784043,0.0,2443.8612595170966
2782.0540799999994,1731.207378025374,2206.9115144580082,0.0,1333.9815467344445
2908.702159999999,1783.2851124821266,3215.7853496388125,0.0,0.0
3056.0866399999995,1815.1677607858337,3489.022013333614,0.0,0.0
3121.2361599999995,1818.6711926441014,2900.5122761448115,0.0,0.0
3130.873039999999,1808.1949385124537,1576.365367470006,0.0,562.9402773603983
3259.0890399999994,1787.235338281834,483.41871269080184,0.0,1493.1966344042587
3460.425759999999,1746.128877275974,0.0,0.0,1916.8631235404193
3445.1902399999994,1673.2972096410099,0.0,0.0,2545.6257293195845
3242.5863999999992,1595.0572077244356,0.0,0.0,2874.1224601924832
3056.7032799999993,1535.6321951195732,0.0,0.0,2927.5054676548357
2957.99576,1529.5387767944233,0.0,0.0,2774.7092148430984
3059.3051999999993,1571.5898878478972,0.0,0.0,2260.858934093156
3321.8434399999996,1697.3474892316162,0.0,0.0,1424.4884324366183
3559.437839999999,1864.3321150657105,0.0,0.0,622.0800818974745
3665.022399999999,1970.3726288940493,0.0,0.0,0.0
3673.283119999999,2030.4118058692072,0.0,0.0,0.0
3857.6998399999993,2090.3843183515155,0.0,0.0,0.0
4161.583039999999,2122.1506583911014,0.0,0.0,0.0
4389.559359999998,2094.222491067497,0.0,0.0,0.0
4478.731519999999,1985.1381048635124,0.0,0.0,0.0
4305.43312,1834.039485836141,0.0,0.0,0.0
3892.4798399999995,1655.7871423169927,0.0,0.0,1107.2986947957263
3513.998239999999,1505.5934583202184,483.41871269080184,0.0,1715.6343152376812
3093.4459999999995,1412.3085569215987,2816.439456546411,0.0,0.0
2697.262319999999,1357.7401235405061,6116.2976257836235,0.0,0.0
2591.4258400000003,1339.5705032553171,7356.371714860028,0.0,0.0
2592.1815999999994,1385.7406289308199,7482.480944257629,0.0,0.0
2649.78856,1459.3566681518662,6242.406855181224,0.0,0.0
2559.0071199999993,1486.1657230316757,4119.568160321616,0.0,0.0
2501.3249599999995,1505.847350750433,1765.529211566407,0.0,547.1023969277011
2607.6351999999993,1495.1342249101497,105.09102449800041,0.0,2230.5927721473086
2595.4339999999993,1410.3681946616348,0.0,0.0,3187.8883150393694
2520.6814399999994,1300.7788603841507,0.0,0.0,3602.2414186086035
2455.5319199999994,1239.96665897063,0.0,0.0,3606.207878907022
2456.1560799999997,1319.4633574970935,0.0,0.0,3359.796254518948
2483.3972799999992,1434.6496723870173,0.0,0.0,2913.562169076036
2585.782079999999,1606.642645545624,0.0,0.0,2264.4521400315557
2760.7010399999995,1759.3369572209924,0.0,0.0,1608.6747784010422
2950.0207999999993,1881.9670010146376,0.0,0.0,915.287250539529
3159.58816,2008.7174778237768,0.0,0.0,391.7841102398994
3568.939359999999,2244.1012917150665,0.0,0.0,0.0
4402.053839999999,2464.9494093782055,0.0,0.0,0.0
4900.528319999999,2547.4020398854905,0.0,0.0,0.0
5244.417919999999,2640.416028132318,0.0,0.0,0.0
5718.471199999999,2763.665909870118,0.0,0.0,0.0
6375.313119999998,3022.485838981719,0.0,0.0,0.0
7396.514079999998,3384.1931932492166,189.1638440964007,0.0,0.0
7946.399039999999,3714.2420053804603,861.7464008836033,0.0,0.0
8408.762479999998,4069.0545490151485,1029.892040080404,0.0,0.0
9076.33168,4417.4134023846045,861.7464008836033,0.0,0.0
9698.058959999997,4688.525129262907,714.6189665864028,0.0,0.0
10368.895599999996,4916.235434509164,567.4915322892022,0.0,0.0
11002.271359999997,5112.06167305825,357.3094832932014,0.0,0.0
11770.510799999996,5320.039288421012,126.10922939760049,0.0,0.0
12683.950159999999,5496.00660006823,0.0,0.0,0.0
13413.4052,5642.237292724112,0.0,0.0,6836.374977911244
14032.380159999995,5732.394636532659,0.0,0.0,6836.374977911245
14343.681839999997,5839.246471422913,0.0,0.0,6836.374977911244
14409.04568,5821.930724003584,0.0,0.0,6836.374977911244
13918.452159999999,5770.159362535248,0.0,0.0,6836.374977911244
13653.285679999997,5777.061265135381,0.0,0.0,6836.374977911244
13298.386799999998,5772.29971827376,0.0,0.0,6836.374977911244
13011.231839999997,5738.517841120571,0.0,0.0,6836.374977911244
12653.621999999998,5692.120772490686,0.0,0.0,3407.1126888340846
12334.928159999996,5639.418944909384,0.0,0.0,0.0
12247.387839999996,5548.904165947686,0.0,0.0,0.0
12224.948159999998,5492.935778216751,0.0,0.0,0.0
12174.661919999997,5377.03033784013,0.0,0.0,0.0
11959.495919999998,5264.385784039282,0.0,0.0,0.0
11653.138639999997,5175.418472347776,0.0,0.0,0.0
10956.008319999999,4950.60310816335,273.23666369480105,0.0,0.0
10479.838159999998,4756.185334324897,1597.383572369606,0.0,0.0
9925.565279999999,4584.56965382795,3047.6397104420116,0.0,0.0
9702.337839999998,4462.967945296346,4476.877643614817,0.0,2743.7895498401444
9642.136479999997,4427.136489586398,5317.60583959882,0.0,6836.374977911243
9633.924639999997,4370.739747029067,5044.369175904019,0.0,6836.374977911244
9496.853839999996,4267.9161495790895,3804.295086827615,0.0,0.0
9095.173039999998,4083.483865733433,1807.5656213656068,0.0,0.0
8709.03984,3799.3172454043206,147.12743429720058,0.0,0.0
8258.155679999998,3506.9352901265884,0.0,0.0,4878.694790846448
7522.786159999998,3151.7695665191436,0.0,0.0,0.0
6563.068719999998,2755.6094349895666,0.0,0.0,0.0
5525.9216,2378.2543640174454,0.0,0.0,0.0
4434.446239999999,2100.989646288468,0.0,0.0,117.74238604671953
3732.7061599999993,1997.360401350435,0.0,0.0,424.4559100227892
3441.392639999999,2056.0747988293892,0.0,0.0,273.7059055282043
3512.0167199999987,2185.8478721122,0.0,0.0,0.0
3643.030159999999,2388.8568551674684,0.0,0.0,0.0
3777.25464,2662.3060944759027,0.0,0.0,0.0
3856.297359999999,2805.481567608421,0.0,0.0,0.0
3910.5428799999995,2912.8142378832717,0.0,0.0,0.0
3993.3493599999997,2964.840910175288,0.0,0.0,0.0
4384.48712,2977.7326883776364,0.0,0.0,0.0
5000.638319999999,2931.5313580459065,0.0,0.0,0.0
5676.14488,2846.3582488729694,21.018204899600082,0.0,0.0
6408.600399999998,2879.216751880517,231.20025389560087,0.0,0.0
6819.041999999999,3013.1797594586014,462.40050779120173,0.0,0.0
6698.932559999998,3052.606842602037,567.4915322892022,0.0,0.0
6325.899199999999,3047.9289809548427,483.41871269080184,0.0,0.0
6139.1399999999985,3035.3549228886286,336.2912783936013,0.0,0.0
5990.364319999999,2932.009356643573,147.12743429720058,0.0,0.0
5815.178399999999,2797.33573393958,42.036409799200165,0.0,0.0
5635.833919999999,2700.7190262919444,0.0,0.0,0.0
5567.871919999999,2668.24774470031,0.0,0.0,0.0
5370.659919999998,2612.0126989979763,0.0,0.0,0.0
5094.980479999999,2541.25330421521,0.0,0.0,0.0
4753.031039999999,2391.314931042116,0.0,0.0,0.0
4433.641599999999,2197.592170001456,0.0,0.0,0.0
3985.870719999999,1958.7857726793961,0.0,0.0,156.13160190089863
3537.028239999999,1757.5894964722527,0.0,0.0,387.78838994996437
3159.5580799999993,1551.5962135668647,0.0,0.0,567.9875736094219
2629.5146399999994,1366.2887809533738,0.0,0.0,1082.0093645536376
2240.1027199999994,1260.007140236004,0.0,0.0,1470.8030135743352
2160.5223199999996,1269.9756095072223,0.0,0.0,1512.318495842674
2254.39824,1384.2328766776461,0.0,0.0,1389.0095031539115
2648.60792,1666.2690700224998,0.0,0.0,1018.1109452484126
3425.6683199999993,2125.9491160900666,0.0,0.0,880.6536330477597
4532.834159999999,2721.2701292046763,0.0,0.0,118.9326731812232
5622.2678399999995,3309.9190194604635,0.0,0.0,0.0
6590.4151999999995,3739.822731519679,147.12743429720058,0.0,0.0
7114.660719999998,3960.1205125184415,357.3094832932014,0.0,0.0
7765.5693599999995,4174.798618609327,483.41871269080184,0.0,0.0
8283.04312,4313.866424267535,483.41871269080184,0.0,0.0
8865.982239999998,4486.323212089159,441.38230289160174,0.0,0.0
9413.238959999997,4620.914567972187,441.38230289160174,0.0,0.0
10414.120879999999,4791.174264316704,336.2912783936013,0.0,0.0
11426.139919999996,4974.466159816592,42.036409799200165,0.0,0.0
12205.5428,5018.661881788974,0.0,0.0,0.0
12899.661359999996,4946.116729633916,0.0,0.0,0.0
13317.487599999999,4928.637866966126,0.0,0.0,0.0
13467.470239999997,4969.411005507739,0.0,0.0,0.0
13645.299439999999,5144.637915766285,0.0,0.0,0.0
14037.850959999996,5432.915040356637,0.0,0.0,6836.374977911245
14241.266959999995,5588.509966667697,0.0,0.0,6836.374977911244
14675.389039999998,5737.805807601198,0.0,0.0,6836.374977911243
14713.000319999997,5821.254150320834,0.0,0.0,6836.374977911244
14313.913919999999,5749.104729942481,0.0,0.0,6836.374977911243
13599.852319999998,5548.172274919805,0.0,0.0,6836.374977911244
12706.953839999995,5260.384496074838,0.0,0.0,6836.374977911244
11773.003679999998,4889.273193135146,0.0,0.0,0.0
10842.28336,4512.088329378812,0.0,0.0,0.0
9886.08528,4265.7757938405775,0.0,0.0,0.0
9469.07496,4182.648008044006,399.3458930924015,0.0,0.0
9167.225919999999,4241.273046734672,1429.2379331728057,0.0,0.0
9013.502079999997,4365.644877703197,1387.2015233736054,0.0,0.0
9026.158239999997,4536.149956117138,1071.9284498796042,0.0,0.0
9112.386319999998,4612.147477965727,861.7464008836033,0.0,0.0
9283.564079999996,4637.641682103588,735.6371714860029,0.0,0.0
9584.886719999999,4687.9464247292335,483.41871269080184,0.0,0.0
10305.219999999996,4826.022773355487,147.12743429720058,0.0,0.0
11174.468079999997,5088.509249573819,0.0,0.0,0.0
12132.072399999997,5413.365323230114,0.0,0.0,0.0
12942.352399999998,5615.626812929387,0.0,0.0,6134.233801539038
13487.417039999998,5753.471963420864,0.0,0.0,6836.374977911244
13958.473599999998,5842.574022491535,0.0,0.0,6836.374977911244
14371.573519999998,5922.377094006413,0.0,0.0,6836.374977911243
14568.281679999998,5902.262856280867,0.0,0.0,6836.374977911245
14492.277039999995,5849.675918570219,0.0,0.0,6836.374977911244
14037.516319999995,5810.2431618529245,0.0,0.0,6836.374977911245
13485.890479999998,5747.106213550455,0.0,0.0,6836.374977911244
13082.077759999998,5730.597532012648,0.0,0.0,6836.374977911244
12483.433119999998,5583.054825401746,0.0,0.0,0.0
11988.94048,5406.731496994842,0.0,0.0,0.0
11832.851599999998,5347.377404063224,0.0,0.0,0.0
11869.733439999998,5306.5574585372715,0.0,0.0,0.0
11722.081999999999,5288.932501342599,0.0,0.0,0.0
11385.798879999997,5286.539671567336,84.07281959840033,0.0,0.0
11671.47992,5472.044260872446,1156.0012694780046,0.0,0.0
12233.618719999997,5721.86873862974,4056.513545622816,0.0,0.0
13033.709119999998,5849.376637549128,6788.880182570826,0.0,6836.374977911244
14272.711839999996,5857.783455615508,6851.934797269627,0.0,6836.374977911244
15110.353359999996,5911.4214228836345,3825.3132917272146,0.0,0.0
15495.264559999998,6040.815785111321,1134.9830645784043,0.0,0.0
15643.115279999996,6192.154112634257,168.14563919680066,0.0,0.0
15738.837359999998,6275.8223063409505,0.0,0.0,0.0
15981.767199999997,6336.589119163596,0.0,0.0,0.0
16136.916079999995,6437.953189738206,0.0,0.0,0.0
16230.404719999997,6484.513373616553,0.0,0.0,6563.278882601067
16250.569599999995,6512.854293438438,0.0,0.0,6836.374977911245
16096.638959999997,6504.003518217551,0.0,0.0,6836.374977911244
15826.155839999996,6428.542149098686,0.0,0.0,0.0
15557.605359999996,6353.945999993405,0.0,0.0,0.0
15132.465919999997,6294.394750370168,0.0,0.0,0.0
14255.588799999998,6139.65086013804,0.0,0.0,0.0
13454.9908,5925.813861371832,0.0,0.0,0.0
12621.161919999997,5704.304772354057,0.0,0.0,0.0
11783.294799999998,5496.135673873534,0.0,0.0,0.0
10908.575919999996,5220.147510262954,0.0,0.0,0.0
10068.182079999997,4841.487517303138,0.0,0.0,0.0
9326.074639999997,4489.584098664932,0.0,0.0,0.0
8481.70272,4047.849566715103,147.12743429720058,0.0,0.0
7404.710879999999,3604.5789146428024,567.4915322892022,0.0,0.0
6353.4223999999995,3142.3627810600206,882.7646057832035,0.0,0.0
5172.970399999999,2612.1814878202977,1029.892040080404,0.0,0.0
3798.6527999999985,2137.470726205335,1134.9830645784043,0.0,0.0
2769.890479999999,1825.5106859317818,1029.892040080404,0.0,206.3953114904609
2182.488239999999,1678.3183225067064,672.5825567872026,0.0,1287.542528764433
2093.1731999999993,1752.7754690524298,273.23666369480105,0.0,1722.8522036706443
2192.1326399999994,1897.0033901358938,21.018204899600082,0.0,1865.715858259462
2219.23472,2003.1673041956783,0.0,0.0,2315.9681367650974
2342.5664799999995,2105.9568602024983,0.0,0.0,2221.6455800411986
2761.7200000000003,2170.7093586614724,0.0,0.0,1618.1678934026093
3580.1516799999995,2369.9184656243106,0.0,0.0,412.1620232383489
4401.1176,2660.320343625062,0.0,0.0,0.0
5450.469679999999,3105.870353995434,0.0,0.0,0.0
6255.166079999999,3589.054598169626,0.0,0.0,0.0
6541.166719999998,3760.4334069579368,0.0,0.0,0.0
6830.716799999998,3909.3420264755246,0.0,0.0,0.0
7147.846479999998,4031.1011766817296,0.0,0.0,0.0
7671.449039999998,4021.887292733831,0.0,0.0,0.0
8437.84232,4127.001595629599,0.0,0.0,0.0
9200.178559999998,4341.638568310002,0.0,0.0,0.0
9775.612719999996,4597.296898388372,0.0,0.0,0.0
10164.686239999999,4797.127261688831,0.0,0.0,0.0
10279.61816,4895.848865238357,2164.875104658808,0.0,0.0
10210.780079999999,5006.701988093056,5927.133781687222,0.0,0.0
10374.742399999997,5106.0122249305105,8743.573238233634,0.0,0.0
11371.98088,5214.137777152232,10151.792966506839,0.0,0.0
11641.648079999999,5266.426852235252,10404.01142530204,0.0,6836.374977911244
11643.088159999998,5325.007920728508,9269.028360723636,0.0,0.0
11468.233119999997,5350.276600305451,6999.062231566827,0.0,0.0
11251.581919999999,5380.26427494007,3972.440726024415,0.0,0.0
11084.122799999997,5360.289039774082,714.6189665864028,0.0,0.0
10712.837839999998,5256.730714509293,0.0,0.0,6836.374977911244
10417.82448,5155.097149176354,0.0,0.0,2125.141404866987
10132.090799999998,5047.402788567958,0.0,0.0,0.0
10050.871039999998,5029.139554314086,0.0,0.0,0.0
10025.600079999998,4984.712634206929,0.0,0.0,0.0
10036.376239999996,4948.783309347902,0.0,0.0,0.0
9923.365679999997,4861.308147581455,0.0,0.0,0.0
9429.967199999997,4641.458578917596,0.0,0.0,0.0
8935.982159999998,4423.628802547735,0.0,0.0,0.0
8326.268079999998,4237.544090315487,0.0,0.0,0.0
7725.352399999999,3992.2811659412655,0.0,0.0,0.0
7018.26936,3593.318288925073,0.0,0.0,0.0
6086.05632,3087.0610382575815,0.0,0.0,0.0
5061.708239999998,2567.042534193767,0.0,0.0,0.0
4107.179599999999,2119.7535734354447,0.0,0.0,1190.925240339927
3229.1895199999994,1736.2341644649296,2543.20279285161,0.0,473.2510086529763
2501.70848,1461.7452427467335,5443.715068996421,0.0,0.0
2264.62544,1410.129904559534,7041.098641366028,0.0,0.0
2439.378959999999,1521.2156439424725,6893.9712070688265,0.0,0.0
2848.92192,1761.8971574251113,5716.951732691223,0.0,0.0
3123.740319999999,2051.3784980671517,3552.076628032414,0.0,0.0
3168.1571999999996,2281.386600726524,1828.5838262652069,0.0,0.0
3373.6487199999997,2470.634330385468,861.7464008836033,0.0,0.0
4100.652239999999,2753.6435416472336,126.10922939760049,0.0,0.0
5017.377839999999,3040.817156121904,0.0,0.0,0.0
5771.724079999999,3343.322185558528,0.0,0.0,0.0
6464.631919999999,3668.332864102497,0.0,0.0,0.0
7507.437839999999,3924.401109892218,0.0,0.0,0.0
8414.887519999998,3982.882890842931,0.0,0.0,0.0
8750.411119999999,4108.4036205180155,0.0,0.0,0.0
9113.39776,4345.220011808839,0.0,0.0,0.0
10002.03992,4498.954005893968,0.0,0.0,0.0
10453.837759999997,4598.831600117378,0.0,0.0,0.0
10430.589679999997,4742.614145652868,0.0,0.0,1854.0903205739398
10408.879439999999,4786.036843186887,0.0,0.0,6836.374977911244
10119.069919999998,4713.112979976705,0.0,0.0,0.0
9611.357119999999,4562.363285741696,0.0,0.0,0.0
9010.742239999998,4400.398354379832,0.0,0.0,0.0
8499.799599999998,4189.456296675457,0.0,0.0,0.0
7922.086879999997,3908.920763616453,210.18204899600082,0.0,0.0
7580.686399999999,3700.9516586144796,735.6371714860029,0.0,0.0
7277.769519999999,3602.5038050036746,1807.5656213656068,0.0,0.0
6907.40576,3499.07739033112,2648.2938173496104,0.0,0.0
6847.843599999999,3456.060353328058,2248.947924257209,0.0,0.0
6786.00664,3439.619754676565,1765.529211566407,0.0,0.0
6496.870159999998,3413.3000455421416,1303.128703775205,0.0,0.0
6330.606719999999,3538.9569409898536,609.5279420884024,0.0,0.0
6366.567359999998,3642.414560318636,42.036409799200165,0.0,0.0
6083.664959999998,3561.6668387561426,0.0,0.0,327.37938743610346
5851.79328,3354.7799679678765,0.0,0.0,0.0
5863.783919999999,3208.2315551758597,0.0,0.0,0.0
5935.46456,3144.8080913934837,0.0,0.0,0.0
6089.876479999998,3017.190976177299,0.0,0.0,0.0
6069.177679999998,2971.3811224418773,0.0,0.0,0.0
5856.5948,2971.903091236956,0.0,0.0,0.0
5575.365599999999,2928.259124322414,0.0,0.0,0.0
5544.014719999999,2917.0935309668325,0.0,0.0,0.0
5591.093679999998,2848.836182256125,0.0,0.0,0.0
5153.23792,2671.846208920725,0.0,0.0,0.0
4304.286319999999,2330.6048539580665,0.0,0.0,0.0
3588.175519999999,2040.9447957394507,0.0,0.0,0.0
3458.071999999999,1994.6356675043887,0.0,0.0,396.85177546682314
3667.5528799999997,2081.43567398155,0.0,0.0,978.7351456995814
3866.2989599999987,2186.358493759559,147.12743429720058,0.0,1003.5096646543959
4009.63768,2275.8931628370206,651.5643518876025,0.0,292.8654381013415
4519.621519999999,2396.8622678832844,1366.1833184740053,0.0,0.0
4985.316319999999,2504.390676456289,1849.602031164807,0.0,0.0
5150.33896,2519.8951354209576,2480.1481781528096,0.0,0.0
5144.808,2487.4210170423935,2501.1663830524094,0.0,0.0
4882.333679999999,2413.0092590875465,2080.802285060408,0.0,0.0
4379.764559999999,2269.9231447433153,1008.8738351808039,0.0,0.0
3881.5871199999997,2110.448912305793,126.10922939760049,0.0,80.41393487066652
3677.0844799999986,2039.5519333569323,0.0,0.0,983.0477676842735
3376.6830399999994,1957.7631109912136,0.0,0.0,1609.0206741600161
3184.9042399999994,1899.512528175277,0.0,0.0,1722.934983924521
3189.7395999999985,1893.3269142749095,0.0,0.0,1476.9940418636395
3325.313919999999,1922.157179842181,0.0,0.0,940.7421829612588
3419.776399999999,1948.630075470813,0.0,0.0,350.21926383528665
3370.9302399999992,1948.466960222351,0.0,0.0,6.380502393685114
3319.4821599999996,1938.5325323942898,0.0,0.0,0.0
3129.6961599999995,1832.171461642886,0.0,0.0,0.0
2922.31336,1702.5643403954666,0.0,0.0,138.96610558677384
2770.18376,1632.366629424796,0.0,0.0,333.68768041190015
2694.8521599999995,1585.5440427554454,0.0,0.0,537.7992094982321
2606.9659199999996,1561.8738926134283,0.0,0.0,926.443790669611
2612.2599999999993,1569.8920708704288,0.0,0.0,1974.9537963373857
2566.92944,1571.6863386035093,0.0,0.0,2957.2075508334
2638.8507199999995,1630.8602955650867,714.6189665864028,0.0,2620.2985646929574
2726.951279999999,1711.2590923352177,4140.5863652212165,0.0,0.0
2574.8667999999993,1750.2762597673006,8323.209140241632,0.0,0.0
2580.5857599999995,1806.7368300305516,10214.847581205639,0.0,0.0
2735.802319999999,1893.067348270835,10404.01142530204,0.0,0.0
2885.4202399999995,1985.5948275592054,9290.046565623235,0.0,0.0
3051.1535199999994,2076.624483348657,7188.226075663229,0.0,0.0
3455.549039999999,2208.2542336770034,4392.804824016417,0.0,0.0
4467.88016,2474.3221533941714,1134.9830645784043,0.0,0.0
5575.734079999999,2776.1279148526064,0.0,0.0,0.0
6172.870959999998,3014.3244029847647,0.0,0.0,0.0
6475.667519999998,3181.7572411537635,0.0,0.0,0.0
6656.2904,3277.491708066241,0.0,0.0,0.0
6745.210639999998,3311.89767834398,0.0,0.0,0.0
6801.448959999999,3319.810895484578,0.0,0.0,0.0
6860.676479999999,3320.4520093307065,0.0,0.0,0.0
6880.619519999998,3295.5237441853355,0.0,0.0,0.0
6855.589199999998,3260.680908720413,0.0,0.0,0.0
6805.197679999999,3249.9082103546034,0.0,0.0,0.0
6704.910959999999,3255.9548216954126,0.0,0.0,0.0
6542.764719999999,3282.5865773921114,0.0,0.0,0.0
6489.925439999999,3362.551345761987,0.0,0.0,0.0
6564.106479999999,3468.8996509722065,0.0,0.0,3112.820830222533
6775.523759999999,3561.26827019251,21.018204899600082,0.0,0.0
6912.899119999998,3638.1196649069616,1702.4745968676066,0.0,0.0
6669.976799999999,3595.1692923967485,6536.661723775625,0.0,0.0
6564.162879999999,3549.892754604124,8974.773492129234,0.0,0.0
7127.831999999999,3631.9014279569005,9647.356048916437,0.0,0.0
8128.375519999999,3800.949816282404,9184.955541125235,0.0,0.0
8221.94688,3831.805547717533,7419.426329558828,0.0,0.0
7828.485439999998,3772.2656452420156,4897.241741606819,0.0,0.0
7219.493279999999,3665.4974955661896,2438.1117683536095,0.0,0.0
6903.412639999999,3613.363025370841,504.43691759040195,0.0,0.0
6865.128319999999,3573.9742388509576,0.0,0.0,0.0
6511.5830399999995,3435.293654608663,0.0,0.0,0.0
6140.508639999998,3301.205828405669,0.0,0.0,0.0
5713.662159999998,3146.9285896234887,0.0,0.0,0.0
5636.736319999999,3029.823188375574,0.0,0.0,0.0
5427.996159999999,2907.3491678630658,0.0,0.0,0.0
5301.893279999998,2783.6269611014577,0.0,0.0,0.0
5098.8044,2647.7278464438045,0.0,0.0,0.0
4681.327839999999,2502.8885977769746,0.0,0.0,0.0
4137.3535999999995,2363.3030785040824,0.0,0.0,0.0
3658.833439999999,2205.6202770127106,0.0,0.0,0.0
3177.3015199999995,2040.4894914372226,0.0,0.0,0.0
2806.27224,1948.740710161074,0.0,0.0,0.0
2502.223599999999,1795.4762043128217,0.0,0.0,587.0422937630444
2319.0815199999997,1719.551020530941,0.0,0.0,1579.5831555781506
2374.338479999999,1677.922590730003,210.18204899600082,0.0,1849.8407952466318
2336.6106399999994,1626.494480480168,840.7281959840033,0.0,1326.598684156559
2248.4536799999996,1596.4486517134887,1744.511006666807,0.0,350.38412972300466
2179.96528,1539.352641177969,2816.439456546411,0.0,0.0
2216.377119999999,1537.3555431794096,3636.149447630814,0.0,0.0
2116.7070399999993,1583.2448269488655,3636.149447630814,0.0,0.0
2015.8788799999998,1646.9973580150945,3005.6033006428115,0.0,0.0
1989.2843999999998,1727.5947298703093,1912.6566458636073,0.0,0.0
2516.78984,1873.4949368488737,483.41871269080184,0.0,345.37270044799743
3594.5035999999996,2123.5307552324352,0.0,0.0,73.42861104719596
4685.381119999999,2422.7607141586373,0.0,0.0,0.0
5397.949999999998,2667.945626892289,0.0,0.0,0.0
5702.273119999999,2822.2030081659614,0.0,0.0,0.0
5715.357919999998,2873.316235066592,0.0,0.0,0.0
5580.2498399999995,2845.2873618069807,0.0,0.0,0.0
5197.485599999999,2734.9193295172745,0.0,0.0,0.0
4940.696399999999,2616.1870309651354,0.0,0.0,0.0
4456.3895999999995,2451.2236158185037,0.0,0.0,0.0
4059.2019999999993,2327.7297704047423,0.0,0.0,0.0
3852.8907999999988,2240.786506187628,0.0,0.0,0.0
3682.641759999999,2183.167108463566,0.0,0.0,0.0
3507.9972799999987,2129.9688431695527,0.0,0.0,0.0
3466.3703199999995,2136.9218079344237,0.0,0.0,0.0
3466.2800799999995,2185.903189457331,0.0,0.0,73.4119577371486
3519.585599999999,2256.2299742333066,504.43691759040195,0.0,0.0
3400.5928799999992,2300.2554889899016,1723.4928017672066,0.0,0.0
3403.7663199999993,2334.343739131506,3699.204062329614,0.0,0.0
3817.313679999999,2385.9392198101978,5801.024552289623,0.0,0.0
4455.235279999998,2417.766550768774,7167.207870763628,0.0,0.0
4620.5211199999985,2410.1299203538274,7083.135051165228,0.0,0.0
4293.852319999999,2370.091509627027,4792.150717108819,0.0,0.0
3843.370479999999,2299.5930992418,2396.0753585544094,0.0,0.0
3791.2643999999996,2297.220126975046,525.455122490002,0.0,0.0
4085.69496,2407.0846295847177,0.0,0.0,0.0
4414.559599999999,2566.241141886106,0.0,0.0,0.0
4671.548079999999,2753.2492282639955,0.0,0.0,0.0
4944.813599999999,2937.134012232206,0.0,0.0,0.0
5098.086239999999,3075.755023948975,0.0,0.0,0.0
5121.0034399999995,3106.068929080519,0.0,0.0,0.0
5113.9947999999995,3081.049886753395,0.0,0.0,0.0
5290.883999999998,3054.955702179888,0.0,0.0,0.0
5543.300319999999,3058.3314786263168,0.0,0.0,0.0
5775.322399999999,3133.631150890182,0.0,0.0,0.0
5915.153039999998,3216.5972398317567,0.0,0.0,0.0
5783.368799999999,3269.508989645862,0.0,0.0,0.0
6056.352319999999,3372.8971076948646,0.0,0.0,0.0
6789.672639999999,3549.214762527908,0.0,0.0,0.0
7388.012719999998,3784.692190387881,0.0,0.0,0.0
7653.93496,3929.469029742256,168.14563919680066,0.0,0.0
8292.574719999999,4124.000275057901,462.40050779120173,0.0,0.0
9122.914319999998,4359.365649834147,819.7099910844032,0.0,0.0
10054.766399999997,4566.468116429076,1177.0194743776046,0.0,0.0
10696.963119999997,4754.890341091457,1408.2197282732054,0.0,0.0
11252.100799999997,4903.23160322309,2354.0389487552093,0.0,0.0
11660.128479999998,5036.933626403635,2543.20279285161,0.0,0.0
11787.374399999999,5155.874428795111,1639.4199821688064,0.0,0.0
11801.196159999996,5194.536997860972,441.38230289160174,0.0,0.0
11706.639679999998,5127.173237033145,0.0,0.0,6836.374977911245
11290.65208,4948.889688857768,0.0,0.0,0.0
10828.262319999998,4781.134875372241,0.0,0.0,0.0
10368.083439999999,4679.382164988251,0.0,0.0,0.0
9980.213119999997,4601.255634548867,0.0,0.0,0.0
9793.980319999997,4571.466534999335,0.0,0.0,0.0
9596.159199999996,4558.893895326584,0.0,0.0,0.0
9228.998959999997,4393.7744568988155,0.0,0.0,0.0
8944.904639999997,4216.296556211494,0.0,0.0,0.0
8703.993919999999,4042.537683189105,0.0,0.0,0.0
8321.4816,3850.7098958175343,0.0,0.0,0.0
7941.717839999999,3596.634492845976,0.0,0.0,0.0
7249.584559999999,3252.5464221992916,0.0,0.0,0.0
6435.7663999999995,2987.6330747625407,0.0,0.0,0.0
5749.160319999998,2692.461139539378,0.0,0.0,0.0
5136.69768,2469.627271025399,378.3276881928014,0.0,0.0
4669.303359999999,2374.243147298748,966.8374253816037,0.0,0.0
4392.435759999999,2313.772778710265,1786.547416466007,0.0,0.0
4505.040239999998,2338.5989195261636,3068.657915341612,0.0,0.0
4728.572239999999,2389.3277617978106,4224.659184819617,0.0,0.0
4863.928479999999,2397.614016419674,4203.640979920016,0.0,0.0
4691.682879999999,2364.3938230785798,2480.1481781528096,0.0,0.0
4099.858879999999,2262.435445642182,756.6553763856028,0.0,0.0
3688.3719999999994,2253.2655318916945,84.07281959840033,0.0,145.34375721339853
3598.31624,2337.635830363506,0.0,0.0,725.4323520280608
3531.36192,2359.8109937935333,0.0,0.0,931.9865561863323
3595.857199999999,2395.092112839107,0.0,0.0,685.1348801473688
3906.0008,2515.607331976607,0.0,0.0,1.759762919494208
4373.996719999999,2663.9046239108293,0.0,0.0,0.0
4787.645599999999,2800.5866917610997,0.0,0.0,0.0
5122.556319999999,2938.472975663058,0.0,0.0,0.0
5497.315519999998,3100.479040435403,0.0,0.0,0.0
6023.568879999999,3276.4959958538907,0.0,0.0,0.0
6420.444399999999,3366.0604511941146,0.0,0.0,0.0
6661.862719999999,3448.406702191534,0.0,0.0,0.0
6688.554959999999,3481.751714157538,0.0,0.0,0.0
7103.982319999998,3538.9569409898536,0.0,0.0,0.0
7167.206719999999,3474.4668453218837,0.0,0.0,0.0
7046.954399999998,3334.834519064651,0.0,0.0,0.0
6991.2688,3181.179955013554,210.18204899600082,0.0,0.0
6869.256799999999,3014.5797138084445,777.673581285203,0.0,0.0
6690.660559999999,2897.3877905591717,1324.1469086748052,0.0,0.0
6427.911759999997,2768.5324178481414,1597.383572369606,0.0,0.0
6197.5027199999995,2614.2679446071447,1807.5656213656068,0.0,0.0
5650.531759999998,2483.107682515675,1744.511006666807,0.0,0.0
5006.346,2290.749415988236,1429.2379331728057,0.0,0.0
4403.1630399999995,2044.824101865914,840.7281959840033,0.0,0.0
4040.1989599999997,1871.7730071825024,168.14563919680066,0.0,98.61491040439263
3838.1215199999997,1744.4608465612685,0.0,0.0,1023.9175621047646
3616.0446399999987,1666.2463757270618,0.0,0.0,1446.5602114909268
3483.2226399999995,1730.3662707006965,0.0,0.0,1377.1542343548533
3564.130319999999,1824.6709970005693,0.0,0.0,978.6852310663027
3722.6406399999996,1902.0642180186067,0.0,0.0,392.17517107986333
3904.3915199999997,2073.706847991387,0.0,0.0,0.0
4122.204559999999,2281.314262659814,0.0,0.0,0.0
4137.139279999999,2388.4823992927386,0.0,0.0,0.0
4055.626239999999,2377.4217670535577,0.0,0.0,0.0
3942.07048,2291.0146555661695,0.0,0.0,0.0
3893.2205599999993,2201.9636586602346,0.0,0.0,0.0
3999.9030399999992,2166.996004570401,0.0,0.0,0.0
4123.82888,2168.0569628821354,0.0,0.0,0.0
4322.40576,2206.6145708315958,0.0,0.0,0.0
4512.1090399999985,2316.1173831077217,273.23666369480105,0.0,257.6052214332502
4692.829679999999,2445.911732292506,3026.6215055424113,0.0,0.0
5397.1453599999995,2559.888157556882,5843.0609620888235,0.0,0.0
5286.323119999998,2492.9882113920708,7818.772222651231,0.0,0.0
4736.81416,2327.0461047546673,7986.917861848031,0.0,0.0
4172.261439999999,2112.820466179082,6851.934797269627,0.0,0.0
3682.735759999999,1880.0762825259444,5737.969937590823,0.0,0.0
3240.2551999999996,1712.6647202589197,4813.168922008419,0.0,0.0
2869.703439999999,1630.0447193227774,3510.0402182332136,0.0,0.0
2636.079599999999,1578.5896595971096,1345.1651135744053,0.0,1082.9760422380086
2756.9147199999993,1578.7300805501332,0.0,0.0,2751.3955507773467
2899.4751199999987,1605.513604347575,0.0,0.0,2896.7838550917836
2944.031119999999,1646.4413477768592,0.0,0.0,2718.9902368242615
3262.5858399999993,1763.6134135176235,0.0,0.0,2087.125145639089
3699.6745599999995,1909.3221373784281,0.0,0.0,1107.1497929477116
3972.2971199999993,1993.1548647270477,0.0,0.0,272.08723803807334
3951.6359199999993,2028.6132829557318,0.0,0.0,0.0
3886.0239199999983,2031.037317387222,0.0,0.0,0.0
3762.985439999999,1965.1628696975238,0.0,0.0,0.0
3516.9197599999998,1902.6046259287289,0.0,0.0,0.0
3521.72504,1883.0222857525127,0.0,0.0,0.0
3421.2691199999995,1861.251364459978,0.0,0.0,0.0
3156.9862399999993,1820.1136987978907,0.0,0.0,518.4599590592337
3008.02632,1785.597093829891,0.0,0.0,1755.555067789941
3081.1771199999994,1793.5713018894799,231.20025389560087,0.0,2349.8214803614605
3001.1229599999997,1788.7998262736032,2774.4030467472107,0.0,362.5837649943455
2913.8195199999996,1821.129268518749,6242.406855181224,0.0,0.0
2998.701519999999,1824.7220591653054,8701.536828434433,0.0,0.0
2938.8611199999996,1772.6400695281575,9773.46527831404,0.0,0.0
2709.7304799999997,1717.514207515365,9584.301434217638,0.0,0.0
2415.9353599999995,1641.7024952106751,8260.154525542832,0.0,0.0
2217.0915199999995,1591.1920855326211,6200.370445382024,0.0,0.0
2061.52528,1556.4683951187483,3951.4225211248154,0.0,0.0
2103.81024,1608.4425868525643,1387.2015233736054,0.0,946.8989650860864
2764.1677599999994,1808.0871406091223,0.0,0.0,1941.6305435936174
3558.7459999999996,2034.564861934393,0.0,0.0,1371.2469388856773
4163.8691199999985,2216.3816282308,0.0,0.0,516.6031027864999
4415.446959999999,2312.713238791995,0.0,0.0,0.0
4463.229039999999,2355.9487083886493,0.0,0.0,0.0
4360.6224,2346.5263206014115,0.0,0.0,0.0
4227.270239999999,2318.3187297652244,0.0,0.0,0.0
4179.217439999999,2292.041572434747,0.0,0.0,0.0
4100.40784,2216.876647550045,0.0,0.0,0.0
4006.9003999999995,2094.2012151655235,0.0,0.0,0.0
3840.260959999999,1924.8407802777456,0.0,0.0,0.0
3748.3552799999984,1785.9006300313765,0.0,0.0,0.0
3695.899519999999,1702.4466137378813,0.0,0.0,0.0
3677.5394399999996,1637.7196463612756,0.0,0.0,124.23089038533767
3584.5696799999996,1557.0754675217192,483.41871269080184,0.0,552.5463057491424
3117.7205599999993,1453.3682109431177,3825.3132917272146,0.0,0.0
2466.0862399999996,1328.0389643857943,6389.534289478424,0.0,0.0
2267.52816,1240.0531809719882,8302.190935342032,0.0,0.0
2407.7310399999997,1218.438282960591,8869.682467631234,0.0,0.0
2626.0328799999997,1287.0346277094056,8407.281959840033,0.0,0.0
2786.1412,1357.5458036358166,7146.189665864028,0.0,0.0
2890.6391199999994,1412.9737834566301,5359.642249398021,0.0,0.0
2778.8881599999995,1414.3155836744124,3446.9856035344133,0.0,0.0
2710.3546399999996,1443.9032713519332,1134.9830645784043,0.0,0.0
2887.0257599999995,1523.0368611513861,0.0,0.0,1328.1176129193623
3002.5179199999993,1559.4257454930353,0.0,0.0,1649.1257812899394
2971.471599999999,1527.5714650586267,0.0,0.0,1707.9703206024074
2873.45216,1448.5697858514081,0.0,0.0,1740.5265358894665
2545.7493600000003,1314.2649454482867,0.0,0.0,1931.7668628974786
2280.0451999999996,1168.8824520844055,0.0,0.0,2017.5887511990547
2046.2333599999995,1032.0046459359805,0.0,0.0,2118.359652682006
1943.1755199999996,960.1006076270517,0.0,0.0,1949.1485485212934
1965.8595999999995,969.9995756184908,0.0,0.0,1793.118589528174
2115.3722399999997,1015.5257506609354,0.0,0.0,1475.535552285659
2262.3807199999997,1100.2549026793633,0.0,0.0,1185.0217967061208
2429.46008,1164.7932237251391,0.0,0.0,917.0685039077774
2499.79088,1212.434223423729,0.0,0.0,778.1735018764568
2488.70264,1225.8820118643125,0.0,0.0,1459.8593304780868
2440.8190399999994,1230.507392953306,105.09102449800041,0.0,2101.1189228476205
2374.977679999999,1259.635521148204,1092.9466547792042,0.0,1663.8139740260426
2345.5594399999995,1289.921058410449,3278.839964337613,0.0,0.0
2490.763119999999,1343.7065385989245,5443.715068996421,0.0,0.0
2815.0443199999995,1471.099547647657,6431.570699277625,0.0,0.0
3095.8147999999997,1617.0692559060008,6725.825567872026,0.0,0.0
3439.2569599999993,1733.620065309145,5885.097371888023,0.0,0.0
3826.657279999999,1817.7534920723203,4434.841233815617,0.0,0.0
4079.3443199999992,1897.6445039820221,2690.3302271488105,0.0,0.0
4129.99152,1989.3720093561974,924.8010155824035,0.0,0.0
4534.55624,2138.046593952078,0.0,0.0,0.0
4890.568079999999,2275.6945877519365,0.0,0.0,0.0
4699.116399999999,2262.729053089414,0.0,0.0,0.0
4301.165519999999,2116.3196428569554,0.0,0.0,0.0
4057.84088,2009.2890903901257,0.0,0.0,0.0
3658.254399999999,1916.8580618573674,0.0,0.0,0.0
3223.2186399999996,1761.439016335953,0.0,0.0,156.80304743741894
2864.9771199999996,1556.4130777736173,0.0,0.0,365.660817942928
2590.51592,1414.8318788956308,0.0,0.0,485.64918684297425
2235.0680799999996,1262.121964892149,0.0,0.0,878.2026279756253
1974.67304,1140.5330219017299,0.0,0.0,1235.198455050244
1863.8056799999995,1064.6191852675681,0.0,0.0,1502.0229328718597
1815.8393599999997,1020.0362418792729,0.0,0.0,1893.2293019150106
1745.23032,989.4939753998837,0.0,0.0,3060.4895787000637
1641.9092799999996,947.9563227806983,21.018204899600082,0.0,4062.9833985987284
1471.1263199999996,885.0434806456816,672.5825567872026,0.0,4079.823437417415
1308.8259199999998,870.6411134032294,2080.802285060408,0.0,2729.1220912241583
1211.6975999999997,897.7948378950061,4602.986873012418,0.0,0.0
1216.25848,950.1122808473248,8007.936066747631,0.0,0.0
1373.1482399999998,1032.0585448876461,9184.955541125235,0.0,0.0
1530.3237599999995,1117.7493676752665,8827.646057832033,0.0,0.0
1651.6213599999999,1157.990608667546,7188.226075663229,0.0,0.0
1630.3660799999996,1129.4028883827698,4708.077897510419,0.0,0.0
1753.6414399999996,1102.185336185073,1744.511006666807,0.0,1043.4008093416064
2209.1503999999995,1124.2385177771198,42.036409799200165,0.0,2717.755153034671
2624.901119999999,1164.248560634623,0.0,0.0,2737.5223886365056
2807.0167199999996,1205.3124698365366,0.0,0.0,2513.604917409273
2833.3931199999993,1240.6333038991268,0.0,0.0,2264.1944800303927
2881.532399999999,1282.1000368450675,0.0,0.0,1840.2647159773599
2990.692719999999,1326.2900852435896,0.0,0.0,1255.3819388243194
3121.9843999999994,1389.4128496114095,0.0,0.0,697.2994253194507
3287.6011199999994,1479.4510483689053,0.0,0.0,99.61188339882429
3468.2991999999995,1578.779724321404,0.0,0.0,0.0
3700.4227999999994,1667.7867510299282,0.0,0.0,0.0
3814.5087199999994,1741.9786579977176,0.0,0.0,0.0
3842.5131999999994,1795.5258480840926,0.0,0.0,0.0
3895.0027999999993,1856.1323824452052,0.0,0.0,0.0
3919.11568,1908.1746570653356,0.0,0.0,282.81416738908075
3853.9548799999993,1868.6241736904556,294.25486859440116,0.0,940.6757574963553
3670.568399999999,1787.7502151095882,2627.27561245001,0.0,0.0
3228.9639199999992,1726.0146395504262,6893.9712070688265,0.0,0.0
3284.0103199999994,1820.4541132294637,9899.574507711637,0.0,0.0
3797.5962399999994,2056.660595330387,11391.867055583245,0.0,0.0
4515.083199999999,2371.2092036773565,11328.812440884445,0.0,0.0
5068.235599999998,2598.621646295988,10172.81117140644,0.0,0.0
5345.655919999999,2712.5143863459357,8155.063501044831,0.0,0.0
5247.907199999998,2764.2446144037913,5212.51481510082,0.0,0.0
5588.08192,2899.7068638742603,1702.4745968676066,0.0,0.0
6350.147439999999,3122.8002983923134,42.036409799200165,0.0,0.0
6831.277039999999,3267.9303177194447,0.0,0.0,0.0
6815.285759999998,3331.5466830130445,0.0,0.0,0.0
6769.485199999998,3334.1735477100137,0.0,0.0,0.0
6504.111919999999,3284.4404176507173,0.0,0.0,0.0
6278.68112,3273.412408461229,0.0,0.0,0.0
6234.71168,3323.988064238668,0.0,0.0,0.0
6206.161999999999,3346.8057599082877,0.0,0.0,0.0
6281.286799999999,3356.0451749385543,0.0,0.0,0.0
6426.753679999999,3332.867207328853,0.0,0.0,0.0
6523.855679999999,3290.305474628021,0.0,0.0,0.0
6396.072079999998,3285.341097500919,0.0,0.0,0.0
6449.088079999999,3244.5055496468526,0.0,0.0,0.0
6167.670879999999,3073.7281396876538,0.0,0.0,0.0
5637.563519999999,2929.759784608264,252.21845879520097,0.0,0.0
4917.09864,2764.6360910001,1975.7112605624077,0.0,0.0
4157.409439999999,2400.001172621077,6158.334035582823,0.0,0.0
3126.026399999999,1981.647438546428,10467.06604000084,0.0,0.0
2162.9512799999998,1639.2713688118606,12043.431407470845,0.0,0.0
1612.32936,1407.4321201893208,11938.340382972845,0.0,0.0
1399.4682399999997,1317.1442841820053,10656.229884097242,0.0,0.0
1336.2663999999995,1299.6143593494796,8407.281959840033,0.0,0.0
1289.7514399999995,1304.0652780422918,5653.897117992422,0.0,0.0
1331.3107199999997,1318.2733253800543,2438.1117683536095,0.0,842.5115542857046
1534.6891199999998,1325.810668252458,105.09102449800041,0.0,3432.5606700618364
1603.5422399999995,1308.5842796214185,0.0,0.0,3930.464964501767
1523.0519199999997,1262.297845681795,0.0,0.0,4094.9811915471523
1301.8398399999996,1156.4445597908207,0.0,0.0,4276.439592945104
997.8024799999997,1012.6634326487957,0.0,0.0,4389.615686344166
744.1603999999999,906.3973942595396,0.0,0.0,4305.70781105207
596.7984799999998,863.7392108030942,0.0,0.0,4129.556926321502
555.7279999999998,884.0945754176727,0.0,0.0,3771.202576042884
590.5455999999999,975.8461934807508,0.0,0.0,3889.0190709940625
672.1563999999998,1098.3102852390043,0.0,0.0,3574.4917300826537
791.4123199999998,1259.3234745859288,0.0,0.0,3243.7699894365596
869.6767199999998,1400.3444080452855,0.0,0.0,3119.8845911620524
923.5499999999998,1477.029850724345,0.0,0.0,3292.0957591338856
925.9751999999999,1492.8406826774287,0.0,0.0,4245.32627126183
895.81624,1474.7561660001331,252.21845879520097,0.0,4919.9341201387515
928.4116799999999,1403.1443167449704,1408.2197282732054,0.0,4347.78901699513
1040.2453599999997,1290.613234421313,3468.0038084340135,0.0,2100.734245164488
1153.7447199999997,1217.5815733078002,6725.825567872026,0.0,0.0
1193.8187999999998,1080.581785321395,9962.629122410439,0.0,0.0
1168.0515199999998,926.6364506099973,10950.484752691642,0.0,0.0
1077.9543999999999,761.1156068316653,9815.501688113238,0.0,0.0
938.8682399999998,618.611033808038,7230.262485462427,0.0,0.0
766.2729599999999,507.2345237647978,4140.5863652212165,0.0,998.8062407973247
642.2681599999999,435.6708998874415,1555.347162570406,0.0,3774.7539125217595
651.4613599999999,383.26835332722976,63.05461469880024,0.0,5748.335345599805
650.4047999999999,309.8466340108729,0.0,0.0,6401.750543619515
621.6859199999998,235.51430609005936,0.0,0.0,6577.165027607967
588.39488,178.8679262829088,0.0,0.0,6504.091594839704
563.1615199999999,163.0585127232899,0.0,0.0,6194.778856541452
570.2979999999999,180.95154628282629,0.0,0.0,5713.110973340955
655.5559999999998,220.77577959642937,0.0,0.0,5233.9859151021055
824.3875199999998,296.7009633783099,0.0,0.0,4609.475960498894
1010.3721599999999,411.2404908482457,0.0,0.0,4172.808104250944
1181.19272,522.5645203332851,0.0,0.0,3793.1748435410946
1305.82168,609.8666380970159,0.0,0.0,3578.12593904236
1346.55,681.058642886572,0.0,0.0,3528.054798025409
1384.8004799999999,761.1425563074984,0.0,0.0,3672.7687195540043
1518.7354399999995,850.5821930228121,0.0,0.0,4404.630049205839
1667.5900799999997,945.82022222258,294.25486859440116,0.0,4747.503993962111
1744.0571999999997,1101.1811136119338,1492.2925478716056,0.0,3837.5976745834987
1988.0849599999995,1339.9946029013176,2816.439456546411,0.0,1889.2210069805128
2487.8265599999995,1515.6683071013035,5023.350971004419,0.0,0.0
2866.2291999999993,1622.6293582883536,7545.535558956429,0.0,0.0
3206.4001599999997,1754.1484739264395,8070.990681446431,0.0,0.0
3349.374159999999,1931.0462516866219,6746.843772771626,0.0,0.0
3329.3183199999994,2154.663073393217,4119.568160321616,0.0,0.0
3444.1035999999995,2356.004025733779,1639.4199821688064,0.0,0.0
3984.223839999999,2613.7218631231635,357.3094832932014,0.0,0.0
5059.531199999999,2940.0715050979848,0.0,0.0,0.0
6288.942159999999,3235.4647097016696,0.0,0.0,0.0
6905.58968,3377.0005199887796,0.0,0.0,0.0
7173.448319999998,3665.4294126798754,0.0,0.0,0.0
7463.438319999998,3904.29821931439,0.0,0.0,0.0
8219.235919999997,4097.026686536165,0.0,0.0,0.0
8636.911759999997,4171.635601182631,0.0,0.0,0.0
8746.530799999997,4191.10305148819,0.0,0.0,0.0
9171.75296,4387.729263951471,0.0,0.0,0.0
9350.73648,4601.135071104353,0.0,0.0,0.0
9668.678319999999,4768.623226618482,0.0,0.0,0.0
10387.6768,4826.276665785702,0.0,0.0,0.0
11005.298159999998,4817.352134104639,0.0,0.0,0.0
11135.661119999999,4840.713074471311,0.0,0.0,1823.0675189026651
11210.086559999996,4943.563621397123,189.1638440964007,0.0,0.0
11171.411199999997,4959.904932506073,1954.6930556628076,0.0,0.0
11041.882959999999,4931.7526590150155,4645.023282811618,0.0,0.0
11763.686399999999,4987.148015786138,6914.989411968427,0.0,0.0
11871.132159999997,5020.50721168679,7461.462739358029,0.0,0.0
11492.616719999998,4952.8540985921245,5948.151986586822,0.0,0.0
10734.649599999999,4650.428499189536,6053.243011084823,0.0,0.0
9607.488079999997,4266.66228975613,5674.915322892022,0.0,0.0
8201.736879999997,3876.1104859867114,3089.6761202412117,0.0,0.0
6748.316399999998,3524.645350929154,987.8556302812038,0.0,0.0
5624.1327999999985,3126.197350740715,21.018204899600082,0.0,0.0
5343.854879999999,2971.16127145482,0.0,0.0,0.0
5143.72888,2803.346885443768,0.0,0.0,0.0
4609.320079999999,2501.0177367967904,0.0,0.0,0.0
4149.017119999999,2258.5944361392712,0.0,0.0,0.0
3911.1895999999992,2309.623977825473,0.0,0.0,0.0
3946.180159999999,2428.716548317693,0.0,0.0,0.0
4163.297599999999,2466.8982819989583,0.0,0.0,0.0
5203.046639999998,2845.127083345448,0.0,0.0,0.0
7082.1292,3493.6846583776232,0.0,0.0,0.0
8930.458719999999,3928.1697813284213,0.0,0.0,0.0
9721.393519999998,4251.237260825495,0.0,0.0,0.0
10213.754239999998,4596.275655093654,0.0,0.0,0.0
10345.008319999999,4527.629666573568,0.0,0.0,0.0
10021.614479999998,4532.342988057384,294.25486859440116,0.0,0.0
9969.203839999998,4532.616737996107,1639.4199821688064,0.0,0.0
9776.35344,4365.712960589512,2606.25740755041,0.0,0.0
10320.011839999997,4302.061135459289,2921.5304810444118,0.0,0.0
10701.422479999996,4261.8057105323605,3468.0038084340135,0.0,0.0
11017.311359999998,4197.424831161186,3425.9673986348134,0.0,0.0
10967.506399999997,4039.55480173245,2984.5850957432112,0.0,0.0
10278.9,3828.2382881533454,2227.9297193576085,0.0,0.0
9043.890399999998,3805.9680923611704,1534.328957670806,0.0,0.0
8638.675199999996,3963.7473446081553,609.5279420884024,0.0,0.0
8986.418799999998,4077.1408101584625,0.0,0.0,0.0
9538.804159999996,4217.97309728699,0.0,0.0,0.0
10211.607279999998,4403.730160628849,0.0,0.0,0.0
11095.301279999998,4537.429347022465,0.0,0.0,0.0
11838.638239999997,4770.769255930855,0.0,0.0,6836.374977911244
12294.064479999997,4931.82925226212,0.0,0.0,6836.374977911244
12451.796479999997,4962.029685916472,0.0,0.0,6836.374977911244
12249.5724,4895.782200745509,0.0,0.0,6836.374977911244
11938.6768,4756.70872151344,0.0,0.0,4321.544985263959
11422.447599999998,4624.406652682737,0.0,0.0,0.0
10675.722879999998,4518.549111611368,0.0,0.0,0.0
10024.908239999999,4461.011980708269,0.0,0.0,0.0
9542.526559999997,4376.982096668031,0.0,0.0,0.0
9033.403759999997,4246.824638756235,0.0,0.0,0.0
8471.261199999997,4090.0396803281355,84.07281959840033,0.0,0.0
8069.696959999999,3963.662241000262,567.4915322892022,0.0,0.0
7794.3371199999965,3850.1524671858338,1303.128703775205,0.0,0.0
7677.258239999999,3782.5163748127466,2080.802285060408,0.0,0.0
7584.179439999997,3714.321435414494,2648.2938173496104,0.0,0.0
7547.320159999998,3574.0621792457805,3152.730734940012,0.0,0.0
7266.700079999999,3328.3794104059543,3278.839964337613,0.0,0.0
6597.24712,2999.2185125837295,2963.566890843611,0.0,0.0
5795.795599999999,2619.1557284871415,2248.947924257209,0.0,0.0
5073.454479999999,2152.4177565383034,1050.910244980004,0.0,0.0
4457.156639999999,1815.6556881377542,84.07281959840033,0.0,571.094785777587
3928.1396799999993,1685.583333833852,0.0,0.0,1541.8931048166246
3574.662079999999,1595.7890987523165,0.0,0.0,1917.3310226270926
3543.397679999999,1538.1115468961939,0.0,0.0,1781.9894707269486
3367.4747999999995,1431.1774451849767,0.0,0.0,1641.828046899669
2953.303279999999,1305.326229832575,0.0,0.0,1692.4090278917886
2486.2736799999993,1148.4334735011446,0.0,0.0,1900.5938597437782
2154.2355999999995,1120.8499757895074,0.0,0.0,1900.7499035211856
2003.2076799999995,1158.8104400902503,0.0,0.0,1860.739511294385
2139.3685599999994,1276.134273931757,0.0,0.0,1521.8930257210343
2489.4095199999997,1448.0052652523837,0.0,0.0,957.5930386857593
2798.530399999999,1569.3459893864479,0.0,0.0,602.4916408836748
3106.414239999999,1668.2193610367183,0.0,0.0,502.625320976615
3675.4112799999994,1877.7316781284878,0.0,0.0,752.5426188303505
4229.932319999999,2104.284574307398,210.18204899600082,0.0,624.1880528751709
4461.958159999999,2355.093417129323,1008.8738351808039,0.0,0.0
4825.8848,2615.033877078183,1765.529211566407,0.0,0.0
5506.452319999998,2971.399561556921,2459.1299732532098,0.0,0.0
6249.9659999999985,3295.3989255604256,2248.947924257209,0.0,0.0
6636.43384,3482.391409610202,1660.4381870684065,0.0,0.0
7243.673839999998,3706.2862364359157,1324.1469086748052,0.0,0.0
7877.756479999998,3995.2214955939744,987.8556302812038,0.0,0.0
8673.135599999998,4310.992759107676,567.4915322892022,0.0,0.0
9761.069039999998,4678.716938453221,189.1638440964007,0.0,0.0
10478.65,4926.782608314055,0.0,0.0,6836.374977911244
10758.837679999999,4949.683989198104,0.0,0.0,6836.374977911244
10893.133599999996,4913.079509049792,0.0,0.0,6836.374977911244
10778.179119999999,4847.619232251841,0.0,0.0,4552.071971190813
10195.758879999998,4695.4624916996645,0.0,0.0,0.0
9309.97056,4472.363383607752,0.0,0.0,0.0
8307.63352,4251.261373514399,0.0,0.0,0.0
7418.303279999999,4057.7726473954453,0.0,0.0,0.0
6913.2224799999985,3916.6098745895997,0.0,0.0,0.0
6672.8719999999985,3731.689663392022,0.0,0.0,0.0
6413.823039999998,3529.2820791658664,0.0,0.0,0.0
5923.500239999999,3356.9274156737138,0.0,0.0,0.0
5523.767119999998,3275.671909250792,0.0,0.0,0.0
5451.473599999999,3300.1718195697676,0.0,0.0,0.0
5628.622239999999,3324.172455389102,42.036409799200165,0.0,0.0
5453.519039999998,3323.5880772815694,294.25486859440116,0.0,0.0
5559.637519999999,3254.24707596369,693.6007616868027,0.0,0.0
5766.918799999999,3194.5894468305864,1366.1833184740053,0.0,0.0
6347.282319999999,3178.798472386011,1975.7112605624077,0.0,0.0
7038.189839999999,3414.4446890683043,2164.875104658808,0.0,0.0
8435.02232,3916.5375365228906,2206.9115144580082,0.0,0.0
10222.289439999997,4336.858582333336,2143.8568997592083,0.0,0.0
11937.97368,4821.20165396834,1513.3107527712057,0.0,0.0
13172.118479999997,5204.166471094084,903.7828106828034,0.0,0.0
13598.284399999997,5369.683059692021,126.10922939760049,0.0,0.0
12932.061279999998,5256.305196469826,0.0,0.0,0.0
12423.566399999994,5022.366725519257,0.0,0.0,0.0
12313.781919999998,4905.83861041155,0.0,0.0,0.0
11847.241119999997,4744.297778695688,0.0,0.0,0.0
11960.902159999996,4642.2358585363545,0.0,0.0,0.0
11987.421439999998,4512.740790372661,0.0,0.0,0.0
11289.275919999996,4446.596847924633,0.0,0.0,0.0
10357.036559999999,4708.69893951398,0.0,0.0,0.0
9685.188479999999,4843.061934049161,0.0,0.0,0.0
9030.361919999998,5011.572751251473,0.0,0.0,0.0
8829.690719999999,5312.214011675237,0.0,0.0,0.0
10076.649599999999,5660.443791239389,0.0,0.0,0.0
12292.692079999997,5871.011393069035,0.0,0.0,6836.374977911244
14055.887679999998,6042.322118971029,567.4915322892022,0.0,0.0
15209.816639999997,6218.927707677446,3594.1130378316143,0.0,0.0
16138.600559999999,6422.990557077123,7797.75401775163,0.0,6836.374977911244
16716.098959999996,6533.933038720109,11581.030899679647,0.0,6836.374977911244
16917.179999999997,6493.101746046436,12863.14139855525,0.0,6836.374977911244
16772.7584,6377.5154441994155,12694.99575935845,0.0,6836.374977911244
16292.989919999998,6241.996458990352,11160.666801687643,0.0,6836.374977911245
15781.411839999997,6132.60853658488,8827.646057832033,0.0,5420.859787057348
15221.37488,5978.209315964721,6095.279420884023,0.0,0.0
14186.713119999997,5689.1336358536355,3026.6215055424113,0.0,0.0
12455.409839999998,5362.504570366234,378.3276881928014,0.0,0.0
11041.68744,5094.5828103904605,0.0,0.0,4010.601996527788
10190.412159999996,4813.847283852905,0.0,0.0,0.0
9250.194079999997,4575.838023658112,0.0,0.0,0.0
8326.042479999998,4363.423673537185,0.0,0.0,0.0
7637.466159999999,4247.76077844306,0.0,0.0,0.0
7458.670639999999,4165.189002884723,0.0,0.0,0.0
7201.843839999999,4032.46567119495,0.0,0.0,0.0
7438.336559999999,4016.3357007122668,0.0,0.0,0.0
7599.478879999999,4121.906726303729,0.0,0.0,0.0
8078.348719999997,4295.248591647442,0.0,0.0,0.0
9282.81584,4448.152825555613,0.0,0.0,0.0
9949.433759999996,4837.1614172352365,0.0,0.0,0.0
11109.11552,5269.723198647647,0.0,0.0,6836.374977911244
12231.780079999997,5652.6596479040945,42.036409799200165,0.0,0.0
13477.652319999996,5874.127603511388,630.5461469880024,0.0,0.0
14988.254879999997,6017.192441953645,1681.4563919680065,0.0,0.0
15848.057839999994,6194.355459291761,3236.8035545384123,0.0,0.0
16261.402159999994,6342.674027127956,4581.968668112818,0.0,0.0
16487.919599999997,6502.941141512351,5695.9335277916225,0.0,6836.374977911244
16489.803359999998,6591.2645025708,6011.206601285623,0.0,6836.374977911244
16278.45376,6573.6792603931435,5023.350971004419,0.0,6836.374977911244
15792.161679999997,6527.229711205058,3299.8581692372127,0.0,0.0
15146.035759999993,6425.299701637958,1429.2379331728057,0.0,0.0
14627.452799999997,6313.7969545763435,168.14563919680066,0.0,0.0
14399.021519999997,6213.056977126282,0.0,0.0,0.0
14380.037279999997,6113.424764972298,0.0,0.0,0.0
14373.558799999997,6025.997828583657,0.0,0.0,0.0
14362.297599999996,5940.75521813094,0.0,0.0,0.0
14449.642399999997,5883.513113068539,0.0,0.0,0.0
14684.22128,5933.304397259895,0.0,0.0,0.0
14890.509919999995,6039.146336003151,0.0,0.0,0.0
14952.606319999997,5998.584538087807,0.0,0.0,0.0
14564.728479999996,5850.270225432007,0.0,0.0,0.0
13701.473839999999,5690.142113607171,0.0,0.0,0.0
12604.790879999999,5370.877346989455,0.0,0.0,0.0
11236.368959999998,4882.308881222557,0.0,0.0,0.0
9610.368239999998,4295.818785820326,0.0,0.0,0.0
7898.786159999998,3615.9757061331616,1513.3107527712057,0.0,0.0
6450.347679999999,3006.821101555518,4287.713799518417,0.0,0.0
6265.765519999998,2643.179058601915,7083.135051165228,0.0,0.0
5633.7959999999985,2279.37957397371,8764.591443133233,0.0,0.0
4712.93816,1916.0212097130848,8449.318369639233,0.0,0.0
3974.064319999999,1623.3428102011912,7440.444534458428,0.0,0.0
3464.095519999999,1431.1235462333111,6284.443264980424,0.0,0.0
3090.8929599999997,1331.0899287287639,5317.60583959882,0.0,0.0
2787.2616799999996,1260.465281325162,3993.4589309240155,0.0,0.0
2650.3638399999995,1253.9037931565997,2269.9661291568086,0.0,0.0
2694.7807199999997,1286.4516679953379,462.40050779120173,0.0,1764.9617865674809
2769.2663199999993,1265.8792891806318,0.0,0.0,2593.794475552181
2521.3055999999997,1187.582551525462,0.0,0.0,3119.36324452416
2149.5844799999995,1157.4388536097058,0.0,0.0,3419.3473720421516
1906.8990399999996,1207.9109666642075,0.0,0.0,3363.4906827025734
1889.5015199999998,1246.9664307198425,0.0,0.0,3011.997780824785
1969.3751999999993,1222.5885022388475,0.0,0.0,2675.9861821061622
1942.3332799999996,1144.5754432766548,0.0,0.0,2417.7301935231094
1711.1421599999999,1023.5779703610931,0.0,0.0,2810.156411408859
1371.8623199999995,899.8429980583015,0.0,0.0,3132.148996146624
1112.0011999999997,783.2368713100269,0.0,0.0,3426.2988566952986
908.4348,682.0259872296244,0.0,0.0,3715.7466344620034
723.1683199999998,615.5033337264729,0.0,0.0,3949.993234532649
582.8000000000001,579.8818002493268,0.0,0.0,4745.644393095719
469.8834399999999,553.2542997330227,756.6553763856028,0.0,4812.292032358294
387.0431199999999,516.0427471817395,2312.002538956009,0.0,3823.019160414226
337.92624,457.58649731339443,4287.713799518417,0.0,1825.0996446972251
333.9481599999999,396.86223629469686,6452.588904177225,0.0,0.0
374.8531999999999,378.96920273516037,8092.008886346031,0.0,0.0
543.4854399999999,446.6010399278527,8428.300164739632,0.0,0.0
943.5682399999997,626.2320618948703,8007.936066747631,0.0,0.0
1576.4063199999996,887.8589916734803,6872.953002169227,0.0,0.0
2225.1980799999997,1138.917471745225,5065.38738080362,0.0,0.0
2465.5711199999996,1312.717478178096,2921.5304810444118,0.0,0.0
2586.812319999999,1474.794462623685,651.5643518876025,0.0,1604.089318901398
2961.6279199999994,1701.9473392382413,0.0,0.0,2125.9826773995605
3281.2993599999995,1876.7657521789008,0.0,0.0,1939.479016246645
3597.6281599999993,1973.4150828762301,0.0,0.0,1412.2920199151815
3582.670879999999,1916.0722718778202,0.0,0.0,1183.0999493834743
3398.5624799999996,1795.103166831556,0.0,0.0,1070.9595364544064
3348.0243199999995,1667.9541214587844,0.0,0.0,955.6440799385996
3332.9805599999995,1555.8343732399442,0.0,0.0,729.106152695724
3208.5809599999993,1474.1987373684328,0.0,0.0,673.1730896758289
3014.1927199999996,1486.9486762242925,0.0,0.0,725.9563598842493
2906.6228799999994,1590.1368007947458,0.0,0.0,652.2006872627782
2817.3003199999994,1773.170548684025,0.0,0.0,624.2037694576895
2938.669359999999,2054.32733808065,0.0,0.0,579.7439492734137
3369.1780799999988,2401.7316126482383,0.0,0.0,861.1429156434017
3836.5084799999995,2850.57655103754,126.10922939760049,0.0,691.3081316798848
4774.380319999998,3351.429722603816,504.43691759040195,0.0,0.0
6240.167439999998,3837.948609813954,1008.8738351808039,0.0,0.0
7851.7711199999985,4258.195899164226,1471.2743429720058,0.0,0.0
9217.113599999999,4587.765294304339,1702.4745968676066,0.0,0.0
10399.727599999998,4795.012437032686,1639.4199821688064,0.0,0.0
11384.264799999995,4905.345009485769,1345.1651135744053,0.0,0.0
11968.756799999997,4906.641421112675,903.7828106828034,0.0,0.0
12319.500879999996,4864.493859303589,462.40050779120173,0.0,0.0
12661.179599999998,4826.873809434419,147.12743429720058,0.0,0.0
13052.260959999996,4867.854033421903,0.0,0.0,6836.374977911245
13388.089119999997,4931.44912281353,0.0,0.0,6836.374977911244
13610.447999999997,4978.569572110507,0.0,0.0,6836.374977911244
13521.997759999995,4891.7525449117675,0.0,0.0,6836.374977911244
13245.724239999996,4709.907410746064,0.0,0.0,6836.374977911244
12641.996079999997,4463.508353206469,0.0,0.0,0.0
11302.123839999997,4387.808693985505,0.0,0.0,0.0
10318.605599999997,4516.017279276548,0.0,0.0,0.0
9856.96408,4654.168802756439,0.0,0.0,0.0
9557.660559999998,4730.920909928348,0.0,0.0,0.0
9548.429759999995,4672.546926880967,0.0,0.0,0.0
9487.675679999998,4611.906351076697,0.0,0.0,0.0
9880.133199999998,4741.042565693774,0.0,0.0,0.0
10572.537199999995,4854.579288984037,0.0,0.0,6836.374977911244
11659.346399999995,4943.2061862439705,357.3094832932014,0.0,0.0
12868.427039999999,5041.198735552547,651.5643518876025,0.0,0.0
13706.756639999996,5107.070346455315,1134.9830645784043,0.0,0.0
13880.137759999998,4959.588630763404,1681.4563919680065,0.0,0.0
13739.803279999998,4710.549942985655,1786.547416466007,0.0,0.0
12984.103439999995,4421.423200709836,1849.602031164807,0.0,0.0
11965.305119999995,4179.7998739665145,2017.7476703616078,0.0,0.0
10829.10832,4171.093774879045,1744.511006666807,0.0,0.0
9510.540239999998,4163.240130263971,1219.0558841768047,0.0,0.0
8348.023439999999,4195.748290085691,525.455122490002,0.0,0.0
7664.07568,4343.842751754435,105.09102449800041,0.0,0.0
7372.062799999998,4483.506282667895,0.0,0.0,0.0
7458.238239999998,4469.963461865165,0.0,0.0,6836.374977911244
7676.145279999998,4373.304202413582,0.0,0.0,6836.374977911244
8059.473519999998,4215.7391275797945,0.0,0.0,0.0
8336.472719999998,4023.9269425363364,0.0,0.0,0.0
8304.238239999999,3842.7115750690414,0.0,0.0,0.0
8168.660159999998,3721.9665761902297,0.0,0.0,0.0
7900.9519199999995,3634.2985129125577,0.0,0.0,0.0
7560.284639999999,3656.771538970211,0.0,0.0,0.0
6936.038159999998,3491.433667948849,0.0,0.0,0.0
6165.538959999998,3246.3324404296254,0.0,0.0,0.0
5881.711599999999,3073.6983534248916,0.0,0.0,0.0
6034.860159999998,3166.3591616989615,0.0,0.0,0.0
6073.708479999999,3254.4343039010546,168.14563919680066,0.0,0.0
6153.9731999999985,3419.447362818957,504.43691759040195,0.0,0.0
6778.731039999998,3629.043365125156,945.8192204820036,0.0,0.0
7815.472079999999,3794.954267106332,1345.1651135744053,0.0,0.0
8424.964319999997,3677.360938506496,1639.4199821688064,0.0,0.0
8496.686319999999,3419.7962876113193,1534.328957670806,0.0,0.0
7587.687519999999,2964.0083132114005,1092.9466547792042,0.0,0.0
6253.677119999998,2556.004596250024,756.6553763856028,0.0,0.0
5054.071679999999,2446.023785376232,462.40050779120173,0.0,0.0
4425.192879999999,2573.250842389573,189.1638440964007,0.0,0.0
4093.3277599999997,2794.3783835652935,21.018204899600082,0.0,57.96627820488259
4070.940719999999,2939.0559353771264,0.0,0.0,85.23079223119043
4104.355839999998,2928.053457270006,0.0,0.0,0.0
4086.1198399999994,2901.370639408571,0.0,0.0,0.0
4307.275519999999,2818.3549066957257,0.0,0.0,0.0
4872.873519999999,2751.775517453979,0.0,0.0,0.0
5309.202719999999,2605.55759033928,0.0,0.0,0.0
5364.046079999999,2407.6080167732603,0.0,0.0,0.0
5284.804079999998,2295.7024459676177,0.0,0.0,0.0
5265.992799999998,2197.888614235617,0.0,0.0,0.0
4976.130639999999,2102.5782469691403,0.0,0.0,0.0
4574.013679999999,2049.5274945954757,0.0,0.0,0.0
4322.97728,2023.1099163119743,0.0,0.0,0.0
4272.818879999999,2083.088102368142,0.0,0.0,0.0
4072.933519999999,2178.2325175992273,609.5279420884024,0.0,266.7163337514282
4191.52768,2392.8694902796306,1723.4928017672066,0.0,0.0
4991.91512,2720.482920831665,2396.0753585544094,0.0,0.0
6071.993919999999,2961.412653170659,2879.494071245211,0.0,0.0
6814.71048,3146.776821522745,3089.6761202412117,0.0,0.0
7061.005519999998,3346.0469194045736,2879.494071245211,0.0,0.0
7179.592159999999,3717.7326716975444,2101.820489960008,0.0,0.0
7897.650639999999,4112.454552253729,1786.547416466007,0.0,0.0
9349.642319999999,4403.619525938588,1429.2379331728057,0.0,0.0
10551.793279999996,4696.469551059733,756.6553763856028,0.0,0.0
11934.939359999997,4930.96686903547,147.12743429720058,0.0,0.0
13210.432879999998,5321.261943587744,0.0,0.0,6836.374977911245
14010.399199999996,5553.808970549262,0.0,0.0,6836.374977911245
14324.205039999997,5727.824572788795,0.0,0.0,6836.374977911244
14169.748,5699.636839461117,0.0,0.0,6836.374977911244
13712.370319999998,5555.57912559344,0.0,0.0,6836.374977911244
12920.664719999999,5441.199876585037,0.0,0.0,6836.374977911244
12016.362159999999,5298.658425331321,0.0,0.0,6836.374977911244
11170.347119999997,5123.80171576711,0.0,0.0,6836.374977911244
10598.394719999997,4958.039745099748,0.0,0.0,6836.374977911244
10193.972879999998,4739.168867926661,0.0,0.0,0.0
9898.05336,4516.9066119790305,0.0,0.0,0.0
9429.335519999999,4317.544318521985,0.0,0.0,0.0
8677.008399999999,4036.9917647414013,0.0,0.0,0.0
7967.157999999998,3816.281231244356,756.6553763856028,0.0,0.0
7489.980159999999,3520.083797546081,1912.6566458636073,0.0,0.0
7465.416079999998,3395.358786604799,2942.5486859440116,0.0,0.0
7589.353199999998,3328.921236709541,3404.949193735213,0.0,0.0
7165.7703999999985,3150.8929993578445,3173.7489398396124,0.0,0.0
6327.2076799999995,2869.4808991375403,2963.566890843611,0.0,0.0
5455.7336799999985,2572.8763865148426,2354.0389487552093,0.0,0.0
4543.309519999999,2426.5960500876886,1660.4381870684065,0.0,0.0
3922.168799999999,2428.8966842877335,987.8556302812038,0.0,0.0
3919.2698399999995,2544.1326429489286,378.3276881928014,0.0,0.0
4589.704159999999,2790.5742522924693,42.036409799200165,0.0,0.0
5670.888399999999,3210.3350326842856,0.0,0.0,0.0
6901.510079999998,3689.0116224270687,0.0,0.0,0.0
8361.40152,4117.191986426447,0.0,0.0,0.0
9764.915519999999,4544.019203060325,0.0,0.0,0.0
10692.473679999997,4879.920306627689,0.0,0.0,0.0
11858.254159999999,5312.533150204837,0.0,0.0,0.0
13206.330719999998,5630.915676087392,0.0,0.0,0.0
14074.202639999996,5785.561697170444,0.0,0.0,0.0
14609.705599999998,5964.323243943486,0.0,0.0,4894.958092978799
14952.734159999998,6109.214973168517,0.0,0.0,6836.374977911244
14673.956479999999,6132.400032745542,0.0,0.0,6836.374977911244
14206.71256,6106.986677035182,0.0,0.0,6836.374977911243
13662.091599999998,6071.019055552602,0.0,0.0,6836.374977911244
13434.923679999998,6057.528715308073,672.5825567872026,0.0,0.0
13619.825439999995,6094.31758660682,2564.22099775121,0.0,0.0
14213.439199999997,6127.839897755934,5548.8060934944215,0.0,0.0
14694.636479999997,6142.4436768704,7419.426329558828,0.0,31.462000438697377
15120.136879999998,6212.665500529974,8070.990681446431,0.0,6836.374977911245
15444.463199999997,6268.487793734025,7461.462739358029,0.0,6836.374977911244
15587.798159999998,6245.933919248875,6368.516084578824,0.0,0.0
15505.585759999998,6200.246047351433,4560.9504632132175,0.0,0.0
15344.766799999998,6154.780863227978,2795.421251646811,0.0,0.0
15172.806959999994,6126.291012092278,1387.2015233736054,0.0,0.0
15021.628639999997,6103.742811180987,294.25486859440116,0.0,0.0
14936.340559999995,6094.250922113969,0.0,0.0,0.0
14949.402799999998,6124.5080915069175,0.0,0.0,0.0
14942.119679999996,6193.992350564749,0.0,0.0,6836.374977911244
14859.504959999997,6201.326863171676,0.0,0.0,975.0179260717932
14770.678719999996,6211.727942449684,0.0,0.0,6836.374977911244
14701.058559999996,6208.367768331371,0.0,0.0,0.0
14577.170319999997,6186.503233070152,0.0,0.0,0.0
14458.534799999996,6159.42610182548,0.0,0.0,0.0
14241.883599999997,6149.329977142421,0.0,0.0,0.0
13825.911039999997,6075.831664578961,0.0,0.0,0.0
13388.833599999998,6069.484353823597,0.0,0.0,0.0
13011.119039999998,6031.332406405093,0.0,0.0,0.0
12522.495759999996,5981.980824187852,84.07281959840033,0.0,0.0
12015.354479999995,5913.246895272943,2396.0753585544094,0.0,0.0
11736.659519999997,5812.840240287132,5653.897117992422,0.0,0.0
12045.660079999998,5719.206414096149,8680.518623534834,0.0,0.0
11687.719359999997,5554.918154238803,10656.229884097242,0.0,0.0
11189.27872,5362.978313783505,11433.903465382446,0.0,6836.374977911244
10791.463199999998,5222.191415245854,11349.830645784044,0.0,0.0
10533.673839999998,5127.671093139319,10088.738351808039,0.0,0.0
10184.81352,5044.673799541517,8260.154525542832,0.0,0.0
9553.618559999999,4917.622623317823,6095.279420884023,0.0,0.0
8241.931279999999,4692.855484511204,3510.0402182332136,0.0,0.0
7168.188079999999,4476.99018309021,1092.9466547792042,0.0,0.0
6837.142639999997,4305.645415745056,0.0,0.0,0.0
6492.97856,4125.573273410459,0.0,0.0,0.0
6145.054479999999,3930.3994958552207,0.0,0.0,0.0
5769.84408,3680.6899079685836,0.0,0.0,0.0
5208.306879999999,3418.3509446706003,0.0,0.0,0.0
4465.2368799999995,3053.611065175176,0.0,0.0,0.0
3844.3217599999994,2727.0117859505353,0.0,0.0,0.0
3445.5323999999996,2458.5723123600783,0.0,0.0,0.0
3040.9526399999995,2218.910623778692,0.0,0.0,0.0
2602.1230399999995,1971.565497798019,0.0,0.0,493.79919636221734
2280.5678399999993,1798.969707416836,0.0,0.0,1141.4951867894674
2042.3417599999996,1681.7097012812483,0.0,0.0,1895.6235789868244
1843.6896799999995,1547.0857223485273,252.21845879520097,0.0,3068.2505388121426
1542.6866399999994,1321.7030007781484,3194.767144739212,0.0,1484.257725576125
1281.3102399999996,1091.7828385135995,7230.262485462427,0.0,0.0
1239.5667199999998,965.3614289883138,10887.430137992842,0.0,0.0
1260.9047199999998,930.311508077517,13031.28703775205,0.0,0.0
1405.4015199999997,985.1366706757539,13829.978823936854,0.0,0.0
1692.7670399999997,1078.8612740484882,13640.814979840454,0.0,0.0
2026.2451999999996,1140.3287732427862,12463.795505462847,0.0,0.0
2204.1307999999995,1141.5556835899126,10361.97501550284,0.0,0.0
2224.5250399999995,1114.2643749320418,7650.626583454429,0.0,0.0
2115.5301599999993,1111.002069962804,4497.895848514418,0.0,0.0
2023.3311999999999,1136.3232300979482,1471.2743429720058,0.0,1888.240563724642
2217.1366399999993,1248.8543124216058,0.0,0.0,3336.89877319099
2468.0564799999993,1440.2041011955107,0.0,0.0,3249.351060659068
2886.3903199999995,1748.120301700674,0.0,0.0,2381.724056967397
3485.978719999999,2103.003765008606,0.0,0.0,1045.2699956362048
4068.007919999999,2396.1771838397444,0.0,0.0,0.0
4507.390239999999,2589.27159657546,0.0,0.0,0.0
4951.750799999999,2751.330141906005,0.0,0.0,0.0
5403.405759999999,2927.2619937165996,0.0,0.0,0.0
5704.5178399999995,3040.106540995997,0.0,0.0,0.0
6076.16,3117.555079359165,0.0,0.0,0.0
6402.125679999999,3140.798293068251,0.0,0.0,0.0
6780.870479999998,3240.4773122065767,0.0,0.0,0.0
7090.551599999999,3267.3473580053765,0.0,0.0,6836.374977911244
7231.224479999999,3167.627205456569,189.1638440964007,0.0,0.0
6541.381039999998,2943.099775145516,546.4733273896021,0.0,0.0
5973.564639999999,2843.9058465721814,1555.347162570406,0.0,0.0
6210.613839999998,2926.1669939617077,3152.730734940012,0.0,0.0
6609.7754399999985,2955.2327128441507,4539.932258313617,0.0,0.0
6596.40864,2914.1305070186854,4687.059692610818,0.0,0.0
6371.365119999999,2879.086259681748,4413.8230289160165,0.0,0.0
6147.081119999999,2853.0956178311776,3173.7489398396124,0.0,0.0
5419.953519999998,2819.495295041494,2017.7476703616078,0.0,0.0
4672.69864,2653.567372338741,1240.0740890764048,0.0,0.0
4233.399039999999,2464.604739766238,525.455122490002,0.0,0.0
4266.565999999999,2328.4914476953863,0.0,0.0,0.0
4171.99824,2246.4884479164693,0.0,0.0,201.06541642612981
4005.464079999999,2267.642368051779,0.0,0.0,145.14616949960907
3866.3666399999993,2382.086863159567,0.0,0.0,0.0
4004.8173599999996,2520.5390860540156,0.0,0.0,0.0
4233.726159999999,2742.931834200415,0.0,0.0,0.0
4828.49424,2903.9960857120755,0.0,0.0,0.0
5707.322799999999,3174.7035704528853,0.0,0.0,0.0
6106.901759999999,3406.5867892728365,0.0,0.0,6836.374977911244
6810.02176,3570.4963380750573,0.0,0.0,6836.374977911244
6904.187199999999,3693.6923208611925,0.0,0.0,6836.374977911244
7016.442,3805.475909828855,0.0,0.0,6836.374977911244
7584.653199999999,3926.942870981294,21.018204899600082,0.0,0.0
7847.7178399999975,4047.5190810377844,651.5643518876025,0.0,0.0
8144.299119999999,4210.357742774017,1870.6202360644072,0.0,0.0
8715.631119999998,4287.86301687578,3573.094832932014,0.0,0.0
9526.136719999999,4431.371812472548,5023.350971004419,0.0,0.0
10219.597279999996,4592.34954198285,6095.279420884023,0.0,0.0
10391.628559999997,4548.969396252778,6746.843772771626,0.0,0.0
10162.287359999998,4409.305865339317,6473.607109076825,0.0,0.0
9697.419759999999,4231.240749757533,5443.715068996421,0.0,0.0
9231.773839999998,4032.391914734775,3972.440726024415,0.0,0.0
8387.116159999998,3814.0146384874683,2269.9661291568086,0.0,0.0
7600.903919999999,3574.096220688939,609.5279420884024,0.0,0.0
6868.617599999999,3301.6540407405732,0.0,0.0,0.0
6240.844239999999,3020.927024563809,0.0,0.0,0.0
5551.36176,2814.111073448787,0.0,0.0,0.0
5013.693039999998,2517.0186334741684,0.0,0.0,0.0
4218.945599999999,2132.337560255912,0.0,0.0,0.0
3524.7029599999996,1899.1494194482661,0.0,0.0,0.0
3118.6906399999993,1669.4590369250284,0.0,0.0,0.0
2477.652,1279.7398301194974,0.0,0.0,890.4017631781155
1588.10368,988.2386971834594,0.0,0.0,2005.1613931596164
1243.8756799999999,822.1590063799625,0.0,0.0,2540.0004955863515
870.1542399999998,816.2528159921773,0.0,0.0,3052.8329251616387
577.9307999999999,711.9611813060425,0.0,0.0,3863.252406159882
697.2731999999999,747.6862575061252,21.018204899600082,0.0,4728.497073778172
1009.8645599999999,924.4663086087218,672.5825567872026,0.0,4328.676730965924
1345.1324799999998,1110.6006646122414,1954.6930556628076,0.0,2866.1069374326617
1511.4410399999995,1228.4719983311943,3741.2404721288144,0.0,711.219586740772
1613.9987999999998,1368.5809047926293,4497.895848514418,0.0,0.0
1857.2820799999997,1546.6871537848947,4182.622775020416,0.0,0.0
2225.1266399999995,1731.266950550899,3341.894579036413,0.0,0.0
2788.6792,1960.490681624189,2774.4030467472107,0.0,0.0
3385.6055199999996,2156.721162310767,1912.6566458636073,0.0,0.0
3993.7366399999996,2325.375237253032,1366.1833184740053,0.0,0.0
4221.513679999999,2411.8249005443663,756.6553763856028,0.0,0.0
4286.77224,2468.3606456612556,189.1638440964007,0.0,0.0
4728.624879999999,2709.5570359716485,0.0,0.0,0.0
5285.6388,2978.902862986168,0.0,0.0,0.0
5523.50016,3096.250809516577,0.0,0.0,0.0
5646.106239999999,3160.9777768931835,0.0,0.0,4145.5537489797325
5663.026239999998,3154.6602524005816,0.0,0.0,0.0
5577.18168,3128.923502980226,0.0,0.0,0.0
5364.219039999999,3047.5219020304203,0.0,0.0,0.0
5391.685839999998,2996.8909289078515,0.0,0.0,0.0
5439.340079999999,2871.0524790966338,0.0,0.0,0.0
5176.489759999999,2753.1924925253998,0.0,0.0,0.0
4461.668639999999,2468.5861702221728,0.0,0.0,0.0
4027.9338399999992,2344.8568714932408,0.0,0.0,0.0
4045.5268799999994,2335.4940562315282,21.018204899600082,0.0,0.0
3915.0210399999987,2321.761170704503,756.6553763856028,0.0,0.0
4263.907679999999,2487.9614249525152,1660.4381870684065,0.0,0.0
5564.668399999999,2815.372025239071,5506.769683695222,0.0,0.0
6901.976319999998,3104.87038660269,8932.737082330033,0.0,0.0
8002.197439999998,3419.6062228870246,11665.103719278046,0.0,0.0
9003.654639999999,3758.7994176863876,12421.759095663647,0.0,840.9611468069689
9665.98992,3952.991666963925,11560.012694780045,0.0,0.0
10027.76584,4122.305294867362,9731.428868514839,0.0,0.0
9869.263039999998,4076.8358555635127,6515.643518876025,0.0,0.0
9100.504719999997,3859.3464936252244,3594.1130378316143,0.0,0.0
7912.00256,3631.305702701649,1366.1833184740053,0.0,0.0
7134.547359999999,3484.144543932801,21.018204899600082,0.0,0.0
6848.452719999998,3333.382084156607,0.0,0.0,4268.583197389945
6311.4570399999975,3110.421978624253,0.0,0.0,0.0
5872.319119999998,2921.737351170869,0.0,0.0,0.0
5721.3099999999995,2835.0252850885304,0.0,0.0,0.0
5612.7775999999985,2733.5874580537466,0.0,0.0,0.0
5242.139359999999,2579.101715432227,0.0,0.0,0.0
4690.566159999999,2376.8118578636568,0.0,0.0,0.0
4132.281359999999,2171.0710489950184,0.0,0.0,0.0
3720.046239999999,2046.6382271075029,0.0,0.0,0.0
3491.8255199999994,2040.5533191431418,0.0,0.0,0.0
3324.5243199999995,2091.374356990006,0.0,0.0,0.0
3270.090799999999,2103.1881561590412,21.018204899600082,0.0,0.0
3398.7805599999997,2134.2070028426324,462.40050779120173,0.0,0.0
3501.5263199999995,2153.240424747937,2122.8386948596085,0.0,0.0
4467.801199999999,2269.518902605823,5275.569429799621,0.0,0.0
5451.921039999998,2520.114986408015,8806.627852932434,0.0,0.0
6162.948319999998,2801.873174633751,11118.630391888444,0.0,0.0
6724.963039999999,3040.5150383138835,10782.339113494842,0.0,0.0
7241.90288,3257.9887979240593,8512.372984338033,0.0,0.0
7661.443679999999,3446.3713075694227,6389.534289478424,0.0,0.0
7918.127599999998,3614.2679604014384,4539.932258313617,0.0,0.0
7714.1551199999985,3681.0062097112523,2480.1481781528096,0.0,0.0
7552.33224,3740.4553350050173,777.673581285203,0.0,0.0
7793.577599999997,3877.784190275276,0.0,0.0,0.0
7982.8597599999985,3951.929290258726,0.0,0.0,6419.117388882123
7898.289839999999,3903.7166779937866,0.0,0.0,0.0
7625.749999999999,3862.9775808953314,0.0,0.0,0.0
7313.542159999998,3786.7176562557383,0.0,0.0,0.0
7022.717439999998,3703.289171044611,0.0,0.0,0.0
7036.212079999998,3721.566589233132,0.0,0.0,0.0
7122.725919999999,3579.4988813966884,0.0,0.0,0.0
6859.759039999999,3395.3119796204583,0.0,0.0,0.0
6337.720639999999,3289.044522837737,0.0,0.0,0.0
5982.457039999999,3213.9689567413234,0.0,0.0,0.0
5702.036239999999,3223.130360131021,0.0,0.0,0.0
5479.741279999999,3312.3302883507704,210.18204899600082,0.0,0.0
5324.310399999999,3381.9351108531187,1975.7112605624077,0.0,0.0
6060.2739999999985,3392.331934950732,4476.877643614817,0.0,0.0
6475.321599999999,3251.81736795834,6872.953002169227,0.0,0.0
6439.992639999999,3025.914095986348,9163.937336225636,0.0,0.0
6354.715839999999,2831.2339193568905,10298.92040080404,0.0,0.0
6389.480799999998,2657.5941913855513,11118.630391888444,0.0,0.0
6365.303999999998,2475.5121855112106,10551.138859599241,0.0,0.0
5903.312799999999,2351.0368118197484,9332.082975422436,0.0,0.0
5157.325040000001,2321.246293876749,6830.916592370027,0.0,0.0
4409.430959999999,2365.894483364429,4350.768414217217,0.0,0.0
3569.672559999999,2426.8740552068066,1786.547416466007,0.0,0.0
3667.2483199999997,2630.7666973906985,42.036409799200165,0.0,0.0
4465.834719999999,2834.7955053472188,0.0,0.0,0.0
5300.280239999999,3003.0737060212896,0.0,0.0,0.0
5828.436159999999,3055.2436360532597,0.0,0.0,0.0
6265.4271199999985,3106.222115574726,0.0,0.0,0.0
6666.11904,3299.4569492634646,0.0,0.0,0.0
7125.3579199999995,3502.480116253381,0.0,0.0,0.0
7814.4004799999975,3788.4622802175477,0.0,0.0,0.0
8430.50656,4074.6231617582903,0.0,0.0,0.0
9189.086559999996,4400.0905629979525,0.0,0.0,0.0
9674.525119999998,4588.673066121865,0.0,0.0,0.0
9923.267919999998,4681.887047847241,0.0,0.0,410.59691334139825
9872.21464,4680.691342156342,651.5643518876025,0.0,0.0
9390.79176,4494.968320257639,3531.058423132814,0.0,0.0
9610.721679999999,4303.828453716538,6410.552494378025,0.0,6836.374977911244
9318.302719999998,4007.2154307330497,7503.499149157229,0.0,0.0
7955.118479999998,3562.1689500427124,7440.444534458428,0.0,0.0
6687.03968,3159.2062034555415,8806.627852932434,0.0,0.0
5859.21552,2841.4974144688044,9941.610917510838,0.0,0.0
5443.641519999998,2649.3589989284233,8995.791697028835,0.0,0.0
5250.858799999999,2512.9677017384543,6179.352240482423,0.0,0.0
4789.965519999999,2286.441755035378,3404.949193735213,0.0,0.0
3938.302959999999,1956.6127938911911,1849.602031164807,0.0,0.0
3158.475199999999,1709.3343324033674,840.7281959840033,0.0,504.5625797636926
3040.2231999999995,1642.547857715747,21.018204899600082,0.0,1703.2244224313413
3202.9146399999995,1709.0137754803031,0.0,0.0,1681.9238517146966
3365.128559999999,1857.9918962776705,0.0,0.0,1203.9097329797428
3726.227679999999,2044.0680981491296,0.0,0.0,277.7696840386983
4071.4708799999994,2316.6450254766587,0.0,0.0,0.0
4609.617119999999,2592.1339145875995,0.0,0.0,0.0
5428.315759999999,2870.195769443843,0.0,0.0,0.0
5910.0582399999985,3052.1955084972205,0.0,0.0,0.0
6107.958319999999,3155.2772535578074,0.0,0.0,0.0
6350.643759999999,3283.7964670176593,0.0,0.0,0.0
6476.85568,3231.752774004063,0.0,0.0,0.0
6376.873519999999,3109.4858389374285,0.0,0.0,0.0
6444.639999999999,3120.313854648368,21.018204899600082,0.0,0.0
6365.319039999999,3189.2775633045885,462.40050779120173,0.0,0.0
6498.163599999998,3263.6467694554885,1240.0740890764048,0.0,0.0
6864.504159999999,3277.191008651685,2143.8568997592083,0.0,0.0
7279.3975999999975,3271.4706278077992,3762.2586770284142,0.0,0.0
7425.597679999999,3315.530184007552,5107.423790602819,0.0,0.0
7328.010639999999,3330.5892674242473,5359.642249398021,0.0,0.0
7330.5035199999975,3367.081694488832,4855.205331807619,0.0,0.0
7048.676479999999,3298.942072435712,4035.4953407232156,0.0,0.0
6712.829519999999,3191.9327958708545,3005.6033006428115,0.0,0.0
6352.0913599999985,3134.3658787049935,1597.383572369606,0.0,0.0
5988.679839999999,3123.09248744608,504.43691759040195,0.0,0.0
5801.25136,3101.778288849239,0.0,0.0,0.0
5903.301519999999,3047.980043119579,0.0,0.0,0.0
5539.35608,2883.940002118588,0.0,0.0,0.0
5090.63768,2674.640444046551,0.0,0.0,0.0
4775.226319999999,2491.8719357352056,0.0,0.0,0.0
4456.821999999999,2327.6687794857526,0.0,0.0,0.0
4333.302239999999,2237.0504578011187,0.0,0.0,0.0
4237.189119999999,2185.3613631537446,0.0,0.0,0.0
4264.388959999998,2162.366368301013,0.0,0.0,0.0
4260.89592,2106.138414566004,0.0,0.0,0.0
4213.576319999999,1996.3661075315497,0.0,0.0,0.0
4010.5325599999987,1796.9626806640224,0.0,0.0,0.0
3514.6411999999987,1541.6476018041546,84.07281959840033,0.0,389.65150243049254
2770.8267199999996,1295.7095221406485,966.8374253816037,0.0,1169.2411810773337
2425.3579199999995,1211.164761272656,3152.730734940012,0.0,0.0
2696.3298399999994,1333.387726141879,6452.588904177225,0.0,0.0
3148.7067199999997,1487.2124974087612,8323.209140241632,0.0,0.0
3755.6308799999997,1611.0666147626034,9016.809901928435,0.0,0.0
4350.38768,1745.5430807749763,8911.718877430434,0.0,0.0
4699.285599999999,1874.2594509264472,8197.099910844032,0.0,0.0
4724.50016,1938.9367745317822,6830.916592370027,0.0,0.0
4544.8924799999995,1948.2754771045913,5023.350971004419,0.0,0.0
4140.2826399999985,1945.4982627003446,3068.657915341612,0.0,0.0
3554.3806399999994,1986.512528130987,1324.1469086748052,0.0,0.0
3714.0903999999996,2160.4189140737244,84.07281959840033,0.0,0.0
4377.83944,2422.342288086496,0.0,0.0,0.0
4803.155599999998,2668.093139812637,0.0,0.0,0.0
5059.192799999999,2850.7708709422295,0.0,0.0,0.0
5170.026319999999,2973.6037450013537,0.0,0.0,0.0
5228.456719999999,3088.4255327708024,0.0,0.0,0.0
5275.731199999998,3211.350602405144,0.0,0.0,0.0
5387.861919999999,3300.059766486041,0.0,0.0,0.0
5621.124799999999,3339.93222517745,0.0,0.0,0.0
5882.557599999999,3394.3361249166164,0.0,0.0,0.0
6335.761679999999,3461.926828698827,0.0,0.0,0.0
7025.341919999998,3547.165183971149,0.0,0.0,0.0
7470.078479999998,3605.3377551465164,693.6007616868027,0.0,0.0
7715.34704,3620.189753117338,3468.0038084340135,0.0,0.0
8299.61344,3699.3559659664825,7461.462739358029,0.0,0.0
9538.059679999997,3917.123333023889,10719.284498796042,0.0,0.0
10042.644159999998,3995.8314047838753,12652.959349559249,0.0,6836.374977911244
9907.009679999997,3976.444802905814,13283.505496547252,0.0,6836.374977911244
9670.449279999999,3925.9968025402154,13157.39626714965,0.0,6836.374977911244
9569.662479999997,3884.6109180217727,12253.613456466846,0.0,2717.1026838735784
9468.00336,3825.512135913834,10404.01142530204,0.0,0.0
9141.736879999999,3730.6684200973045,7839.79042755083,0.0,0.0
8517.51296,3587.5581930641706,4939.278151406019,0.0,0.0
7418.649199999998,3397.2126268634047,2101.820489960008,0.0,0.0
6871.644399999998,3294.789016370525,168.14563919680066,0.0,0.0
6772.797759999999,3242.5694425672837,0.0,0.0,0.0
6551.521759999999,3167.1562988262267,0.0,0.0,0.0
6211.0913599999985,3067.0957318458472,0.0,0.0,0.0
5801.935679999999,2958.875147261978,0.0,0.0,0.0
5291.823999999999,2798.2888943479843,0.0,0.0,0.0
4908.574719999999,2614.4665196922288,0.0,0.0,0.0
4528.525199999999,2413.7851203128384,0.0,0.0,0.0
4147.520639999999,2243.637477052049,0.0,0.0,0.0
3750.3480799999998,2086.146158678436,0.0,0.0,0.0
3419.753839999999,1964.9628762189748,0.0,0.0,0.0
3196.8535199999997,1858.6386836976583,0.0,0.0,0.0
3139.11872,1817.959159124729,336.2912783936013,0.0,0.0
3134.8924799999995,1830.7431394237462,1765.529211566407,0.0,0.0
3362.492799999999,1935.7113477926316,5002.332766104819,0.0,0.0
4112.541359999999,2163.608880976253,7881.8268373500305,0.0,0.0
5110.727359999999,2418.383551925999,11328.812440884445,0.0,0.0
6067.993279999999,2659.371438397053,13010.268832852451,0.0,0.0
6812.149919999999,2881.470579096221,12884.15960345485,0.0,4909.666810811207
7292.576399999998,2982.6999022916666,11517.976284980845,0.0,0.0
7700.419839999997,3074.2954970736077,9395.137590121236,0.0,0.0
7891.886559999998,3172.228473856658,6872.953002169227,0.0,0.0
7515.578239999998,3185.6649151495235,3930.404316225215,0.0,0.0
6943.4829599999985,3230.3896978843077,1387.2015233736054,0.0,0.0
6850.186079999999,3362.052071262347,63.05461469880024,0.0,0.0
6995.731919999999,3466.3621450635255,0.0,0.0,0.0
6921.18992,3570.9459688034262,0.0,0.0,0.0
6825.208399999999,3810.6473724018283,0.0,0.0,0.0
7007.842879999999,3976.997976357119,0.0,0.0,0.0
7311.778719999998,4069.6630398115844,0.0,0.0,0.0
7588.371839999998,4094.389893084941,0.0,0.0,0.0
8031.021599999998,4162.027403851493,0.0,0.0,0.0
8823.129519999999,4378.255813999498,0.0,0.0,0.0
9237.940239999998,4492.768391993601,0.0,0.0,0.0
9252.092879999998,4440.97859141022,0.0,0.0,0.0
8876.01016,4338.48831642449,0.0,0.0,0.0
8511.448079999998,4186.527314170468,1576.365367470006,0.0,0.0
8450.558639999997,4080.0570271222696,5254.55122490002,0.0,0.0
9575.919119999999,4061.949816149535,8974.773492129234,0.0,0.0
9165.673039999998,3830.8226010463673,11791.212948675648,0.0,0.0
8225.609119999997,3519.3958767156114,13577.760365141652,0.0,0.0
7230.032559999998,3228.5840830035086,14313.397536627657,0.0,0.0
6582.804959999999,3039.4937950191666,14082.197282732055,0.0,0.0
6149.111519999999,2882.17268386134,12884.15960345485,0.0,0.0
5808.015599999999,2756.6462806123977,10824.375523294042,0.0,0.0
5418.118639999999,2585.3270443496117,8197.099910844032,0.0,0.0
4903.13776,2406.632162069419,5233.53302000042,0.0,0.0
4212.587439999999,2184.630890519328,2333.020743855609,0.0,0.0
3712.3833599999994,2002.4708730044188,231.20025389560087,0.0,0.0
3489.061919999999,1852.3381799266347,0.0,0.0,902.5839304927954
3039.9675199999992,1661.8734686748185,0.0,0.0,1622.0727763559778
2502.5356799999995,1438.6821650076884,0.0,0.0,2155.365483639113
2053.0577599999997,1239.6971642123017,0.0,0.0,2502.0351156247507
1638.9087999999997,1047.6027188693315,0.0,0.0,2897.750175806946
1215.1868799999997,819.5207945352745,0.0,0.0,3272.67089150232
809.8851999999998,597.1762717666813,0.0,0.0,3069.0644729976775
470.44744,396.07644631515,0.0,0.0,3536.4556385198025
252.90511999999995,233.05623021541197,0.0,0.0,3868.8637033300133
154.61871999999997,123.28250478749294,0.0,0.0,4039.628167039683
131.39695999999995,82.47957998311855,0.0,0.0,3877.5415744425977
194.27919999999995,99.16839749096675,1807.5656213656068,0.0,2339.95208317634
294.73136,136.7629162777691,5548.8060934944215,0.0,0.0
442.45423999999986,189.29879182368015,9142.919131326034,0.0,0.0
671.0960799999999,266.8593832705742,11959.358587872444,0.0,0.0
814.5851999999999,333.43593572539135,13787.942414137653,0.0,0.0
917.0827999999998,400.82948281598283,14565.615995422855,0.0,0.0
1048.4835199999998,479.46947168965505,14334.415741527257,0.0,0.0
1221.2931199999998,575.4677597866017,13178.414472049251,0.0,0.0
1422.4230399999997,680.4118554665843,11076.593982089244,0.0,0.0
1676.2305599999995,817.8697845421474,8365.245550040832,0.0,0.0
2008.5167999999996,1001.9786746778097,5380.660454297621,0.0,0.0
2280.045199999999,1216.7745074262798,2459.1299732532098,0.0,0.0
2898.689279999999,1550.363629645879,294.25486859440116,0.0,4.9264286155743
3981.6519999999987,1959.475111903331,0.0,0.0,0.0
4844.85776,2295.476921406701,0.0,0.0,0.0
5411.2792,2547.6162172986883,0.0,0.0,0.0
5780.7368,2726.1621682650684,0.0,0.0,0.0
6050.084399999999,2871.374454413163,0.0,0.0,0.0
6354.80984,3040.62141782375,0.0,0.0,0.0
6614.701039999998,3129.588729515257,0.0,0.0,0.0
6891.572399999998,3189.606630588442,0.0,0.0,0.0
7197.741679999998,3326.7269820193624,0.0,0.0,0.0
7300.566399999998,3466.333777194228,0.0,0.0,0.0
7548.711359999998,3601.420152396501,0.0,0.0,0.0
7771.731999999998,3745.564388265537,1471.2743429720058,0.0,0.0
7819.792319999999,3954.770332368892,5044.369175904019,0.0,0.0
8847.550719999997,4139.11042063933,8743.573238233634,0.0,0.0
9865.029279999997,4327.362438085925,11602.049104579246,0.0,6836.374977911244
10607.561599999997,4532.154341726555,13388.596521045252,0.0,6836.374977911244
11045.180479999997,4646.7463497546905,14166.270102330456,0.0,6836.374977911244
11250.702079999997,4701.075074640219,13914.051643535255,0.0,6836.374977911244
11342.85968,4721.050309806208,12442.777300563248,0.0,6836.374977911244
11223.509759999997,4678.8573594062445,9668.374253816039,0.0,6836.374977911243
10857.714399999997,4641.688358658907,6347.497879679225,0.0,0.0
10287.23592,4596.756490478251,3552.076628032414,0.0,0.0
9872.819999999998,4613.2977950657505,1303.128703775205,0.0,0.0
9948.411039999999,4689.879695021873,84.07281959840033,0.0,0.0
9835.42304,4737.689483542784,0.0,0.0,0.0
9275.9388,4669.542769522338,0.0,0.0,0.0
8728.388799999999,4491.0436255403,0.0,0.0,0.0
8342.571439999998,4350.785787765052,0.0,0.0,0.0
7787.369839999998,4157.492799944252,0.0,0.0,0.0
7447.304159999999,3965.4295592575095,0.0,0.0,0.0
6886.703199999998,3640.3848392703835,0.0,0.0,0.0
6243.013759999999,3343.645579268522,0.0,0.0,0.0
5663.571439999999,3218.1319415607636,0.0,0.0,0.0
5181.524399999999,3031.5025662379985,0.0,0.0,0.0
4616.039199999999,2761.9950423684822,0.0,0.0,0.0
4087.8795199999995,2419.3182732193586,168.14563919680066,0.0,0.0
3198.7673599999994,2004.8509372384979,630.5461469880024,0.0,411.94159204219324
2414.4426399999998,1741.9715660303932,1324.1469086748052,0.0,935.3238894899695
2244.5696,1555.6712579914822,2585.23920265081,0.0,0.0
2082.6903199999992,1356.0025915460205,3720.222267229214,0.0,0.0
1859.7298399999997,1247.667117091496,4203.640979920016,0.0,0.0
1866.5579999999995,1252.0981782758,4014.4771358236158,0.0,0.0
2111.3264799999997,1359.4280117637204,3236.8035545384123,0.0,0.0
2468.5715999999998,1568.384318617255,2312.002538956009,0.0,0.0
2753.8991999999994,1785.632553666513,1513.3107527712057,0.0,0.0
3114.9456799999994,2058.9697398912217,882.7646057832035,0.0,0.0
3780.8416799999986,2419.2629558742287,357.3094832932014,0.0,0.0
4470.17376,2695.629830539933,21.018204899600082,0.0,0.0
4946.024319999999,2913.8198788498753,0.0,0.0,0.0
5211.698399999999,3164.8287151503487,0.0,0.0,0.0
5454.553039999999,3428.915139197071,0.0,0.0,0.0
5564.909039999999,3525.181503658881,0.0,0.0,0.0
5862.43784,3507.3991047896056,0.0,0.0,0.0
5877.27104,3396.002737237857,0.0,0.0,0.0
5935.870639999999,3289.5125926811497,0.0,0.0,0.0
5876.492719999999,3196.6886691586174,0.0,0.0,0.0
5962.626799999998,3138.2692975203586,0.0,0.0,0.0
5903.500799999998,3026.5963432429585,0.0,0.0,0.0
5695.975119999998,2911.0100413959362,0.0,0.0,0.0
5462.806239999999,2791.924562871041,714.6189665864028,0.0,0.0
4873.475119999999,2651.2709933190895,2669.3120222492103,0.0,0.0
4713.09608,2560.0016290340727,5275.569429799621,0.0,0.0
4723.789519999998,2467.0188454434738,8007.936066747631,0.0,0.0
4468.771279999999,2422.7465302239884,10046.701942008838,0.0,0.0
4512.315839999998,2446.713124600166,11181.685006587244,0.0,0.0
4837.92808,2496.281721017536,10740.302703695641,0.0,0.0
5286.135119999998,2564.0440504089975,9311.064770522837,0.0,0.0
5614.180079999999,2623.5116148178067,7755.71760795243,0.0,0.0
5628.024399999998,2676.629031684321,5843.0609620888235,0.0,0.0
5115.397279999999,2712.46048739427,3930.404316225215,0.0,0.0
4822.899359999999,2812.7040271316205,1849.602031164807,0.0,0.0
5213.931839999999,2970.85064328601,252.21845879520097,0.0,0.0
5620.16976,3014.4293641011664,0.0,0.0,0.0
5475.417279999999,2944.196193293873,0.0,0.0,0.0
5281.013999999999,2823.7377098949682,0.0,0.0,0.0
5320.903839999998,2772.393284859561,0.0,0.0,0.0
5297.054159999998,2732.2172899666666,0.0,0.0,0.0
4782.107119999999,2552.749383248111,0.0,0.0,0.0
4231.725839999998,2291.1494029453343,0.0,0.0,0.0
3712.3570399999994,2054.9641967463835,0.0,0.0,0.0
3490.3290399999996,1944.7039623600083,0.0,0.0,0.0
3476.168879999999,1946.3464619923466,0.0,0.0,0.0
3547.1539199999993,2011.9953851211283,0.0,0.0,0.0
3736.4774399999997,2073.190552770168,693.6007616868027,0.0,0.0
3863.0427999999997,2152.0120960073455,2711.3484320484104,0.0,0.0
4232.2635199999995,2248.8202867727423,5843.0609620888235,0.0,0.0
4728.1812,2422.2827155609707,8617.464008836032,0.0,0.0
5185.814559999999,2638.2614884591558,10803.357318394443,0.0,0.0
5517.258559999999,2775.1846831984567,11854.267563374444,0.0,0.0
5712.549199999999,2816.6216298816353,11875.285768274045,0.0,0.0
5802.078559999999,2803.491561577186,11055.575777189642,0.0,0.0
5887.092159999998,2815.0684890375846,9374.119385221637,0.0,0.0
6006.272879999999,2921.567143955083,6914.989411968427,0.0,0.0
5949.846559999998,3036.936431601977,4161.604570120816,0.0,0.0
6054.626479999999,3269.6933807962973,1639.4199821688064,0.0,0.0
6537.339039999999,3569.8183459988427,189.1638440964007,0.0,0.0
6668.296079999997,3651.853968827452,0.0,0.0,0.0
6388.161039999998,3592.603418618771,0.0,0.0,0.0
5700.599919999999,3399.6054566386674,0.0,0.0,0.0
5055.76368,3174.512087335125,0.0,0.0,0.0
4598.799599999999,2965.6919462542196,0.0,0.0,0.0
4304.786399999999,2719.2560104845384,0.0,0.0,0.0
3685.551999999999,2488.1826943330375,0.0,0.0,0.0
3284.07048,2309.327533591312,0.0,0.0,0.0
2915.789759999999,2201.111204187838,0.0,0.0,0.0
2636.594719999999,2147.2065789483117,0.0,0.0,0.0
2455.5958399999995,2047.384302070033,0.0,0.0,0.0
2298.7023199999994,1913.8666700399228,294.25486859440116,0.0,1031.0053907966947
2076.3848,1811.2501580358182,1366.1833184740053,0.0,813.9621028754389
2039.0141599999995,1736.0979986923007,2921.5304810444118,0.0,0.0
2192.3920799999996,1733.2739773037126,4645.023282811618,0.0,0.0
2398.89504,1780.3575483706022,6326.4796747796245,0.0,0.0
2716.5699199999995,1854.0728751341906,7692.66299325363,0.0,0.0
3019.28752,1877.744443669672,8617.464008836032,0.0,0.0
3222.7185599999993,1877.720330980769,8617.464008836032,0.0,0.0
3328.900959999999,1882.7329334856759,7818.772222651231,0.0,0.0
3323.9791199999995,1891.8688057930062,6179.352240482423,0.0,0.0
3345.6517599999997,1957.0794453411386,3930.404316225215,0.0,0.0
3354.8938399999993,2042.2922695310924,1807.5656213656068,0.0,0.0
3680.502319999999,2152.08301568059,294.25486859440116,0.0,0.0
4009.9760799999995,2213.425696249978,0.0,0.0,0.0
3830.0638399999993,2102.3044970304177,0.0,0.0,0.0
3373.614879999999,1852.9027005256594,0.0,0.0,0.0
2840.811599999999,1572.36291228626,0.0,0.0,2.282760387104985
2287.9524799999995,1300.451211493762,0.0,0.0,568.799007578017
1751.3967199999995,1035.8187059630588,0.0,0.0,1090.7432573678032
1312.2362399999997,812.0997599269912,0.0,0.0,1709.053357648204
1014.2787999999997,661.4436796606642,0.0,0.0,2093.2509923225666
853.7606399999999,584.7000828495444,0.0,0.0,2316.524762503228
860.9798399999999,590.2913898881249,0.0,0.0,2387.2786725899687
1009.4471999999997,663.3570924447953,0.0,0.0,2299.63925039958
1196.3831199999997,766.3977040949007,1177.0194743776046,0.0,1494.1860421206536
1147.4166399999997,840.0023961682278,3951.4225211248154,0.0,0.0
1103.4321599999998,907.5179250967994,7398.408124659228,0.0,0.0
1177.2108799999999,966.951448062451,10235.86578610524,0.0,0.0
1192.8111199999998,988.020264589867,12085.467817270046,0.0,0.0
1137.1104799999998,962.7742793083619,12821.10498875605,0.0,0.0
1050.3221599999997,915.955947819406,12589.904734860449,0.0,0.0
1007.0332799999999,885.9441604958841,11517.976284980845,0.0,0.0
1052.5142399999997,893.2545604139061,9710.410663615237,0.0,0.0
1226.9067999999995,943.9607083901144,7272.298895261628,0.0,0.0
1525.8907199999996,1016.3399085097801,4518.914053414017,0.0,0.0
1867.5581599999996,1083.0597187045507,2143.8568997592083,0.0,0.0
2279.7406399999995,1167.668307278463,378.3276881928014,0.0,766.2774578039163
2809.9006399999994,1276.3768192142527,0.0,0.0,717.2860765093509
3047.434879999999,1347.6057022338957,0.0,0.0,501.2682408998009
3037.752879999999,1375.275721946891,0.0,0.0,213.69206956676234
2943.6400799999997,1384.6257716674195,0.0,0.0,0.0
2905.1865599999996,1413.2858300189052,0.0,0.0,0.0
3046.0436799999993,1485.499078103179,0.0,0.0,0.0
3412.7151199999994,1643.9378833113356,0.0,0.0,0.0
3914.9383199999993,1917.7544865271752,0.0,0.0,0.0
4315.197839999999,2209.607381042505,0.0,0.0,0.0
4723.567679999998,2430.6710945123064,0.0,0.0,0.0
4970.0319199999985,2622.003862564633,21.018204899600082,0.0,0.0
5080.722559999999,2745.3048064671693,2017.7476703616078,0.0,0.0
5495.837839999999,2886.7640235071763,5611.860708193222,0.0,0.0
6193.144879999999,3008.8252915214016,9058.846311727635,0.0,0.0
6049.24968,2946.430163001068,11812.231153575247,0.0,0.0
5480.4782399999995,2764.725449788388,13661.833184740053,0.0,0.0
4929.615679999999,2557.8697836563492,14502.561380724055,0.0,0.0
4532.894319999999,2369.854637918391,14334.415741527257,0.0,0.0
4199.8147199999985,2191.5696713495504,13220.450881848452,0.0,0.0
3947.1577599999996,2035.7038318866971,11244.739621286044,0.0,0.0
3761.143039999999,1916.3545321773327,8596.445803936433,0.0,0.0
3594.623919999999,1818.5931810035333,5674.915322892022,0.0,0.0
3349.3139999999994,1707.7996306743607,2774.4030467472107,0.0,0.0
3074.2699999999995,1632.0971346664674,588.5097371888023,0.0,0.0
3152.3539199999996,1626.5100828082816,0.0,0.0,493.85083487881485
3112.3174399999994,1556.2726568205942,0.0,0.0,683.9075479214413
3128.692239999999,1512.6173427583337,0.0,0.0,395.2623440534119
3310.2062399999995,1552.902553948025,0.0,0.0,0.0
3655.171199999999,1705.7996958888714,0.0,0.0,0.0
3929.50456,1800.1455555992263,0.0,0.0,0.0
3939.4986399999993,1870.5418416549812,0.0,0.0,0.0
3866.7200799999996,1968.6804854904406,0.0,0.0,0.0
3856.4101599999985,2060.264733124662,0.0,0.0,0.0
3797.4082399999993,2082.7051361326226,0.0,0.0,0.0
3752.145359999999,2079.19744909396,42.036409799200165,0.0,0.0
3660.164479999999,2037.5009364067078,2206.9115144580082,0.0,0.0
3780.9168799999993,1949.9505997866215,5716.951732691223,0.0,0.0
4013.9315999999985,1844.9199821052812,9416.155795020837,0.0,0.0
3669.113279999999,1669.785267421952,12169.540636868445,0.0,0.0
3291.1279999999992,1461.2346210993749,14019.142668033255,0.0,0.0
2945.7155999999986,1261.3461036668564,14922.925478716057,0.0,0.0
2734.723199999999,1109.8560080431762,14838.852659117656,0.0,0.0
2672.807279999999,1004.1303775640419,13745.906004338454,0.0,0.0
2706.6623199999995,938.2119596769317,11686.121924177647,0.0,0.0
2788.0287199999993,910.5944205221372,8953.755287229635,0.0,0.0
2873.072399999999,931.6419611475799,5969.1701914864225,0.0,0.0
2872.485839999999,976.328447258812,3026.6215055424113,0.0,0.0
2850.6515199999994,1066.2063675547759,714.6189665864028,0.0,1222.4373769759432
3075.75896,1176.4524180065018,0.0,0.0,1796.6747902252146
3075.5784799999997,1194.7128154734437,0.0,0.0,1849.719367764908
2946.3322399999993,1137.2749721128869,0.0,0.0,1636.113157056038
2773.691839999999,1061.4703517755213,0.0,0.0,1418.498863626267
2565.18856,990.7293961077992,0.0,0.0,1443.4295511703017
2410.0471999999995,943.4132085126686,0.0,0.0,1379.2296568180248
2289.7008799999994,917.4849759745531,0.0,0.0,1512.8373314150401
2274.886479999999,927.0804077645066,0.0,0.0,1486.8218539119096
2379.3392799999992,972.1002163399869,0.0,0.0,1364.4754372324207
2670.8558399999993,1062.3114591001988,0.0,0.0,1188.585192025407
3100.7779999999993,1198.9041681621818,42.036409799200165,0.0,1056.415730131426
3294.4819199999993,1308.8197329365894,1975.7112605624077,0.0,0.0
3249.9935999999993,1366.4334570867923,5023.350971004419,0.0,0.0
3466.2349599999993,1412.752514076108,7650.626583454429,0.0,0.0
3304.419599999999,1375.5551454594738,9269.028360723636,0.0,0.0
2947.27976,1256.8767458590007,10425.02963020164,0.0,0.0
2592.5011999999992,1111.1580932439417,10845.393728193641,0.0,0.0
2330.978159999999,1002.0623598922381,10866.411933093243,0.0,0.0
2155.510239999999,933.7567858037247,10277.90219590444,0.0,0.0
2061.31472,897.5636397602298,8932.737082330033,0.0,0.0
2053.8285599999995,894.552390434277,6431.570699277625,0.0,0.0
2057.5283999999997,923.0238024549328,4203.640979920016,0.0,0.0
2051.2980799999996,975.6660575107104,2101.820489960008,0.0,921.6767596010945
2072.5345599999996,1059.2775154788078,483.41871269080184,0.0,2378.398399262255
2232.7970399999995,1140.6167071161578,0.0,0.0,2782.697683777644
2204.5594399999995,1142.185450288322,0.0,0.0,2815.2843285736426
2049.92192,1086.9702294872413,0.0,0.0,2633.12575893991
1893.4607999999996,1003.8381885102752,0.0,0.0,2403.1194759537816
1739.5564799999997,907.1789290586917,0.0,0.0,2344.5068775296945
1598.0075199999997,822.8426720300374,0.0,0.0,2287.4751285846896
1471.1075199999996,758.0419481932574,0.0,0.0,2425.316395505068
1355.3822399999997,703.8437155065002,0.0,0.0,2556.6494867609954
1228.5123199999998,651.6794590483892,0.0,0.0,2761.1294877432647
1133.39936,608.624125421776,0.0,0.0,3092.946053514816
1097.4424799999995,592.8288957968058,0.0,0.0,3637.0172790343863
1085.76768,591.4757484313047,1113.9648596788043,0.0,3629.9310341180794
997.9227999999998,583.9327319850411,3257.8217594380126,0.0,2111.1597075395666
969.6851999999998,594.4855793637928,5590.842503293622,0.0,26.43738093008898
988.1919199999999,612.2878357415764,7377.389919759628,0.0,0.0
959.58584,607.6000453401282,8827.646057832033,0.0,0.0
894.2295199999999,585.4674337140477,9226.991950924436,0.0,0.0
831.0164,577.727260576165,9079.864516627234,0.0,0.0
782.3281599999999,587.1482299699376,8007.936066747631,0.0,0.0
768.3936,622.9598281713784,6767.861977671227,0.0,0.0
819.8529599999998,688.0910376854766,5191.49661020122,0.0,0.0
904.4341599999999,760.4092468861521,3573.094832932014,0.0,755.0703149779702
1012.8123999999999,829.6793285307878,1849.602031164807,0.0,2278.2088755511527
1173.40952,901.1365728982777,441.38230289160174,0.0,3402.2201830687827
1399.2050399999998,960.4211645501159,0.0,0.0,3737.4059037949405
1506.33496,979.5283429155949,0.0,0.0,3686.712201499522
1515.6071199999994,966.3443756594795,0.0,0.0,3324.782424021399
1504.8685599999994,956.6184516707567,0.0,0.0,2877.36007274887
1472.3633599999998,949.2754287030422,0.0,0.0,2625.1497799616213
1455.4057599999994,944.3309090844497,0.0,0.0,2383.3648424350945
1474.9878399999996,953.9433615959819,0.0,0.0,2321.2121130767123
1505.9589599999995,980.9992169386815,0.0,0.0,2220.6658218988955
1550.812,1008.8153311785601,0.0,0.0,2165.7668410807455
1617.4843199999993,1033.9549369501988,0.0,0.0,2274.148634118049
1717.4251199999997,1056.5414344850426,42.036409799200165,0.0,2613.6127755603766
1770.8208799999995,1057.2421208566966,1681.4563919680065,0.0,2002.1965030145734
1634.3253599999994,1016.0973632272845,4434.841233815617,0.0,0.0
1559.07272,977.2404742567338,7062.116846265628,0.0,0.0
1520.6116799999998,954.9943911534624,8070.990681446431,0.0,0.0
1503.4773599999999,925.1060040613853,8533.391189237633,0.0,0.0
1520.71696,895.3310884464994,8491.354779438434,0.0,0.0
1579.2639199999996,881.7159295770591,8365.245550040832,0.0,0.0
1646.9815199999994,878.2167528991853,7734.699403052829,0.0,0.0
1701.1555999999998,881.1882872081213,6809.898387470426,0.0,0.0
1760.1274399999998,900.6755950221897,5653.897117992422,0.0,0.0
1825.0739199999998,932.0079066615206,4014.4771358236158,0.0,0.0
1853.98832,972.9157925822964,2164.875104658808,0.0,964.3846777420655
1900.8792799999999,1044.0397144855378,588.5097371888023,0.0,2386.680584045195
2030.0277599999995,1144.235028845082,0.0,0.0,2913.2061879539656
2067.2818399999996,1213.2781675353358,0.0,0.0,2918.77345701407
2057.6750399999996,1226.819569944602,0.0,0.0,2536.424908120863
2069.5227999999997,1215.1447733351258,0.0,0.0,2079.7134042404264
2124.3435999999992,1202.4302943158882,0.0,0.0,1766.7480292192574
2190.8542399999997,1205.5862197752595,0.0,0.0,1426.9686296404159
2285.3279999999995,1221.411235662992,0.0,0.0,1267.9189727167688
2448.6285599999997,1251.5549335787484,0.0,0.0,1035.1361464715546
2673.2359199999996,1301.2284911125196,0.0,0.0,791.5243182504186
2952.9611199999995,1379.8401121168943,0.0,0.0,640.690290819164
3287.2965599999993,1498.9241722483243,147.12743429720058,0.0,6836.374977911243
3435.177359999999,1609.2893677511013,2669.3120222492103,0.0,0.0
3321.1102399999995,1710.435005732119,6116.2976257836235,0.0,0.0
3702.63368,1865.3547767538935,9226.991950924436,0.0,0.0
4238.62544,2050.262222410286,11538.994489880446,0.0,0.0
4681.715119999999,2247.278493076411,13178.414472049251,0.0,0.0
5089.096079999999,2433.35469494787,13998.124463133654,0.0,0.0
5477.011519999999,2594.8799243356184,13829.978823936854,0.0,6836.374977911244
5807.207199999999,2723.356585991524,12694.99575935845,0.0,0.0
5978.023999999999,2800.549813531012,10530.12065469964,0.0,0.0
5984.190399999999,2828.0269317327834,7944.88145204883,0.0,0.0
5730.255039999998,2765.922573872752,5149.46020040202,0.0,0.0
5198.105999999999,2637.8898693713554,2648.2938173496104,0.0,0.0
4643.04728,2527.731759314452,714.6189665864028,0.0,0.0
4563.286399999999,2504.387839669359,0.0,0.0,0.0
4512.349679999999,2487.8167488190966,0.0,0.0,0.0
4426.219359999999,2456.6362052805084,0.0,0.0,0.0
4466.003919999999,2424.923764192588,0.0,0.0,0.0
4619.453279999999,2396.1715102658854,0.0,0.0,0.0
4803.478959999999,2372.04321903471,0.0,0.0,0.0
4983.045279999999,2391.3035838943965,0.0,0.0,0.0
4974.852239999999,2430.4413147709947,0.0,0.0,0.0
4975.679439999999,2468.189020052005,0.0,0.0,0.0
4833.03256,2467.349331120792,0.0,0.0,0.0
4883.119519999998,2511.3549883688793,126.10922939760049,0.0,0.0
4926.288079999998,2576.8663273315665,2290.984334056409,0.0,0.0
5114.885919999999,2743.6850011302695,5464.733273896021,0.0,0.0
6203.898479999998,2996.251233455188,8302.190935342032,0.0,0.0
6492.895839999999,3153.4659651031475,10803.357318394443,0.0,0.0
6604.372319999999,3215.851164869227,12484.813710362449,0.0,6836.374977911244
6650.631599999999,3184.65927418292,13367.578316145651,0.0,6836.374977911244
6487.5340799999985,3090.3034857183106,13199.43267694885,0.0,6836.374977911244
6168.505599999998,2954.7235095902565,12190.558841768046,0.0,6836.374977911245
5826.920879999999,2832.7402532165993,10319.938605703639,0.0,0.0
5558.163599999999,2765.1552230082484,7839.79042755083,0.0,0.0
5345.83264,2749.185530987097,5170.47840530162,0.0,0.0
4937.5304799999985,2712.386730934096,2732.3666369480106,0.0,0.0
4471.02352,2637.1012426048783,756.6553763856028,0.0,0.0
4467.801199999999,2597.8316011360466,0.0,0.0,0.0
4503.5625599999985,2541.3852148074448,0.0,0.0,0.0
4428.746079999998,2469.2953669546155,0.0,0.0,0.0
4393.454719999999,2432.041262599386,0.0,0.0,0.0
4355.129039999999,2376.719662288439,0.0,0.0,0.0
4222.510079999999,2313.7160429716696,0.0,0.0,0.0
3944.7964799999995,2143.9754786353014,0.0,0.0,0.0
3544.089519999999,1880.9145530636922,0.0,0.0,0.0
3190.9014399999996,1675.4276366252684,0.0,0.0,0.0
2981.5070399999995,1575.323099447477,0.0,0.0,0.0
2913.8458399999995,1564.9830110884584,273.23666369480105,0.0,0.0
2771.18768,1562.140550584827,2900.5122761448115,0.0,0.0
2667.2951199999993,1567.9687293320433,6389.534289478424,0.0,0.0
3021.39688,1611.699218247942,9815.501688113238,0.0,0.0
3452.864399999999,1672.1241982455495,12505.831915262048,0.0,0.0
3807.0037599999996,1743.1942211971252,14250.342921928856,0.0,0.0
3993.417039999999,1822.8937499890671,15006.998298314458,0.0,0.0
4035.3635999999988,1917.185710747756,14817.834454218057,0.0,0.0
4030.97192,2028.5338529216983,13661.833184740053,0.0,0.0
4029.223519999999,2124.096694224925,11644.085514378447,0.0,0.0
4063.890719999999,2187.420870464759,8953.755287229635,0.0,0.0
4096.07256,2230.131534479405,6074.261215984423,0.0,0.0
4019.977679999999,2257.515038712493,3236.8035545384123,0.0,0.0
3825.84136,2314.33729930929,966.8374253816037,0.0,0.0
4110.917039999999,2461.516897193181,0.0,0.0,0.0
4332.681839999999,2600.954903545725,0.0,0.0,0.0
4219.5284,2642.6925496434596,0.0,0.0,0.0
4084.1608799999995,2628.470318371048,0.0,0.0,0.0
3955.5312799999992,2576.1259259428966,0.0,0.0,0.0
3792.73832,2488.768490834035,0.0,0.0,0.0
3593.364319999999,2351.08361880409,0.0,0.0,0.0
3449.8751999999995,2185.1443489536173,0.0,0.0,0.0
3415.711839999999,2091.273651053999,0.0,0.0,0.0
3398.1676799999996,2031.6869415941399,0.0,0.0,0.0
3427.5407999999993,1994.695240029914,315.2730734940012,0.0,0.0
3248.775359999999,1912.431255853458,2774.4030467472107,0.0,0.0
3320.113839999999,1925.6634484873791,6116.2976257836235,0.0,0.0
4154.773679999999,2062.094460694365,9374.119385221637,0.0,0.0
4640.535599999999,2218.7673660387386,11791.212948675648,0.0,0.0
4908.443119999998,2377.2231919684737,13178.414472049251,0.0,0.0
5118.788799999999,2546.474410559455,13325.541906346452,0.0,0.0
5263.210399999999,2703.0650490828652,13031.28703775205,0.0,6836.374977911244
5398.920079999998,2855.0983894035962,11917.322178073246,0.0,0.0
5584.600159999999,3001.4780133732925,10277.90219590444,0.0,0.0
5815.945439999999,3070.5963269171857,8113.027091245632,0.0,0.0
5990.146239999998,3069.220485256246,5653.897117992422,0.0,0.0
5782.109199999998,3027.040300397467,3089.6761202412117,0.0,0.0
5548.665839999999,2959.668029208849,966.8374253816037,0.0,0.0
6048.091599999999,2985.627466403192,0.0,0.0,0.0
6386.149439999998,2994.0782546669825,0.0,0.0,0.0
6598.529279999999,2932.015030217433,0.0,0.0,0.0
6821.031039999999,2856.1352350264283,0.0,0.0,0.0
6682.719439999999,2741.1630975497023,0.0,0.0,0.0
6519.415119999999,2608.8510999647456,0.0,0.0,0.0
6433.322399999999,2564.01851932663,0.0,0.0,0.0
6300.237199999999,2555.024486365788,0.0,0.0,0.0
6193.095999999999,2536.7442313903375,0.0,0.0,0.0
5746.7351199999985,2483.9473714468877,0.0,0.0,0.0
5406.007679999998,2409.3767534239732,378.3276881928014,0.0,0.0
4614.501359999998,2295.4556455047277,2879.494071245211,0.0,0.0
3776.871119999999,2165.6003054009534,6431.570699277625,0.0,0.0
3614.5218399999994,2161.4515045161615,9731.428868514839,0.0,0.0
3554.5159999999996,2181.845165754292,12316.668071165646,0.0,0.0
3673.828319999999,2219.133311552679,13935.069848434854,0.0,0.0
3864.7498399999986,2268.4707098352724,14649.688815021256,0.0,6836.374977911244
3908.497439999999,2268.0068951722546,14439.506766025257,0.0,0.0
3784.936319999999,2256.1547993796676,13346.560111246052,0.0,0.0
3606.0843999999997,2244.750915921984,11391.867055583245,0.0,0.0
3429.8607199999988,2227.218154302529,8785.609648032834,0.0,0.0
3265.42464,2208.7832944394063,5969.1701914864225,0.0,0.0
2912.51104,2170.265401506963,3215.7853496388125,0.0,0.0
3005.3980799999995,2181.3317073200033,1008.8738351808039,0.0,0.0
3654.8215199999995,2253.156315594899,0.0,0.0,0.0
4019.3647999999994,2229.584034601959,0.0,0.0,0.0
3986.096319999999,2118.301138527401,0.0,0.0,0.0
3753.3297599999996,1991.8698002478611,0.0,0.0,0.0
3498.1949599999994,1890.4887089516726,0.0,0.0,0.0
3249.771759999999,1807.6687145369808,0.0,0.0,0.0
3036.62488,1725.596213478285,0.0,0.0,0.0
2921.016159999999,1652.849649451214,0.0,0.0,0.0
2913.9473599999997,1613.5289458176453,0.0,0.0,0.0
2999.3632799999996,1609.7702031356976,0.0,0.0,0.0
3088.791119999999,1623.1328879683883,462.40050779120173,0.0,0.0
2795.29304,1538.5781983461413,3005.6033006428115,0.0,0.0
2020.7743999999993,1330.7934844946026,6410.552494378025,0.0,0.0
1657.9155999999994,1244.8274933747944,9647.356048916437,0.0,0.0
2364.1187999999997,1389.7107122390357,12148.522431968846,0.0,0.0
2980.8339999999994,1586.6276953626184,13787.942414137653,0.0,0.0
3303.82928,1780.2908838777525,14502.561380724055,0.0,6836.374977911243
3415.501279999999,1909.9249546010046,14334.415741527257,0.0,6836.374977911244
3397.7239999999993,1968.303192828781,13283.505496547252,0.0,6836.374977911245
3296.361919999999,1961.3729223593482,11370.848850683644,0.0,0.0
3159.783679999999,1918.7516171329903,8785.609648032834,0.0,0.0
3014.249119999999,1868.9461490069843,6032.224806185222,0.0,0.0
2728.3311999999996,1816.3733952309867,3299.8581692372127,0.0,0.0
2749.729359999999,1837.0081833581473,1092.9466547792042,0.0,0.0
3090.2650399999998,1921.2508264181192,0.0,0.0,217.07619937041756
3219.2931999999996,1910.0384260781957,0.0,0.0,222.30618840745927
3170.920799999999,1820.6909849380993,0.0,0.0,26.80447375462713
3105.4103199999995,1730.9095153977478,0.0,0.0,0.0
3062.6064799999995,1664.7769200974403,0.0,0.0,0.0
2988.21864,1569.3757756492105,0.0,0.0,0.0
2902.3703199999995,1470.1733367150862,0.0,0.0,0.0
2845.440159999999,1395.9871033211557,0.0,0.0,0.0
2849.86568,1359.3684392381952,0.0,0.0,0.0
2745.1985599999994,1303.1248831750722,0.0,0.0,210.5330947448504
2629.4695199999996,1251.920879092689,567.4915322892022,0.0,321.75951837480915
2277.98096,1134.533217545262,3194.767144739212,0.0,0.0
1557.0686399999997,946.7464331551504,6599.716338474425,0.0,0.0
1180.7114399999996,841.9200641327536,9815.501688113238,0.0,0.0
1287.5706400000001,846.6759374205162,12295.649866266047,0.0,0.0
1407.1724799999995,877.4607491824013,13829.978823936854,0.0,0.0
1342.04928,902.9932499438132,14502.561380724055,0.0,0.0
1251.20392,913.0766090856876,14292.379331728056,0.0,0.0
1184.9188799999995,917.1715110188131,13220.450881848452,0.0,0.0
1129.9100799999997,911.7929629999659,11286.776031085245,0.0,0.0
1077.052,896.25446259214,8701.536828434433,0.0,0.0
1028.9916799999999,863.7760890331813,5948.151986586822,0.0,0.0
973.9114399999997,815.3847591916673,3257.8217594380126,0.0,23.742508114753658
989.1131199999999,799.9923533107246,1071.9284498796042,0.0,2166.5461560654016
1072.2279199999998,827.1460778025015,21.018204899600082,0.0,3241.618959431339
1038.3954399999998,814.3110353387484,0.0,0.0,3453.7968239536517
900.7681599999997,744.3388489289943,0.0,0.0,3341.7297225043285
758.4446399999998,664.4932256101689,0.0,0.0,3147.50157516748
655.7214399999999,606.3702982060721,0.0,0.0,3046.0099976748375
576.0470399999999,550.401910475137,0.0,0.0,2933.3837246747676
513.6911999999999,492.7952782922586,0.0,0.0,3009.6198073071487
466.3903999999999,430.34766921372454,0.0,0.0,3106.0175638737173
424.3573599999999,368.83619982201515,0.0,0.0,3270.0426759750435
342.71271999999993,299.1888255157198,0.0,0.0,3638.9537430227065
268.38503999999995,252.60736573540007,609.5279420884024,0.0,3659.9066115182236
227.52512,229.0662893986878,3173.7489398396124,0.0,2036.2644257540744
157.89744,193.89438664991064,6473.607109076825,0.0,0.0
84.73535999999999,155.20061292782168,9626.337844016838,0.0,0.0
82.97944,143.00101073633755,12106.486022169645,0.0,0.0
99.76407999999998,137.22956772771659,13619.796774940853,0.0,0.0
99.48207999999997,129.40570937540562,14229.324717029256,0.0,0.0
114.78152,142.55563518836337,14040.160872932855,0.0,0.0
141.76703999999998,168.41862162709396,13031.28703775205,0.0,0.0
175.06183999999993,198.50842059118466,11265.757826185643,0.0,0.0
231.11591999999993,237.6986320259837,8785.609648032834,0.0,0.0
322.42375999999996,288.57782400490805,6074.261215984423,0.0,0.0
433.4189599999999,341.9746643840049,3362.912783936013,0.0,660.0039714599235
571.3959199999999,403.63506508952725,1156.0012694780046,0.0,2616.8226142139433
724.1233599999999,472.1420510500542,21.018204899600082,0.0,3610.7638404955023
805.2829599999999,533.5882743423789,0.0,0.0,3627.1175422586725
820.3718399999999,580.7782249191348,0.0,0.0,3292.5181148176885
768.0100799999999,596.4940245100712,0.0,0.0,2999.363003343493
691.8926399999999,584.444772025865,0.0,0.0,2874.5651392995687
662.2487999999998,571.1218022101913,0.0,0.0,2670.947620025945
676.31872,567.3105789700425,0.0,0.0,2599.033883436537
713.6968799999999,574.3599944905258,0.0,0.0,2518.313199860598
758.17768,587.4631133191423,0.0,0.0,2459.099441967298
811.3891999999997,607.6170660617069,0.0,0.0,2457.7570081427725
869.0299999999999,637.539494596941,756.6553763856028,0.0,1810.2029974932448
877.5200799999998,639.91672204409,3510.0402182332136,0.0,0.0
711.4371199999999,582.0760549395053,6851.934797269627,0.0,0.0
504.70855999999986,499.50002420077465,10025.683737109239,0.0,0.0
506.42687999999987,457.0049559927913,12442.777300563248,0.0,0.0
548.48624,444.51174635407574,13956.088053334455,0.0,6836.374977911245
505.9568799999999,432.0029343872464,14628.670610121655,0.0,0.0
447.91375999999985,407.2377844903376,14418.488561125658,0.0,0.0
384.65175999999997,378.1068195085097,13325.541906346452,0.0,0.0
333.40671999999995,348.25814743344966,11391.867055583245,0.0,0.0
296.46095999999994,322.91003782247265,8806.627852932434,0.0,0.0
297.21296,299.34343040339246,6074.261215984423,0.0,0.0
309.74127999999996,270.68620883883654,3362.912783936013,0.0,399.50160015646657
315.38503999999995,262.97582196371644,1177.0194743776046,0.0,2579.498196067417
313.7532,290.903989287321,42.036409799200165,0.0,3808.671531277398
328.5487999999999,382.6995775478105,0.0,0.0,3927.118665773588
434.3288799999999,552.0571756486589,0.0,0.0,3406.977660299438
696.9235199999998,700.287803090031,0.0,0.0,2713.7407638656528
1118.0510399999998,809.7282060537019,0.0,0.0,2042.1724178292473
1578.6585599999996,919.2608045925903,0.0,0.0,1257.5376366561513
1944.9953599999997,1020.7894088091274,0.0,0.0,765.0477202578046
2150.81024,1121.4527930120837,0.0,0.0,391.8617079944099
2215.373199999999,1201.5707478761672,0.0,0.0,203.60256886788633
2274.916559999999,1276.3626352796039,0.0,0.0,113.73607689000634
2414.9840799999993,1368.9808917497273,714.6189665864028,0.0,0.0
2466.1952799999995,1474.8214120995176,3404.949193735213,0.0,0.0
2109.6081599999998,1475.7703173275265,6725.825567872026,0.0,0.0
2257.6957599999996,1632.7254829714118,9857.538097912438,0.0,0.0
3400.4462399999993,1985.2742706361414,12274.631661366448,0.0,0.0
4403.651839999999,2353.5700625480354,13787.942414137653,0.0,6836.374977911244
5313.27856,2705.5032674490044,14460.524970924855,0.0,6836.374977911244
6205.252079999998,3032.2599883482476,14271.361126828457,0.0,6836.374977911243
6989.655759999999,3306.7701859684166,13262.48729164765,0.0,6836.374977911244
7638.229439999998,3517.337787798062,11412.885260482844,0.0,6836.374977911245
8219.649519999999,3712.3058983008914,8890.700672530835,0.0,6836.374977911244
8748.858239999998,3943.6160861610288,6158.334035582823,0.0,6836.374977911244
8599.353119999998,4116.42321716848,3446.9856035344133,0.0,0.0
8358.9688,4248.492669470941,1240.0740890764048,0.0,0.0
8724.421999999999,4403.137272160528,42.036409799200165,0.0,0.0
8888.233919999999,4417.246031955749,0.0,0.0,6836.374977911244
8778.295279999998,4343.303762237779,0.0,0.0,6836.374977911244
8594.912559999997,4350.516293006723,0.0,0.0,6836.374977911244
8495.509439999998,4340.147836778407,0.0,0.0,6836.374977911244
8471.381519999999,4250.102546053587,0.0,0.0,6836.374977911244
8198.240079999998,4131.194366711803,0.0,0.0,6836.374977911244
8145.80312,4061.8902436240096,0.0,0.0,6836.374977911244
8271.947359999998,4027.243146457241,0.0,0.0,6836.374977911244
8236.614639999998,4034.6897121478914,0.0,0.0,6836.374977911244
8172.672079999998,4065.7255795530614,588.5097371888023,0.0,0.0
8175.055919999998,4150.233462190966,3089.6761202412117,0.0,0.0
8264.709359999999,4355.7643488268,6557.679928675226,0.0,5292.10698814255
10351.389039999998,4718.352525435994,9773.46527831404,0.0,6836.374977911245
12431.985039999998,5079.974776095599,12337.686276065248,0.0,6836.374977911244
13684.986239999998,5325.189475092014,13998.124463133654,0.0,6836.374977911243
14428.300639999998,5598.289789608085,14733.761634619656,0.0,6836.374977911244
14954.538959999996,5814.865706154989,14544.597790523256,0.0,6836.374977911244
15374.733999999999,5945.882710506505,13451.651135744052,0.0,6836.374977911244
15501.009839999997,6028.860146595796,11496.958080081245,0.0,6836.374977911244
15215.877759999996,6086.454013237493,8869.682467631234,0.0,6836.374977911244
14853.770959999998,6122.98757371256,6074.261215984423,0.0,6836.374977911244
14196.428959999996,6076.9564505966155,3362.912783936013,0.0,0.0
13874.757199999998,6078.335129044484,1177.0194743776046,0.0,0.0
13633.165919999998,6079.213114599249,42.036409799200165,0.0,0.0
13415.146079999997,6016.920110408388,0.0,0.0,6836.374977911245
12894.442479999996,5927.734366123288,0.0,0.0,6836.374977911244
12179.783039999997,5686.747898045698,0.0,0.0,121.05410586263444
11572.148239999997,5455.142684344865,0.0,0.0,0.0
11340.671359999997,5371.925539760005,0.0,0.0,0.0
10889.151759999999,5210.6754787044465,0.0,0.0,0.0
10686.871279999996,5125.252732281689,0.0,0.0,0.0
10365.913919999997,5122.970537196687,0.0,0.0,0.0
10183.929919999999,5043.600075688599,0.0,0.0,0.0
10620.981039999999,4954.673897407573,147.12743429720058,0.0,0.0
10459.218319999998,4960.233999789926,1071.9284498796042,0.0,0.0
9971.30944,4914.997177014318,2585.23920265081,0.0,0.0
10436.098079999996,4944.665713119338,4602.986873012418,0.0,0.0
10937.610639999999,4991.824459039866,6431.570699277625,0.0,0.0
10948.950799999997,4924.358573882566,7272.298895261628,0.0,3835.105394715321
10864.734319999998,4941.081432833572,7188.226075663229,0.0,6836.374977911245
10604.106159999998,4829.561665050377,7062.116846265628,0.0,0.0
10201.440239999998,4709.303175130021,6914.989411968427,0.0,0.0
9492.616319999997,4501.362437997345,6242.406855181224,0.0,0.0
8706.520639999997,4316.9173886105045,5191.49661020122,0.0,0.0
8192.67528,4282.797933812672,3888.367906426015,0.0,0.0
7818.213119999998,4336.957869875879,2354.0389487552093,0.0,0.0
8280.933759999998,4506.502695914092,924.8010155824035,0.0,0.0
8680.83608,4628.959695705022,21.018204899600082,0.0,0.0
8718.105199999998,4673.06747728258,0.0,0.0,0.0
8506.432239999998,4590.901362255201,0.0,0.0,0.0
8151.841679999999,4587.223468000751,0.0,0.0,0.0
7997.328239999999,4469.806020190563,0.0,0.0,0.0
7510.490959999999,4275.105986052597,0.0,0.0,0.0
7006.85024,4011.4167121760415,0.0,0.0,0.0
6427.9681599999985,3635.5495359485876,0.0,0.0,0.0
5825.4432,3317.798195157905,0.0,0.0,0.0
5299.539519999998,3076.7010923900552,0.0,0.0,0.0
4630.530239999999,2792.3444073366472,420.36409799200163,0.0,0.0
3754.3675199999993,2462.8686261652174,2080.802285060408,0.0,0.0
2945.8659999999995,2098.5429175615395,3993.4589309240155,0.0,0.0
2433.5584799999992,1794.8081409908605,6662.770953173226,0.0,0.0
2005.4448799999998,1605.9632350759437,10404.01142530204,0.0,0.0
1882.0830399999993,1328.9183683340232,12442.777300563248,0.0,0.0
1841.67808,1136.0055099618137,13199.43267694885,0.0,0.0
1644.30064,1009.5784268626686,12863.14139855525,0.0,0.0
1282.9684,859.0882986317333,12022.413202571246,0.0,0.0
924.6667199999997,754.0789568523661,10298.92040080404,0.0,0.0
745.4275199999997,704.070658460882,8176.081705944432,0.0,0.0
757.4783199999998,689.5902795778611,5758.988142490422,0.0,0.0
809.71224,752.1712176420945,3320.876374136813,0.0,51.45597352328716
1170.38648,975.2419578647093,1261.0922939760048,0.0,1440.1360089725754
2049.3992799999996,1313.3188770072074,84.07281959840033,0.0,1466.0125003989438
3056.5227999999993,1614.9047874785847,0.0,0.0,327.0931080711961
3675.426319999999,1832.86931122761,0.0,0.0,0.0
3958.5204799999997,1969.4790410111716,0.0,0.0,0.0
4116.500639999999,1984.992010336629,0.0,0.0,0.0
4419.409999999999,2085.0596692843337,0.0,0.0,0.0
5120.371759999999,2364.093123664024,0.0,0.0,0.0
5610.30728,2339.8612897099124,0.0,0.0,0.0
5568.717919999998,2079.2513480456255,0.0,0.0,0.0
5239.311839999999,1893.0418171884671,0.0,0.0,0.0
4727.2073599999985,1848.7808491167007,147.12743429720058,0.0,0.0
4586.440479999999,1785.5715627475224,798.691786184803,0.0,0.0
4363.8071199999995,1722.284264737776,1723.4928017672066,0.0,0.0
3944.40168,1683.5153161620483,2984.5850957432112,0.0,0.0
3611.5627199999994,1654.6609379058732,4224.659184819617,0.0,0.0
3446.348319999999,1540.0845322058506,5359.642249398021,0.0,0.0
3197.2595999999994,1440.9303186495326,7377.389919759628,0.0,0.0
3148.3419999999996,1405.4860843554973,8596.445803936433,0.0,0.0
3088.3699999999994,1258.861078316376,8554.409394137232,0.0,0.0
2926.9080799999997,1057.2307737089775,7230.262485462427,0.0,0.0
2938.5114399999993,1011.5315546638167,5401.678659197221,0.0,0.0
2962.2896799999994,1062.9440625855377,3888.367906426015,0.0,0.0
3035.9969599999995,1163.1493056993363,2396.0753585544094,0.0,0.0
3154.655039999999,1261.164549303351,861.7464008836033,0.0,6836.374977911244
3369.9977599999993,1392.5857957923592,21.018204899600082,0.0,238.7715196313227
3483.587359999999,1554.316692232516,0.0,0.0,0.0
3592.9732799999992,1709.144267679073,0.0,0.0,0.0
3708.863999999999,1727.1096393053183,0.0,0.0,0.0
3882.5797599999996,1678.2672603419703,0.0,0.0,0.0
3860.7416799999987,1583.607935675876,0.0,0.0,0.0
3523.2816799999996,1393.685050727646,0.0,0.0,0.0
3178.8619199999994,1313.8819792127674,0.0,0.0,0.0
2756.7342399999998,1267.924612556997,0.0,0.0,0.0
2118.1245599999997,1210.2272031923665,0.0,0.0,212.30598699099983
1859.8614399999997,1216.6326680797913,84.07281959840033,0.0,6836.374977911244
1752.6638399999997,1259.7277167234213,483.41871269080184,0.0,930.4869617248322
1841.1253599999995,1338.5294024520908,1092.9466547792042,0.0,616.7069011839144
1930.9103999999995,1443.1983297998852,2101.820489960008,0.0,0.0
1979.828,1471.3307457824335,3257.8217594380126,0.0,0.0
2070.2635199999995,1469.3137902753654,4855.205331807619,0.0,0.0
2130.9499199999996,1445.5542813450606,6494.625313976425,0.0,0.0
2080.5959999999995,1423.5081917203381,7545.535558956429,0.0,0.0
2008.1859199999997,1393.5389562007629,7650.626583454429,0.0,0.0
1870.4683999999995,1294.0117051631798,6599.716338474425,0.0,0.0
1525.1763199999998,1083.9107547834822,4729.096102410019,0.0,0.0
1077.82656,838.3953563725121,2942.5486859440116,0.0,0.0
769.0929599999998,699.8608666571005,1702.4745968676066,0.0,1123.7531848728431
622.1559199999999,617.0139227665762,693.6007616868027,0.0,2291.322346095428
550.6407199999999,561.707924783743,21.018204899600082,0.0,3187.0020830900403
523.88456,534.3428596656983,0.0,0.0,3438.4275839905113
516.5676,481.1077161415983,0.0,0.0,3270.12819824427
444.91703999999993,419.2061885470453,0.0,0.0,3120.974763344308
379.83143999999993,426.224399411301,0.0,0.0,2990.728851060526
420.3755199999999,475.03273693149185,0.0,0.0,2634.251038430761
532.2467999999999,507.5309679989589,0.0,0.0,2572.3739091870157
659.5566399999999,566.5758511552316,0.0,0.0,2296.227271700192
804.0045599999997,656.8140433912763,0.0,0.0,2016.9090112585764
954.40456,725.1224542667194,0.0,0.0,1824.4228374431116
1094.8894399999997,765.6289348369326,42.036409799200165,0.0,1779.674158839855
1171.4618399999997,821.1746413153315,420.36409799200163,0.0,1837.7199037498651
1185.62576,880.723054151639,1050.910244980004,0.0,1548.6511918193396
1305.5697599999996,898.3551033136363,1891.6384409640073,0.0,896.7840143116686
1415.0571999999997,920.1657396231877,3026.6215055424113,0.0,0.0
1432.1877599999998,958.4609447816434,4413.8230289160165,0.0,0.0
1479.0824799999996,962.2381265786348,5906.1155767876235,0.0,0.0
1446.72768,927.9825060081743,7503.499149157229,0.0,0.0
1347.03128,894.214812789634,8281.172730442433,0.0,0.0
1270.23328,856.0855596665698,7545.535558956429,0.0,0.0
1203.3466399999998,843.5526350108374,5780.006347390023,0.0,0.0
1261.6153599999998,902.3478809172904,4014.4771358236158,0.0,0.0
1425.3182399999998,997.0298998788224,2164.875104658808,0.0,0.0
1543.5664799999997,1089.0737069956672,777.673581285203,0.0,1030.5264538630627
1732.8711999999998,1168.054110300912,42.036409799200165,0.0,1586.0192631021641
1944.1794399999997,1211.873958005099,0.0,0.0,1477.4302620947403
2076.2795199999996,1229.635080972401,0.0,0.0,1057.0199311591496
2054.84752,1211.8413349554066,0.0,0.0,780.3587902965955
2014.0627999999997,1200.9083581280656,0.0,0.0,625.3462276001237
2056.8891999999996,1238.3425984533358,0.0,0.0,291.7299124773657
2137.90592,1326.3014323913087,0.0,0.0,0.056370062534544636
2304.2144799999996,1422.5479393446103,0.0,0.0,0.0
2462.71352,1499.3355063531415,0.0,0.0,0.0
2518.5457599999995,1526.928932819033,0.0,0.0,0.0
2511.42056,1529.616788434992,357.3094832932014,0.0,0.0
2370.6123199999993,1491.6747632492927,1891.6384409640073,0.0,0.0
2367.0779199999997,1498.0788097432526,4371.786619116817,0.0,0.0
2513.4471999999996,1555.3280067729797,7566.553763856029,0.0,0.0
2798.7748,1632.1978406024741,10572.15706449884,0.0,0.0
2848.782799999999,1633.43326131039,12821.10498875605,0.0,0.0
2791.2773599999996,1580.8023534023318,14061.179077832456,0.0,0.0
2727.8875199999998,1504.14244180564,14145.251897430855,0.0,0.0
2607.1652,1401.1911889438227,13220.450881848452,0.0,0.0
2440.6348,1291.3082472191072,11412.885260482844,0.0,0.0
2273.0064799999996,1213.0469694005596,8911.718877430434,0.0,0.0
2054.7647999999995,1164.5024530648373,6263.425060080824,0.0,0.0
1741.8350399999997,1125.332099138547,3657.1676525304138,0.0,0.0
1536.6179999999997,1133.7559379265047,1492.2925478716056,0.0,191.4396286319667
1580.5686399999995,1215.503626881742,189.1638440964007,0.0,1465.5092889247105
1586.6823999999997,1248.6032567783209,0.0,0.0,1764.8545097414212
1582.8020799999997,1223.7217986172914,0.0,0.0,1584.292632035842
1648.8690399999996,1179.6835183195121,0.0,0.0,1262.5487162913178
1721.6099999999997,1110.7609430737734,0.0,0.0,1059.5388531247318
1774.4605599999998,1048.890620135448,0.0,0.0,849.0345148773029
1868.5282399999996,1010.8195211444439,0.0,0.0,759.1737672011446
2003.4032,1017.6178810216423,0.0,0.0,591.1271891416733
2086.5179999999996,1037.4158170045205,0.0,0.0,519.0951847650373
2051.3432,1034.4683953844876,0.0,0.0,716.6043714339326
1977.5080799999994,1025.4644336693914,567.4915322892022,0.0,691.5288895065813
1646.2031999999997,974.9483504174779,2459.1299732532098,0.0,96.30081765592706
1263.5254399999997,915.2623534150769,5128.44199550242,0.0,0.0
1255.62944,915.3460386295052,7377.389919759628,0.0,0.0
1674.9333599999995,978.7184402471449,8869.682467631234,0.0,0.0
1955.0533599999997,1044.2439631444815,9479.210409719637,0.0,0.0
2191.2039199999995,1111.4403535434537,10866.411933093243,0.0,0.0
2461.6419199999996,1223.5487546145753,11223.721416386445,0.0,0.0
2789.0363999999995,1352.927514514148,10551.138859599241,0.0,0.0
3044.7314399999996,1445.4620857698433,9037.828106828034,0.0,0.0
3140.4309599999997,1505.0402848689125,7020.080436466427,0.0,0.0
3131.56488,1556.465558331818,4813.168922008419,0.0,0.0
3017.0427999999997,1635.05306664729,2753.384841847611,0.0,0.0
3110.8096799999994,1781.3943939934336,1113.9648596788043,0.0,0.0
3435.5796799999994,1981.6119787098062,126.10922939760049,0.0,0.0
3832.5078399999993,2145.579681644088,0.0,0.0,0.0
3966.8451199999995,2228.2096113344846,0.0,0.0,0.0
4003.7645599999996,2263.7658987122454,0.0,0.0,0.0
4053.97936,2326.5369015007736,0.0,0.0,0.0
4244.084959999999,2370.8077983267945,0.0,0.0,0.0
4360.4908,2410.674583444344,0.0,0.0,0.0
4730.95608,2499.456085591951,0.0,0.0,0.0
5323.908079999999,2654.635422617799,0.0,0.0,0.0
5699.91184,2751.340070660259,0.0,0.0,0.0
6239.174799999999,2827.2652544421394,210.18204899600082,0.0,0.0
6758.381919999998,2927.8024016267213,861.7464008836033,0.0,0.0
6969.152479999998,3009.2352072327535,1975.7112605624077,0.0,0.0
7158.716639999998,3114.260151340235,3615.1312427312137,0.0,0.0
7596.395679999999,3281.7100102308113,6410.552494378025,0.0,0.0
8326.091359999999,3527.99417789975,9752.447073414438,0.0,0.0
9190.974079999998,3841.8264975469524,11160.666801687643,0.0,1707.2939636797146
9933.9952,4125.456965146338,11181.685006587244,0.0,6836.374977911244
10541.942079999995,4358.375611195656,10235.86578610524,0.0,6836.374977911245
11039.555519999998,4522.263884095904,8323.209140241632,0.0,0.0
11487.856559999997,4684.861418943106,6074.261215984423,0.0,0.0
11626.160639999998,4804.66318616777,4245.677389719217,0.0,0.0
11665.524079999996,4908.652703045884,2480.1481781528096,0.0,0.0
11425.632319999999,4928.483262078454,987.8556302812038,0.0,0.0
11233.011279999997,4894.776559778904,84.07281959840033,0.0,0.0
11583.62376,4963.127522458293,0.0,0.0,0.0
11855.877839999997,5066.34259650458,0.0,0.0,0.0
12294.139679999997,5242.227641330833,0.0,0.0,0.0
12634.784399999997,5385.561974531419,0.0,0.0,0.0
12802.187119999997,5506.322575738345,0.0,0.0,0.0
13096.918479999997,5647.333580443447,0.0,0.0,0.0
13408.483359999997,5740.305016886328,0.0,0.0,0.0
13733.93768,5857.031707079116,0.0,0.0,0.0
13792.518479999999,5875.382881727811,0.0,0.0,0.0
13722.225279999999,5832.092094786029,714.6189665864028,0.0,0.0
13847.6288,5829.306370020991,2858.4758663456114,0.0,0.0
14168.612479999996,5788.805563024639,5716.951732691223,0.0,0.0
14082.925839999996,5682.4416554863055,7902.845042249631,0.0,0.0
13768.266479999997,5586.331314305632,9521.246819518838,0.0,0.0
13493.045759999997,5548.339645348661,10803.357318394443,0.0,0.0
13429.855199999996,5559.337868275388,11349.830645784044,0.0,0.0
13459.220799999997,5579.113109962828,11707.140129077246,0.0,6836.374977911244
13469.34272,5590.434726599548,11160.666801687643,0.0,0.0
13388.201919999996,5576.040869717885,10025.683737109239,0.0,0.0
13184.680639999997,5539.7427625579885,8176.081705944432,0.0,0.0
12812.688799999998,5469.759229000516,5885.097371888023,0.0,0.0
12134.437439999998,5332.170807726182,3552.076628032414,0.0,0.0
11151.163599999998,5153.1993387203365,1576.365367470006,0.0,0.0
10138.659519999997,4962.270812805504,252.21845879520097,0.0,0.0
9148.89216,4716.6461980977365,0.0,0.0,0.0
8415.113119999998,4511.901101441447,0.0,0.0,0.0
8105.443279999999,4416.15812416818,0.0,0.0,0.0
7891.0368,4327.222017132902,0.0,0.0,0.0
7482.802319999999,4158.857294457473,0.0,0.0,0.0
7031.7790399999985,3975.7951786988965,0.0,0.0,0.0
6607.839039999998,3794.2507439477477,0.0,0.0,0.0
6343.947199999998,3604.204458768072,0.0,0.0,0.0
6000.01624,3373.0063239916612,0.0,0.0,0.0
5447.5819999999985,3101.00951959127,1156.0012694780046,0.0,0.0
5098.30432,2911.3589661882984,3720.222267229214,0.0,0.0
5960.89344,2907.9746793810805,6368.516084578824,0.0,0.0
6542.8399199999985,3067.5950063454866,8428.300164739632,0.0,0.0
7322.103679999998,3338.9719728017226,9374.119385221637,0.0,0.0
8111.192319999998,3652.195801652489,9395.137590121236,0.0,0.0
8727.324719999999,3917.1729767951597,8659.500418635233,0.0,0.0
9239.579599999997,4081.9732766933294,7461.462739358029,0.0,0.0
9718.22008,4175.631215573214,6578.698133574825,0.0,0.0
10122.724639999999,4241.566654181903,5843.0609620888235,0.0,0.0
10318.376239999998,4301.649801354473,4539.932258313617,0.0,0.0
10253.944879999997,4316.93015415169,3657.1676525304138,0.0,0.0
9706.135439999998,4285.63613913591,2248.947924257209,0.0,0.0
8590.626159999998,4222.666561262298,1029.892040080404,0.0,0.0
7582.070079999999,4142.835121878122,126.10922939760049,0.0,0.0
6997.044159999998,4041.1178713307545,0.0,0.0,0.0
6768.266959999999,3983.2303972418285,0.0,0.0,0.0
6854.622879999998,3958.7489260378966,0.0,0.0,0.0
7078.850479999998,3875.738866898911,0.0,0.0,0.0
7142.495999999997,3683.5735018826963,0.0,0.0,0.0
7131.836399999997,3533.011035585051,0.0,0.0,0.0
7070.4731999999985,3420.733845691608,0.0,0.0,0.0
7192.011439999998,3377.81609623109,0.0,0.0,0.0
7059.937679999998,3362.4563133998395,0.0,0.0,0.0
6697.011199999998,3289.062961952781,420.36409799200163,0.0,0.0
6435.307679999998,3155.7424866142896,1807.5656213656068,0.0,0.0
6515.688959999999,2940.6331889100798,4203.640979920016,0.0,0.0
6240.19,2683.977728225895,6473.607109076825,0.0,0.0
5676.757759999999,2475.524951052395,8176.081705944432,0.0,0.0
5151.181199999999,2356.9117975513063,8827.646057832033,0.0,0.0
4845.233759999999,2330.159478410092,9395.137590121236,0.0,0.0
4738.415919999999,2373.077227870612,9269.028360723636,0.0,0.0
4625.743759999999,2459.6176683436984,8974.773492129234,0.0,0.0
4364.780959999999,2528.979945563552,8281.172730442433,0.0,0.0
3984.0696799999996,2513.8995862448846,7062.116846265628,0.0,0.0
3575.3388799999993,2431.8526162685557,5275.569429799621,0.0,0.0
3111.4037599999992,2308.449548036548,3404.949193735213,0.0,0.0
2448.4743999999996,2146.1059056195604,1618.4017772692061,0.0,0.0
2084.1115999999997,2043.9702290000523,294.25486859440116,0.0,626.2271220518251
1944.7359199999994,1977.5511182198377,0.0,0.0,1257.5153696485054
1797.0919999999992,1913.4454071808514,0.0,0.0,1315.1944204981494
1688.9656799999998,1882.062033376785,0.0,0.0,1109.8242118779374
1631.9490399999997,1871.497838850314,0.0,0.0,934.6322620341945
1589.3068799999999,1846.9766526293658,0.0,0.0,711.8334740494686
1589.6603199999997,1834.7969079463899,0.0,0.0,558.6235555732618
1679.2911999999997,1861.9435404708427,0.0,0.0,349.2902920555485
1887.7794399999996,1933.9426111419184,0.0,0.0,25.994894434680592
2206.99968,2032.0982756989567,0.0,0.0,0.0
2593.4787999999994,2127.878131202311,1092.9466547792042,0.0,0.0
2703.5264799999995,2161.5635575998876,3236.8035545384123,0.0,0.0
3197.8912799999994,2179.770056115164,6788.880182570826,0.0,0.0
3741.470719999999,2183.9046730653067,9794.483483213638,0.0,0.0
4132.882959999999,2204.8954779521537,11854.267563374444,0.0,0.0
4488.424799999999,2285.6176684322786,12989.25062795285,0.0,0.0
4827.941519999999,2443.1529570033026,13367.578316145651,0.0,0.0
5165.160879999999,2629.5539709782206,13220.450881848452,0.0,0.0
5590.266479999998,2837.6861912286563,12169.540636868445,0.0,0.0
6110.2368799999995,3043.8496813498314,10193.82937630604,0.0,0.0
6646.46552,3221.1658851821544,7776.73581285203,0.0,0.0
7095.341839999998,3352.808401051685,5443.715068996421,0.0,0.0
7348.532719999999,3430.29665443187,3278.839964337613,0.0,0.0
7082.68568,3460.3410648050844,1408.2197282732054,0.0,0.0
6670.642319999999,3477.123496281615,210.18204899600082,0.0,0.0
6442.820159999998,3522.0340885602986,0.0,0.0,0.0
6436.619919999998,3604.2413369981596,0.0,0.0,0.0
6497.5055999999995,3676.8985422369433,0.0,0.0,0.0
6400.18928,3688.5378790097975,0.0,0.0,0.0
6305.538799999998,3656.824019528412,0.0,0.0,0.0
6397.72272,3610.4808498501934,0.0,0.0,0.0
6435.3715999999995,3595.0700048542067,0.0,0.0,0.0
6547.912159999998,3582.461905344836,0.0,0.0,0.0
6515.587439999998,3549.002003508176,0.0,0.0,0.0
6340.578239999998,3506.2743187719516,693.6007616868027,0.0,0.0
6401.828639999998,3544.651790751371,2543.20279285161,0.0,0.0
7148.173599999998,3613.028284513128,4624.005077912018,0.0,0.0
7865.382319999999,3686.5932615694387,6641.752748273626,0.0,0.0
8335.589119999997,3790.009747487739,8323.209140241632,0.0,0.0
8701.553679999997,3937.4701872776773,9248.010155824037,0.0,0.0
9036.979519999999,4075.277041145603,9521.246819518838,0.0,0.0
9287.527119999999,4156.611977602558,9311.064770522837,0.0,0.0
9488.318639999998,4184.142994755995,8260.154525542832,0.0,0.0
9616.906879999999,4204.858631310654,7104.153256064828,0.0,0.0
9593.95584,4229.115996347134,5990.188396386023,0.0,0.0
9346.732079999998,4230.715944175527,4666.041487711218,0.0,0.0
8893.772399999998,4152.751110591139,3131.712530040412,0.0,0.0
8266.119359999999,4064.2632158907636,1576.365367470006,0.0,0.0
7864.220479999998,3982.258797718382,315.2730734940012,0.0,0.0
7658.164959999998,3868.9348334478536,0.0,0.0,0.0
7338.835679999999,3716.148326197267,0.0,0.0,0.0
7274.073439999998,3700.6367752652745,0.0,0.0,0.0
7379.928719999998,3757.080324806946,0.0,0.0,0.0
7399.326559999998,3801.1980351387588,0.0,0.0,0.0
7626.186159999998,3869.6667244757346,0.0,0.0,0.0
7805.880319999999,3951.038539162776,0.0,0.0,0.0
8021.211759999998,4042.4142829576595,0.0,0.0,0.0
7914.660879999999,3971.6449594206397,0.0,0.0,0.0
7574.049999999998,3824.957544069064,1008.8738351808039,0.0,0.0
7479.658959999997,3692.283856150561,3194.767144739212,0.0,0.0
8042.5723199999975,3550.5750018607337,5653.897117992422,0.0,0.0
7826.173039999998,3369.6305475452327,8302.190935342032,0.0,0.0
7496.868479999998,3204.0628967825596,9458.192204820038,0.0,0.0
7326.657039999998,3094.082085908767,9647.356048916437,0.0,0.0
7355.443599999999,3074.8529257053087,9836.519893012839,0.0,0.0
7490.705839999998,3108.576648726437,9500.228614619236,0.0,0.0
7555.29512,3119.7450788689484,8638.482213735633,0.0,0.0
7438.10344,3046.5176794572812,7482.480944257629,0.0,0.0
7000.225119999999,2859.061380744488,6095.279420884023,0.0,0.0
6200.5445599999985,2570.1927860792784,4645.023282811618,0.0,0.0
5213.721279999999,2242.024763682474,3110.694325140812,0.0,0.0
4162.91408,1938.928264170993,1534.328957670806,0.0,0.0
3381.1536799999994,1710.0548762835294,294.25486859440116,0.0,0.0
2991.7229599999996,1514.7704640380307,0.0,0.0,847.1783564784566
2735.9151199999997,1351.7800342010553,0.0,0.0,1061.621492337093
2489.6426399999996,1212.942008284158,0.0,0.0,1002.4727392174121
2221.1335199999994,1102.5300057970403,0.0,0.0,1083.315307363196
1934.4748799999998,1002.3900087826268,0.0,0.0,1194.7737789911694
1679.7724799999996,920.4607654638838,0.0,0.0,1404.8211103808746
1499.8752799999997,866.3008294006785,0.0,0.0,1575.2941342393256
1377.7316799999996,820.8852890484949,0.0,0.0,1745.6094039565844
1254.8962399999998,775.934981752794,0.0,0.0,1992.9818831844134
1139.97184,732.0867661793094,756.6553763856028,0.0,1879.125015924166
1091.3099199999997,710.3399575756778,2459.1299732532098,0.0,1252.0089269876023
1163.0281599999996,717.8574429395735,4624.005077912018,0.0,0.0
1313.2288799999997,789.727439805345,6704.807362972426,0.0,0.0
1497.9764799999996,872.0708540158346,8113.027091245632,0.0,0.0
1553.67336,901.9861905837444,8764.591443133233,0.0,0.0
1612.89336,901.3507503114754,8680.518623534834,0.0,0.0
1754.8784799999996,937.2559624815983,7545.535558956429,0.0,0.0
2066.9810399999997,1068.8020275955168,6515.643518876025,0.0,0.0
2648.45752,1333.6047403420066,5212.51481510082,0.0,0.0
3366.1512799999996,1680.000537156061,4056.513545622816,0.0,0.0
4057.2881599999996,2116.2685806922195,2711.3484320484104,0.0,0.0
4887.364559999999,2693.0667935488837,1534.328957670806,0.0,0.0
6008.355919999999,3358.6777132093835,630.5461469880024,0.0,0.0
6987.632879999998,3814.8146124016653,84.07281959840033,0.0,0.0
7746.303119999999,4062.2661178922044,0.0,0.0,0.0
8441.71136,4200.295659534116,0.0,0.0,6836.374977911245
8676.951999999997,4244.106996877514,0.0,0.0,6836.374977911244
8344.229599999997,4196.380893571031,0.0,0.0,6836.374977911244
7870.841839999999,4102.274742356241,0.0,0.0,0.0
7259.492159999998,3909.0257247328545,0.0,0.0,0.0
6595.555119999999,3654.157439814427,0.0,0.0,0.0
5827.811999999999,3318.3882468392967,0.0,0.0,0.0
5121.597519999999,2994.1236432578594,0.0,0.0,0.0
4484.69488,2742.2907203542863,168.14563919680066,0.0,0.0
3924.3007199999997,2486.395518567281,819.7099910844032,0.0,0.0
3493.8521599999995,2280.2348652330365,1891.6384409640073,0.0,0.0
3170.454559999999,2054.5159844114796,3573.094832932014,0.0,0.0
3060.3843199999997,1852.3438535004943,6053.243011084823,0.0,0.0
2964.0079999999994,1680.6331406414001,8659.500418635233,0.0,0.0
2840.8304,1557.925085207186,10382.99322040244,0.0,0.0
2723.0972799999995,1475.1405506291171,10656.229884097242,0.0,0.0
2563.6582399999998,1376.7579431176969,9395.137590121236,0.0,0.0
2410.75032,1318.5144522690848,7755.71760795243,0.0,0.0
2219.0579999999995,1255.1732553076727,6116.2976257836235,0.0,0.0
1977.2486399999996,1222.7175760441523,4140.5863652212165,0.0,0.0
1759.4055199999996,1214.995842021313,2900.5122761448115,0.0,0.0
1622.03768,1230.9244006319823,1534.328957670806,0.0,568.3678615151097
1925.7704799999997,1300.5348967081902,357.3094832932014,0.0,1370.6884784138474
2532.138159999999,1413.2305126737747,0.0,0.0,1043.2562213779308
3028.0069599999993,1475.2412565651239,0.0,0.0,245.87060049194048
3181.83984,1438.612663727909,0.0,0.0,0.0
3044.2689599999994,1359.1627721857867,0.0,0.0,0.0
2767.7886399999998,1279.8731591051967,0.0,0.0,0.0
2525.3851999999997,1240.9623711829802,0.0,0.0,0.0
2306.2298399999995,1209.4073717696622,0.0,0.0,1.957160094053962
2039.4540799999995,1152.5312122212001,0.0,0.0,274.3092176357959
1792.61008,1098.517370684878,0.0,0.0,562.3566460491627
1484.6247199999996,1051.9557684130668,504.43691759040195,0.0,605.6931397246201
1244.23288,1038.591665186911,1660.4381870684065,0.0,379.6971269006297
1172.0859999999998,1089.3687328363635,3383.9309888356133,0.0,0.0
1280.8139199999998,1189.711560116256,5716.951732691223,0.0,0.0
1590.3107999999997,1359.6024741599012,6410.552494378025,0.0,0.0
2112.319119999999,1601.9959885546575,6851.934797269627,0.0,0.0
2771.586239999999,1867.3008125877166,6978.044026667228,0.0,0.0
3452.864399999999,2101.5144518704756,6936.007616868027,0.0,0.0
4107.694719999999,2300.9476650007664,7104.153256064828,0.0,0.0
4694.130639999999,2470.2797320192467,6957.025821767627,0.0,0.0
5142.06696,2571.839540892011,6116.2976257836235,0.0,0.0
5380.988639999999,2591.697049400414,4960.296356305619,0.0,0.0
5405.714399999998,2537.3044968089675,3510.0402182332136,0.0,0.0
5102.553119999999,2400.890505323561,1702.4745968676066,0.0,0.0
4735.708719999999,2274.630792653272,441.38230289160174,0.0,0.0
4804.3964,2226.411088421009,0.0,0.0,0.0
4848.2718399999985,2208.462737516342,0.0,0.0,0.0
4952.86,2211.447037366462,0.0,0.0,0.0
5012.512399999998,2229.4790734855574,0.0,0.0,0.0
4876.998239999999,2220.448162294628,0.0,0.0,0.0
4636.854559999999,2198.750997462268,0.0,0.0,0.0
4347.2555999999995,2131.985798676621,0.0,0.0,0.0
4045.0004799999992,1998.5802197302366,0.0,0.0,0.0
3722.1029599999993,1839.8435518944543,105.09102449800041,0.0,0.0
3257.607599999999,1694.3617709880316,1807.5656213656068,0.0,0.0
2782.5955199999994,1571.242381449,4581.968668112818,0.0,0.0
2981.574719999999,1469.0315299758531,7734.699403052829,0.0,0.0
2892.2258399999996,1386.1335239205932,10803.357318394443,0.0,0.0
2918.0269599999992,1394.3360933280287,13157.39626714965,0.0,0.0
3118.6417599999995,1507.9990536366652,14649.688815021256,0.0,0.0
3511.09176,1700.109101307749,15301.253166908858,0.0,0.0
4045.850239999999,1938.9353561383173,15091.071117912858,0.0,0.0
4619.723999999999,2178.591371145844,14040.160872932855,0.0,0.0
5170.590319999998,2404.1499735058683,12169.540636868445,0.0,0.0
5702.006159999999,2604.8001682290305,9584.301434217638,0.0,0.0
6111.793519999998,2783.04400138739,6851.934797269627,0.0,0.0
6292.115599999999,2903.451422621559,4161.604570120816,0.0,0.0
6161.605999999999,2969.818052843573,1891.6384409640073,0.0,0.0
6017.496479999998,3090.384334145809,525.455122490002,0.0,0.0
6194.569919999998,3237.739812819347,0.0,0.0,0.0
6398.523599999999,3354.934572855549,0.0,0.0,0.0
6654.023119999998,3442.713270823482,0.0,0.0,0.0
6803.562079999998,3480.5446613189197,0.0,0.0,0.0
6748.7224799999985,3453.4618565003875,0.0,0.0,0.0
6635.365999999998,3417.437499279214,0.0,0.0,0.0
6521.159759999999,3362.9059441282084,0.0,0.0,0.0
6419.496879999998,3323.3980125572753,0.0,0.0,0.0
6223.1421599999985,3302.568904525425,105.09102449800041,0.0,0.0
5788.786959999999,3267.1204150509943,1723.4928017672066,0.0,0.0
5636.897999999998,3271.6238143020078,4518.914053414017,0.0,0.0
6188.749439999998,3263.992857460921,7629.608378554829,0.0,0.0
6001.516479999999,3234.351270831734,10656.229884097242,0.0,0.0
5836.71192,3226.5245756924937,12947.21421815365,0.0,6836.374977911245
5558.5884799999985,3141.93300784016,14439.506766025257,0.0,6836.374977911244
5290.00416,3060.7271451885085,14943.943683615656,0.0,6836.374977911244
5292.812879999999,3029.878505720704,14607.652405222056,0.0,6836.374977911245
5554.087759999999,3066.7312047253713,13598.778570041253,0.0,0.0
5971.3763199999985,3132.6510410059464,11812.231153575247,0.0,0.0
6443.899279999998,3228.900384746177,9353.101180322037,0.0,0.0
6756.5131999999985,3283.7340577052037,6767.861977671227,0.0,0.0
6679.282799999998,3247.533819694384,4161.604570120816,0.0,0.0
6297.853359999999,3154.8772666007094,1912.6566458636073,0.0,0.0
6109.785679999999,3022.1922315344873,567.4915322892022,0.0,0.0
6120.3964,2908.207295909321,0.0,0.0,0.0
6039.631599999999,2808.295660242755,0.0,0.0,0.0
6123.667599999999,2765.102742450047,0.0,0.0,0.0
5978.490239999999,2703.974239293857,0.0,0.0,0.0
5727.239519999998,2634.97648919448,0.0,0.0,0.0
5524.579279999999,2569.0495609465806,0.0,0.0,0.0
5400.157119999999,2499.666007824754,0.0,0.0,0.0
5306.066879999999,2401.147234540705,0.0,0.0,0.0
5097.702719999999,2272.9868746274688,147.12743429720058,0.0,0.0
4441.921119999999,2071.4189793325254,1933.6748507632074,0.0,0.0
4040.26664,1890.8291233832451,4666.041487711218,0.0,0.0
4336.727599999999,1780.431304830776,7713.68119815323,0.0,0.0
4204.567359999999,1717.0674135739257,10677.248088996841,0.0,0.0
4349.304799999999,1755.6987779835595,12863.14139855525,0.0,0.0
4776.053519999999,1878.730227127768,14292.379331728056,0.0,0.0
5052.661679999999,1957.2992963281956,14796.816249318455,0.0,0.0
5055.011679999999,1961.8877991871016,14397.470356226057,0.0,0.0
4934.522479999999,1948.7151790787061,13367.578316145651,0.0,0.0
4701.3535999999995,1919.9359756761698,11560.012694780045,0.0,0.0
4278.6280799999995,1855.2033347257047,9163.937336225636,0.0,0.0
3726.9157599999994,1730.472650210563,6494.625313976425,0.0,0.0
3204.7457600000002,1573.5373420751857,4035.4953407232156,0.0,0.0
2631.4510399999995,1423.608897656345,1849.602031164807,0.0,0.0
2230.29288,1325.6234403150934,588.5097371888023,0.0,503.4349528668172
2346.30016,1291.6812847003723,0.0,0.0,1076.7626305090707
2396.0336799999995,1274.9343130604636,0.0,0.0,955.2524697005956
2263.948639999999,1260.9305143816448,0.0,0.0,759.1701303976105
1924.6199199999999,1171.8440576390872,0.0,0.0,989.6842376079081
1558.9787199999996,1055.8237273918105,0.0,0.0,1253.2062828785363
1237.2919199999997,919.8848977171402,0.0,0.0,1676.489887855302
958.3600799999998,776.5874427466414,0.0,0.0,2073.211172129582
758.8431999999999,669.9809899258128,0.0,0.0,2387.3829504595665
629.4051999999999,588.7779640610916,126.10922939760049,0.0,2574.6223467120817
534.9878399999999,521.7730567798789,1597.383572369606,0.0,1759.0398694879495
381.08351999999996,450.15411555739206,4329.750209317616,0.0,186.58448144427254
288.1814399999999,408.76255746509,7629.608378554829,0.0,0.0
291.3059999999999,402.5400653346353,10551.138859599241,0.0,0.0
305.98879999999997,414.25741374805824,12484.813710362449,0.0,0.0
316.6822399999999,421.53235382945826,13199.43267694885,0.0,0.0
334.41063999999994,419.6884423251065,12968.23242305325,0.0,0.0
366.91583999999995,416.1708265321894,12463.795505462847,0.0,0.0
426.1471199999999,414.0716042041582,11623.067309478845,0.0,0.0
525.41864,427.37613490478844,9710.410663615237,0.0,0.0
634.0563199999999,436.995679383645,7272.298895261628,0.0,0.0
739.1295199999998,445.21526951265923,5002.332766104819,0.0,0.0
848.2672799999998,463.05156733360013,3173.7489398396124,0.0,658.2090159340629
862.5853599999998,463.48701412732004,1513.3107527712057,0.0,2225.4052133645764
827.0871999999998,464.49832866778377,378.3276881928014,0.0,3396.738402864608
767.40472,463.67140527775535,0.0,0.0,3850.538782633228
619.7983999999998,440.01827585731695,0.0,0.0,3860.6859013645208
460.0886399999999,395.1005916113084,0.0,0.0,3646.460447739331
345.76959999999997,356.1089552615934,0.0,0.0,3543.9261284059453
307.7334399999999,345.33909368271435,0.0,0.0,3339.29050878182
326.95831999999996,353.1629520350253,0.0,0.0,3222.7414715872974
398.8344799999999,397.44235922183515,0.0,0.0,3076.074811895056
480.5242399999999,466.1521754478408,0.0,0.0,2931.907466770929
495.75599999999986,532.3854766841555,126.10922939760049,0.0,2799.0071148110187
486.79215999999985,564.5901003043913,1513.3107527712057,0.0,1871.1265093933116
455.1630399999999,528.8536769565895,3720.222267229214,0.0,678.2467654308427
564.0037599999998,541.396530366576,6452.588904177225,0.0,0.0
715.3174399999999,599.7293800034761,9710.410663615237,0.0,0.0
852.7303999999998,679.6473413890105,12358.704480964847,0.0,0.0
955.4611199999999,751.4988991397386,13556.742160242053,0.0,0.0
1030.19112,812.2529464211989,14124.233692531256,0.0,0.0
1106.0867199999998,868.3943781548502,13556.742160242053,0.0,0.0
1216.3336799999997,950.3448973755662,12253.613456466846,0.0,0.0
1344.98208,1051.3813190597878,10298.92040080404,0.0,0.0
1464.9599199999998,1132.7304394513922,7902.845042249631,0.0,0.0
1535.6968,1204.4997303811567,5737.969937590823,0.0,0.0
1477.2701599999998,1198.0900103133372,3783.2768819280145,0.0,0.0
1472.7205599999995,1214.3887696183417,1870.6202360644072,0.0,422.59414095266334
1676.0387999999998,1293.441510990296,588.5097371888023,0.0,1419.2050525247587
1992.3939199999993,1367.6603674339185,0.0,0.0,1637.9024488411249
2114.9699199999995,1408.6491017821932,0.0,0.0,1309.6517087090906
2219.8814399999997,1444.7004084791993,0.0,0.0,743.0452494036408
2441.3303999999994,1483.2722003633082,0.0,0.0,220.6569349876312
2547.7609599999996,1494.383894767225,0.0,0.0,0.0
2727.503999999999,1550.409018236755,0.0,0.0,0.0
3113.0656799999992,1651.330550050321,0.0,0.0,0.0
3597.8763199999994,1781.2639017946644,0.0,0.0,0.0
4055.099839999999,1946.8457364919861,168.14563919680066,0.0,0.0
4026.572719999999,2005.8182815815499,1744.511006666807,0.0,0.0
3564.134079999999,1972.816520834048,4245.677389719217,0.0,0.0
4016.9959999999987,2107.2022096646688,6978.044026667228,0.0,0.0
4943.847279999999,2314.7330310859925,9710.410663615237,0.0,0.0
6029.4908799999985,2587.728384485664,11854.267563374444,0.0,6836.374977911244
6804.787839999999,2796.0960580512706,12968.23242305325,0.0,6836.374977911244
7185.751039999998,2935.6220047986376,13136.37806225005,0.0,6836.374977911244
7394.513759999999,3059.2576895588873,12800.08678385645,0.0,6836.374977911244
7653.401039999999,3162.908210398893,11959.358587872444,0.0,6836.374977911245
7999.159359999998,3282.383747126632,10530.12065469964,0.0,6836.374977911244
8235.264799999999,3411.0320343917892,8386.263754940434,0.0,6836.374977911244
8094.870159999998,3496.9143402971686,6053.243011084823,0.0,6836.374977911244
7444.269839999998,3493.42225558662,3762.2586770284142,0.0,0.0
7124.023119999999,3488.3812852124147,1786.547416466007,0.0,0.0
7311.838879999999,3524.309191677976,588.5097371888023,0.0,0.0
7675.272959999998,3649.0668256689505,0.0,0.0,6836.374977911244
7847.180159999999,3714.2136375111627,0.0,0.0,6836.374977911243
7925.553599999998,3679.2317994866808,0.0,0.0,6836.374977911244
7841.040079999998,3592.099888938736,0.0,0.0,6836.374977911244
7458.140479999998,3486.1813569483766,0.0,0.0,6836.374977911244
6951.307519999999,3339.0003406710202,0.0,0.0,6836.374977911244
6734.047199999999,3181.3969692136816,0.0,0.0,0.0
6645.228479999999,3087.7574694488408,0.0,0.0,0.0
6404.979519999999,3003.961620330308,21.018204899600082,0.0,0.0
5912.829360000001,2932.325658386243,546.4733273896021,0.0,0.0
5632.82592,2988.2330551981877,1471.2743429720058,0.0,0.0
6162.955839999999,3202.87570145245,2185.8933095584084,0.0,0.0
6598.096879999998,3354.840958886867,2627.27561245001,0.0,0.0
6453.637679999999,3355.649443161852,2963.566890843611,0.0,0.0
6173.15296,3314.2834161519177,2816.439456546411,0.0,0.0
6197.4951999999985,3307.1786832863045,3089.6761202412117,0.0,0.0
6305.384639999998,3308.148864416286,3489.022013333614,0.0,0.0
6243.250639999999,3246.4274727917737,3531.058423132814,0.0,0.0
5790.411279999999,3142.639367785673,3320.876374136813,0.0,0.0
5473.409439999999,3029.0700214457183,2732.3666369480106,0.0,0.0
5368.998,2975.2632653552705,2038.7658752612078,0.0,0.0
5427.202799999998,2961.1842918228126,1387.2015233736054,0.0,0.0
5427.157679999999,2919.7274876311258,672.5825567872026,0.0,0.0
5067.367039999999,2849.2347508197577,168.14563919680066,0.0,0.0
4569.249759999999,2795.0109870506326,0.0,0.0,0.0
4053.734959999999,2725.818917046566,0.0,0.0,0.0
3387.1508799999992,2517.161891214122,0.0,0.0,0.0
2820.0112799999993,2284.7864898618554,0.0,0.0,0.0
2402.9069599999993,2053.473465214788,0.0,0.0,0.0
2220.5055999999995,1855.2614888577648,0.0,0.0,0.0
2056.9418399999995,1683.976294038136,0.0,0.0,0.0
2005.5802399999995,1542.2333983051526,0.0,0.0,0.0
2028.9899999999998,1414.8219501413766,42.036409799200165,0.0,62.64763944237591
1892.2124799999992,1285.803462181885,819.7099910844032,0.0,18.820583210716137
1698.8657599999995,1189.358380143499,2375.057153654809,0.0,0.0
1868.1334399999998,1236.3213877658734,4624.005077912018,0.0,0.0
2205.1384799999996,1377.8345037575455,7755.71760795243,0.0,0.0
2623.8031999999994,1566.5943060645689,10824.375523294042,0.0,0.0
2971.6407999999997,1719.1609623280974,13073.32344755125,0.0,0.0
3254.4830399999996,1806.6035010448516,13829.978823936854,0.0,0.0
3406.7931199999994,1848.1638479594753,13787.942414137653,0.0,0.0
3397.9796799999995,1864.4498417232962,12779.068578956849,0.0,0.0
3260.8411999999994,1867.610022363062,11034.557572290043,0.0,0.0
3089.249839999999,1885.432136249354,8491.354779438434,0.0,0.0
3022.77304,1955.5646011206402,6263.425060080824,0.0,0.0
3090.1484799999994,2084.259695370138,4035.4953407232156,0.0,0.0
3156.74936,2154.593572113438,2038.7658752612078,0.0,0.0
3269.466639999999,2207.4854644190355,693.6007616868027,0.0,0.0
3612.423759999999,2289.1806728160723,0.0,0.0,0.0
3550.9026399999993,2293.095438779157,0.0,0.0,0.0
3181.24952,2116.3678682347613,0.0,0.0,0.0
2858.126399999999,1854.586333568479,0.0,0.0,0.0
2709.0235999999995,1630.94256238605,0.0,0.0,0.0
2702.2217599999994,1495.1909606487447,0.0,0.0,0.0
2760.76872,1437.16732078719,0.0,0.0,0.0
2849.1888799999992,1449.6108866546344,0.0,0.0,0.0
2857.63008,1493.6520037393434,231.20025389560087,0.0,0.0
2484.9952799999996,1443.5500913791768,1807.5656213656068,0.0,0.0
1993.9543199999996,1321.2136550327627,4329.750209317616,0.0,0.0
1999.8387199999997,1251.6627314820798,7146.189665864028,0.0,0.0
2374.4211999999993,1283.0149006299189,9836.519893012839,0.0,0.0
2588.688559999999,1312.5245766668713,12043.431407470845,0.0,0.0
2580.175919999999,1309.236740615266,13262.48729164765,0.0,0.0
2551.2953599999996,1298.3718466742391,13808.960619037254,0.0,0.0
2576.8558399999997,1307.4098498324925,13514.705750442852,0.0,0.0
2610.5980799999993,1351.011264943087,12400.740890764047,0.0,0.0
2649.5215999999996,1445.0805379277888,10488.084244900441,0.0,0.0
2688.997839999999,1578.2705210675101,8176.081705944432,0.0,0.0
2776.6960799999997,1735.5887954384066,5906.1155767876235,0.0,0.0
2821.0715999999993,1846.2064649779327,3867.3497015264147,0.0,0.0
2730.4969599999995,1865.9462468287509,1996.7294654620077,0.0,0.0
2736.6633599999996,1851.6034521118238,651.5643518876025,0.0,0.0
2960.3457599999992,1864.6271409064068,0.0,0.0,0.0
2965.891759999999,1800.9327639722383,0.0,0.0,0.0
2685.4295999999995,1677.675790267113,0.0,0.0,0.0
2385.287599999999,1558.7122935801974,0.0,0.0,0.0
2037.49136,1426.4385926187927,0.0,0.0,0.0
1716.0451999999996,1298.4966652991493,0.0,0.0,66.76611088731602
1531.4855999999997,1210.554852082755,0.0,0.0,218.37896280621325
1474.72464,1184.6095988230609,0.0,0.0,182.06958917432834
1518.3443999999997,1180.370020756517,147.12743429720058,0.0,0.0
1439.1926399999998,1126.5774486007167,1471.2743429720058,0.0,0.0
1108.8277599999997,1031.6925993737057,3762.2586770284142,0.0,0.0
1115.1332799999998,1000.8042448888843,6452.588904177225,0.0,0.0
1380.8750399999997,1031.9337262627364,8974.773492129234,0.0,0.0
1525.68016,1070.9508936948193,10446.04783510124,0.0,0.0
1611.0283999999995,1109.522685578928,11223.721416386445,0.0,0.0
1701.3323199999995,1168.1704185650326,12232.595251567247,0.0,0.0
1782.5746399999996,1234.459037146478,12232.595251567247,0.0,0.0
1866.8512799999996,1269.9897934418714,11602.049104579246,0.0,0.0
1971.5672799999995,1295.838595945953,10046.701942008838,0.0,0.0
2100.7383199999995,1328.2942752094737,7902.845042249631,0.0,0.0
2313.7799199999995,1408.3597495153563,5674.915322892022,0.0,0.0
2523.9977599999993,1470.2116333386382,3383.9309888356133,0.0,0.0
2664.28712,1525.699185684977,1723.4928017672066,0.0,0.0
2831.64472,1576.1840642806628,567.4915322892022,0.0,0.0
3083.7677599999997,1622.1598700514764,0.0,0.0,0.0
3281.265519999999,1675.586496693336,0.0,0.0,0.0
3344.29816,1778.5902301133547,0.0,0.0,0.0
3423.314559999999,1885.5257502180364,0.0,0.0,0.0
3483.715199999999,1927.6960063225608,0.0,0.0,0.0
3424.6004799999987,1886.9923690607282,0.0,0.0,0.0
3369.693199999999,1813.4912197103383,0.0,0.0,0.0
3260.8073599999993,1714.3384245474851,0.0,0.0,0.0
2889.5223999999994,1488.5542976265435,63.05461469880024,0.0,0.0
2283.8390399999994,1203.0359483253944,651.5643518876025,0.0,0.0
1715.3759199999997,981.3977855023146,1765.529211566407,0.0,0.0
1552.48896,896.1480830822736,3299.8581692372127,0.0,0.0
1669.2971199999995,906.4271805223021,5170.47840530162,0.0,0.0
1720.5120799999995,932.8305748711542,6851.934797269627,0.0,0.0
1667.3080799999998,945.0358506364979,7545.535558956429,0.0,0.0
1608.0955999999996,952.6043981651294,7818.772222651231,0.0,0.0
1604.5423999999996,991.3974594297604,7524.5173540568285,0.0,0.0
1629.4787199999998,1070.0417034838272,6999.062231566827,0.0,0.0
1639.4126399999996,1143.7924900840378,5716.951732691223,0.0,0.0
1619.0559999999998,1185.2336919476109,4140.5863652212165,0.0,0.0
1610.5508799999996,1242.8105378677265,2795.421251646811,0.0,0.0
1619.42448,1319.1498925413537,1723.4928017672066,0.0,0.0
1634.0471199999997,1417.3608744435226,840.7281959840033,0.0,366.0718683373193
1730.3294399999997,1553.0755979507408,231.20025389560087,0.0,819.3289628111879
1892.9005599999994,1734.6313798496085,0.0,0.0,720.307971407822
1987.1374399999997,1921.5472706522803,0.0,0.0,229.95774978541172
2118.42912,2149.260412685467,0.0,0.0,0.0
2214.9972,2299.1959490716317,0.0,0.0,0.0
2283.66232,2386.1789283057637,0.0,0.0,0.0
2475.418559999999,2444.1585979699066,0.0,0.0,0.0
2716.68272,2473.666855613394,0.0,0.0,0.0
3214.8075199999994,2534.130132234553,0.0,0.0,0.0
3561.599839999999,2530.900450315007,42.036409799200165,0.0,0.0
3889.6560799999993,2501.6957288730055,567.4915322892022,0.0,0.0
4440.533679999999,2434.0312686306215,1450.2561380724057,0.0,0.0
4738.408399999999,2368.473122683592,2480.1481781528096,0.0,0.0
4832.438479999999,2350.164499838844,3636.149447630814,0.0,0.0
4783.5848,2317.141463189369,4855.205331807619,0.0,0.0
4871.328159999999,2337.7592305949515,5927.133781687222,0.0,0.0
5119.668639999999,2405.782544383952,6368.516084578824,0.0,0.0
5502.36144,2503.0261819430684,6725.825567872026,0.0,0.0
5952.33568,2611.782919256664,6830.916592370027,0.0,0.0
6358.272799999999,2706.203953820658,6851.934797269627,0.0,0.0
6687.347999999999,2778.8611590594414,6410.552494378025,0.0,0.0
6883.706479999999,2788.351629732993,5338.6240444984205,0.0,0.0
6945.532159999998,2700.4396027793614,3867.3497015264147,0.0,0.0
6748.1547199999995,2574.938730612787,2185.8933095584084,0.0,0.0
6071.482559999999,2444.395469678543,861.7464008836033,0.0,0.0
5503.936879999998,2437.2467666155176,21.018204899600082,0.0,0.0
5231.084959999998,2519.54762902206,0.0,0.0,0.0
5029.853519999999,2566.316316739745,0.0,0.0,0.0
4923.750079999999,2616.6097122176716,0.0,0.0,0.0
4829.652319999998,2653.045403543662,0.0,0.0,0.0
4586.342719999999,2646.1789607801493,0.0,0.0,0.0
4331.448559999999,2653.4510640746194,0.0,0.0,0.0
4122.42264,2664.5187882811247,0.0,0.0,0.0
3999.2901599999996,2604.0200518233437,294.25486859440116,0.0,0.0
3921.428079999999,2570.099172110596,1912.6566458636073,0.0,0.0
3764.323999999999,2460.695647377012,4687.059692610818,0.0,0.0
4176.344799999999,2405.721553464962,7503.499149157229,0.0,0.0
4661.869839999999,2425.058511571752,10277.90219590444,0.0,0.0
5085.065359999999,2470.286823986571,12589.904734860449,0.0,6836.374977911244
5352.566799999999,2457.908504218511,13977.106258234055,0.0,6836.374977911244
5458.196479999999,2432.442667949949,14523.579585623655,0.0,6836.374977911244
5475.842159999999,2361.8251125136712,14292.379331728056,0.0,6836.374977911244
5436.711839999999,2302.25826056232,13199.43267694885,0.0,6836.374977911244
5339.312799999999,2297.9903146264787,11454.921670282045,0.0,0.0
5134.3514399999995,2285.629015579998,9037.828106828034,0.0,0.0
4881.307199999998,2254.058413838566,6431.570699277625,0.0,0.0
4451.091759999998,2226.0025911031216,4035.4953407232156,0.0,0.0
3839.971439999999,2198.9651748754654,2038.7658752612078,0.0,0.0
3333.7588799999994,2244.567943165014,777.673581285203,0.0,0.0
3366.6776799999993,2384.3222512602274,21.018204899600082,0.0,0.0
3736.5639199999996,2584.1994215450272,0.0,0.0,0.0
4263.986639999999,2790.0451915300673,0.0,0.0,0.0
4820.853919999999,3015.0222525694885,0.0,0.0,0.0
5227.798719999999,3172.236984217449,0.0,0.0,0.0
5463.486799999999,3279.339874750987,0.0,0.0,0.0
5618.361199999999,3338.718080371508,0.0,0.0,0.0
5762.083439999999,3346.042664224179,0.0,0.0,0.0
5966.732719999998,3141.6337268190687,210.18204899600082,0.0,0.0
5679.404799999998,2872.829726108136,1345.1651135744053,0.0,0.0
5428.657919999999,2786.5488516391233,2837.457661446011,0.0,0.0
6127.641919999998,2890.8802013422746,4960.296356305619,0.0,0.0
6768.616639999999,2984.074325559142,7167.207870763628,0.0,0.0
7419.897519999999,3114.37787799782,9248.010155824037,0.0,0.0
8040.368959999999,3260.8638814773826,10446.04783510124,0.0,0.0
8589.798959999998,3347.6738167087974,10887.430137992842,0.0,6836.374977911244
8962.065279999999,3398.178552812992,11160.666801687643,0.0,6836.374977911244
9000.496239999999,3440.5956093804066,10235.86578610524,0.0,0.0
8668.574719999999,3462.88282589416,9079.864516627234,0.0,0.0
8202.116639999998,3465.618906887925,7818.772222651231,0.0,0.0
7690.076079999999,3460.8403393047242,5780.006347390023,0.0,0.0
7147.820159999999,3392.4595903625723,3993.4589309240155,0.0,0.0
6629.7711199999985,3227.1614343582273,2059.784080160808,0.0,0.0
5924.575599999999,3061.1398976867904,777.673581285203,0.0,0.0
5343.49392,2919.4296250034995,21.018204899600082,0.0,0.0
5054.84624,2796.7244063562152,0.0,0.0,0.0
4837.446799999998,2707.184063704894,0.0,0.0,0.0
4606.214319999999,2677.460210254744,0.0,0.0,0.0
4467.086799999999,2605.393056697353,0.0,0.0,0.0
4341.89384,2562.424245072098,0.0,0.0,0.0
4346.811919999999,2574.033795582189,0.0,0.0,0.0
4398.974399999999,2578.5953489652625,0.0,0.0,0.0
4271.777359999999,2501.9340189751065,168.14563919680066,0.0,0.0
4013.7548799999995,2392.351776664947,1387.2015233736054,0.0,0.0
4191.4036,2338.6017563130936,3594.1130378316143,0.0,0.0
4361.099919999999,2279.0022813120504,6557.679928675226,0.0,0.0
4687.539359999999,2235.468949087771,10025.683737109239,0.0,0.0
5000.412719999999,2221.816911988243,12379.722685864448,0.0,0.0
5132.885039999998,2226.1571959907947,13872.015233736054,0.0,0.0
5257.468879999999,2324.2632167765614,14628.670610121655,0.0,0.0
5713.853919999999,2552.894059381529,14502.561380724055,0.0,6836.374977911244
6405.426959999999,2829.609858839596,13577.760365141652,0.0,6836.374977911244
7059.907599999999,3091.0580710416307,11812.231153575247,0.0,6836.374977911244
7552.407439999998,3310.39985484506,9332.082975422436,0.0,0.0
8022.5503199999985,3506.7069287787417,6557.679928675226,0.0,0.0
8406.972719999998,3702.4608292611174,3888.367906426015,0.0,0.0
8486.95544,3859.221675000314,1765.529211566407,0.0,0.0
8154.545119999999,3907.1250774899077,504.43691759040195,0.0,0.0
7956.757839999999,3876.5743006497287,0.0,0.0,6836.374977911244
8105.48464,3842.944191597282,0.0,0.0,6581.2552777046085
8058.266559999999,3779.824264016392,0.0,0.0,0.0
7968.282239999999,3723.1055461425326,0.0,0.0,0.0
7828.455359999998,3714.2646996758995,0.0,0.0,0.0
7609.495519999998,3688.709504619048,0.0,0.0,0.0
7468.600799999998,3620.974124703419,0.0,0.0,0.0
7268.200319999999,3555.728025318665,0.0,0.0,0.0
6935.74864,3505.9523434554226,42.036409799200165,0.0,0.0
6941.027679999998,3458.569491367442,462.40050779120173,0.0,0.0
7200.775999999998,3407.9654677207054,1387.2015233736054,0.0,0.0
7509.325359999999,3340.058462195825,3026.6215055424113,0.0,0.0
7498.917679999999,3194.498669648833,4813.168922008419,0.0,0.0
7328.83408,3031.2926440051956,6746.843772771626,0.0,0.0
7082.245759999999,2966.462133905653,8323.209140241632,0.0,0.0
6770.789919999998,2856.956484842598,9626.337844016838,0.0,0.0
6224.642399999999,2666.152777552673,9184.955541125235,0.0,0.0
5341.392079999999,2409.6505033626963,5464.733273896021,0.0,0.0
4404.591839999999,2128.5476129177373,4119.568160321616,0.0,0.0
3442.7612799999993,1766.7026744841453,3657.1676525304138,0.0,0.0
2521.598879999999,1446.6251684110498,2795.421251646811,0.0,0.0
2007.6858399999994,1272.2280183294613,2269.9661291568086,0.0,0.0
1844.8214399999997,1224.0054773102684,1156.0012694780046,0.0,265.8627832223429
2058.3330399999995,1303.2738144888854,315.2730734940012,0.0,813.5792861110966
2320.5027999999998,1427.7449329999527,0.0,0.0,763.0884835669723
2600.4460799999997,1585.9653056145166,0.0,0.0,61.65282312707665
3028.5521599999993,1703.3600591292675,0.0,0.0,0.0
3294.1059199999995,1809.1977426921285,0.0,0.0,0.0
3468.1487999999995,1963.9614904327652,0.0,0.0,0.0
3770.3362399999996,2137.8480188669946,0.0,0.0,0.0
4636.448479999999,2340.3662377834116,0.0,0.0,0.0
5436.486239999998,2594.628868692334,0.0,0.0,0.0
5512.833039999999,2627.298725369052,126.10922939760049,0.0,0.0
5411.061119999998,2488.344391188034,945.8192204820036,0.0,0.0
5454.759839999999,2520.272428082617,2290.984334056409,0.0,0.0
5781.086479999999,2608.185873429714,4392.804824016417,0.0,0.0
6567.133279999999,2722.0190409541365,7314.3353050608275,0.0,0.0
7572.741519999998,2876.733144923502,9878.556302812038,0.0,0.0
8320.53408,3013.2152192952235,11076.593982089244,0.0,0.0
8739.931999999999,3082.7108255007765,11538.994489880446,0.0,0.0
8930.691839999998,3108.04616957057,11076.593982089244,0.0,0.0
9027.180959999998,3111.0191222729704,10719.284498796042,0.0,0.0
9013.80288,3110.4702040020597,9731.428868514839,0.0,0.0
8677.722799999998,3061.257624344377,7944.88145204883,0.0,0.0
8126.540639999998,3041.394442262113,5254.55122490002,0.0,0.0
7425.2329599999985,2971.7201184799856,3615.1312427312137,0.0,0.0
6560.372799999998,2880.911732071056,1975.7112605624077,0.0,0.0
5630.818079999999,2797.198149773487,693.6007616868027,0.0,0.0
5134.479279999999,2710.3697754270283,21.018204899600082,0.0,0.0
4932.247679999999,2636.6062232856334,0.0,0.0,0.0
4840.751839999999,2594.350863573216,0.0,0.0,0.0
4687.219759999999,2540.1512124929936,0.0,0.0,0.0
4677.135439999999,2489.9627781314693,0.0,0.0,0.0
4684.674239999999,2444.9415511625234,0.0,0.0,0.0
4583.345999999999,2364.2250342562584,0.0,0.0,0.0
4464.417199999999,2286.3509778536245,0.0,0.0,0.0
4299.379519999999,2176.2283276333437,399.3458930924015,0.0,0.0
3902.9175999999993,2054.5869040847238,2164.875104658808,0.0,0.0
4119.46728,1951.9945047695223,4897.241741606819,0.0,0.0
4263.411359999999,1839.077619423416,7797.75401775163,0.0,0.0
4163.21864,1738.8369164729954,10467.06604000084,0.0,0.0
4129.525279999999,1698.1644838673908,12358.704480964847,0.0,0.0
4132.476879999999,1701.789897563639,13451.651135744052,0.0,0.0
4173.983519999999,1755.8179230346102,14061.179077832456,0.0,0.0
4366.48424,1851.4871438477035,14229.324717029256,0.0,0.0
4727.120879999999,1997.9504530318272,13535.723955342453,0.0,0.0
5170.090239999999,2199.889967414571,11980.376792772046,0.0,0.0
5622.985999999999,2421.4472818101526,9437.173999920436,0.0,0.0
6020.699999999998,2634.512674531462,6704.807362972426,0.0,0.0
6297.056239999999,2802.3228053621197,4434.841233815617,0.0,0.0
6389.845519999999,2917.2906876584516,2248.947924257209,0.0,0.0
6308.182079999999,2998.3816604394465,882.7646057832035,0.0,0.0
6281.519919999999,3079.5123482374584,63.05461469880024,0.0,0.0
6368.6428799999985,3154.0872214407673,0.0,0.0,0.0
6500.7768,3215.109345087091,0.0,0.0,0.0
6573.762159999998,3219.1233985927183,0.0,0.0,0.0
6652.060399999998,3178.3105450340895,0.0,0.0,0.0
6598.946639999998,3092.1530707965217,0.0,0.0,0.0
6430.408399999998,2979.037610365332,0.0,0.0,0.0
6153.1911199999995,2865.9760488858064,0.0,0.0,0.0
5640.124079999999,2705.7713438138676,567.4915322892022,0.0,0.0
4728.666239999999,2475.6753007596726,2459.1299732532098,0.0,0.0
4355.211759999999,2214.7107607291646,4981.314561205219,0.0,0.0
3966.514239999999,1956.0950802765078,7713.68119815323,0.0,0.0
3523.9096,1739.832628685345,10235.86578610524,0.0,0.0
3275.0991199999994,1601.230056083619,12190.558841768046,0.0,0.0
3091.4231199999995,1490.8563502200534,13472.669340643652,0.0,0.0
2878.9981599999987,1351.448130130272,14124.233692531256,0.0,0.0
2647.8070399999997,1230.9045431234738,14166.270102330456,0.0,0.0
2381.6855199999995,1150.7369444881194,13304.523701446851,0.0,0.0
2118.36896,1140.9769790562393,11707.140129077246,0.0,0.0
1880.9399999999998,1160.306845195705,9290.046565623235,0.0,0.0
1695.5644799999998,1197.709880864748,6641.752748273626,0.0,0.0
1544.13048,1243.975038902398,4245.677389719217,0.0,0.0
1392.67016,1294.4911221543114,2248.947924257209,0.0,52.46454834766907
1304.0807999999997,1377.6472758201805,861.7464008836033,0.0,1448.6286640280969
1513.6970399999998,1559.6328309389087,63.05461469880024,0.0,1824.100090956626
2085.2358399999994,1866.5178593951,0.0,0.0,893.0045321567103
2965.1886399999994,2204.089830464098,0.0,0.0,0.0
3988.7358399999985,2470.001726900129,0.0,0.0,0.0
5145.311839999999,2817.8754897045947,0.0,0.0,0.0
5933.264959999999,2984.284247791945,0.0,0.0,0.0
6779.05816,3088.3957465080393,0.0,0.0,0.0
7716.847279999999,3326.6262760833547,0.0,0.0,0.0
8112.072159999998,3452.5640134371147,210.18204899600082,0.0,0.0
7971.854239999998,3472.007351053772,966.8374253816037,0.0,0.0
8339.296479999997,3575.3855403485204,1702.4745968676066,0.0,0.0
9061.096159999997,3824.6809573434116,2101.820489960008,0.0,0.0
9897.831519999998,3977.36108508413,2269.9661291568086,0.0,0.0
10116.494319999998,3959.3829479167007,2227.9297193576085,0.0,0.0
10115.591919999997,3930.0860308994806,2354.0389487552093,0.0,0.0
9751.153919999997,3870.59151701484,2816.439456546411,0.0,0.0
9939.311839999997,3894.9921397912726,3636.149447630814,0.0,0.0
10211.626079999998,3963.4891969975456,4371.786619116817,0.0,0.0
10263.826159999999,3934.2093007019043,4455.859438715217,0.0,0.0
10102.285279999998,3897.943816591701,3783.2768819280145,0.0,0.0
9633.563679999997,3892.470236210706,2795.421251646811,0.0,0.0
9129.934239999999,3862.615890561786,1849.602031164807,0.0,0.0
8453.75464,3633.8034935933133,1198.0376792772047,0.0,0.0
7408.327999999998,3329.4049088810666,462.40050779120173,0.0,0.0
6639.678719999999,3049.3417008458696,21.018204899600082,0.0,0.0
6085.371999999999,2783.0525117481793,0.0,0.0,0.0
5426.484639999999,2458.2262243546456,0.0,0.0,0.0
4670.45016,2236.978119734409,0.0,0.0,0.0
4125.753999999999,2141.534423482233,0.0,0.0,0.0
3730.047839999999,2051.7586275157414,0.0,0.0,0.0
3466.445519999999,1973.676067273769,0.0,0.0,0.0
3290.045119999999,1827.967343412964,0.0,0.0,0.0
3211.93864,1662.9627948558507,168.14563919680066,0.0,0.0
2885.2585599999993,1488.9869076333339,1240.0740890764048,0.0,0.0
2494.0869599999996,1322.3157467549793,2879.494071245211,0.0,0.0
2169.1928799999996,1225.1628863776155,5506.769683695222,0.0,0.0
2006.0803199999998,1203.8231566984061,8197.099910844032,0.0,0.0
2004.8508,1244.9508936062396,10656.229884097242,0.0,0.0
1955.7564799999998,1291.7507859801517,12758.05037405725,0.0,0.0
1890.9679199999994,1323.0589849305793,13157.39626714965,0.0,0.0
1846.6375199999995,1237.0405132525705,12884.15960345485,0.0,0.0
1826.1868799999997,1104.9441114742765,11833.249358474844,0.0,0.0
1775.2990399999999,992.8385471900846,10151.792966506839,0.0,0.0
1719.8390399999996,905.3378543412699,7965.899656948431,0.0,0.0
1677.6894399999999,860.0598981551801,5590.842503293622,0.0,0.0
1560.6443999999997,856.5848341662096,3720.222267229214,0.0,0.0
1319.1959999999997,858.7790888563882,1975.7112605624077,0.0,635.5264327015301
1094.1411999999998,885.8562201010611,714.6189665864028,0.0,2084.8879421788683
1064.7793599999998,980.7155382457044,42.036409799200165,0.0,2661.839551365044
1305.4719999999998,1159.6770784972955,0.0,0.0,2113.4520247447035
1716.7558399999998,1412.4376307269035,0.0,0.0,1021.0170593732047
2332.2227199999993,1710.0648050377838,0.0,0.0,0.0
2909.4729599999996,1994.8725392130248,0.0,0.0,0.0
3507.809279999999,2321.5640140128835,0.0,0.0,0.0
4278.425039999998,2609.645400305082,0.0,0.0,0.0
4987.96336,2883.175488041014,0.0,0.0,0.0
5440.355279999999,3073.687006277172,126.10922939760049,0.0,0.0
5635.815119999998,3169.6469977505667,756.6553763856028,0.0,0.0
5847.61216,3280.5625299177186,1513.3107527712057,0.0,0.0
6624.02208,3467.1791396992994,2501.1663830524094,0.0,0.0
7408.553599999999,3606.456867590312,4518.914053414017,0.0,0.0
8475.799519999999,3657.0495440893283,6662.770953173226,0.0,0.0
9386.603119999996,3753.927236134505,9037.828106828034,0.0,6836.374977911244
9663.320319999999,3756.278932499286,9773.46527831404,0.0,6836.374977911245
9335.22272,3692.723558124676,10214.847581205639,0.0,6836.374977911245
9044.01824,3609.4780456705184,10950.484752691642,0.0,6836.374977911244
8859.748159999997,3491.582599262663,10046.701942008838,0.0,6836.374977911244
8602.801039999998,3379.869929968245,7629.608378554829,0.0,0.0
8005.348319999998,3184.1146110924037,4876.223536707219,0.0,0.0
7045.946719999998,2856.2813295533115,3257.8217594380126,0.0,0.0
5866.152719999999,2544.336891607872,2059.784080160808,0.0,0.0
4629.379679999999,2242.1453271269884,945.8192204820036,0.0,0.0
4144.700639999999,2042.50928373122,84.07281959840033,0.0,0.0
4047.0797599999996,1925.4989148454524,0.0,0.0,0.0
3905.880479999999,1799.3980622432312,0.0,0.0,0.0
3525.124079999999,1667.127198068756,0.0,0.0,0.0
2997.4118399999998,1467.1762713237824,0.0,0.0,0.0
2527.5810399999996,1264.248136696013,0.0,0.0,0.0
2045.8648799999999,1059.4236100056912,0.0,0.0,140.64534254573726
1517.4720799999998,882.3556250297225,0.0,0.0,727.1605732775874
1088.5651199999998,733.7165002704633,420.36409799200163,0.0,862.3959722917643
736.7193599999998,642.9435736981566,2269.9661291568086,0.0,0.0
506.79535999999985,632.7467430790914,4645.023282811618,0.0,0.0
576.8479199999999,722.6601232116772,6914.989411968427,0.0,0.0
857.3476799999997,912.0156507739529,8890.700672530835,0.0,0.0
1296.3314399999997,1132.4155561021876,9983.647327310038,0.0,0.0
1780.4239199999997,1384.383226384924,10488.084244900441,0.0,0.0
2170.3171199999997,1575.988325982509,11223.721416386445,0.0,0.0
2495.3390399999994,1713.8689363106082,10551.138859599241,0.0,0.0
2784.4792799999996,1826.4808670617633,8428.300164739632,0.0,0.0
3115.2464799999993,1955.9135259130019,7125.171460964428,0.0,0.0
3434.0681599999994,2041.6568292588233,6053.243011084823,0.0,0.0
3695.4859199999987,2171.383095557293,4981.314561205219,0.0,0.0
4143.944879999998,2376.133865787441,3446.9856035344133,0.0,0.0
4765.254799999999,2662.3472278863846,1849.602031164807,0.0,0.0
5470.345039999999,3026.623292718791,714.6189665864028,0.0,0.0
6242.968639999999,3398.0523157946172,42.036409799200165,0.0,0.0
6798.9598399999995,3657.641014164187,0.0,0.0,6836.374977911244
7125.9858399999985,3799.955522463519,0.0,0.0,6836.374977911244
7191.135359999998,3783.5149238120257,0.0,0.0,6836.374977911244
6835.014479999999,3702.378562440154,0.0,0.0,6836.374977911245
6419.775119999999,3595.0288714437256,0.0,0.0,0.0
5879.549599999999,3417.411968196846,0.0,0.0,0.0
5152.2001599999985,3152.526988629393,0.0,0.0,0.0
4426.651759999999,2892.295758020231,168.14563919680066,0.0,0.0
4169.945279999999,2693.42848388243,1177.0194743776046,0.0,0.0
3977.4295199999997,2449.96266402822,2522.1845879520097,0.0,0.0
4042.8234399999997,2553.3791499465206,3489.022013333614,0.0,0.0
4345.191359999999,2680.8260579469184,5191.49661020122,0.0,0.0
4639.539199999999,2464.4870131086523,7503.499149157229,0.0,0.0
4549.592479999998,2094.137387459604,10509.10244980004,0.0,0.0
4298.424479999999,1868.4766607701074,12400.740890764047,0.0,0.0
3766.8582399999996,1678.1878303079366,11896.303973173644,0.0,0.0
3380.8754399999993,1622.0265410657769,10214.847581205639,0.0,0.0
3777.841199999999,1770.183412046975,6557.679928675226,0.0,0.0
3712.789439999999,1867.2696079314894,4098.549955422016,0.0,0.0
2876.7534399999995,1834.0011892125892,2795.421251646811,0.0,0.0
2289.49032,1781.7688498681632,1765.529211566407,0.0,0.0
2095.81272,1831.4963063536002,882.7646057832035,0.0,0.0
1971.7327199999995,1875.133181300817,441.38230289160174,0.0,30.45803086361935
1979.85432,1810.4189794653955,63.05461469880024,0.0,329.90068198293795
2074.7717599999996,1608.475209902257,0.0,0.0,365.19525513644254
2098.58384,1406.8321397536738,0.0,0.0,215.24716473176713
1986.3102399999993,1220.9020324090982,0.0,0.0,340.8241209936987
1797.2724799999996,1080.4697322376687,0.0,0.0,433.5312752862176
1580.1888799999997,976.4575210641167,0.0,0.0,806.2930966875584
1353.1525599999998,907.26261427312,0.0,0.0,1042.16348716803
1186.3213599999997,864.5406031107549,0.0,0.0,1191.3436190101716
1092.9643199999998,837.8081414780493,525.455122490002,0.0,915.6835309210154
988.3047199999999,821.4483912540546,2248.947924257209,0.0,0.0
836.28792,809.1253888311253,4581.968668112818,0.0,0.0
762.3249599999999,809.6374288719492,7335.353509960428,0.0,0.0
706.8987999999999,828.2368223769987,9647.356048916437,0.0,0.0
663.5008799999998,859.4570809326037,11307.794235984844,0.0,0.0
581.2809599999999,845.6490205519386,12085.467817270046,0.0,0.0
481.25743999999986,780.4951167424023,12064.449612370445,0.0,0.0
393.14183999999995,721.8984459210335,11644.085514378447,0.0,0.0
341.0207199999999,653.3801128127875,11475.939875181646,0.0,0.0
339.0053599999999,617.2451209013528,10319.938605703639,0.0,0.0
378.1243999999999,612.2325183964457,8239.136320643232,0.0,0.0
550.17072,686.4329357250249,5990.188396386023,0.0,0.0
949.33984,835.5599878362051,3930.404316225215,0.0,0.0
1378.9198399999998,981.316937074816,2185.8933095584084,0.0,235.82689113029775
2072.6436,1338.411675794505,903.7828106828034,0.0,399.79524280104954
3404.34912,1873.8623007562792,84.07281959840033,0.0,0.0
4470.576079999999,2248.8529098224344,0.0,0.0,0.0
4765.754879999999,2522.3205882459124,0.0,0.0,0.0
5357.2856,2869.8766309142434,0.0,0.0,0.0
6476.521039999999,3341.9945692753945,0.0,0.0,6836.374977911244
7844.984319999998,3719.724096122245,0.0,0.0,6836.374977911244
8494.377679999998,3823.7036842461043,0.0,0.0,6836.374977911244
8182.196159999998,3901.513912942819,0.0,0.0,6836.374977911245
7141.398079999999,3789.853724206601,147.12743429720058,0.0,0.0
6115.373039999998,3457.7936301421496,1008.8738351808039,0.0,0.0
5334.9173599999995,3209.5620082459227,2564.22099775121,0.0,0.0
4802.65176,3067.6489052971524,4855.205331807619,0.0,0.0
4723.853439999998,2853.2984480966566,7587.571968755629,0.0,0.0
4138.962879999999,2443.903287146227,9878.556302812038,0.0,0.0
3354.671999999999,2038.7278467538338,11412.885260482844,0.0,0.0
2497.6664799999994,1650.3007963948137,12463.795505462847,0.0,0.0
1881.8236,1263.822618656547,12821.10498875605,0.0,0.0
1314.6463999999996,950.8867236791527,12148.522431968846,0.0,0.0
846.95128,816.8471228539646,10698.266293896442,0.0,0.0
618.3658399999998,631.0517628885527,8512.372984338033,0.0,0.0
673.4347999999999,665.3414249021707,6200.370445382024,0.0,0.0
989.6545599999998,885.1243290731799,4098.549955422016,0.0,0.0
1553.8914399999996,1174.462411975267,2227.9297193576085,0.0,0.0
2387.5435999999995,1507.6302713357948,882.7646057832035,0.0,0.0
3608.1110399999993,1884.486067808275,84.07281959840033,0.0,0.0
4769.0524,2179.2509241070156,0.0,0.0,0.0
5367.712079999999,2393.080830905899,0.0,0.0,0.0
5559.066,2580.758398999214,0.0,0.0,0.0
5767.253439999999,2797.416582367079,0.0,0.0,0.0
6065.218399999999,3090.848148808827,0.0,0.0,6836.374977911243
6414.481039999999,3443.4933872291695,0.0,0.0,6836.374977911244
6620.762159999999,3709.1854326781418,0.0,0.0,6836.374977911244
6326.072159999999,3825.947582707554,504.43691759040195,0.0,0.0
5587.224639999999,3803.449025567533,2164.875104658808,0.0,0.0
5011.9897599999995,3734.180362316362,4518.914053414017,0.0,0.0
4935.368479999998,3712.1924268237,7167.207870763628,0.0,0.0
5781.041359999998,3760.6376556168807,9752.447073414438,0.0,6836.374977911244
6847.2495199999985,3916.09925294224,11517.976284980845,0.0,6836.374977911244
7650.096,4002.605651972171,12148.522431968846,0.0,6836.374977911244
7860.216079999999,3880.635161139698,12526.850120161647,0.0,6836.374977911244
7601.783759999998,3616.0650649214485,12127.504227069247,0.0,6836.374977911245
7191.563999999998,3454.1724716262956,10635.21167919764,0.0,6836.374977911244
6849.588239999999,3398.4069141608393,8428.300164739632,0.0,6836.374977911244
6344.3946399999995,3253.1435658480086,6221.388650281624,0.0,6836.374977911245
5780.22168,2953.7902066903616,4266.695594618816,0.0,0.0
5512.67512,2651.358933713913,2606.25740755041,0.0,0.0
5391.407599999999,2453.4490751649096,1282.110498875605,0.0,0.0
5146.334559999999,2375.7891961754735,441.38230289160174,0.0,0.0
4874.37752,2370.5978760939915,21.018204899600082,0.0,0.0
4778.478719999999,2359.1670431604753,0.0,0.0,0.0
4585.203439999999,2201.647356917565,0.0,0.0,0.0
4104.363359999999,1960.605571494845,0.0,0.0,0.0
3680.9084,1717.904265718208,0.0,0.0,0.0
3585.385599999999,1615.8182328699713,0.0,0.0,0.0
3672.8206399999995,1632.7779635296126,0.0,0.0,0.0
3615.021919999999,1632.861648744041,0.0,0.0,0.0
3259.9350399999994,1467.0358503707587,147.12743429720058,0.0,0.0
2685.410799999999,1256.2725102429595,924.8010155824035,0.0,0.0
2087.1083199999994,1071.0700387458699,2417.0935634540097,0.0,0.0
1618.5333599999997,903.8499595966044,4771.1325122092185,0.0,0.0
1220.5298399999997,737.7972182689402,7776.73581285203,0.0,0.0
852.3957599999998,590.8516553067548,10467.06604000084,0.0,0.0
679.1161599999999,474.0568822276502,12589.904734860449,0.0,0.0
582.9466399999998,406.10732489882344,13914.051643535255,0.0,0.0
519.09056,373.99489685380536,13850.997028836455,0.0,0.0
469.8834399999999,343.91360825050396,12737.032169157648,0.0,0.0
479.6970399999999,325.1539362839222,11223.721416386445,0.0,0.0
535.5631199999999,336.6769647926558,8953.755287229635,0.0,0.0
628.4275999999999,358.43937572440103,6389.534289478424,0.0,0.0
733.9181599999997,389.60289854141047,4287.713799518417,0.0,0.0
879.1105599999999,467.6528357336901,2290.984334056409,0.0,1103.476427779509
1148.6875199999995,627.2022430248522,945.8192204820036,0.0,2027.0994833443574
1823.97224,918.7359990105825,126.10922939760049,0.0,1798.348688298479
2706.2374399999994,1288.288487532365,0.0,0.0,517.4510297561862
3578.0949599999994,1644.8371447680731,0.0,0.0,0.0
4356.727039999999,1968.8053041153505,0.0,0.0,0.0
4878.129999999999,2227.747215064932,0.0,0.0,0.0
5254.302959999999,2501.0078080425355,0.0,0.0,0.0
5454.312399999999,2882.6123858354545,0.0,0.0,0.0
6256.331679999999,3159.628884708077,0.0,0.0,0.0
5856.786559999999,3127.2356147570113,63.05461469880024,0.0,0.0
4888.94752,2873.164466965849,735.6371714860029,0.0,0.0
4229.63904,2679.7466605201403,2606.25740755041,0.0,0.0
5705.6007199999995,2834.3132515691573,5716.951732691223,0.0,0.0
7065.686719999999,3117.282747813907,8617.464008836032,0.0,6836.374977911244
8049.381679999999,3412.498653234481,10382.99322040244,0.0,6836.374977911244
9071.552719999998,3786.7304217969217,10572.15706449884,0.0,6836.374977911244
10006.311279999998,4160.07569444381,9563.283229318038,0.0,6836.374977911244
10650.493279999999,4304.129153131093,9184.955541125235,0.0,6836.374977911244
11179.122959999997,4331.060189848883,8239.136320643232,0.0,6836.374977911246
11610.252079999997,4373.236119527267,7272.298895261628,0.0,6836.374977911244
11725.635199999997,4414.61916725878,5801.024552289623,0.0,6836.374977911244
11272.754479999998,4362.393919881678,4077.5317505224157,0.0,6836.374977911243
10541.498399999997,4255.319397217438,3173.7489398396124,0.0,0.0
10192.946399999999,4143.874804287882,2059.784080160808,0.0,0.0
10171.886639999999,4105.958310184551,840.7281959840033,0.0,0.0
10253.790719999997,4151.460372538092,63.05461469880024,0.0,0.0
10304.170959999998,4205.838741194892,0.0,0.0,6836.374977911244
10444.911519999998,4269.752969116117,0.0,0.0,6836.374977911244
10561.644479999997,4266.944550055643,0.0,0.0,6836.374977911243
10555.887919999997,4275.653485930043,0.0,0.0,6836.374977911244
10330.472159999996,4305.398615282165,0.0,0.0,6836.374977911245
10008.965839999999,4320.962646772359,0.0,0.0,6836.374977911244
9799.766959999997,4304.683744975863,0.0,0.0,6836.374977911244
9541.135359999998,4233.625069172006,399.3458930924015,0.0,0.0
9470.172879999998,4262.683696087125,1681.4563919680065,0.0,0.0
9814.092559999997,4372.841806144028,3615.1312427312137,0.0,6836.374977911245
10039.094719999997,4312.299099488836,6200.370445382024,0.0,6836.374977911243
10079.725279999999,4204.2004967429475,8512.372984338033,0.0,6836.374977911246
9943.82384,4063.9795371977852,10845.393728193641,0.0,6836.374977911244
9474.726239999996,3841.959826532652,12547.868325061248,0.0,6836.374977911243
8587.23088,3512.8599196294167,12863.14139855525,0.0,6836.374977911244
7489.269519999998,3057.549943827164,11959.358587872444,0.0,6836.374977911243
6371.977999999998,2573.8323837101757,11980.376792772046,0.0,6836.374977911244
5275.749999999998,2095.3189092158536,11370.848850683644,0.0,0.0
4217.753679999999,1676.012014732802,9248.010155824037,0.0,0.0
3352.7882399999994,1325.7666980550468,6746.843772771626,0.0,0.0
2699.0671199999997,1100.4392938297983,4434.841233815617,0.0,0.0
2147.6593599999997,950.1321383558333,2333.020743855609,0.0,0.0
1710.7247999999995,874.55162418592,945.8192204820036,0.0,605.8504618976594
1525.1048799999999,880.7287277254984,126.10922939760049,0.0,1589.3242729366339
1468.9041599999998,896.3069431503409,0.0,0.0,1705.2206547059786
1367.2751199999998,857.4231047039572,0.0,0.0,1652.8096212057478
1250.0533599999999,800.7767248968066,0.0,0.0,1616.3266104093916
1186.2198399999997,760.3709502626002,0.0,0.0,1456.292260238254
1123.5594399999998,746.2054547287842,0.0,0.0,1442.8904957804732
1120.0626399999999,741.3502938984794,0.0,0.0,1345.1029995541269
1243.3229599999997,784.5063334610998,0.0,0.0,1050.938899251929
1466.6631999999997,892.9510242124205,462.40050779120173,0.0,249.8925309559015
1611.9984799999997,948.2953188188059,1807.5656213656068,0.0,0.0
1680.0055999999997,999.7475417575444,3678.185857430014,0.0,0.0
1930.0756799999997,1113.4473802962675,5906.1155767876235,0.0,0.0
2258.522959999999,1284.06025661354,8155.063501044831,0.0,0.0
2777.888,1480.8921361292294,9121.900926426435,0.0,0.0
3180.2343199999987,1571.5998166021516,9731.428868514839,0.0,0.0
3357.845439999999,1645.9363997033597,9941.610917510838,0.0,0.0
3489.4116,1719.2489027229203,10046.701942008838,0.0,0.0
3782.5186399999993,1751.2294201757043,9479.210409719637,0.0,0.0
4273.0332,1765.109818623078,7839.79042755083,0.0,0.0
4517.45952,1767.7806535174582,6137.315830683224,0.0,0.0
4636.56128,1845.2178447329072,4371.786619116817,0.0,0.0
4658.440719999999,1908.3278435595432,3194.767144739212,0.0,0.0
4521.253359999999,1960.8849950074275,2059.784080160808,0.0,0.0
4835.299839999999,2106.0533109581106,861.7464008836033,0.0,0.0
4821.82024,2135.745959752033,105.09102449800041,0.0,0.0
4445.308879999999,2168.9505507650138,0.0,0.0,0.0
4685.452559999999,2187.269102364016,0.0,0.0,0.0
5057.27896,2380.173450375436,0.0,0.0,0.0
5286.605119999999,2436.944648807497,0.0,0.0,0.0
5339.0232799999985,2506.6289013438795,0.0,0.0,0.0
5409.493199999999,2564.107878114918,0.0,0.0,0.0
5371.453279999998,2602.7661920003843,0.0,0.0,0.0
5262.56744,2571.1133234379895,210.18204899600082,0.0,0.0
5050.119919999999,2433.478095179316,1177.0194743776046,0.0,0.0
4797.098239999999,2352.2537934126203,2585.23920265081,0.0,0.0
5184.652719999999,2390.205747352575,4119.568160321616,0.0,0.0
5645.346719999999,2484.204100664032,5948.151986586822,0.0,0.0
6080.935199999999,2591.4587592983135,7713.68119815323,0.0,0.0
6199.811359999999,2588.382263872976,9458.192204820038,0.0,0.0
6224.428079999999,2587.7482419941716,9500.228614619236,0.0,0.0
6192.919279999999,2621.2365117001295,9332.082975422436,0.0,0.0
6125.55888,2675.924090132273,8218.118115743631,0.0,0.0
6058.37144,2793.3117516796992,7083.135051165228,0.0,0.0
5920.108719999998,2886.0534083812677,5864.079166988423,0.0,0.0
5484.185599999998,3017.796630186805,4560.9504632132175,0.0,0.0
4746.451039999999,3022.1298222220325,3110.694325140812,0.0,0.0
4094.508399999999,3001.6439654086844,1849.602031164807,0.0,0.0
3671.357999999999,2940.5012783178454,714.6189665864028,0.0,0.0
3432.5340799999994,2771.8046515716337,63.05461469880024,0.0,0.0
3354.818639999999,2537.9271715400528,0.0,0.0,0.0
3265.161439999999,2237.6206519740026,0.0,0.0,0.0
3181.7834399999992,1962.9615230400204,0.0,0.0,0.0
3133.7907999999993,1812.2969324129042,0.0,0.0,0.0
3215.0744799999993,1766.6572858932689,0.0,0.0,0.0
3430.1652799999993,1838.3343812478156,0.0,0.0,0.0
4026.6817599999995,1947.4783399773255,0.0,0.0,0.0
4773.026719999999,2065.430522123777,126.10922939760049,0.0,0.0
5354.15352,2303.8738107188256,567.4915322892022,0.0,0.0
5971.41768,2639.5465529383423,1219.0558841768047,0.0,0.0
5979.418959999999,2968.1244910464993,2564.22099775121,0.0,0.0
6206.037919999998,3265.2580644315985,4455.859438715217,0.0,0.0
6408.701919999999,3446.486197440079,6011.206601285623,0.0,6836.374977911244
6564.760719999998,3454.902944260712,7503.499149157229,0.0,6836.374977911244
6263.407999999999,3237.5043595041757,8386.263754940434,0.0,6836.374977911244
5565.0556799999995,2943.190552327269,8428.300164739632,0.0,0.0
5126.331359999998,2739.174509911932,8176.081705944432,0.0,0.0
4974.765759999999,2691.3434454890476,7167.207870763628,0.0,0.0
4835.9465599999985,2624.5101638170863,5506.769683695222,0.0,0.0
4483.581919999999,2536.703097979856,3888.367906426015,0.0,0.0
4026.696799999999,2474.3065510660576,2312.002538956009,0.0,0.0
3587.7882399999994,2441.533151666403,1071.9284498796042,0.0,0.0
3322.3322399999997,2462.7296236056586,357.3094832932014,0.0,0.0
3335.5937599999993,2568.917650354346,21.018204899600082,0.0,0.0
3329.5063199999995,2665.854914925047,0.0,0.0,0.0
3315.3085599999995,2744.5516395373147,0.0,0.0,0.0
3633.2466399999994,2919.060842702629,0.0,0.0,0.0
4197.900879999999,2918.394197774133,0.0,0.0,0.0
4502.532319999999,2541.240538674026,0.0,0.0,0.0
4987.324159999999,2519.515005972368,0.0,0.0,0.0
4962.504399999999,2684.2741724600564,0.0,0.0,0.0
4547.498159999999,2598.3493147507297,441.38230289160174,0.0,0.0
4030.7576,2351.3431848081646,2290.984334056409,0.0,0.0
3988.65312,2183.6096472246104,4876.223536707219,0.0,0.0
3891.652639999999,2076.635830496376,7671.6447883540295,0.0,0.0
3684.420239999999,2082.3746504553046,10340.95681060324,0.0,0.0
3880.304959999999,2389.1887592382514,12295.649866266047,0.0,0.0
3969.8531199999993,2393.6581170461077,13640.814979840454,0.0,0.0
4473.53144,2211.872555405928,14019.142668033255,0.0,0.0
4912.5866399999995,2121.73790589282,13409.614725944852,0.0,0.0
5047.687199999999,2079.5988544445227,11917.322178073246,0.0,0.0
4816.026079999999,2060.1058730565946,9794.483483213638,0.0,0.0
4262.358559999999,1959.7403514812645,7776.73581285203,0.0,0.0
3392.3471999999992,1742.5559441379264,5716.951732691223,0.0,0.0
2419.2253599999995,1481.185743576461,3783.2768819280145,0.0,0.0
1590.6379199999997,1296.7392757961557,2122.8386948596085,0.0,0.0
1310.00656,1306.3659122423367,945.8192204820036,0.0,1165.7880252265038
1591.8486399999997,1517.4583196539895,147.12743429720058,0.0,1391.93601109561
2204.2548799999995,1818.9066459592727,0.0,0.0,457.1913229114238
2948.3889599999993,2073.2586356564825,0.0,0.0,0.0
3617.1763999999985,2310.8267754836966,0.0,0.0,0.0
3948.4211199999995,2425.186166983592,0.0,0.0,0.0
3914.5811199999994,2337.0486154690434,0.0,0.0,0.0
3589.705839999999,2149.283106980905,0.0,0.0,0.0
3206.287359999999,1948.5974524211204,0.0,0.0,0.0
2857.359359999999,1811.329588069852,588.5097371888023,0.0,0.0
2263.45984,1664.0024772656122,2312.002538956009,0.0,0.0
1828.8527199999999,1578.8591543554378,4666.041487711218,0.0,0.0
2263.9711999999995,1639.8514917389991,7230.262485462427,0.0,0.0
2732.5236,1726.1664076511693,9668.374253816039,0.0,0.0
3145.341519999999,1809.3991545641422,11602.049104579246,0.0,0.0
3171.1351199999995,1756.2604617956547,13220.450881848452,0.0,0.0
2832.3215199999995,1533.8748056165798,13977.106258234055,0.0,0.0
2362.6298399999996,1289.7763822770305,13577.760365141652,0.0,0.0
2311.81344,1191.3455493878043,11538.994489880446,0.0,0.0
2292.33288,1125.107992971095,8785.609648032834,0.0,0.0
1880.5903199999996,953.8596763815535,5843.0609620888235,0.0,0.0
1605.2003999999997,889.7213422928754,3783.2768819280145,0.0,0.0
1758.8001599999998,1008.7075332752286,2795.421251646811,0.0,0.0
2131.5966399999998,1205.4954425935068,1954.6930556628076,0.0,0.0
2341.2617599999994,1378.736602001213,819.7099910844032,0.0,167.8145161601184
2468.8723999999993,1528.3898780878658,84.07281959840033,0.0,6836.374977911244
2666.0731199999996,1614.006944415312,0.0,0.0,182.31627046655848
2980.570799999999,1691.256907693396,0.0,0.0,0.0
3230.1896799999995,1741.7985220276773,0.0,0.0,0.0
3142.2244799999994,1735.0526427086797,0.0,0.0,0.0
3250.3545599999993,1769.3125184595353,0.0,0.0,0.0
3340.3839999999996,1756.1966340897347,0.0,0.0,0.0
3403.4015999999992,1766.8657897326068,0.0,0.0,0.0
3374.5849599999992,1818.0031293221402,294.25486859440116,0.0,0.0
3058.3501599999995,1874.59419178416,1092.9466547792042,0.0,0.0
2827.854639999999,1970.2265343671663,2185.8933095584084,0.0,0.0
3107.3617599999993,2130.8964724955886,3383.9309888356133,0.0,0.0
3639.4769599999995,2350.6495904038347,4203.640979920016,0.0,0.0
4403.260799999999,2663.9088790912233,4203.640979920016,0.0,0.0
5226.403759999999,2997.924937743753,4140.5863652212165,0.0,0.0
6412.597279999999,3367.98662951943,4455.859438715217,0.0,0.0
7840.273039999999,3603.726460170407,5023.350971004419,0.0,0.0
8807.480399999999,3532.422402297125,5002.332766104819,0.0,0.0
8866.531199999998,3208.2102792738856,4014.4771358236158,0.0,0.0
8328.33232,2855.5409281646407,3446.9856035344133,0.0,0.0
7808.121279999998,2689.5818008056594,2921.5304810444118,0.0,0.0
7551.3471199999985,2886.8051569176578,2164.875104658808,0.0,0.0
7148.9519199999995,3151.8177918969504,1387.2015233736054,0.0,0.0
6344.21792,3235.372514126452,609.5279420884024,0.0,0.0
5106.057439999999,3115.1367185015342,63.05461469880024,0.0,0.0
4339.788239999999,2880.730177707551,0.0,0.0,0.0
4025.662799999999,2480.5035121141445,0.0,0.0,0.0
4046.73008,2018.0122101991744,0.0,0.0,0.0
4132.80024,1868.5759483126492,0.0,0.0,0.0
4198.607759999999,1873.2254420905456,0.0,0.0,0.0
4444.417759999999,1924.548591223979,0.0,0.0,0.0
4503.818239999999,1995.629961323274,0.0,0.0,0.0
4363.29952,1987.4202999485142,420.36409799200163,0.0,0.0
4109.702559999999,1894.8857286928192,1786.547416466007,0.0,0.0
4224.79616,1863.4612214782705,4308.732004418016,0.0,0.0
4493.557199999999,1890.7269990537732,7209.244280562829,0.0,0.0
4609.365199999998,1960.7743603171664,10067.72014690844,0.0,0.0
4581.95856,1991.8471059524231,12127.504227069247,0.0,0.0
4319.266159999999,1928.7158312238137,12673.977554458848,0.0,0.0
3963.60776,1799.8179067088372,12106.486022169645,0.0,0.0
3699.4564799999994,1717.8702242750512,11475.939875181646,0.0,0.0
3513.983199999999,1664.375514746877,10509.10244980004,0.0,0.0
3359.5750399999993,1617.1926561374457,8512.372984338033,0.0,0.0
3210.97232,1561.953322647462,6305.461469880024,0.0,0.0
3043.3552799999998,1505.1551747395688,4350.768414217217,0.0,0.0
2950.505839999999,1465.298318376273,3257.8217594380126,0.0,0.0
2822.989199999999,1427.7279122783739,2143.8568997592083,0.0,0.0
2546.4975999999997,1378.9748921033138,1050.910244980004,0.0,0.0
2352.3311999999996,1338.8215915058572,189.1638440964007,0.0,181.9194489836182
2285.6663999999996,1297.4612380697824,0.0,0.0,399.46549333666087
2187.7973599999996,1263.4949697661584,0.0,0.0,318.0924340671519
2042.9095199999995,1239.647520441031,0.0,0.0,259.50452879911387
1923.1384799999998,1237.6036154581302,0.0,0.0,115.30363361976559
1905.8537599999995,1281.3128284720558,0.0,0.0,0.0
1958.1741599999998,1357.2181547454281,0.0,0.0,0.0
2121.2039999999997,1441.1771191124228,0.0,0.0,0.0
2277.450799999999,1510.3606787557,777.673581285203,0.0,0.0
1989.9348799999996,1473.559041915769,2606.25740755041,0.0,0.0
2062.8450399999997,1476.161793923835,5002.332766104819,0.0,0.0
2698.96936,1531.6025392858323,7650.626583454429,0.0,0.0
3053.2440799999995,1601.4967140550177,10256.88399100484,0.0,0.0
3455.9287999999992,1709.5485098165657,12274.631661366448,0.0,0.0
3841.283679999999,1800.0292473351055,13451.651135744052,0.0,0.0
4043.1317599999993,1823.2625322899376,13935.069848434854,0.0,0.0
4037.698559999999,1776.7349714612835,13703.869594539254,0.0,0.0
3836.196399999999,1672.6192175647943,12947.21421815365,0.0,0.0
3525.1917599999997,1544.158158237003,11391.867055583245,0.0,0.0
3147.4095199999997,1414.2361536403787,9037.828106828034,0.0,0.0
2685.3844799999997,1288.5437983560444,6557.679928675226,0.0,0.0
2106.9912,1157.8757187968906,4245.677389719217,0.0,0.0
1474.4388799999997,1042.7347924978428,2269.9661291568086,0.0,0.0
957.4877599999999,959.9871361498609,987.8556302812038,0.0,1306.3518063184213
887.5291999999998,983.9679144606879,168.14563919680066,0.0,2125.0698603557057
1249.33144,1102.622201372258,0.0,0.0,1673.8873970257314
1835.5116799999996,1241.149599120345,0.0,0.0,694.2995268977435
2491.3835200000003,1368.0816302929895,0.0,0.0,0.0
3085.4259199999997,1483.198443903134,0.0,0.0,0.0
3522.8342399999997,1577.1471534433206,0.0,0.0,0.0
3765.794159999999,1621.3783352523242,0.0,0.0,0.0
3916.0174399999987,1667.9470294914602,0.0,0.0,0.0
3905.579679999999,1628.3114425086867,357.3094832932014,0.0,0.0
3608.393039999999,1520.6298474414746,1113.9648596788043,0.0,0.0
3171.4095999999995,1451.0533928084235,1849.602031164807,0.0,0.0
2992.1403199999995,1393.463781347124,3026.6215055424113,0.0,0.0
3088.4489599999997,1395.68924069353,4981.314561205219,0.0,0.0
3247.35784,1481.941747293245,7587.571968755629,0.0,0.0
3258.6190399999996,1473.3377725352468,10446.04783510124,0.0,0.0
3159.1143999999995,1444.2990031286367,12064.449612370445,0.0,0.0
3009.0076799999993,1409.0235576569228,11833.249358474844,0.0,0.0
2823.252399999999,1352.4991596877526,10551.138859599241,0.0,0.0
2584.1239199999995,1266.6622423732488,8995.791697028835,0.0,0.0
2274.55184,1179.1743150656177,7041.098641366028,0.0,0.0
2007.4263999999996,1091.1530718151898,4792.150717108819,0.0,0.0
1802.2469599999993,1018.8206786798658,2984.5850957432112,0.0,0.0
1708.3146399999998,990.6854259103878,1618.4017772692061,0.0,373.40742034645143
1776.2803999999996,1022.5028281147095,735.6371714860029,0.0,1109.4227678417649
1879.3043999999995,1057.7187010608982,126.10922939760049,0.0,1490.4120974966133
1992.1156799999992,1062.5341468741858,0.0,0.0,1321.136228162347
1898.9315999999997,1002.361640913329,0.0,0.0,1133.2617057994355
1697.3918399999998,937.3850362869032,0.0,0.0,1056.7640970379055
1484.4291999999998,898.943736601564,0.0,0.0,1024.678586662668
1310.9728799999998,843.5129199938206,0.0,0.0,1155.4826265972101
1193.3863999999999,772.6740951770212,0.0,0.0,1242.5628236243874
1121.2470399999997,712.8377484673418,0.0,0.0,1296.4147425292788
1058.02264,666.7385424650835,315.2730734940012,0.0,1196.0284514345378
952.1184799999997,625.365423487825,1429.2379331728057,0.0,765.7673849042444
817.24352,566.1049445248896,3573.094832932014,0.0,0.0
816.8900799999997,554.9620454647454,5695.9335277916225,0.0,0.0
928.2199199999998,596.4457991322652,7566.553763856029,0.0,0.0
1121.3823999999997,675.0006843980441,9163.937336225636,0.0,0.0
1386.21048,774.2513487099743,10614.193474298041,0.0,0.0
1766.6698399999998,908.7590193785745,11896.303973173644,0.0,0.0
2195.3323999999993,1024.0800816476628,11833.249358474844,0.0,0.0
2580.7699999999995,1085.9589149467777,10382.99322040244,0.0,0.0
2842.7931199999994,1147.4051382391024,8827.646057832033,0.0,0.0
2964.2072799999996,1246.9281340962905,7104.153256064828,0.0,0.0
3013.256479999999,1380.1124436621524,5296.587634699221,0.0,0.0
3061.192719999999,1520.1901454673598,3446.9856035344133,0.0,0.0
3304.2052799999997,1565.6695135254633,1849.602031164807,0.0,0.0
3490.1861599999997,1533.4677266921572,714.6189665864028,0.0,0.0
3628.388719999999,1518.4894917029617,63.05461469880024,0.0,0.0
3429.984799999999,1479.6368579128057,0.0,0.0,0.0
2997.757759999999,1369.3709499525708,0.0,0.0,0.0
2752.135759999999,1296.822961010584,0.0,0.0,0.0
2485.1193599999997,1185.7854470054515,0.0,0.0,0.0
2165.353919999999,1036.2697550848927,0.0,0.0,203.0337940516041
1898.34504,897.5267615301428,0.0,0.0,517.998710828689
1747.0276,828.9233248140035,0.0,0.0,655.0608317997469
1526.3118399999998,788.818249594353,441.38230289160174,0.0,584.7863297045966
1225.4779999999998,717.8418406114596,1639.4199821688064,0.0,270.99242172383754
1162.99056,683.0174442615796,2879.494071245211,0.0,12.426418582390175
1345.77544,753.9669037686402,3783.2768819280145,0.0,0.0
1685.30344,907.7661439531546,4729.096102410019,0.0,0.0
2131.9350399999994,1083.5178597937088,5927.133781687222,0.0,0.0
2569.2756799999993,1229.532956642929,7650.626583454429,0.0,0.0
2911.4995999999996,1319.1115959178019,9205.973746024836,0.0,0.0
3180.92992,1376.8614858406338,10530.12065469964,0.0,0.0
3434.47048,1425.8669800524435,10950.484752691642,0.0,0.0
3641.4096,1486.2153668029464,10004.665532209638,0.0,0.0
3748.1823199999994,1555.7081362215692,8197.099910844032,0.0,0.0
3706.119199999999,1608.5191800996683,6137.315830683224,0.0,0.0
3481.534399999999,1581.918629059197,4182.622775020416,0.0,0.0
3136.39272,1501.170907496704,2354.0389487552093,0.0,0.0
2732.4183199999998,1403.9868424631127,1071.9284498796042,0.0,0.0
2487.5370399999997,1347.0922437996073,189.1638440964007,0.0,6836.374977911244
2528.4646399999992,1356.7883815255677,0.0,0.0,502.38014255378977
2634.7109599999994,1391.5177455133003,0.0,0.0,36.35279178732092
2654.8833599999994,1408.708674307718,0.0,0.0,0.0
2588.3463999999994,1398.6196415919842,0.0,0.0,0.0
2484.4312799999993,1370.1368824236092,0.0,0.0,0.0
2341.5136799999996,1329.6743720508075,0.0,0.0,0.0
2161.9022399999994,1271.0918851640877,0.0,0.0,0.0
1932.2151199999994,1166.2385666658581,714.6189665864028,0.0,0.0
1624.8163199999995,1050.7714098698868,2459.1299732532098,0.0,0.0
1607.4338399999997,979.3297678305106,4729.096102410019,0.0,0.0
1732.1003999999996,975.0859345835719,7209.244280562829,0.0,0.0
1971.3115999999998,1049.9501600537178,9437.173999920436,0.0,0.0
2337.8965599999997,1185.701761791023,10803.357318394443,0.0,0.0
2760.667199999999,1357.527364520773,10866.411933093243,0.0,0.0
3237.3186399999995,1534.2974868691158,10656.229884097242,0.0,0.0
3799.9086399999997,1717.6234238121613,11328.812440884445,0.0,6836.374977911243
4343.1196,1905.0144764255692,10530.12065469964,0.0,6836.374977911244
4815.556079999999,2111.5637695691926,9353.101180322037,0.0,6836.374977911244
5211.837519999998,2263.0155685693207,8113.027091245632,0.0,6836.374977911244
5425.646159999998,2339.0272743525593,5990.188396386023,0.0,6836.374977911244
5425.510799999999,2378.4359183809506,3951.4225211248154,0.0,0.0
5084.896159999998,2383.9619793201464,2248.947924257209,0.0,0.0
4596.351839999999,2335.1323658979827,1008.8738351808039,0.0,0.0
4344.465679999999,2274.192509072622,168.14563919680066,0.0,0.0
4322.168879999999,2218.266673145634,0.0,0.0,0.0
4220.85568,2155.2063180902687,0.0,0.0,0.0
4150.220319999999,2104.4306688342813,0.0,0.0,0.0
4039.3003199999994,2020.6234725680297,0.0,0.0,0.0
3922.3041599999997,1921.7089675072775,0.0,0.0,0.0
3756.6611199999993,1810.6671983217502,0.0,0.0,0.0
3505.9894399999994,1686.7648555901021,0.0,0.0,0.0
3074.0857599999995,1503.1325456586414,840.7281959840033,0.0,0.0
2392.2097599999997,1277.912939336724,2711.3484320484104,0.0,0.0
2005.6779999999997,1067.2020797671257,5191.49661020122,0.0,0.0
1693.2633599999995,873.8083860103197,7965.899656948431,0.0,0.0
1415.8843999999995,704.3075301695178,10698.266293896442,0.0,0.0
1195.5747199999998,571.8182334014501,12800.08678385645,0.0,0.0
991.4856799999999,467.0996622823847,14208.306512129657,0.0,0.0
852.6363999999998,412.15960981349184,14817.834454218057,0.0,0.0
806.2492799999999,400.0139065736734,14649.688815021256,0.0,0.0
806.4485599999999,397.75156899718036,13682.851389639653,0.0,0.0
790.6114399999998,390.64399934463677,12001.394997671645,0.0,0.0
738.0842399999998,382.95205158456025,9668.374253816039,0.0,0.0
709.0532799999999,393.25384332002693,7083.135051165228,0.0,0.0
708.9216799999999,405.34564760817966,4624.005077912018,0.0,0.0
682.3196799999998,397.9132658521773,2438.1117683536095,0.0,934.9271783689666
624.7991999999999,391.88934880680665,1029.892040080404,0.0,2411.5074553077725
653.2849599999998,409.8050766617812,168.14563919680066,0.0,3143.7787031140365
777.5040799999998,438.25946796085844,0.0,0.0,3045.850472730879
852.8544799999999,445.440794073576,0.0,0.0,2764.880725245146
835.4607199999998,440.1558600234109,0.0,0.0,2489.5709743969833
816.5592,442.3955033044659,0.0,0.0,2221.8574641762475
813.9272,440.47925373340496,0.0,0.0,2037.091704273409
829.8658399999997,444.9897449517423,0.0,0.0,1912.2172076051481
862.6755999999998,451.4632927254817,0.0,0.0,1756.513344978386
859.0321599999999,439.272200894787,630.5461469880024,0.0,1120.2587322458207
771.0782399999999,410.067479452785,1744.511006666807,0.0,273.0003851378159
628.2508799999998,372.4304088620362,3783.2768819280145,0.0,0.0
609.8907999999998,362.95695891006284,6263.425060080824,0.0,0.0
593.4558399999999,361.2960201626814,9437.173999920436,0.0,0.0
553.3441599999999,367.91708085676896,12169.540636868445,0.0,0.0
515.9847999999998,366.2774180113608,13094.34165245085,0.0,0.0
481.50183999999985,356.5529124161027,12064.449612370445,0.0,0.0
435.9005599999999,347.51916443824405,11013.539367390444,0.0,0.0
379.27495999999996,353.84236250470565,10719.284498796042,0.0,0.0
343.03231999999997,379.1649410333147,9689.392458715638,0.0,0.0
352.72935999999993,424.5592054835249,7545.535558956429,0.0,0.0
431.7720799999999,484.12322064794597,5422.696864096821,0.0,0.0
572.4562399999999,543.3241270853562,3699.204062329614,0.0,0.0
766.0285599999999,613.5842473684821,2059.784080160808,0.0,583.0688764033515
1068.5393599999998,732.4867531364072,819.7099910844032,0.0,1421.928462996703
1488.8960799999998,881.0124064184756,105.09102449800041,0.0,1525.8982668447818
1794.2043199999998,978.6801436235932,0.0,0.0,1174.4594248123856
1847.6226399999996,990.6570580410901,0.0,0.0,959.8279179354765
1797.9342399999996,1001.0737396472125,0.0,0.0,748.3957375640254
1757.7887199999996,1028.9068746086696,0.0,0.0,500.319236049876
1789.6283999999996,1059.7356565679659,0.0,0.0,225.5305126676495
1904.1429599999997,1177.9899565224382,0.0,0.0,0.0
2050.1475199999995,1274.520142168717,0.0,0.0,0.0
2169.4410399999997,1358.8932774274583,336.2912783936013,0.0,0.0
2163.8950399999994,1379.9932986111019,1008.8738351808039,0.0,0.0
1884.4142399999996,1368.5752312187699,2333.020743855609,0.0,0.0
2035.3180799999996,1444.1004280435525,5359.642249398021,0.0,0.0
2238.7867199999996,1569.2438650569761,8491.354779438434,0.0,0.0
2291.6523199999992,1657.4537546382337,10950.484752691642,0.0,0.0
2207.4997599999997,1717.189395411906,13115.359857350451,0.0,0.0
2170.3020799999995,1823.0171502205123,14124.233692531256,0.0,0.0
2329.5719199999994,1970.9328943126793,14019.142668033255,0.0,0.0
2601.3522399999997,2128.13911559985,13157.39626714965,0.0,0.0
2909.7812799999992,2320.907297838641,11496.958080081245,0.0,0.0
3258.2693599999993,2523.6496229225104,9100.882721526836,0.0,0.0
3772.49072,2711.413713017184,6641.752748273626,0.0,0.0
4269.370959999998,2887.144152955765,4413.8230289160165,0.0,0.0
4573.833199999999,2984.939545572722,2480.1481781528096,0.0,0.0
4933.9923199999985,3033.1266267552933,1050.910244980004,0.0,0.0
5265.150559999999,3076.7947063587367,168.14563919680066,0.0,0.0
5539.352319999998,3076.895412294744,0.0,0.0,0.0
5586.231999999999,3055.073428837474,0.0,0.0,0.0
5561.547599999999,2975.803673265392,0.0,0.0,0.0
5411.651439999999,2874.5630029222266,0.0,0.0,0.0
5150.346479999999,2746.8224874745974,0.0,0.0,0.0
5062.358719999998,2617.297633048141,0.0,0.0,0.0
4787.356079999999,2378.150821294509,0.0,0.0,0.0
4094.8054399999987,2118.821688929014,462.40050779120173,0.0,0.0
3175.507999999999,1833.8125428817596,1681.4563919680065,0.0,0.0
2646.295519999999,1599.6953543546128,2984.5850957432112,0.0,0.0
2525.6671999999994,1473.424294536605,4287.713799518417,0.0,0.0
2862.1646399999995,1502.912694671584,6305.461469880024,0.0,0.0
3110.516399999999,1579.8860712240153,8554.409394137232,0.0,0.0
3277.1783999999993,1592.6445204406643,10361.97501550284,0.0,0.0
3457.9291199999993,1524.3034865155291,11917.322178073246,0.0,0.0
3504.3500799999993,1383.5080776170892,11938.340382972845,0.0,0.0
3279.9608000000003,1209.0924884204574,10319.938605703639,0.0,0.0
2681.263519999999,997.7178207092923,7902.845042249631,0.0,0.0
2006.7871999999995,862.6924364260085,6326.4796747796245,0.0,0.0
1596.1312799999998,904.8641109239979,5485.751478795622,0.0,0.0
1421.6371999999997,1010.2422350042352,4224.659184819617,0.0,0.0
1538.3287999999995,1153.9084722756045,2438.1117683536095,0.0,0.0
1907.7976799999997,1305.316301078321,1029.892040080404,0.0,392.0382813695965
2466.0260799999996,1454.443353189501,147.12743429720058,0.0,6836.374977911243
2823.0004799999997,1511.5322717576962,0.0,0.0,66.46378825307305
2741.7355999999995,1432.4015187451732,0.0,0.0,0.0
2353.5456799999997,1294.1648916573877,0.0,0.0,114.61886182038556
1850.58928,1149.5667698795887,0.0,0.0,494.7843231196561
1383.8755199999996,1018.6901864810962,0.0,0.0,979.1347382826833
1125.5071199999998,971.4888887566211,0.0,0.0,1182.80565284701
1034.1804799999995,1000.9148795791452,0.0,0.0,1163.1322941091764
1133.50088,1087.3078071318841,357.3094832932014,0.0,749.307620258687
1317.5904799999996,1151.0036024595179,1261.0922939760048,0.0,90.35911699734646
1407.9470399999996,1177.2438815599082,2459.1299732532098,0.0,0.0
1641.2888799999996,1244.3424028098034,4056.513545622816,0.0,0.0
2185.7368799999995,1420.826009678239,6410.552494378025,0.0,0.0
2999.7091999999993,1753.842100938024,9374.119385221637,0.0,0.0
3831.011359999999,2143.036502161547,11791.212948675648,0.0,0.0
4685.294639999999,2572.5132777878316,13241.469086748051,0.0,0.0
5479.959359999999,3050.358688960192,13388.596521045252,0.0,0.0
6408.355999999999,3511.7748486287796,12631.941144659648,0.0,6836.374977911244
7491.6871999999985,3913.255374045144,11055.575777189642,0.0,6836.374977911245
8505.706559999999,4267.650910001155,9058.846311727635,0.0,0.0
9256.311599999997,4545.985096402657,6809.898387470426,0.0,0.0
9840.920159999998,4680.653045532789,4518.914053414017,0.0,0.0
10233.400239999999,4743.1403696283405,2480.1481781528096,0.0,0.0
10287.235919999997,4797.700292648645,1092.9466547792042,0.0,0.0
10131.526799999998,4802.417869312854,189.1638440964007,0.0,0.0
10167.182879999998,4812.234570483331,0.0,0.0,6836.374977911244
10350.870159999999,4860.484060978356,0.0,0.0,6836.374977911245
10516.78768,4893.775173992695,0.0,0.0,6836.374977911244
10563.595919999998,4954.7831137043695,0.0,0.0,6836.374977911244
10434.838479999999,4898.363676851601,0.0,0.0,6836.374977911244
10363.932399999996,4833.277855928379,0.0,0.0,6836.374977911244
10231.230719999998,4760.670294460866,0.0,0.0,6836.374977911244
9937.999599999997,4600.147869252793,735.6371714860029,0.0,0.0
9562.315439999997,4379.736616776839,2480.1481781528096,0.0,0.0
9200.731279999996,4140.819584764518,4813.168922008419,0.0,0.0
8834.586239999997,3934.5936853308895,7461.462739358029,0.0,0.0
8413.157919999998,3783.28372567725,10214.847581205639,0.0,0.0
7931.366559999998,3630.9894009589793,12505.831915262048,0.0,6836.374977911244
7417.3219199999985,3476.324940760884,13914.051643535255,0.0,6836.374977911245
6906.680079999997,3323.1214258316213,14544.597790523256,0.0,6836.374977911244
6402.103119999999,3199.8360842571988,14376.452151326457,0.0,6836.374977911244
5852.988959999999,3072.051598612158,13472.669340643652,0.0,0.0
5270.888319999999,2954.6653554581967,11833.249358474844,0.0,0.0
4756.452639999999,2876.6749907914414,9563.283229318038,0.0,0.0
4474.294719999999,2822.8129173558623,7020.080436466427,0.0,0.0
4301.251999999999,2790.1373871052847,4560.9504632132175,0.0,0.0
4097.3960799999995,2710.9456431737717,2417.0935634540097,0.0,0.0
3826.954319999999,2608.415653171026,1029.892040080404,0.0,0.0
3794.2648799999993,2527.5927567548933,189.1638440964007,0.0,0.0
4046.936879999999,2500.766681153505,0.0,0.0,0.0
4144.45248,2472.649867499071,0.0,0.0,0.0
4099.155759999999,2428.943491272075,0.0,0.0,0.0
3962.851999999999,2328.221952937058,0.0,0.0,0.0
3737.5678399999993,2230.351385466462,0.0,0.0,0.0
3412.850479999999,2108.490110930785,0.0,0.0,0.0
3099.0371199999995,1963.1728636662888,0.0,0.0,0.0
2507.6267199999998,1711.1215081691237,735.6371714860029,0.0,0.0
1670.9740799999997,1408.6448466017982,2375.057153654809,0.0,0.0
1148.0332799999996,1203.0118356364915,4455.859438715217,0.0,0.0
874.2977599999999,1058.3243550704046,6683.789158072826,0.0,0.0
827.1435999999998,980.6644760809685,9437.173999920436,0.0,0.0
934.7848799999999,983.5821114382388,12043.431407470845,0.0,0.0
1073.63416,1020.4504127710195,13661.833184740053,0.0,0.0
1210.03192,1055.5939476504989,14376.452151326457,0.0,0.0
1331.3332799999998,1076.8216242459823,14292.379331728056,0.0,0.0
1463.4596799999997,1108.6177505483308,13388.596521045252,0.0,0.0
1617.8640799999996,1131.2241055916834,11770.194743776046,0.0,0.0
1788.2447199999995,1173.9915053449247,9521.246819518838,0.0,0.0
2021.0939999999996,1266.0424044290937,6978.044026667228,0.0,0.0
2244.8177599999995,1406.4307344031115,4539.932258313617,0.0,0.0
2405.0125599999997,1528.8650398986028,2417.0935634540097,0.0,0.0
2499.79464,1623.8250639792527,1029.892040080404,0.0,0.0
2711.0239199999996,1716.0376599184185,189.1638440964007,0.0,0.0
3059.58344,1777.1931125504416,0.0,0.0,0.0
3261.35632,1769.811792959175,0.0,0.0,0.0
3345.681839999999,1727.821672824691,0.0,0.0,0.0
3386.3800799999995,1635.9736040060009,0.0,0.0,0.0
3444.5735999999997,1550.1508706261461,0.0,0.0,0.0
3568.619759999999,1533.4109909535616,0.0,0.0,0.0
3730.668239999999,1565.0893905983248,0.0,0.0,0.0
3661.800079999999,1547.653079734482,735.6371714860029,0.0,0.0
3422.2354399999995,1494.739911526911,2459.1299732532098,0.0,0.0
3472.773599999999,1487.3075297709086,4834.187126908019,0.0,0.0
3536.5356799999995,1517.9845436294622,7524.5173540568285,0.0,0.0
3629.17456,1543.3723682574557,10151.792966506839,0.0,0.0
3632.069759999999,1549.3835197616427,12232.595251567247,0.0,0.0
3644.207039999999,1593.607609603322,13556.742160242053,0.0,0.0
3717.8428799999992,1675.1184268499235,14145.251897430855,0.0,0.0
3759.2179199999996,1753.321550536411,13956.088053334455,0.0,0.0
3726.6337599999993,1798.1286000921584,13052.30524265165,0.0,0.0
3659.107919999999,1816.776218975014,11391.867055583245,0.0,0.0
3652.046639999999,1805.3099262048759,9121.900926426435,0.0,0.0
3638.9580799999994,1715.769583553555,6704.807362972426,0.0,0.0
3342.891919999999,1587.5709270167677,4392.804824016417,0.0,0.0
2693.7467199999996,1481.8977770958338,2375.057153654809,0.0,0.0
2193.2117599999992,1385.8654475557298,1029.892040080404,0.0,0.0
2053.2570399999995,1301.8681865651834,189.1638440964007,0.0,763.7611031422767
2025.5119999999995,1251.0414751444598,0.0,0.0,898.0870380350264
2054.8099199999992,1251.3038779354638,0.0,0.0,576.1610940481579
2136.3079199999993,1283.8772838565696,0.0,0.0,175.42758572949
2290.7724799999996,1363.5073113687324,0.0,0.0,0.0
2519.940719999999,1487.6139027593238,0.0,0.0,0.0
2756.313119999999,1620.1953951026094,0.0,0.0,0.0
2918.45936,1737.2539893661829,0.0,0.0,0.0
3019.5431999999996,1845.0802605668132,714.6189665864028,0.0,0.0
2817.255199999999,1920.9770764793961,2501.1663830524094,0.0,0.0
2508.4163199999994,1974.755464700547,4897.241741606819,0.0,0.0
2763.0209599999994,2081.5576558195303,7503.499149157229,0.0,0.0
3445.2428799999993,2278.7696647838093,10004.665532209638,0.0,0.0
5141.048,2721.975070756725,11370.848850683644,0.0,0.0
6507.875679999999,3112.8375026949543,11749.176538876447,0.0,0.0
7632.589439999998,3518.370378240499,12652.959349559249,0.0,6836.374977911244
8906.01872,3842.267617914532,12947.21421815365,0.0,6836.374977911244
10075.074159999996,4119.0656841935615,12253.613456466846,0.0,6836.374977911244
10913.67448,4389.3136094517495,11055.575777189642,0.0,6836.374977911244
11259.628319999998,4538.620797532969,9142.919131326034,0.0,0.0
11553.393359999998,4647.987444036466,6788.880182570826,0.0,0.0
11664.335919999998,4706.9571523391005,4455.859438715217,0.0,0.0
11191.154959999994,4689.0811395011415,2354.0389487552093,0.0,0.0
9980.107839999999,4483.154521088603,1008.8738351808039,0.0,0.0
8908.522879999999,4244.231815502424,189.1638440964007,0.0,0.0
8151.668719999998,4137.101975493051,0.0,0.0,0.0
7845.262559999998,4138.649442763242,0.0,0.0,0.0
7697.253919999999,4177.819796689534,0.0,0.0,0.0
7929.591839999999,4096.501880954156,0.0,0.0,0.0
7999.042799999998,3981.5425090186145,0.0,0.0,0.0
7769.513599999998,3909.377486312146,0.0,0.0,0.0
7553.569279999999,3784.3148977262217,0.0,0.0,0.0
7065.024959999999,3635.5523727355176,651.5643518876025,0.0,0.0
6850.001839999999,3594.6671811101796,2354.0389487552093,0.0,0.0
7462.6035999999995,3756.5228961752464,4708.077897510419,0.0,0.0
8348.410719999998,3995.252700250201,7377.389919759628,0.0,0.0
9325.668559999998,4286.989286501411,9920.592712611238,0.0,0.0
10499.705999999996,4626.0860305451615,11917.322178073246,0.0,6836.374977911244
11505.160079999998,4919.256612589372,13178.414472049251,0.0,6836.374977911244
12212.543919999996,5098.9344415407295,13766.924209238054,0.0,6836.374977911244
12656.622479999996,5163.420282028304,13430.632930844453,0.0,6836.374977911245
12841.509199999995,5139.069303023143,11959.358587872444,0.0,6836.374977911244
12818.475439999997,5072.753734965865,10277.90219590444,0.0,6836.374977911244
12662.033119999998,5039.824312285072,8344.227345141233,0.0,6836.374977911244
12472.359919999997,5062.06330342102,5864.079166988423,0.0,0.0
12289.413359999997,5069.5524209156165,4098.549955422016,0.0,0.0
11965.357759999997,5099.837958177862,2375.057153654809,0.0,0.0
11244.201039999996,5125.434286645193,1050.910244980004,0.0,0.0
10768.109839999997,5165.008882708977,147.12743429720058,0.0,0.0
10750.227279999997,5283.911388476902,0.0,0.0,0.0
10874.23208,5413.697227300898,0.0,0.0,0.0
11201.807039999996,5498.459002369016,0.0,0.0,0.0
11470.797439999997,5545.57235969867,0.0,0.0,543.9770723510645
11736.40384,5582.6363993296045,0.0,0.0,6836.374977911244
11990.128639999999,5638.447345385936,0.0,0.0,6836.374977911244
12292.838719999996,5669.144216752999,0.0,0.0,6836.374977911244
12474.849039999996,5671.039190422087,693.6007616868027,0.0,0.0
12640.537199999997,5675.003600156443,2480.1481781528096,0.0,0.0
13113.624159999998,5666.612384418177,4855.205331807619,0.0,0.0
13500.456719999998,5617.876384964696,7566.553763856029,0.0,0.0
13515.064319999996,5539.155547663525,10193.82937630604,0.0,0.0
13407.791519999997,5464.0530320912785,12106.486022169645,0.0,6836.374977911244
13209.51168,5381.881243490041,13409.614725944852,0.0,6836.374977911243
12929.745119999998,5293.262856590894,14271.361126828457,0.0,6836.374977911244
12653.471599999997,5213.590277274786,14250.342921928856,0.0,6836.374977911244
12378.660719999998,5138.713286263457,13472.669340643652,0.0,6836.374977911244
12178.703919999998,5068.238988567133,12022.413202571246,0.0,6836.374977911244
11986.173119999998,4983.7268507488325,9773.46527831404,0.0,0.0
11886.788799999997,4914.434074808759,7146.189665864028,0.0,0.0
11836.987599999997,4845.210800148465,4666.041487711218,0.0,0.0
11638.955919999997,4743.646736095306,2459.1299732532098,0.0,0.0
11237.417999999996,4611.408494970522,1029.892040080404,0.0,0.0
10612.851919999997,4439.9587665089675,168.14563919680066,0.0,0.0
10014.620879999999,4275.598168584911,0.0,0.0,0.0
9185.480719999998,4131.791510360519,0.0,0.0,0.0
8692.853039999998,4021.6858808618167,0.0,0.0,0.0
8334.408479999998,3917.8552240517693,0.0,0.0,0.0
7909.648799999998,3810.4119190866586,0.0,0.0,0.0
7610.412959999999,3738.774538749128,0.0,0.0,0.0
7363.993839999998,3692.3689597584544,0.0,0.0,0.0
6944.652319999999,3637.2388425652666,798.691786184803,0.0,0.0
6629.650799999999,3624.0619672764765,2564.22099775121,0.0,0.0
7174.884639999998,3659.970016233529,4792.150717108819,0.0,0.0
7467.194559999998,3697.6822616779173,7377.389919759628,0.0,0.0
7820.288639999999,3802.996558052234,9878.556302812038,0.0,0.0
8345.962959999999,3959.6382587403805,11896.303973173644,0.0,0.0
8828.453679999999,4098.632307938416,13136.37806225005,0.0,0.0
9186.619999999997,4193.66041490538,13724.887799438853,0.0,3291.8005121414394
9498.09088,4292.830230789811,13514.705750442852,0.0,6836.374977911244
9802.3764,4391.961750050691,12568.886529960848,0.0,0.0
10082.42872,4463.1211317905545,11139.648596788044,0.0,0.0
10248.703439999997,4484.6225583247615,9100.882721526836,0.0,0.0
10509.33536,4516.005932128828,6767.861977671227,0.0,0.0
10695.51176,4536.727242257346,4434.841233815617,0.0,0.0
10656.554399999997,4525.211305715938,2417.0935634540097,0.0,0.0
10255.245839999998,4466.552225582114,1029.892040080404,0.0,0.0
9671.095999999998,4365.6065810796445,168.14563919680066,0.0,0.0
9204.239359999998,4282.122778523388,0.0,0.0,0.0
8761.352719999999,4247.58347925995,0.0,0.0,0.0
8647.529999999999,4235.07466729312,0.0,0.0,0.0
8536.17384,4226.537357027971,0.0,0.0,0.0
8405.716879999998,4229.40251182704,0.0,0.0,0.0
8195.047839999997,4217.736225578355,0.0,0.0,0.0
8086.0228799999995,4189.575441726507,0.0,0.0,0.0
7610.202399999998,4108.58233809459,525.455122490002,0.0,0.0
7536.21688,4133.782934785219,1639.4199821688064,0.0,0.0
7988.935919999998,4347.278100726389,2648.2938173496104,0.0,0.0
8765.966239999998,4620.721666460963,3552.076628032414,0.0,0.0
9924.410959999997,4816.686907569608,4392.804824016417,0.0,0.0
10969.995519999997,4960.924757407325,4897.241741606819,0.0,0.0
11925.471679999997,5143.732980735687,5044.369175904019,0.0,0.0
12601.271519999998,5323.212234601962,5296.587634699221,0.0,0.0
13043.402399999997,5470.176236679192,5969.1701914864225,0.0,0.0
13426.207999999995,5569.629731256599,6725.825567872026,0.0,0.0
13662.843599999998,5625.65485472613,6536.661723775625,0.0,6836.374977911244
13808.216479999995,5665.940065915821,4729.096102410019,0.0,0.0
13673.702479999994,5698.7347412174495,3110.694325140812,0.0,0.0
13105.427359999996,5666.039353458364,1828.5838262652069,0.0,0.0
12446.979919999996,5610.381593896239,945.8192204820036,0.0,0.0
12148.838239999997,5561.134972795398,357.3094832932014,0.0,0.0
11953.318239999999,5442.202680764711,42.036409799200165,0.0,0.0
11722.837759999997,5282.490158225086,0.0,0.0,6836.374977911244
11203.363679999999,5021.979504103342,0.0,0.0,6836.374977911245
10410.616559999999,4710.557034952981,0.0,0.0,6836.374977911244
9534.483919999997,4417.611977469689,0.0,0.0,0.0
8623.962319999999,4110.857441212267,0.0,0.0,0.0
7718.475359999998,3776.9179758068412,0.0,0.0,0.0
6846.271919999998,3394.7276015129246,0.0,0.0,0.0
5841.381839999998,3003.4495802894844,714.6189665864028,0.0,0.0
4944.016479999999,2647.9420238570024,2522.1845879520097,0.0,0.0
4293.80344,2347.8723759995887,4771.1325122092185,0.0,0.0
3842.1184,2128.795831774092,7524.5173540568285,0.0,0.0
3513.1860799999995,1972.2080300376122,10235.86578610524,0.0,0.0
3387.451679999999,1901.6089137163785,12463.795505462847,0.0,0.0
3373.6787999999992,1886.6079844317449,13956.088053334455,0.0,0.0
3487.181919999999,1912.9546430420012,14586.634200322454,0.0,0.0
3764.1698399999996,1980.8049128282855,14418.488561125658,0.0,0.0
4100.550719999999,2065.44896123882,13451.651135744052,0.0,0.0
4361.532319999999,2121.86556130466,11854.267563374444,0.0,0.0
4453.53576,2150.372433161937,9647.356048916437,0.0,0.0
4504.05512,2184.011052575173,7104.153256064828,0.0,0.0
4565.681519999999,2212.384595446752,4581.968668112818,0.0,0.0
4449.794559999999,2235.439162825008,2354.0389487552093,0.0,0.0
4262.817279999999,2257.8824026198986,945.8192204820036,0.0,0.0
4281.53832,2200.231800239609,147.12743429720058,0.0,0.0
4334.783679999999,2105.630629705575,0.0,0.0,0.0
4273.600959999999,2070.8828266027986,0.0,0.0,0.0
3994.6578399999994,2076.363498951118,0.0,0.0,0.0
3594.620159999999,2013.1045688106688,0.0,0.0,0.0
3301.4003199999993,1850.9992164957828,0.0,0.0,0.0
3134.4788799999997,1694.6766543372362,0.0,0.0,0.0
3115.0434399999995,1610.520533278622,0.0,0.0,0.0
2910.9167999999995,1648.4965999074786,105.09102449800041,0.0,0.0
2700.8719199999996,1851.0247475781503,777.673581285203,0.0,0.0
2856.0320799999995,2133.997080609829,1891.6384409640073,0.0,0.0
3460.985999999999,2465.018910657984,2879.494071245211,0.0,0.0
4766.642239999998,2825.105041195118,3720.222267229214,0.0,0.0
6502.724479999999,3122.5988865202994,5170.47840530162,0.0,0.0
7861.532079999998,3393.195736570848,6851.934797269627,0.0,0.0
8778.475759999998,3693.9121718482506,9016.809901928435,0.0,0.0
9369.085279999998,4012.347178289007,10698.266293896442,0.0,0.0
9894.590399999997,4256.96615203017,11623.067309478845,0.0,0.0
10407.225039999998,4388.041310513746,11181.685006587244,0.0,0.0
10763.154159999998,4504.749561591493,9205.973746024836,0.0,0.0
11223.927119999998,4765.094263677846,6620.734543374026,0.0,0.0
11713.174559999998,5070.421896109592,4308.732004418016,0.0,0.0
11605.010639999999,5203.28848553932,2396.0753585544094,0.0,0.0
11182.469359999997,5124.330776529512,1050.910244980004,0.0,0.0
10798.479359999998,5035.0187952260385,126.10922939760049,0.0,0.0
10417.816959999998,5008.114707984081,0.0,0.0,6836.374977911245
10031.349119999999,4963.658001614162,0.0,0.0,0.0
9755.71856,4904.501065374161,0.0,0.0,0.0
9416.70568,4818.369122218963,0.0,0.0,0.0
9068.371759999998,4752.369855904353,0.0,0.0,0.0
8742.939999999999,4711.406652638447,0.0,0.0,0.0
8453.739599999997,4633.769467944449,0.0,0.0,0.0
7916.337839999997,4462.464415616312,567.4915322892022,0.0,0.0
7543.928639999998,4285.682946120251,2269.9661291568086,0.0,0.0
7621.241759999999,4122.550676936787,4434.841233815617,0.0,0.0
7438.415519999998,3944.3281196804014,6872.953002169227,0.0,0.0
7110.693919999999,3769.0884438806706,8869.682467631234,0.0,0.0
6765.721439999998,3600.2513961814357,10277.90219590444,0.0,0.0
6450.671039999999,3440.825389121719,10404.01142530204,0.0,0.0
6267.356,3319.088933210951,9815.501688113238,0.0,0.0
6329.771999999999,3264.0807978557445,8659.500418635233,0.0,0.0
6545.396719999999,3255.0626522059993,7335.353509960428,0.0,0.0
6778.2873599999975,3263.331886106284,6305.461469880024,0.0,0.0
6849.392719999999,3240.2475324652655,4624.005077912018,0.0,0.0
6767.736799999999,3162.6741754771874,3005.6033006428115,0.0,0.0
6517.249359999999,3073.4770840443693,2059.784080160808,0.0,0.0
6109.30816,2986.1834766414277,1303.128703775205,0.0,0.0
5612.085759999998,2903.698223084449,546.4733273896021,0.0,0.0
5338.4141599999975,2834.788413379895,63.05461469880024,0.0,0.0
5197.36904,2776.370460135102,0.0,0.0,0.0
5089.754079999998,2737.534847066524,0.0,0.0,0.0
4982.703119999998,2722.4800188302243,0.0,0.0,0.0
4821.3878399999985,2714.0193018121795,0.0,0.0,0.0
4695.792559999999,2673.5879960956054,0.0,0.0,0.0
4572.881919999999,2616.8380735655182,0.0,0.0,0.0
4510.589999999999,2568.4566724782585,0.0,0.0,0.0
4435.875039999999,2509.4316468304937,336.2912783936013,0.0,0.0
4164.779039999999,2425.4102731510443,1849.602031164807,0.0,0.0
4083.1983199999995,2361.256336734252,4140.5863652212165,0.0,0.0
3858.169839999999,2293.095438779157,6746.843772771626,0.0,0.0
3628.2834399999997,2231.115899544036,9290.046565623235,0.0,0.0
3438.238,2193.0320350118477,11202.703211486843,0.0,0.0
3328.8558399999997,2214.844089714864,12190.558841768046,0.0,0.0
3344.2868799999997,2293.9138518083964,12274.631661366448,0.0,0.0
3441.7310399999997,2401.1670920492134,11749.176538876447,0.0,0.0
3609.036,2523.524804297601,10782.339113494842,0.0,0.0
3770.5242399999993,2639.119616505411,9563.283229318038,0.0,0.0
3885.8547199999994,2733.554835004054,7965.899656948431,0.0,0.0
3990.371439999999,2807.165200651241,6053.243011084823,0.0,0.0
4122.59184,2879.8763048416895,3972.440726024415,0.0,0.0
4252.51488,2934.6603340294446,2122.8386948596085,0.0,0.0
4318.104319999999,2970.442145968123,882.7646057832035,0.0,0.0
4460.051839999998,3059.1186869993285,105.09102449800041,0.0,0.0
4807.821759999999,3159.687038840137,0.0,0.0,0.0
5006.0038399999985,3210.254184256787,0.0,0.0,0.0
5040.201039999999,3174.0667117871512,0.0,0.0,0.0
4939.293919999998,3102.305931218176,0.0,0.0,0.0
4858.85624,3050.6835010636514,0.0,0.0,0.0
4743.480639999999,2960.117659937218,0.0,0.0,0.0
4663.524239999999,2880.3557218328215,0.0,0.0,0.0
4406.8741599999985,2798.460519957235,567.4915322892022,0.0,0.0
4037.06312,2694.802907149905,2143.8568997592083,0.0,0.0
3940.536399999999,2558.217290055247,4245.677389719217,0.0,0.0
3530.534719999999,2380.101112308727,6788.880182570826,0.0,0.0
3138.7201599999994,2214.103688326193,9248.010155824037,0.0,0.0
2843.1202399999993,2065.796467637718,11223.721416386445,0.0,0.0
2640.945039999999,1966.6365805075402,12884.15960345485,0.0,0.0
2587.47032,1925.9102489502693,13661.833184740053,0.0,0.0
2674.7587199999994,1948.3804382209923,13640.814979840454,0.0,0.0
2847.4818399999995,2010.0025423029633,12842.123193655649,0.0,0.0
3029.3116799999993,2089.6382433889858,11181.685006587244,0.0,0.0
3152.884079999999,2139.9444044080956,8974.773492129234,0.0,0.0
3284.2396799999988,2181.616804406445,6578.698133574825,0.0,0.0
3404.063359999999,2185.6152555839585,4329.750209317616,0.0,0.0
3452.9132799999998,2110.960952346616,2248.947924257209,0.0,0.0
3480.0078399999993,2020.5780839771533,924.8010155824035,0.0,0.0
3721.730719999999,2008.2550815542245,105.09102449800041,0.0,0.0
4043.5904799999994,2002.6084571705128,0.0,0.0,0.0
4156.992079999999,1981.5382222496319,0.0,0.0,0.0
4062.8604799999994,1925.6606117004496,0.0,0.0,0.0
4037.0179999999987,1878.2607388908907,0.0,0.0,0.0
4049.365839999999,1824.4866058501343,0.0,0.0,0.0
4045.9216799999986,1776.7831968390894,0.0,0.0,0.0
4010.438559999999,1749.2692004072317,0.0,0.0,0.0
3786.0079199999996,1697.6212391703393,672.5825567872026,0.0,0.0
3279.69384,1600.160587411095,2459.1299732532098,0.0,0.0
3223.87664,1536.7357052352547,4897.241741606819,0.0,0.0
3231.644799999999,1479.4042413845639,7629.608378554829,0.0,0.0
3379.732399999999,1463.5934094314805,10340.95681060324,0.0,0.0
3554.9709599999996,1476.036975298925,12463.795505462847,0.0,0.0
3681.5400799999998,1474.9972928891634,13850.997028836455,0.0,0.0
3790.5123999999996,1488.633727660577,14460.524970924855,0.0,0.0
3955.56888,1553.7890498635786,14292.379331728056,0.0,0.0
4045.8915999999995,1644.3009920383463,13346.560111246052,0.0,0.0
4001.760479999999,1682.969234678067,11749.176538876447,0.0,0.0
3873.867839999999,1617.8493723116878,9521.246819518838,0.0,0.0
3637.529279999999,1525.8991791635258,6957.025821767627,0.0,0.0
3334.10104,1413.9127599303847,4518.914053414017,0.0,0.0
2899.9075199999997,1276.2463270154833,2354.0389487552093,0.0,0.0
2550.2576,1167.1619408114987,924.8010155824035,0.0,0.0
2499.3171199999992,1126.164696102435,105.09102449800041,0.0,6836.374977911244
2422.4175999999998,1097.508892931344,0.0,0.0,747.4452103066454
2198.1035199999997,1014.4038014302108,0.0,0.0,754.9813847044768
1919.46496,911.7192065397917,0.0,0.0,830.4818362996035
1657.7200799999994,815.8471554612199,0.0,0.0,912.3723215602776
1464.8283199999996,732.3321482487346,0.0,0.0,1114.1863137755724
1324.0651999999998,653.6013821933096,0.0,0.0,1257.0042135775461
1229.1251999999997,570.4565756751597,0.0,0.0,1372.4093422021322
1116.4906399999998,485.05226836744623,441.38230289160174,0.0,1220.7507354277784
974.5619199999996,398.76713871803867,1723.4928017672066,0.0,570.5828359811717
856.8062399999998,342.8398843975853,3299.8581692372127,0.0,0.0
853.6628799999999,331.55656438441747,4918.2599465064195,0.0,0.0
922.74912,367.7709863298858,6515.643518876025,0.0,0.0
979.3258399999999,411.72558141323674,7965.899656948431,0.0,0.0
964.5114399999998,431.8823709427312,8869.682467631234,0.0,0.0
903.1933599999999,429.59875746426474,9226.991950924436,0.0,0.0
825.9140799999999,402.2223451985008,9163.937336225636,0.0,0.0
764.9757599999998,361.0137598631691,8302.190935342032,0.0,0.0
737.5352799999998,320.7200383126887,7377.389919759628,0.0,0.0
731.0041599999998,299.38598220733905,6137.315830683224,0.0,0.0
732.5532799999999,287.0204279804632,4771.1325122092185,0.0,0.0
704.2179199999999,265.9516114530472,3236.8035545384123,0.0,360.94469581159035
645.0279999999999,244.89981564720978,1807.5656213656068,0.0,1795.0274573478114
590.76744,239.7950175670852,651.5643518876025,0.0,2979.005084262621
589.7635199999999,251.32371964967825,42.036409799200165,0.0,3486.648873698157
574.3738399999999,260.2737824131087,0.0,0.0,3379.8049101096367
504.68976,265.7728938764715,0.0,0.0,3110.7013407799564
429.2942399999999,269.2210083896093,0.0,0.0,2921.8872484150593
383.2868799999999,265.19277094933324,0.0,0.0,2701.1115329857175
359.0649599999999,255.8781810654271,0.0,0.0,2613.1728551590186
348.00303999999994,240.69711581075268,0.0,0.0,2558.202267090614
348.0368799999999,231.0704793645717,0.0,0.0,2505.0243456895537
310.97831999999994,206.29965589380325,189.1638440964007,0.0,2407.0970485718517
237.07175999999993,171.42136059225754,1092.9466547792042,0.0,1938.4313010086503
168.18479999999994,144.76974738705033,2543.20279285161,0.0,1546.298987616025
130.08847999999998,128.10220578117546,4350.768414217217,0.0,331.6176235471121
112.04047999999997,117.10965642830924,6368.516084578824,0.0,0.0
109.86719999999998,114.40052491037706,7524.5173540568285,0.0,0.0
120.80503999999998,113.23886066263545,8596.445803936433,0.0,0.0
141.75199999999998,113.75373749038906,8785.609648032834,0.0,0.0
181.28839999999997,129.90498387504547,8134.045296145232,0.0,0.0
225.11119999999994,159.79337096712243,6999.062231566827,0.0,0.0
266.44863999999995,209.5222458460242,6326.4796747796245,0.0,0.0
302.1084799999999,291.62027798708834,5401.678659197221,0.0,0.0
349.9996,401.6464774517571,4350.768414217217,0.0,0.0
401.72215999999986,507.96215961228427,3152.730734940012,0.0,417.4377272670379
444.3605599999999,598.4244580157809,1849.602031164807,0.0,1500.6798743233664
500.4785599999999,677.9864026416291,756.6553763856028,0.0,2440.3017602140812
574.84008,746.7260051303974,63.05461469880024,0.0,2939.1941953421656
644.5128799999998,777.9093854559152,0.0,0.0,2772.152569879729
688.6740799999999,791.655036524125,0.0,0.0,2351.4433217328797
715.7573599999998,805.5283430041745,0.0,0.0,2046.9529693311958
732.8616,791.1515068440906,0.0,0.0,1769.7221778037854
753.8799999999999,758.5781009229844,0.0,0.0,1727.9497919485286
795.8979999999998,753.0662239184376,0.0,0.0,1605.1162306209337
898.3655199999998,789.9955161702084,0.0,0.0,1404.6710703638414
1032.7930399999998,837.9216129552401,504.43691759040195,0.0,752.2172913630109
992.5121599999998,863.7037509664722,2164.875104658808,0.0,0.0
916.8271199999999,911.0100098073485,4455.859438715217,0.0,0.0
998.0431199999999,987.1522077893567,7104.153256064828,0.0,0.0
1115.8288799999998,1065.8446772212296,9731.428868514839,0.0,0.0
1237.4122399999999,1135.9189879604555,11875.285768274045,0.0,0.0
1364.2031999999995,1197.467335582252,13241.469086748051,0.0,0.0
1530.3726399999996,1254.9732618291234,13829.978823936854,0.0,0.0
1724.4563199999996,1328.9212051209531,13661.833184740053,0.0,0.0
1911.0688799999998,1415.9836143891182,12737.032169157648,0.0,0.0
2098.7906399999997,1528.1147097556777,11181.685006587244,0.0,0.0
2306.58328,1654.1914496689958,9016.809901928435,0.0,0.0
2491.7181599999994,1765.4757641370186,6473.607109076825,0.0,0.0
2525.3588799999998,1829.130426054171,4224.659184819617,0.0,0.0
2406.4488799999995,1846.3936929152978,2248.947924257209,0.0,0.0
2212.6810399999995,1844.3980133102032,882.7646057832035,0.0,0.0
2045.0451999999996,1851.1949547939369,63.05461469880024,0.0,87.36842545324382
1970.4580799999992,1875.2253768760347,0.0,0.0,142.9593149703142
1988.9497599999997,1917.582860917924,0.0,0.0,0.0
2045.6994399999994,1934.7553505972983,0.0,0.0,0.0
2049.0571199999995,1900.97063665718,0.0,0.0,0.0
1999.6619999999996,1859.1010799672113,0.0,0.0,0.0
1958.2869599999997,1818.496730247921,0.0,0.0,0.0
1926.3231999999996,1788.1785699359834,0.0,0.0,0.0
1714.4095999999997,1739.2042803804006,399.3458930924015,0.0,0.0
1421.0995199999995,1649.3476359864103,1765.529211566407,0.0,0.0
1233.4266399999997,1558.5945669226119,3489.022013333614,0.0,0.0
1004.0854399999998,1446.9740932034115,5674.915322892022,0.0,0.0
817.4653599999998,1331.1679403693324,8049.972476546831,0.0,0.0
724.5670399999999,1231.338571523729,10698.266293896442,0.0,0.0
712.0988799999998,1194.2745318927941,12316.668071165646,0.0,0.0
733.26392,1205.806070762317,13535.723955342453,0.0,0.0
806.9636799999998,1253.52650049494,13514.705750442852,0.0,0.0
954.4233599999998,1327.5510370338732,12610.922939760048,0.0,0.0
1138.2422399999998,1419.1168455530512,11202.703211486843,0.0,0.0
1317.3911999999998,1508.9380301104195,9058.846311727635,0.0,0.0
1473.51768,1605.5391354299427,6515.643518876025,0.0,0.0
1625.5795999999996,1688.495295617263,4224.659184819617,0.0,0.0
1722.0198399999997,1770.5422655935909,2101.820489960008,0.0,0.0
1839.6288799999995,1854.9536974758848,798.691786184803,0.0,0.0
1975.4137599999997,1942.333826880184,42.036409799200165,0.0,0.0
2189.6021599999995,2028.265776556835,0.0,0.0,0.0
2340.1675999999993,2082.8015868882353,0.0,0.0,0.0
2422.0716799999996,2107.5638999982143,0.0,0.0,0.0
2422.6582399999998,2122.966234633411,0.0,0.0,0.0
2411.923439999999,2178.0013194644516,0.0,0.0,0.0
2536.7328799999996,2261.5645520547423,0.0,0.0,0.0
2698.702399999999,2342.5477269324065,0.0,0.0,0.0
2828.1027999999997,2378.8429973053735,231.20025389560087,0.0,0.0
2948.738639999999,2398.833834799476,1156.0012694780046,0.0,0.0
3124.9435199999994,2438.130425744141,2543.20279285161,0.0,0.0
3285.87904,2484.602669227665,4708.077897510419,0.0,0.0
3428.8831199999995,2526.849518579293,7524.5173540568285,0.0,0.0
3586.2090399999993,2571.8097546292483,9731.428868514839,0.0,6836.374977911245
3724.7199199999995,2611.694978861842,11286.776031085245,0.0,6836.374977911245
3871.6306399999994,2637.162233523869,12127.504227069247,0.0,6836.374977911243
4001.282959999999,2678.2332346931066,12085.467817270046,0.0,6836.374977911243
4137.372399999998,2716.9851625472566,11370.848850683644,0.0,6836.374977911245
4310.922719999999,2744.8920539688875,10088.738351808039,0.0,6836.374977911243
4392.732799999999,2737.358966276878,8365.245550040832,0.0,6836.374977911245
4279.97416,2723.2870847117442,6179.352240482423,0.0,6836.374977911244
4031.088479999999,2702.1218174287164,4035.4953407232156,0.0,0.0
3734.0973599999993,2663.5925773485537,2206.9115144580082,0.0,0.0
3383.3156799999992,2599.360629291193,882.7646057832035,0.0,0.0
3211.7506399999993,2566.6056690065816,63.05461469880024,0.0,0.0
3201.2075999999993,2554.0855098920333,0.0,0.0,0.0
3256.5059199999996,2564.7319712394674,0.0,0.0,0.0
3200.51952,2537.812281669397,0.0,0.0,0.0
3203.6854399999993,2460.864436199334,0.0,0.0,0.0
3275.21568,2406.349901769907,0.0,0.0,0.0
3364.229919999999,2360.0932540930457,0.0,0.0,0.0
3521.533279999999,2337.0103188454914,0.0,0.0,0.0
3505.699919999999,2255.99877609853,504.43691759040195,0.0,0.0
3357.634879999999,2169.9590285185477,2143.8568997592083,0.0,0.0
3520.202239999999,2101.2619778337257,4392.804824016417,0.0,0.0
3411.4743199999994,2013.6705078031584,7083.135051165228,0.0,0.0
3202.049839999999,1888.2348817359689,9983.647327310038,0.0,0.0
2888.7064799999994,1698.0765434725674,12148.522431968846,0.0,6836.374977911244
2551.066,1499.7312381298448,13640.814979840454,0.0,6836.374977911245
2402.97464,1379.0982923347588,14355.433946426856,0.0,6836.374977911243
2481.0359999999996,1389.0383937366796,14229.324717029256,0.0,6836.374977911244
2688.478959999999,1497.0745871701133,13262.48729164765,0.0,6836.374977911243
2894.2787999999996,1629.8872776481753,11686.121924177647,0.0,0.0
3048.8711999999996,1735.8242487535776,9395.137590121236,0.0,0.0
3081.6884799999993,1784.0808312159277,6809.898387470426,0.0,0.0
2983.383279999999,1784.4113168932463,4329.750209317616,0.0,0.0
2769.5407999999993,1721.48996439744,2206.9115144580082,0.0,0.0
2458.2504,1608.2369198001559,819.7099910844032,0.0,0.0
2337.4603999999995,1554.6173916470716,42.036409799200165,0.0,361.13879493070795
2312.3924799999995,1523.036861151386,0.0,0.0,356.2412310794405
2353.79008,1513.710924119761,0.0,0.0,0.0
2421.33848,1517.6611499194685,0.0,0.0,0.0
2404.0612799999994,1481.3786450876853,0.0,0.0,0.0
2274.6007199999995,1441.8976629925849,0.0,0.0,0.0
2094.7185599999993,1358.3415223696177,0.0,0.0,0.0
1909.0572799999993,1256.1618755526983,0.0,0.0,0.0
1594.4693599999998,1075.818820066308,126.10922939760049,0.0,282.4885804044211
1142.76552,846.2234699052178,714.6189665864028,0.0,811.4436872602881
757.1361599999998,638.8401614042415,1681.4563919680065,0.0,1227.279996938112
487.77727999999985,460.31123115944035,2984.5850957432112,0.0,881.0235779965875
337.1591999999999,325.10003733225653,4750.114307309618,0.0,0.0
275.4613599999999,250.12517717184966,7104.153256064828,0.0,0.0
266.9073599999999,227.00110851381385,9416.155795020837,0.0,0.0
294.88551999999993,251.1520940404271,10887.430137992842,0.0,0.0
365.4569599999999,296.7208208868183,11349.830645784044,0.0,0.0
453.8094399999999,340.6328641662227,11013.539367390444,0.0,0.0
531.0135199999999,365.11575376361924,10025.683737109239,0.0,0.0
558.02536,370.2971450908476,8365.245550040832,0.0,0.0
549.2081599999999,366.7539982155625,6221.388650281624,0.0,0.0
519.5568,355.01821068709614,4077.5317505224157,0.0,0.0
502.7608799999999,342.5547873111432,2206.9115144580082,0.0,1338.6622525934922
528.6447199999999,345.09229321982417,861.7464008836033,0.0,2651.297472524969
566.7071999999998,361.99528814087006,42.036409799200165,0.0,3342.627805479759
534.0891999999999,380.74219456626787,0.0,0.0,3286.109816454564
442.39784,392.3730209783327,0.0,0.0,3009.2911559729077
344.92735999999996,408.92283592662216,0.0,0.0,2825.8509790573885
274.7281599999999,447.18683642885065,0.0,0.0,2583.2785918410036
250.14903999999999,502.93820995965814,0.0,0.0,2442.8830957278187
278.99575999999996,573.5642757567248,0.0,0.0,2264.521009254152
360.67799999999994,665.2988730982241,0.0,0.0,2030.0300660598807
479.86624,802.4958177762485,441.38230289160174,0.0,1325.8947722351238
570.96728,885.1526969424776,2101.820489960008,0.0,0.0
636.7146399999999,966.8223742571464,4308.732004418016,0.0,0.0
778.0041599999997,990.5279842357853,6851.934797269627,0.0,0.0
853.9523999999999,993.3477504439787,9521.246819518838,0.0,0.0
846.5151199999999,973.6647043317562,11538.994489880446,0.0,0.0
846.85728,972.0675932902946,12947.21421815365,0.0,0.0
881.3214399999999,950.2796512761813,13493.687545543253,0.0,0.0
930.2014399999999,969.2776133448638,13115.359857350451,0.0,0.0
950.3362399999997,1007.7501176864306,11854.267563374444,0.0,0.0
924.5125599999999,1015.185336229363,9458.192204820038,0.0,0.0
849.1997599999999,986.9593062781323,6872.953002169227,0.0,0.0
769.0703999999998,1028.4714278149497,4497.895848514418,0.0,0.0
714.6594399999999,1019.2717278016993,2669.3120222492103,0.0,100.58453263763079
756.9744799999999,1049.6154191960045,1282.110498875605,0.0,1328.9141761309784
1064.33944,1157.0658161284405,399.3458930924015,0.0,1764.6826510359501
1590.9838399999996,1277.131404537572,0.0,0.0,1448.2536146537955
2023.2559999999999,1336.943638558348,0.0,0.0,816.6395217832846
2292.1260799999995,1284.1084819913463,0.0,0.0,260.73938969851037
2355.5572799999995,1163.0854779934164,0.0,0.0,56.61203913237098
2095.0456799999997,989.4982305802783,0.0,0.0,224.73944413936158
1845.2199999999996,856.2458381281018,0.0,0.0,529.0238280053771
1629.3132799999998,751.4279794664942,0.0,0.0,764.0345721845441
1388.1957599999996,673.9113582170116,0.0,0.0,1019.1544656439927
1134.1927199999998,593.511143053416,84.07281959840033,0.0,1256.03841758842
857.4905599999997,498.57948684206366,819.7099910844032,0.0,1235.7007496889032
621.2948799999998,414.01345007209784,2059.784080160808,0.0,1191.1210501235862
529.8742399999999,374.695583225459,3741.2404721288144,0.0,194.45641400147198
535.95792,394.09069546430965,5780.006347390023,0.0,0.0
619.63672,446.9173416705223,8134.045296145232,0.0,0.0
744.5175999999998,522.2340346559668,10067.72014690844,0.0,0.0
874.1511199999999,609.6524606838182,11328.812440884445,0.0,0.0
1022.1146399999998,687.3804225595687,10277.90219590444,0.0,0.0
1166.5851199999997,741.1148405833086,9163.937336225636,0.0,0.0
1267.9998399999997,758.0745712429498,8302.190935342032,0.0,0.0
1281.5019999999997,729.7010283713711,7062.116846265628,0.0,0.0
1192.6832799999997,679.0828207899859,5401.678659197221,0.0,0.0
1065.83592,647.9349003010904,3741.2404721288144,0.0,0.0
957.4163199999999,635.1083681981265,2038.7658752612078,0.0,725.7737065714236
862.2695199999998,621.9726263198177,672.5825567872026,0.0,2206.8270986549064
743.3144,621.4166160815824,21.018204899600082,0.0,2912.6561278168965
560.8603999999999,631.6673456523132,0.0,0.0,2966.223878032233
401.82743999999997,654.9332536568376,0.0,0.0,2748.991050071501
331.4703199999999,696.0411330561625,0.0,0.0,2501.1323836293905
366.9872799999999,757.7327384179124,0.0,0.0,2127.613365130765
545.3278399999999,813.4784383748603,0.0,0.0,1799.6631656644038
891.87952,946.6811870557656,0.0,0.0,1234.7751648756096
1349.5805599999997,1151.1298394778926,0.0,0.0,514.0909871532166
1790.9293599999994,1397.5827959691528,147.12743429720058,0.0,0.0
2070.1732799999995,1597.9663327209166,924.8010155824035,0.0,0.0
2169.54632,1734.8583228039902,1996.7294654620077,0.0,0.0
2496.4181599999993,1905.953452899324,3194.767144739212,0.0,0.0
2841.1612799999994,2069.611946058261,4056.513545622816,0.0,0.0
3591.7512799999995,2293.9110150214665,4624.005077912018,0.0,0.0
4315.694159999999,2444.36852020271,5170.47840530162,0.0,0.0
5037.8435199999985,2595.48415995166,5990.188396386023,0.0,0.0
5638.277919999999,2653.842540670928,6515.643518876025,0.0,6836.374977911244
6010.991679999999,2578.464856766493,6326.4796747796245,0.0,6836.374977911244
5926.135999999998,2495.9356330121036,5254.55122490002,0.0,0.0
5574.075919999999,2478.0709673218653,4077.5317505224157,0.0,0.0
5071.337599999999,2463.0133022986356,2900.5122761448115,0.0,0.0
4734.212239999999,2455.4575203111885,1618.4017772692061,0.0,0.0
4447.102399999999,2488.493322501847,588.5097371888023,0.0,0.0
4136.541439999999,2491.670523863191,105.09102449800041,0.0,0.0
3547.2140799999993,2345.126366251569,0.0,0.0,0.0
2889.9171999999994,2083.885239495408,0.0,0.0,0.0
2530.6341599999996,1841.0605334873264,0.0,0.0,0.0
2536.6088,1688.6513188984006,0.0,0.0,0.0
2618.70088,1590.5183486368007,0.0,0.0,0.0
2559.0747999999994,1436.0553003107193,0.0,0.0,0.0
2369.4467199999995,1272.657791549322,0.0,0.0,0.0
2362.43808,1206.682637923616,0.0,0.0,0.0
2492.3347999999996,1169.5079636024204,105.09102449800041,0.0,0.0
2448.4593599999994,1174.7106308316218,987.8556302812038,0.0,0.0
2495.4443199999996,1319.3768354957353,2921.5304810444118,0.0,0.0
3012.1510399999993,1569.4410217485952,5674.915322892022,0.0,0.0
3827.9281599999995,1888.9114554187192,8617.464008836032,0.0,0.0
4707.918559999999,2246.071440237793,10782.339113494842,0.0,6836.374977911244
5500.947679999998,2597.9890428106487,12001.394997671645,0.0,6836.374977911244
6295.13488,2875.1502178166897,12442.777300563248,0.0,6836.374977911245
7070.657439999999,3026.3084093695866,12211.577046667646,0.0,6836.374977911244
7794.934959999999,3100.3684057451414,11370.848850683644,0.0,6836.374977911244
8307.712479999998,3106.2987088218297,10067.72014690844,0.0,6836.374977911244
8521.340639999999,3106.9142915855905,8323.209140241632,0.0,6836.374977911244
8349.268,3043.967408007416,6431.570699277625,0.0,6836.374977911244
7841.746959999999,2941.201964689499,4119.568160321616,0.0,6836.374977911243
7070.100959999999,2771.0245351659464,2185.8933095584084,0.0,0.0
6044.700079999999,2590.263053607415,798.691786184803,0.0,0.0
5264.72568,2418.8998471472178,21.018204899600082,0.0,0.0
4882.886399999999,2319.4435157828793,0.0,0.0,0.0
4533.2552799999985,2253.4541782225247,0.0,0.0,0.0
4332.576559999999,2162.9138681784593,0.0,0.0,0.0
4147.655999999999,2099.578344790906,0.0,0.0,0.0
3844.084879999999,2036.342108945896,0.0,0.0,0.0
3517.513839999999,1994.6938216364488,0.0,0.0,0.0
3286.2061599999993,1901.9720224433893,0.0,0.0,0.0
2959.7479199999993,1878.5770406335603,63.05461469880024,0.0,0.0
2805.6405599999994,1916.13893637067,420.36409799200163,0.0,0.0
2831.0919999999996,1974.946947818307,861.7464008836033,0.0,0.0
2979.119439999999,2102.630727527341,1324.1469086748052,0.0,0.0
3425.7435199999995,2368.2291590076316,2417.0935634540097,0.0,0.0
3981.396319999999,2648.8554692483885,4266.695594618816,0.0,0.0
4495.523679999999,2823.0582994252877,4645.023282811618,0.0,0.0
5145.296799999999,2885.569736209742,3951.4225211248154,0.0,0.0
5853.39128,2910.598707291119,3615.1312427312137,0.0,0.0
6353.993919999999,2856.892657136677,3615.1312427312137,0.0,0.0
6318.552159999998,2843.693087552449,3194.767144739212,0.0,0.0
5859.7080799999985,2885.789587196799,2396.0753585544094,0.0,0.0
5353.863999999999,2949.0017103529062,1870.6202360644072,0.0,0.0
4974.912399999999,2917.209839230953,1807.5656213656068,0.0,0.0
4537.094239999999,2875.612614086242,1198.0376792772047,0.0,0.0
4124.475599999999,2676.8148412282208,441.38230289160174,0.0,0.0
4021.7749599999997,2531.5245434395574,0.0,0.0,0.0
3904.650959999999,2431.021437698133,0.0,0.0,0.0
4052.148239999999,2411.7085922802457,0.0,0.0,0.0
4190.51624,2361.243571193068,0.0,0.0,0.0
4266.881839999999,2286.914080059184,0.0,0.0,0.0
4216.14064,2198.802059627004,0.0,0.0,0.0
4031.4494399999994,2040.502256978406,0.0,0.0,0.0
3775.2392799999993,1899.6699698498792,0.0,0.0,0.0
3528.203519999999,1739.6666766499536,294.25486859440116,0.0,0.0
3022.773039999999,1516.70373433067,1912.6566458636073,0.0,0.0
2596.2687199999996,1350.3673143100289,4308.732004418016,0.0,0.0
2671.5589599999994,1283.2985793228963,7041.098641366028,0.0,0.0
2820.876079999999,1285.9438831349084,9731.428868514839,0.0,0.0
2969.1855199999995,1319.7456177966058,11875.285768274045,0.0,0.0
3150.112959999999,1377.3891282095715,13241.469086748051,0.0,0.0
3308.02168,1431.7944463422018,13872.015233736054,0.0,0.0
3378.8299999999995,1444.8649421211262,13724.887799438853,0.0,0.0
3361.7219999999993,1428.4470377650712,12863.14139855525,0.0,0.0
3248.3279199999993,1393.5318642334382,11286.776031085245,0.0,0.0
3048.6230399999995,1330.9778756450376,9058.846311727635,0.0,0.0
2737.4228799999996,1231.3300611629397,6578.698133574825,0.0,0.0
2344.7510399999996,1111.3353924270523,4140.5863652212165,0.0,0.0
1849.8372799999993,965.433767055023,2017.7476703616078,0.0,0.0
1399.9984,826.2411427719043,693.6007616868027,0.0,1447.3289460763117
1194.646,720.0034722519459,21.018204899600082,0.0,2355.794886841463
1017.5123999999997,621.6960395941649,0.0,0.0,2513.0002228509074
865.6535199999998,544.5794053017802,0.0,0.0,2378.987240248782
715.2723199999999,473.0044342767049,0.0,0.0,2315.574472362816
573.2984799999999,408.1115148647073,0.0,0.0,2242.51912356287
470.8422399999999,361.0321989782126,0.0,0.0,2315.130932969584
413.64511999999996,334.3125028866909,0.0,0.0,2307.6530985152954
405.99351999999993,328.3481583668454,0.0,0.0,2265.2509205292704
440.6456799999999,338.30528049034484,357.3094832932014,0.0,1866.0601857961994
488.27735999999993,363.80232141513477,2017.7476703616078,0.0,482.5392779543398
414.2767999999999,377.4614504819867,4392.804824016417,0.0,0.0
375.4171999999999,406.7129789083298,7083.135051165228,0.0,0.0
462.3145599999999,440.1246553671835,9689.392458715638,0.0,0.0
437.92343999999986,453.4603907240413,11791.212948675648,0.0,0.0
363.06183999999985,490.0379213965204,13136.37806225005,0.0,0.0
351.3118399999999,586.8503673423114,13703.869594539254,0.0,0.0
466.0068799999999,739.5815572477669,13535.723955342453,0.0,0.0
687.4219999999999,925.1911076692783,12631.941144659648,0.0,0.0
932.4724799999998,1136.2494736377741,11013.539367390444,0.0,0.0
1172.3604799999998,1367.717103172514,8764.591443133233,0.0,0.0
1446.1749599999996,1544.3170183050702,6326.4796747796245,0.0,0.0
1693.7784799999997,1655.9928093694011,3993.4589309240155,0.0,0.0
2028.6516,1827.4964367826221,2017.7476703616078,0.0,0.0
2709.9823999999994,2091.8509371942077,651.5643518876025,0.0,0.0
3526.7747199999994,2336.242967980989,0.0,0.0,0.0
3907.8206399999995,2428.395991394629,0.0,0.0,0.0
4038.4731199999997,2421.966413818301,0.0,0.0,0.0
4113.549039999999,2360.525864099836,0.0,0.0,0.0
4061.367759999999,2185.85921925992,0.0,0.0,0.0
3990.4729599999996,1941.9083088407183,0.0,0.0,0.0
3850.9694399999994,1685.5024854063538,0.0,0.0,0.0
3663.99216,1458.5793885331084,0.0,0.0,0.0
3342.331679999999,1245.0742938376843,126.10922939760049,0.0,0.0
2640.508879999999,972.2292901452917,1071.9284498796042,0.0,0.0
1949.6690399999995,747.5543469138908,2606.25740755041,0.0,0.0
1644.4811199999997,634.467254351998,4624.005077912018,0.0,0.0
1794.7495199999998,612.5842799757376,6557.679928675226,0.0,0.0
1727.9267999999995,591.6927626314322,8134.045296145232,0.0,0.0
1702.8964799999997,594.855780058128,8911.718877430434,0.0,0.0
1794.7720799999993,639.332343936557,9983.647327310038,0.0,0.0
1964.9346399999995,711.8505466157814,10298.92040080404,0.0,0.0
2180.8714399999994,797.3357023509933,9920.592712611238,0.0,0.0
2362.926879999999,878.2210080795799,9058.846311727635,0.0,0.0
2530.0889599999996,962.5501731409097,7356.371714860028,0.0,0.0
2696.3599199999994,1074.2883735176958,5485.751478795622,0.0,0.0
2801.5571999999997,1206.1422300134948,3678.185857430014,0.0,0.0
2889.2742399999997,1363.2647660862367,1954.6930556628076,0.0,0.0
3050.465439999999,1530.724553731068,630.5461469880024,0.0,0.0
3350.8631199999995,1689.1052048071638,0.0,0.0,0.0
3407.868479999999,1759.2858950562563,0.0,0.0,0.0
3258.2129599999994,1802.8873101668505,0.0,0.0,0.0
3006.165119999999,1811.0501645572695,0.0,0.0,0.0
2730.4029599999994,1768.2884383778874,0.0,0.0,0.0
2576.4309599999997,1722.86013248452,0.0,0.0,0.0
2592.7982399999996,1741.8127059623262,0.0,0.0,0.0
2764.539999999999,1846.019237040568,0.0,0.0,0.0
2906.4574399999997,1927.4009804818645,105.09102449800041,0.0,0.0
2768.7888,1915.2793899309493,966.8374253816037,0.0,0.0
2367.4125599999998,1827.9786905606834,2396.0753585544094,0.0,0.0
2097.1437599999995,1802.2206652383543,4497.895848514418,0.0,0.0
2118.8577599999994,1857.9862227038109,7041.098641366028,0.0,0.0
2495.192399999999,1983.626097429944,9395.137590121236,0.0,0.0
2763.6488799999997,2095.344440298222,11202.703211486843,0.0,0.0
3009.8311199999994,2186.0989277554854,12190.558841768046,0.0,0.0
3283.540319999999,2278.3937905156145,12463.795505462847,0.0,2.0009131357883172e-11
3545.5032799999994,2393.5176960930835,11854.267563374444,0.0,6836.374977911244
3789.6776799999993,2499.051843454458,10530.12065469964,0.0,0.0
4018.3796799999986,2587.5794531718507,8575.427599036833,0.0,0.0
4187.782719999999,2645.7789738230513,6284.443264980424,0.0,0.0
4146.746079999999,2641.5081911002794,4014.4771358236158,0.0,0.0
3984.137359999999,2615.5870505294884,2038.7658752612078,0.0,0.0
3688.8683199999996,2599.699625329301,651.5643518876025,0.0,0.0
3675.704559999999,2677.2545432023353,0.0,0.0,0.0
3631.5396,2696.241158123299,0.0,0.0,0.0
3727.9121599999994,2686.854230172684,0.0,0.0,0.0
3990.6196,2662.7642355650605,0.0,0.0,0.0
4282.0045599999985,2571.0565876993937,0.0,0.0,0.0
4460.134559999999,2447.462036349626,0.0,0.0,0.0
4474.956479999999,2360.3357993755412,0.0,0.0,0.0
4432.6752799999995,2323.1143180700037,0.0,0.0,0.0
4387.4875999999995,2268.813961053774,210.18204899600082,0.0,0.0
4189.700319999999,2242.6133969704015,1786.547416466007,0.0,0.0
4394.342079999999,2418.8516217694114,4119.568160321616,0.0,0.0
5521.2253599999995,2764.38645375028,6662.770953173226,0.0,0.0
6541.621679999999,3165.529401522002,8533.391189237633,0.0,6836.374977911244
7633.446719999998,3532.324533148047,9248.010155824037,0.0,6836.374977911244
8567.72776,3835.95009342193,9437.173999920436,0.0,6836.374977911244
9206.8488,4068.1396852302964,10551.138859599241,0.0,6836.374977911245
9525.147839999998,4210.27122077266,11454.921670282045,0.0,6836.374977911245
9654.112079999997,4301.831355717977,11433.903465382446,0.0,6836.374977911244
9596.9864,4329.311310706678,10067.72014690844,0.0,6836.374977911243
9452.97464,4284.382279312951,8260.154525542832,0.0,6836.374977911244
9205.051519999997,4227.7954720313255,6032.224806185222,0.0,6836.374977911243
8563.204479999997,4179.313365008058,3741.2404721288144,0.0,6836.374977911243
7777.131359999998,4060.954103937184,1891.6384409640073,0.0,0.0
7099.357519999999,3936.2163274547183,588.5097371888023,0.0,0.0
6758.487199999999,3844.5072611955866,0.0,0.0,6836.374977911244
6601.702719999999,3759.863212785053,0.0,0.0,6836.374977911244
6476.487199999998,3690.8626258987456,0.0,0.0,6836.374977911244
6347.804959999999,3590.2006600892537,0.0,0.0,6836.374977911245
6323.613119999998,3458.8460780930945,0.0,0.0,6836.374977911244
6306.426159999998,3344.4214404938143,0.0,0.0,6836.374977911244
6105.153359999999,3291.6969186170736,0.0,0.0,6836.374977911244
5951.963439999999,3281.363922225379,0.0,0.0,6836.374977911244
5682.751199999999,3198.6105923035375,126.10922939760049,0.0,0.0
5031.530479999999,3043.947550498908,1513.3107527712057,0.0,0.0
5274.652079999998,3034.2741070683855,3657.1676525304138,0.0,0.0
5761.331439999999,3044.631216148983,5737.969937590823,0.0,6836.374977911244
6110.883599999998,3077.2102956439485,7377.389919759628,0.0,6836.374977911244
6489.617119999999,3134.8268565810813,8428.300164739632,0.0,6836.374977911244
6738.232079999998,3160.3593573424932,9100.882721526836,0.0,6836.374977911244
6896.125759999999,3164.3833396023747,9479.210409719637,0.0,6836.374977911244
6931.089999999998,3163.7705936255443,9163.937336225636,0.0,6836.374977911244
6748.286319999998,3124.917959835388,8323.209140241632,0.0,6836.374977911245
6370.398799999999,3045.333320914101,7377.389919759628,0.0,6836.374977911244
5848.413039999999,2925.595381395359,6116.2976257836235,0.0,0.0
5164.777359999998,2746.1842104153984,4834.187126908019,0.0,0.0
4380.268399999998,2525.574382854361,3236.8035545384123,0.0,0.0
3815.71944,2294.8670122168,1681.4563919680065,0.0,0.0
3578.0686399999995,2075.393317821136,483.41871269080184,0.0,0.0
3656.3029599999986,1972.6519871921214,0.0,0.0,0.0
3680.468479999999,1906.066924376515,0.0,0.0,0.0
3484.3280799999998,1818.3378701798536,0.0,0.0,0.0
3087.475119999999,1671.2221000018815,0.0,0.0,0.0
2704.2371199999993,1536.7626547110876,0.0,0.0,0.0
2432.6184799999996,1441.8579479755679,0.0,0.0,0.0
2293.92336,1376.7778006262056,0.0,0.0,0.0
2240.6178399999994,1318.26623341273,0.0,0.0,0.0
2226.1267999999995,1241.7410691952025,126.10922939760049,0.0,0.0
1947.98832,1089.6751058247787,1387.2015233736054,0.0,0.0
1351.0431999999998,907.720755362278,3131.712530040412,0.0,0.0
1088.7042399999998,822.4270827448257,4897.241741606819,0.0,0.0
940.6993599999996,781.3135297716415,6641.752748273626,0.0,0.0
875.0159199999998,755.412246709359,7545.535558956429,0.0,0.0
734.1926399999999,718.8659206931075,7776.73581285203,0.0,0.0
560.0557599999999,565.0851196236364,8113.027091245632,0.0,0.0
552.5094399999999,496.98521258753175,8281.172730442433,0.0,0.0
530.12992,564.8709422104388,7062.116846265628,0.0,0.0
407.1741599999999,614.5898883350862,6074.261215984423,0.0,0.0
302.45064,617.1940587366169,5086.40558570322,0.0,0.0
332.40279999999996,620.6733779059821,3867.3497015264147,0.0,0.0
453.1175999999999,614.070756326938,2648.2938173496104,0.0,297.80772763762116
595.21176,599.4031495065523,1366.1833184740053,0.0,1440.5649082767106
744.4461599999998,584.4234961238916,378.3276881928014,0.0,2291.6477918470264
870.2632799999999,560.8951853283634,0.0,0.0,2573.599350136913
943.0681599999998,535.2520498766901,0.0,0.0,2432.936905089942
950.0993599999999,499.5638519066945,0.0,0.0,2171.5550619168107
962.0711999999997,480.5318483948546,0.0,0.0,1968.7959765791481
995.12912,480.0453394363988,0.0,0.0,1705.3555998230918
1045.0844799999998,489.84360149183107,0.0,0.0,1539.3326231866367
1101.1047199999998,507.2231766170787,0.0,0.0,1382.5083705783193
1153.4213599999998,521.3858353639649,0.0,0.0,1264.3835195938568
1132.37664,518.5901818446748,63.05461469880024,0.0,1247.7546458786896
971.1666399999998,484.9217761686767,1050.910244980004,0.0,778.8018306518768
784.7157599999998,442.34869632012465,2900.5122761448115,0.0,0.0
677.0631999999998,412.5581783771248,5044.369175904019,0.0,0.0
586.6765599999999,395.0055592491611,7083.135051165228,0.0,0.0
555.9498399999999,397.44235922183515,8512.372984338033,0.0,0.0
581.71336,412.15109945270257,9226.991950924436,0.0,0.0
646.6673599999998,449.58959495836746,9184.955541125235,0.0,0.0
758.8544799999997,529.4933724092531,8743.573238233634,0.0,0.0
964.6843999999998,676.0148357254377,7839.79042755083,0.0,0.0
1251.71904,872.1928358538147,6620.734543374026,0.0,0.0
1610.3403199999996,1100.6747471449696,4897.241741606819,0.0,0.0
2031.0843199999995,1344.2696408044842,3341.894579036413,0.0,0.0
2510.9467999999993,1633.0914284853527,2101.820489960008,0.0,0.0
2957.894239999999,1931.80934737073,987.8556302812038,0.0,0.0
3342.102319999999,2193.0079223229445,231.20025389560087,0.0,0.0
3724.922959999999,2369.484437224056,0.0,0.0,6836.374977911245
4025.0799999999995,2428.335000475639,0.0,0.0,6836.374977911243
4226.991999999999,2414.6602690806735,0.0,0.0,6836.374977911243
4322.368159999999,2325.4348097785573,0.0,0.0,6836.374977911244
4389.3600799999995,2127.0001456475466,0.0,0.0,6836.374977911243
4300.860959999999,1905.8570021437122,0.0,0.0,6836.374977911244
4146.52424,1769.9678162403125,0.0,0.0,6836.374977911244
4065.259359999999,1703.7345150039978,0.0,0.0,6836.374977911243
4038.405439999999,1671.185221771795,0.0,0.0,6836.374977911245
4112.3759199999995,1674.7695020575613,609.5279420884024,0.0,0.0
4004.997839999999,1624.476106579635,1597.383572369606,0.0,805.4983774292538
3735.669039999999,1533.2705700005383,2921.5304810444118,0.0,6836.374977911244
3220.7483199999997,1393.6084574805423,4287.713799518417,0.0,6836.374977911243
2793.5295999999994,1277.71720103857,5443.715068996421,0.0,0.0
2592.6854399999993,1224.5841818439421,6767.861977671227,0.0,0.0
2539.9551999999994,1213.9136078076049,7944.88145204883,0.0,0.0
2497.7341599999995,1240.2205514008447,8155.063501044831,0.0,0.0
2488.18752,1295.3705261025407,7041.098641366028,0.0,0.0
2491.635439999999,1338.6854257332282,6410.552494378025,0.0,0.0
2478.8476799999994,1369.220600245293,4981.314561205219,0.0,0.0
2514.15408,1389.766029584166,3236.8035545384123,0.0,0.0
2608.5488799999994,1439.4878124957434,1744.511006666807,0.0,0.0
2695.2845599999996,1551.3409027431853,693.6007616868027,0.0,0.0
2836.856079999999,1633.9963635159497,126.10922939760049,0.0,0.0
2908.168239999999,1656.0991888792678,0.0,0.0,6836.374977911243
2786.13368,1605.6596988744584,0.0,0.0,6836.374977911243
2549.1408799999995,1513.2442726698134,0.0,0.0,0.0
2288.6142399999994,1415.5439124150037,0.0,0.0,0.0
2100.59168,1309.8877832156486,0.0,0.0,0.0
1953.5493599999998,1230.5868229873395,0.0,0.0,109.36091511798581
1768.0873599999995,1154.8261728473856,0.0,0.0,288.5553265175379
1642.3491999999999,1081.5264353690088,0.0,0.0,455.2535733665687
1515.7725599999997,992.858404698593,0.0,0.0,719.6834298021148
1354.0474399999998,896.5764379086692,315.2730734940012,0.0,978.6628981644583
1158.9297599999998,797.1555663809529,1092.9466547792042,0.0,1456.2287141807956
1049.6415999999997,727.6386842734271,2164.875104658808,0.0,1087.8427423015382
958.3638399999999,671.9809247113019,3383.9309888356133,0.0,312.8462352116407
849.7449599999999,630.7411347197426,4497.895848514418,0.0,0.0
719.2466399999998,594.51678402002,5548.8060934944215,0.0,0.0
576.8554399999999,560.7037022106038,6515.643518876025,0.0,0.0
435.3215199999999,516.9859788358888,7314.3353050608275,0.0,0.0
324.18719999999996,466.6670522755945,7440.444534458428,0.0,0.0
261.84639999999996,420.628837192326,6725.825567872026,0.0,0.0
249.94223999999997,390.5078335720077,5780.006347390023,0.0,0.0
281.22167999999994,376.20759065902746,4413.8230289160165,0.0,0.0
326.96583999999996,354.1572458539103,2921.5304810444118,0.0,1070.0038560536798
382.5799999999999,337.17056571843614,1450.2561380724057,0.0,2379.4116641512287
475.0083199999999,335.7606826143395,357.3094832932014,0.0,3327.1459745779957
610.5826399999999,343.5944697209046,0.0,0.0,3543.3409375434617
678.3716799999999,347.6978820148197,0.0,0.0,3286.5571803393104
643.39992,358.3457617557185,0.0,0.0,2909.8838369202695
562.6651999999999,357.5386958741984,0.0,0.0,2716.6396258736913
478.8171999999999,341.68247533023833,0.0,0.0,2550.690801524294
414.63775999999996,324.49012814235556,0.0,0.0,2497.8324909321054
372.1948799999999,309.3473595112331,0.0,0.0,2474.888273164176
340.35143999999985,305.1063630512241,0.0,0.0,2477.269668512246
337.6555199999999,316.0535238132139,63.05461469880024,0.0,2455.4258549195565
349.7439199999999,336.41456200165186,1282.110498875605,0.0,1467.1157579226804
330.39871999999986,354.98842442433346,3425.9673986348134,0.0,248.86093201397355
317.1033599999999,380.02448747303555,6137.315830683224,0.0,0.0
304.2667199999999,392.7488952465275,8890.700672530835,0.0,0.0
268.8099199999999,398.48487841852636,10950.484752691642,0.0,0.0
209.84935999999996,403.4719498410654,12190.558841768046,0.0,0.0
149.08775999999997,393.56447148883694,12737.032169157648,0.0,0.0
108.62639999999998,390.2113893378466,12463.795505462847,0.0,0.0
103.18943999999999,417.88850101816627,11560.012694780045,0.0,0.0
126.85111999999998,465.88551747644226,10004.665532209638,0.0,0.0
164.06383999999994,523.2666250984038,8007.936066747631,0.0,0.0
214.28239999999997,585.7014686357539,5843.0609620888235,0.0,0.0
274.90863999999993,652.5177295861369,3404.949193735213,0.0,271.4913163013508
346.76975999999996,702.5657429946378,1681.4563919680065,0.0,1762.559518517471
453.95983999999993,728.5294353693754,441.38230289160174,0.0,2856.635956019806
548.8960799999999,709.6960069426196,0.0,0.0,3213.4972503323947
556.4461599999998,660.1926566246347,0.0,0.0,3067.1407977927333
479.0578399999999,576.6904149533333,0.0,0.0,2817.322135537699
379.20351999999997,491.2336270874192,0.0,0.0,2721.9395638764154
305.0036799999999,433.2142424062591,0.0,0.0,2586.083630880609
262.6548,406.35128857478384,0.0,0.0,2544.508233827148
262.8992,402.1727014272298,0.0,0.0,2460.745382915581
287.9144799999999,405.65202059659515,0.0,0.0,2401.4985730662693
309.0043199999999,408.2845588674234,63.05461469880024,0.0,2364.2162757473125
303.90951999999993,399.2337901679862,1492.2925478716056,0.0,1195.3310204768827
226.20159999999996,357.2777114766595,3825.3132917272146,0.0,0.0
166.45895999999993,313.20680812918783,6578.698133574825,0.0,0.0
135.38631999999996,267.93027033656307,9290.046565623235,0.0,0.0
145.34655999999995,237.6050180573013,11581.030899679647,0.0,0.0
180.82215999999994,235.6490534692235,12863.14139855525,0.0,0.0
230.74743999999995,261.5446629576465,13409.614725944852,0.0,0.0
310.83919999999995,313.38268891883365,12968.23242305325,0.0,0.0
411.2913599999999,379.50110028449257,12022.413202571246,0.0,0.0
527.74232,444.13303529895126,10404.01142530204,0.0,6836.374977911244
643.5540799999999,493.4463208926414,7965.899656948431,0.0,0.0
770.4803999999999,526.8821100403981,5674.915322892022,0.0,0.0
894.59048,540.5908828785208,3446.9856035344133,0.0,0.0
975.4003999999998,533.0436112518627,1660.4381870684065,0.0,1068.02647114843
1050.7884,523.9616378961979,420.36409799200163,0.0,2180.8104828550227
1149.0296799999999,524.7133864325874,0.0,0.0,2503.4078116671617
1166.9686399999998,531.4890520143476,0.0,0.0,2345.4786540535815
1157.4370399999998,551.3366317684968,0.0,0.0,2004.601799300225
1190.8408799999997,591.1367523931968,0.0,0.0,1691.4940605485365
1263.8976799999998,646.360483555067,0.0,0.0,1280.7361018947279
1351.2424799999997,717.0730713534913,0.0,0.0,1077.744477871895
1459.59816,790.8238579537018,0.0,0.0,792.0551491060364
1556.5271999999998,847.3553478901965,0.0,0.0,573.6325309942216
1573.6276799999998,863.6143921781843,42.036409799200165,0.0,6836.374977911244
1441.2794399999998,831.0721909133059,1219.0558841768047,0.0,0.0
1264.6835199999996,774.4768732708912,3341.894579036413,0.0,0.0
1194.80768,729.4230232522534,6116.2976257836235,0.0,0.0
1163.0995999999996,699.5374729471063,8869.682467631234,0.0,0.0
1189.0623999999998,692.875278842537,10824.375523294042,0.0,0.0
1264.5932799999998,710.4392451182198,10992.521162490842,0.0,0.0
1378.3332799999998,742.290688765699,11454.921670282045,0.0,0.0
1492.6635999999996,773.9619964431374,11286.776031085245,0.0,0.0
1588.6413599999996,795.7627039984347,9836.519893012839,0.0,0.0
1656.7763199999997,792.4011114866552,8491.354779438434,0.0,0.0
1683.4723199999996,766.9593879069956,6284.443264980424,0.0,0.0
1663.1231999999995,734.9575945522386,4098.549955422016,0.0,0.0
1605.5500799999995,705.95712176918,2417.0935634540097,0.0,0.0
1511.1214399999997,668.8320912192551,1282.110498875605,0.0,562.908864892604
1387.8987199999997,639.3479462646708,273.23666369480105,0.0,1720.057085107683
1355.7507199999995,647.5476788851764,0.0,0.0,2086.4004847787296
1356.2432799999997,682.6373148129902,0.0,0.0,1895.8618982438081
1337.0635199999997,687.588926398907,0.0,0.0,1615.8750891697978
1223.2558399999998,632.5368208462883,0.0,0.0,1574.0157895612547
1026.0438399999998,542.9113745870743,0.0,0.0,1606.776389247444
828.1362399999999,451.12855186776875,0.0,0.0,1774.4892936669082
651.5365599999999,363.1597891755415,0.0,0.0,1933.9931817921722
558.1945599999999,307.8339336841998,0.0,0.0,2015.7446804681742
532.7393599999999,293.9336777283174,0.0,0.0,2005.6166855640242
532.3971999999999,307.76159561749057,588.5097371888023,0.0,1421.4843223752139
530.1186399999999,327.43187618852915,1807.5656213656068,0.0,716.8151718838694
548.4674399999998,338.3818737374487,3215.7853496388125,0.0,0.0
587.3947199999998,345.27668437025943,5128.44199550242,0.0,0.0
612.3460799999999,341.32220339015726,6725.825567872026,0.0,0.0
616.0083199999999,345.00151603807143,7524.5173540568285,0.0,0.0
606.82264,344.52777262079957,7398.408124659228,0.0,0.0
585.3154399999999,336.898234173178,6683.789158072826,0.0,0.0
560.9957599999999,350.9757893121711,5758.988142490422,0.0,0.0
541.2707999999999,404.81942363270707,4666.041487711218,0.0,0.0
515.9434399999999,461.5353047196371,3320.876374136813,0.0,0.0
468.7591999999999,536.6264731441646,2248.947924257209,0.0,886.3789055051461
438.1603199999999,634.4729279258577,1366.1833184740053,0.0,1749.1341602474902
462.0663999999999,743.9331883980369,630.5461469880024,0.0,2306.827189832772
596.5916799999999,845.807880620006,126.10922939760049,0.0,2621.2714115976846
873.2336799999998,935.134045858129,0.0,0.0,2396.123714805372
1234.0771200000001,973.182450553695,0.0,0.0,1795.0345807814117
1560.9376799999995,1004.8693605592474,0.0,0.0,1087.9175438834102
1793.4786399999998,1034.9378836213646,0.0,0.0,603.3399192775421
1996.0824799999998,1053.8606708364082,0.0,0.0,162.38066511722855
2178.2995999999994,1091.6622750690842,0.0,0.0,0.0
2438.99168,1204.0373341116037,0.0,0.0,0.0
2667.9907199999993,1331.4345983407313,0.0,0.0,0.0
2807.2197599999995,1384.5548519941751,0.0,0.0,0.0
2926.024479999999,1404.0237206932,882.7646057832035,0.0,0.0
3069.3594399999997,1446.2790804056174,2963.566890843611,0.0,0.0
3744.1027199999994,1603.3250232312555,5611.860708193222,0.0,0.0
4473.74576,1804.3752049115162,8722.555033334032,0.0,0.0
5188.070559999999,2030.702576529509,11160.666801687643,0.0,0.0
5782.323519999998,2251.110992218533,12526.850120161647,0.0,6836.374977911244
6134.4324799999995,2398.9501430635964,13157.39626714965,0.0,6836.374977911244
6231.1735199999985,2443.7472638650897,13115.359857350451,0.0,6836.374977911244
6134.782159999998,2398.616820599348,11896.303973173644,0.0,6836.374977911244
5780.413439999998,2228.616690258907,9920.592712611238,0.0,0.0
5167.225119999999,1952.89376622626,7293.317100161227,0.0,0.0
4318.194559999999,1673.3355062645617,4981.314561205219,0.0,0.0
3381.0220799999993,1441.5629221348715,3299.8581692372127,0.0,0.0
2578.6643999999997,1232.5583899035307,1618.4017772692061,0.0,0.0
2296.4500799999996,1136.6097455778552,336.2912783936013,0.0,705.6612766298603
2464.781519999999,1137.3061767691142,0.0,0.0,848.882025302646
2658.6997599999995,1169.248397598346,0.0,0.0,421.266949109342
2765.8710399999995,1213.5107840635774,0.0,0.0,0.0
2748.91344,1242.2516908425614,0.0,0.0,0.0
2615.9748799999993,1209.6158756090006,0.0,0.0,0.0
2459.6039999999994,1157.6345919078599,0.0,0.0,0.0
2354.5345599999996,1158.5778235620091,0.0,0.0,0.0
2341.9836799999994,1213.204411075162,0.0,0.0,0.0
2360.569359999999,1285.6758067700453,21.018204899600082,0.0,0.0
2342.52888,1333.4515538477988,819.7099910844032,0.0,0.0
2186.9175199999995,1351.2892700622049,2396.0753585544094,0.0,0.0
2255.4322399999996,1448.4009970290867,4266.695594618816,0.0,0.0
2575.009679999999,1544.456020864629,5864.079166988423,0.0,0.0
2865.883279999999,1571.5374072896964,7020.080436466427,0.0,0.0
2916.1544799999992,1545.8148418039898,7461.462739358029,0.0,0.0
2870.9254399999995,1473.4001818477018,7398.408124659228,0.0,0.0
2743.38624,1370.864518271096,6746.843772771626,0.0,0.0
2523.4676,1275.5796820869868,5948.151986586822,0.0,0.0
2364.85576,1220.0169548870092,5191.49661020122,0.0,0.0
2334.7231199999997,1185.9953692382544,4645.023282811618,0.0,0.0
2372.8833599999994,1182.706114793184,3720.222267229214,0.0,0.0
2387.9835199999993,1191.1370455484662,2627.27561245001,0.0,0.0
2341.0436799999993,1211.2583752413386,1366.1833184740053,0.0,0.0
2433.4419199999998,1257.332050161229,294.25486859440116,0.0,509.966194951473
2801.2864799999993,1333.8756534938,0.0,0.0,358.7543958870078
3106.2450399999993,1417.4459780514158,0.0,0.0,0.0
3291.5904799999994,1530.950078291985,0.0,0.0,0.0
3413.030959999999,1667.0491864281873,0.0,0.0,0.0
3494.1115999999993,1735.3802915990684,0.0,0.0,0.0
3619.9550399999994,1770.4245389360055,0.0,0.0,0.0
3784.011359999999,1816.8428834678637,0.0,0.0,0.0
4010.9311199999997,1926.0563434771525,0.0,0.0,0.0
4130.717199999999,1969.3329464842884,0.0,0.0,0.0
4015.773999999999,1951.1548158383096,1050.910244980004,0.0,0.0
3672.4220799999994,1947.0514035443946,3089.6761202412117,0.0,0.0
4034.058879999999,2067.1297574947107,5338.6240444984205,0.0,0.0
4883.818879999999,2205.2131980882887,7419.426329558828,0.0,0.0
5527.481999999999,2330.680028811705,9121.900926426435,0.0,0.0
5891.71696,2422.41320775974,10130.77476160724,0.0,6836.374977911245
6140.734239999999,2503.0190899757445,10298.92040080404,0.0,6836.374977911244
6338.107919999999,2578.162738958473,9731.428868514839,0.0,6836.374977911245
6482.544559999999,2650.0866347759097,8764.591443133233,0.0,0.0
6571.254239999999,2705.647943582423,7692.66299325363,0.0,0.0
6604.500159999999,2741.177281484351,6368.516084578824,0.0,0.0
6568.889199999998,2745.012617413403,4939.278151406019,0.0,0.0
6357.355359999999,2731.452775889093,3215.7853496388125,0.0,0.0
5881.610079999999,2685.6542693013903,1534.328957670806,0.0,0.0
5309.221519999999,2635.245983952808,273.23666369480105,0.0,0.0
5222.839279999998,2616.544466118287,0.0,0.0,0.0
5375.284719999998,2643.0896998136277,0.0,0.0,0.0
5432.207359999999,2665.547123543167,0.0,0.0,0.0
5486.670959999999,2686.4372224940075,0.0,0.0,0.0
5480.4519199999995,2651.812819622676,0.0,0.0,0.0
5312.361119999998,2555.410289388237,0.0,0.0,0.0
5026.063439999999,2411.9993629405476,0.0,0.0,0.0
4657.211199999999,2181.8792071974494,0.0,0.0,0.0
4092.853999999999,1908.8044237637448,0.0,0.0,0.0
3293.4591999999993,1549.4530210414223,1240.0740890764048,0.0,0.0
2335.6931999999993,1172.0695822000043,3678.185857430014,0.0,0.0
1482.2634399999997,845.7752575703137,6494.625313976425,0.0,0.0
929.3667199999998,625.4831501454105,9163.937336225636,0.0,0.0
806.3771199999999,601.035720384636,10908.448342892443,0.0,0.0
879.4038399999998,633.9424487699902,11013.539367390444,0.0,0.0
887.4013599999998,685.18900465632,9100.882721526836,0.0,0.0
852.7604799999998,722.0076622178296,6788.880182570826,0.0,0.0
763.6522399999998,702.0224982975865,5822.042757189223,0.0,0.0
715.9002399999998,739.5134743614523,5506.769683695222,0.0,0.0
963.9624799999999,878.2181712926503,4750.114307309618,0.0,0.0
1416.1701599999997,1057.0024123611304,2774.4030467472107,0.0,0.0
1860.6773599999997,1381.736504179447,1198.0376792772047,0.0,243.9292018917708
2808.3815999999993,1910.021405356617,420.36409799200163,0.0,0.0
3797.2803999999987,2362.686077346857,42.036409799200165,0.0,0.0
4527.2505599999995,2791.802581033061,0.0,0.0,0.0
5260.74384,3125.3051812513013,0.0,0.0,0.0
5754.796559999999,3400.185579565806,0.0,0.0,0.0
6494.324639999999,3465.712520856608,0.0,0.0,5363.064387598866
7217.162079999998,3355.2083227942726,0.0,0.0,0.0
7392.56608,3311.076428527811,0.0,0.0,0.0
7218.485599999999,3322.559742019527,0.0,0.0,0.0
6817.1695199999995,3265.398485384623,0.0,0.0,0.0
6433.3787999999995,3242.6786588640803,0.0,0.0,0.0
5758.289599999999,3204.196225768259,357.3094832932014,0.0,0.0
4936.327279999999,3105.3044150029446,1912.6566458636073,0.0,0.0
4568.768479999998,3015.981086551751,4476.877643614817,0.0,0.0
4910.672799999998,3086.905014976444,7503.499149157229,0.0,0.0
5530.54264,3194.0447837400693,10025.683737109239,0.0,0.0
6544.475519999998,3389.366074215656,11623.067309478845,0.0,6836.374977911246
7970.523199999998,3674.119909439232,12253.613456466846,0.0,6836.374977911244
9299.47264,3881.734416074984,11581.030899679647,0.0,6836.374977911244
10257.697359999996,4042.9064654899757,9815.501688113238,0.0,6836.374977911246
10856.710479999998,4215.617145741814,7734.699403052829,0.0,6836.374977911244
11138.240479999997,4343.0087363970815,6221.388650281624,0.0,6836.374977911244
11095.947999999999,4383.098209288619,4792.150717108819,0.0,0.0
10591.13792,4314.133082238934,3047.6397104420116,0.0,0.0
9835.61104,4180.208371284401,1408.2197282732054,0.0,0.0
9465.90152,4095.5160974960604,189.1638440964007,0.0,0.0
9635.315839999997,4172.873858677476,0.0,0.0,6836.374977911244
10064.485999999997,4305.470953348875,0.0,0.0,6836.374977911244
10546.412719999997,4447.613836038957,0.0,0.0,6836.374977911245
10971.078399999997,4573.396968505044,0.0,0.0,6836.374977911244
11358.967519999997,4759.234880274403,0.0,0.0,6836.374977911245
11681.489039999997,4941.732475433953,0.0,0.0,6836.374977911245
11922.926159999997,5122.093970035388,0.0,0.0,6836.374977911244
12127.406239999997,5216.428482598023,0.0,0.0,6836.374977911245
12084.181279999997,5210.944973462774,0.0,0.0,6836.374977911245
11890.364559999998,5113.267307503403,798.691786184803,0.0,0.0
12262.484239999996,5130.334836066375,2732.3666369480106,0.0,0.0
12727.919599999997,5184.938729284089,5023.350971004419,0.0,6836.374977911244
13194.738639999998,5198.427651135155,7545.535558956429,0.0,6836.374977911244
13556.563439999996,5208.7110037555785,9605.319639117237,0.0,6836.374977911244
13698.935839999998,5236.785265606066,10677.248088996841,0.0,6836.374977911244
13633.624639999996,5233.642105687879,11517.976284980845,0.0,6836.374977911244
13321.409279999996,5139.706161688877,11896.303973173644,0.0,6836.374977911244
12805.661359999996,4982.1595259701335,11160.666801687643,0.0,6836.374977911245
11929.55128,4700.30346859532,9605.319639117237,0.0,6836.374977911245
10833.31952,4334.113990978782,8302.190935342032,0.0,6836.374977911244
9870.876079999998,4019.636302305056,6032.224806185222,0.0,0.0
8920.889519999999,3745.567225052467,3320.876374136813,0.0,0.0
7443.702079999998,3390.600076530107,1408.2197282732054,0.0,0.0
6189.478879999999,3084.4469391017965,231.20025389560087,0.0,0.0
5549.485519999998,2870.6581657133956,0.0,0.0,0.0
5258.30736,2787.4864097194127,0.0,0.0,0.0
4964.737839999999,2718.0376104982015,0.0,0.0,0.0
4904.08152,2643.4981971315146,0.0,0.0,0.0
4971.900639999999,2592.92679653447,0.0,0.0,0.0
4997.904799999998,2572.5856158545407,0.0,0.0,0.0
5199.391919999999,2595.071407453378,0.0,0.0,0.0
5440.2387199999985,2647.312257158593,0.0,0.0,0.0
5482.113839999999,2715.989450334906,0.0,0.0,0.0
5482.516159999998,2762.6219722799615,735.6371714860029,0.0,0.0
5541.232319999999,2804.3681287384857,2711.3484320484104,0.0,0.0
6745.470079999998,3024.397833372385,5212.51481510082,0.0,0.0
7722.4007999999985,3148.3710957772764,7839.79042755083,0.0,0.0
8191.479599999999,3189.1229584169155,10298.92040080404,0.0,0.0
8532.248399999999,3223.1417072787403,11749.176538876447,0.0,6836.374977911244
8664.340959999998,3213.838464542554,12631.941144659648,0.0,6836.374977911245
8513.489759999997,3160.6813326590222,12484.813710362449,0.0,6836.374977911244
8125.014079999998,3031.021730853402,11581.030899679647,0.0,6836.374977911245
7630.043919999998,2872.4481782660814,10151.792966506839,0.0,0.0
7057.685439999998,2731.8499260592607,8113.027091245632,0.0,0.0
6431.013759999999,2569.150266882587,5758.988142490422,0.0,0.0
5683.875439999999,2376.6005172373884,3341.894579036413,0.0,0.0
4537.285999999999,2112.678626832593,1324.1469086748052,0.0,0.0
3626.316959999999,1872.5871650313466,147.12743429720058,0.0,0.0
3342.1512,1748.3444078681262,0.0,0.0,0.0
3099.864319999999,1664.0847440865755,0.0,0.0,0.0
2855.5507999999995,1565.4567545057305,0.0,0.0,0.0
2688.3398399999996,1480.995678852166,0.0,0.0,0.0
2609.2632799999997,1440.657987104274,0.0,0.0,0.0
2594.9865599999994,1444.8947283838886,0.0,0.0,0.0
2661.9446399999997,1470.8130321677497,0.0,0.0,0.0
2806.6519999999996,1515.2612281768813,0.0,0.0,0.0
2899.121679999999,1525.9573332955863,0.0,0.0,0.0
2862.49552,1477.602881684159,483.41871269080184,0.0,0.0
2625.4087199999994,1402.7783712310297,1975.7112605624077,0.0,0.0
2598.07728,1355.8068532478667,3909.3861113256153,0.0,0.0
2623.961119999999,1354.4934208993823,6011.206601285623,0.0,0.0
2685.948479999999,1394.727569924337,7524.5173540568285,0.0,0.0
2992.072639999999,1518.983092628742,8176.081705944432,0.0,0.0
3514.74648,1728.4216532603377,8176.081705944432,0.0,0.0
4143.523759999999,1992.4414128142105,7629.608378554829,0.0,0.0
4802.7608,2282.2560759204994,6788.880182570826,0.0,0.0
5460.411119999998,2536.8293349982314,5906.1155767876235,0.0,0.0
5937.6115199999995,2696.5489495051793,4897.241741606819,0.0,0.0
6033.303519999999,2733.6569593335257,3867.3497015264147,0.0,0.0
5804.390959999998,2663.191171997991,2648.2938173496104,0.0,0.0
5374.784639999999,2566.7985705178066,1282.110498875605,0.0,0.0
5268.4367999999995,2526.2849979802686,147.12743429720058,0.0,0.0
5416.6522399999985,2520.323490247353,0.0,0.0,0.0
5252.44552,2467.167776757287,0.0,0.0,0.0
4975.07784,2376.0459253926183,0.0,0.0,0.0
4723.82712,2263.3886060505856,0.0,0.0,0.0
4470.2865600000005,2146.712978022532,0.0,0.0,0.0
4238.899919999999,2044.140436215839,0.0,0.0,0.0
4050.2268799999993,2002.3134313298167,0.0,0.0,0.0
3948.421119999999,2019.9795219349714,0.0,0.0,0.0
3806.4623199999996,1994.7760884574125,0.0,0.0,0.0
3577.557279999999,1886.1980687203927,546.4733273896021,0.0,0.0
3183.591999999999,1713.667524438594,2206.9115144580082,0.0,0.0
3045.2841599999997,1559.8299876305277,4560.9504632132175,0.0,0.0
3069.829439999999,1481.2680103974242,7314.3353050608275,0.0,0.0
3204.8171999999995,1472.2612118953982,9563.283229318038,0.0,0.0
3449.589439999999,1531.0011404567206,10803.357318394443,0.0,0.0
3693.1659999999993,1599.7081198957962,11454.921670282045,0.0,0.0
3858.91056,1652.65107436613,11349.830645784044,0.0,0.0
3975.1471999999994,1692.625657387011,10404.01142530204,0.0,0.0
3961.968399999999,1693.8653332753213,8974.773492129234,0.0,0.0
3732.4542399999996,1633.4261693430658,7146.189665864028,0.0,0.0
3434.226079999999,1556.0996128178779,5275.569429799621,0.0,0.0
3117.103919999999,1455.4447389757106,3257.8217594380126,0.0,0.0
2738.4568799999997,1338.0187808047317,1345.1651135744053,0.0,0.0
2561.417279999999,1252.0471161110638,147.12743429720058,0.0,731.5039275401274
2411.4609599999994,1162.6528679866265,0.0,0.0,1180.6287980619209
2102.896559999999,1060.2547885761142,0.0,0.0,1289.4716117646385
1767.25264,980.5510046037775,0.0,0.0,1268.4602064008254
1652.27936,1010.1046508381413,0.0,0.0,1069.6873970995161
1858.3912799999994,1153.9609528338053,0.0,0.0,459.49536048426853
2280.9513599999996,1381.535092307433,0.0,0.0,0.0
2852.7721599999995,1656.3360605879036,0.0,0.0,0.0
3517.8033599999994,1936.522668854546,0.0,0.0,0.0
4035.374879999999,2194.7440359239645,0.0,0.0,0.0
4389.100639999999,2367.2717434188335,168.14563919680066,0.0,0.0
4525.942079999999,2428.241386506956,903.7828106828034,0.0,0.0
4818.056479999999,2518.4540476606335,2080.802285060408,0.0,0.0
5446.596879999999,2702.462231860289,3257.8217594380126,0.0,0.0
5836.147919999999,2853.675740758316,4518.914053414017,0.0,0.0
6092.410719999999,2959.2382559889884,5548.8060934944215,0.0,0.0
6305.557599999998,3008.5728174846518,5969.1701914864225,0.0,0.0
6432.837359999999,2972.9555391879007,6200.370445382024,0.0,0.0
6164.087599999999,2787.058054893017,5653.897117992422,0.0,0.0
5450.36064,2505.475747456927,4140.5863652212165,0.0,0.0
4521.388719999999,2192.9554417647437,3110.694325140812,0.0,0.0
3621.1507199999996,1899.5749374877319,2143.8568997592083,0.0,0.0
2919.1737599999997,1659.8394924461718,1450.2561380724057,0.0,0.0
2564.1620799999996,1535.0804400617328,672.5825567872026,0.0,6.789774554924444
2731.5948799999996,1576.542917827279,63.05461469880024,0.0,439.66087540806484
3026.36384,1695.805695535285,0.0,0.0,75.57516870889515
3260.641919999999,1863.5207940037958,0.0,0.0,0.0
3495.239599999999,2050.1856291631825,0.0,0.0,0.0
3570.9095999999995,2194.8915488443135,0.0,0.0,0.0
3515.6225599999993,2289.031741502259,0.0,0.0,0.0
3591.7362399999993,2426.712358351809,0.0,0.0,0.0
3788.730159999999,2541.046218769337,0.0,0.0,0.0
3845.9385599999996,2495.596636973996,0.0,0.0,0.0
3816.426319999999,2351.425451629127,0.0,0.0,0.0
3838.6554399999986,2206.827329851328,672.5825567872026,0.0,0.0
3836.44456,2008.9132161219306,2543.20279285161,0.0,0.0
4065.0638399999993,1808.1807545778051,4918.2599465064195,0.0,0.0
3988.6305599999996,1665.8889405739105,7209.244280562829,0.0,0.0
3816.791039999999,1551.4969260243229,8827.646057832033,0.0,0.0
3592.9770399999993,1473.8781804453683,11118.630391888444,0.0,0.0
3463.9601599999987,1491.559873378637,12547.868325061248,0.0,0.0
3423.37848,1522.504963602054,12884.15960345485,0.0,0.0
3282.585279999999,1541.1043571071034,11307.794235984844,0.0,0.0
3096.5216799999994,1530.1288284758157,7755.71760795243,0.0,0.0
2882.141519999999,1538.0789238465018,4771.1325122092185,0.0,0.0
2746.1535999999996,1570.984233838391,3299.8581692372127,0.0,0.0
2747.9696799999992,1646.5250329912874,2185.8933095584084,0.0,0.0
2672.55912,1701.5289131661,966.8374253816037,0.0,0.0
2642.9867199999994,1764.413387431819,63.05461469880024,0.0,227.2948183506991
2939.8913599999996,1948.4499395007722,0.0,0.0,0.0
3378.807439999999,2184.1131769046447,0.0,0.0,0.0
3968.9807999999994,2463.623211488537,0.0,0.0,0.0
4583.804719999999,2680.953713358758,0.0,0.0,0.0
5300.02456,2989.684071712766,0.0,0.0,0.0
5879.380399999998,3282.824867494211,0.0,0.0,0.0
6473.889039999998,3626.1796287195507,0.0,0.0,0.0
7585.8150399999995,3971.069091673896,0.0,0.0,1307.8689291827354
8309.569919999998,4131.41421769886,0.0,0.0,6836.374977911244
8509.462799999998,4153.66597437599,63.05461469880024,0.0,0.0
8885.631999999998,4124.75202359429,252.21845879520097,0.0,0.0
9095.883679999997,4036.038604332998,756.6553763856028,0.0,0.0
9255.100879999998,4003.7871737284204,1786.547416466007,0.0,0.0
9741.96072,3973.976798276913,3173.7489398396124,0.0,0.0
10165.415679999996,4015.4789910594764,4266.695594618816,0.0,0.0
10163.516879999997,4014.8350404264174,5422.696864096821,0.0,0.0
9653.927839999998,3912.137679994815,6095.279420884023,0.0,0.0
8879.153519999998,3635.2757860098645,6999.062231566827,0.0,0.0
7943.571519999998,3321.2094314409555,7356.371714860028,0.0,0.0
7100.477999999998,3087.08089576609,5969.1701914864225,0.0,0.0
6242.547519999998,2809.04315359875,4581.968668112818,0.0,0.0
5116.841119999998,2519.774571976442,2858.4758663456114,0.0,0.0
4170.866479999999,2295.545004293015,1240.0740890764048,0.0,0.0
3780.999599999999,2178.7317920988676,105.09102449800041,0.0,0.0
3769.791039999999,2142.7343843535264,0.0,0.0,0.0
3686.300239999999,2058.710173887147,0.0,0.0,0.0
3429.3869599999994,1914.0184381406657,0.0,0.0,0.0
2986.3386399999995,1655.8594803837018,0.0,0.0,0.0
2376.6771999999996,1320.8604750600064,0.0,0.0,0.0
1928.6243199999994,1081.1874393309013,0.0,0.0,186.16249628557276
1616.4578399999996,917.6069578125333,0.0,0.0,562.3838346556507
1273.1547999999998,790.9430030047523,0.0,0.0,981.4466457349221
1288.6685599999998,799.4746396960413,0.0,0.0,963.7541301752508
1572.60496,921.9302210935056,273.23666369480105,0.0,6836.374977911244
1641.9243199999999,1065.8418404343001,1240.0740890764048,0.0,0.0
1512.2795199999996,1175.4964208111687,2185.8933095584084,0.0,0.0
1791.2865599999996,1348.61417998743,4140.5863652212165,0.0,0.0
2298.0555999999997,1503.9552138682752,6494.625313976425,0.0,0.0
2573.1748,1498.2305778439954,7923.863247149231,0.0,0.0
2613.8880799999997,1452.430652862828,7986.917861848031,0.0,0.0
2588.150879999999,1431.0852496097589,7104.153256064828,0.0,0.0
2437.1755999999996,1421.669953789846,6158.334035582823,0.0,0.0
2420.9511999999995,1434.7021529452181,5170.47840530162,0.0,0.0
2547.776,1466.0018415348568,4161.604570120816,0.0,0.0
2766.7659200000003,1544.169505384722,2942.5486859440116,0.0,0.0
2915.0377599999997,1686.8783270672927,1870.6202360644072,0.0,0.0
3159.456559999999,1916.4722588349184,882.7646057832035,0.0,0.0
3805.285439999999,2255.9420403599347,63.05461469880024,0.0,0.0
4678.872559999999,2644.821558234253,0.0,0.0,0.0
5447.93168,2959.8651859004685,0.0,0.0,0.0
5683.059519999998,3201.281427197918,0.0,0.0,0.0
5445.498959999998,3262.721976916383,0.0,0.0,0.0
5130.2192,3151.497234973886,0.0,0.0,0.0
4888.187999999998,2996.2810197179506,0.0,0.0,0.0
4737.562399999999,2870.7900763056305,0.0,0.0,0.0
4801.959919999999,2771.4358692707633,0.0,0.0,0.0
5044.551359999999,2654.3914589418387,0.0,0.0,0.0
4895.147759999999,2514.756295897676,651.5643518876025,0.0,0.0
4641.095839999999,2483.3686669132144,2711.3484320484104,0.0,0.0
4990.584079999999,2699.869408606477,5380.660454297621,0.0,0.0
6354.208239999999,3038.786016680188,8070.990681446431,0.0,0.0
7608.367519999999,3353.961554938638,10319.938605703639,0.0,0.0
8360.754799999999,3539.2973554214263,11854.267563374444,0.0,0.0
8588.727359999999,3539.701597558919,12610.922939760048,0.0,6836.374977911244
8462.500399999997,3401.0564731532463,12505.831915262048,0.0,6836.374977911244
8099.419759999998,3216.0142801176885,11454.921670282045,0.0,0.0
7677.6944,3049.562970226392,9731.428868514839,0.0,0.0
7215.966399999998,2913.302165235192,7503.499149157229,0.0,0.0
6711.160079999998,2785.9928414008878,5233.53302000042,0.0,0.0
5953.0124799999985,2610.781533470455,2942.5486859440116,0.0,0.0
4974.0851999999995,2390.273830238889,1156.0012694780046,0.0,0.0
4468.248639999999,2318.9555884309575,42.036409799200165,0.0,0.0
4569.34,2417.1254369226453,0.0,0.0,0.0
4662.204479999999,2499.613527266553,0.0,0.0,0.0
4629.966239999999,2467.1706135442164,0.0,0.0,0.0
4456.506159999999,2328.7013699281897,0.0,0.0,0.0
4236.914639999999,2175.9673432358045,0.0,0.0,0.0
4000.0572,2053.406800721939,0.0,0.0,0.0
3771.72368,1945.9379646744594,0.0,0.0,0.0
3622.6020799999997,1862.2697709677664,0.0,0.0,0.0
3525.748239999999,1796.7201353815267,0.0,0.0,0.0
3438.5801599999995,1743.4197457580417,483.41871269080184,0.0,0.0
3039.561439999999,1677.884294106451,2375.057153654809,0.0,0.0
2938.4663199999995,1727.2415498975524,4687.059692610818,0.0,0.0
3659.1342399999994,1886.8335089926616,7020.080436466427,0.0,0.0
4127.814479999999,2011.3712919965783,9121.900926426435,0.0,0.0
4372.3799199999985,2104.3767698826155,10740.302703695641,0.0,0.0
4534.131359999999,2140.379851201816,11833.249358474844,0.0,0.0
4686.4865599999985,2114.139572101426,12064.449612370445,0.0,0.0
4694.341199999999,1988.8415302003302,11349.830645784044,0.0,0.0
4513.556639999999,1815.580513284115,9857.538097912438,0.0,0.0
4287.005359999999,1668.5753777964044,7755.71760795243,0.0,0.0
3945.7665599999996,1540.2192795850146,5359.642249398021,0.0,0.0
3404.92064,1393.5304458399735,2984.5850957432112,0.0,0.0
2827.4372799999996,1255.0612022239466,1113.9648596788043,0.0,0.0
2652.7100799999994,1186.3045790135996,42.036409799200165,0.0,813.3435004370665
2651.1910399999997,1156.8005765505068,0.0,0.0,950.9734075876797
2576.1715199999994,1136.5019476745238,0.0,0.0,676.3083760173341
2535.69512,1139.7926205130595,0.0,0.0,263.6984794791444
2491.0902399999995,1171.5149903552335,0.0,0.0,0.4209664821326615
2432.8666399999997,1190.1895587139222,0.0,0.0,0.0
2381.745679999999,1205.2401317698275,0.0,0.0,0.0
2382.9939999999997,1232.978234369137,0.0,0.0,0.0
2510.4391999999993,1275.4222404123846,0.0,0.0,0.0
2604.6948799999996,1274.4095074784561,0.0,0.0,0.0
2636.7263199999993,1237.4447553900632,441.38230289160174,0.0,0.0
2459.4460799999993,1162.6117345761445,2375.057153654809,0.0,0.0
2434.551119999999,1129.6667095672383,5254.55122490002,0.0,0.0
2519.3127999999992,1139.1770377492987,8323.209140241632,0.0,0.0
2633.4889599999997,1182.7202987278329,10782.339113494842,0.0,0.0
2769.9355999999993,1224.7345315512196,12526.850120161647,0.0,0.0
2923.56168,1285.0020698742244,13430.632930844453,0.0,0.0
3097.9391999999993,1367.7922780261529,13367.578316145651,0.0,0.0
3199.7976,1428.886739739186,12400.740890764047,0.0,0.0
3150.203199999999,1433.3305664646732,10677.248088996841,0.0,0.0
2886.894159999999,1361.7201356029761,8239.136320643232,0.0,0.0
2520.000879999999,1259.8043099705253,5716.951732691223,0.0,0.0
2140.7672799999996,1161.574888953313,3194.767144739212,0.0,0.0
1802.5891199999999,1089.0836357499213,1134.9830645784043,0.0,677.0632355949663
1782.45432,1106.4603740882394,42.036409799200165,0.0,1780.6765705556836
1971.0333599999994,1189.6406404430115,0.0,0.0,1638.0865556844687
2190.756479999999,1281.924156055422,0.0,0.0,970.4842611360335
2425.1924799999993,1361.8293518997723,0.0,0.0,215.37378855457445
2646.4045599999995,1476.6029142914144,0.0,0.0,0.0
2817.45072,1611.0183893847973,0.0,0.0,0.0
2932.792479999999,1704.0593271074565,0.0,0.0,0.0
3067.783999999999,1848.4631289805666,0.0,0.0,0.0
3300.2008799999994,1989.0174109899756,0.0,0.0,0.0
3560.656079999999,2172.1632119629808,0.0,0.0,0.0
3717.004399999999,2315.2734389961147,189.1638440964007,0.0,0.0
3588.9500799999987,2391.9092379039025,1597.383572369606,0.0,0.0
3670.4029599999985,2500.576616429211,4308.732004418016,0.0,0.0
4759.494479999999,2758.6107555612643,6725.825567872026,0.0,0.0
5415.520479999999,2980.3184196641237,7440.444534458428,0.0,0.0
5663.281919999999,3104.500185908354,6914.989411968427,0.0,0.0
5964.352639999999,3148.788103455953,6053.243011084823,0.0,0.0
6126.803439999999,3135.0481259616035,5632.878913092822,0.0,0.0
6242.261759999999,3095.029572743311,5864.079166988423,0.0,0.0
6235.783279999998,3009.906107341645,6053.243011084823,0.0,0.0
6114.666159999999,2882.9684025951406,5611.860708193222,0.0,0.0
5638.601279999999,2684.0032593082633,4434.841233815617,0.0,0.0
4840.375839999999,2419.0445232806355,2606.25740755041,0.0,0.0
4170.554399999999,2242.535385329833,945.8192204820036,0.0,0.0
3837.636479999999,2168.9292748630405,21.018204899600082,0.0,0.0
3692.553119999999,2121.9378993713685,0.0,0.0,0.0
3635.26952,2079.919411367587,0.0,0.0,0.0
3506.0044799999987,2160.8245746046823,0.0,0.0,0.0
3562.6488799999997,2368.3525592390765,0.0,0.0,0.0
3791.1628799999985,2525.456656196776,0.0,0.0,0.0
4136.011279999999,2627.9270736739963,0.0,0.0,0.0
4461.725039999998,2665.2875575390926,0.0,0.0,0.0
4722.533679999999,2740.0071068758198,0.0,0.0,0.0
4897.584239999999,2744.330370156792,0.0,0.0,0.0
5008.36888,2723.6572854060796,105.09102449800041,0.0,0.0
4903.949919999999,2673.990819839633,987.8556302812038,0.0,0.0
4838.213839999999,2606.1490604141377,3131.712530040412,0.0,0.0
5868.2696,2684.379133576457,6578.698133574825,0.0,0.0
6506.946959999999,2736.8497630229845,9416.155795020837,0.0,0.0
6779.513119999998,2757.4632752481716,10866.411933093243,0.0,0.0
6826.227359999999,2718.4985883742897,11749.176538876447,0.0,0.0
6687.175039999998,2606.685213143864,11896.303973173644,0.0,0.0
6312.04736,2425.5946643014795,11307.794235984844,0.0,0.0
5654.284239999998,2195.888679450128,9878.556302812038,0.0,0.0
4841.55272,1963.3260501604962,7524.5173540568285,0.0,0.0
4092.8690399999987,1729.4982139001863,5275.569429799621,0.0,0.0
3316.8088,1487.7940387293645,2900.5122761448115,0.0,0.0
2459.6303199999993,1261.973033578336,1008.8738351808039,0.0,0.0
2146.2719199999997,1110.3127307388695,21.018204899600082,0.0,1391.0095853723917
2079.4529599999996,981.9225910843221,0.0,0.0,1682.3648819547464
1878.5899999999997,840.8477586732997,0.0,0.0,1632.9237303442208
1576.3611999999996,685.7194838121874,0.0,0.0,1631.121438027717
1219.4469599999998,535.0619851523953,0.0,0.0,1842.1647068719597
886.9877599999998,431.7150005138746,0.0,0.0,2019.783736240973
639.6963199999999,363.0647568133941,0.0,0.0,2264.2431626519815
475.5723199999998,317.47333567156477,0.0,0.0,2395.8546869524516
370.16447999999997,296.2428222891517,0.0,0.0,2519.5082066976115
337.5464799999999,315.3755317369985,0.0,0.0,2679.662027773487
385.5879999999999,367.67595396773845,483.41871269080184,0.0,2541.1262710574733
452.2339999999999,418.21756830201986,2837.457661446011,0.0,989.0598984934081
408.20063999999996,438.4920844890998,5758.988142490422,0.0,0.0
428.53095999999994,474.6171476462802,8638.482213735633,0.0,0.0
477.90728,523.5403750371268,10929.466547792043,0.0,0.0
512.0405599999999,553.4982634089831,12442.777300563248,0.0,0.0
544.08328,573.3926501474735,13178.414472049251,0.0,0.0
600.4381599999999,592.3693363141826,13052.30524265165,0.0,0.0
671.6563199999998,600.4442503097786,12106.486022169645,0.0,0.0
759.1402399999998,600.763388839378,10382.99322040244,0.0,0.0
869.0111999999998,618.9755609285137,8028.9542716472315,0.0,0.0
1032.3794399999997,675.3964161747474,5527.787888594821,0.0,0.0
1260.5475199999996,796.5740250603494,3047.6397104420116,0.0,0.0
1704.7050399999996,1002.311997142058,1029.892040080404,0.0,662.7892006267203
2509.059279999999,1293.8202220454202,21.018204899600082,0.0,567.3182274509887
3050.2623999999996,1550.735248733679,0.0,0.0,0.0
3056.3611199999996,1687.474052322545,0.0,0.0,0.0
2994.8775999999993,1764.4800519246687,0.0,0.0,0.0
2967.982319999999,1782.0567837415356,0.0,0.0,0.0
2981.04456,1739.2510873647423,0.0,0.0,0.0
2942.48576,1620.2663147758537,0.0,0.0,0.0
2855.347759999999,1470.4272291453005,0.0,0.0,0.0
2679.1917599999997,1331.8402588716883,0.0,0.0,0.0
2443.7743999999993,1197.8559753916309,0.0,0.0,0.0
2224.84464,1084.8213633879388,441.38230289160174,0.0,0.0
1861.0984799999997,966.1614029025095,2795.421251646811,0.0,0.0
1266.5409599999996,818.881099082611,5822.042757189223,0.0,0.0
1077.4242399999998,747.8720670500252,8764.591443133233,0.0,0.0
1167.3108,762.0574200923496,11076.593982089244,0.0,0.0
1397.5769599999999,822.8114673738099,12526.850120161647,0.0,0.0
1551.8422399999997,852.9409813549174,13136.37806225005,0.0,0.0
1559.0614399999997,822.5944531736824,12926.19601325405,0.0,0.0
1425.20168,763.1807877165395,11917.322178073246,0.0,0.0
1259.2503199999996,735.6866487931899,10130.77476160724,0.0,0.0
1207.81352,771.8386614262032,7713.68119815323,0.0,0.0
1403.7884799999995,893.882908718851,5212.51481510082,0.0,0.0
1845.0883999999996,1093.7345479212825,2774.4030467472107,0.0,0.0
2584.153999999999,1354.2381100757027,882.7646057832035,0.0,0.0
3466.8290399999996,1624.3101545442435,0.0,0.0,0.0
4125.0621599999995,1799.731384707479,0.0,0.0,0.0
4319.085679999999,1811.5097240398923,0.0,0.0,0.0
4153.8449599999985,1720.077244506414,0.0,0.0,0.0
3776.6530399999992,1581.7923920408218,0.0,0.0,0.0
3339.2296799999995,1431.3802754504552,0.0,0.0,0.0
2865.9283999999993,1240.0858040216806,0.0,0.0,0.0
2535.0784799999997,1080.3775366624516,0.0,0.0,0.0
2397.0112799999997,979.7737249850202,0.0,0.0,0.0
2237.6361599999996,878.2110793253256,0.0,0.0,0.0
2106.4647999999997,807.8956416970692,231.20025389560087,0.0,0.0
1864.3621599999997,743.2466859610321,2248.947924257209,0.0,0.0
1378.07008,655.0070101170116,5065.38738080362,0.0,0.0
1254.8887199999997,625.9682407104013,7839.79042755083,0.0,0.0
1452.1270399999996,684.6173920899708,10256.88399100484,0.0,0.0
1847.8820799999999,793.1542784165094,11538.994489880446,0.0,0.0
2135.49952,861.5492112933103,12211.577046667646,0.0,0.0
2257.8724799999995,901.3053617205991,11938.340382972845,0.0,0.0
2355.9069599999993,962.0537354281997,10971.502957591243,0.0,0.0
2472.1398399999994,1037.3491525116708,9353.101180322037,0.0,0.0
2553.1715999999997,1104.0661259195117,7167.207870763628,0.0,0.0
2541.5945599999995,1153.0333235077699,4855.205331807619,0.0,0.0
2585.68056,1224.3558204960955,2585.23920265081,0.0,0.0
2956.3225599999996,1354.917520545383,777.673581285203,0.0,0.0
3591.6083999999996,1539.342712423715,0.0,0.0,0.0
3993.345599999999,1661.7855282799958,0.0,0.0,0.0
4002.3733599999987,1664.0705601519269,0.0,0.0,0.0
3832.3160799999987,1608.6510906919023,0.0,0.0,0.0
3617.08992,1525.0311223630158,0.0,0.0,0.0
3348.1671999999994,1437.0581044903936,0.0,0.0,0.0
3040.9338399999992,1343.4044207909037,0.0,0.0,0.0
2813.1906399999993,1257.2256706513626,0.0,0.0,0.0
2644.028239999999,1173.1546532006419,0.0,0.0,0.0
2467.2744,1069.8119237425158,0.0,0.0,0.0
2310.1327199999996,968.0024776199315,189.1638440964007,0.0,212.32216066502426
1948.69144,844.664655487308,1996.7294654620077,0.0,0.0
1382.8753599999995,725.3366316799171,4792.150717108819,0.0,0.0
1183.40736,708.9768814559225,7587.571968755629,0.0,0.0
1354.1827999999996,811.1848961421397,9752.447073414438,0.0,0.0
1664.9279999999997,948.0428447820565,10887.430137992842,0.0,0.0
1954.5758399999995,1065.397883279791,11286.776031085245,0.0,0.0
2214.8242399999995,1160.9210095660005,10908.448342892443,0.0,0.0
2462.5856799999992,1237.0376764656407,9710.410663615237,0.0,0.0
2692.6788799999995,1318.6648019763627,8070.990681446431,0.0,0.0
2908.2659999999996,1439.1856946877226,6032.224806185222,0.0,0.0
3049.9804,1628.6646224814433,3825.3132917272146,0.0,0.0
3158.93016,1874.3204418454375,1954.6930556628076,0.0,0.0
3557.076559999999,2164.4641722355796,504.43691759040195,0.0,0.0
4186.684799999999,2441.626765635085,0.0,0.0,0.0
4418.13912,2580.071896562209,0.0,0.0,0.0
4220.618799999998,2538.7626052908704,0.0,0.0,0.0
3881.6660799999986,2383.4811439355503,0.0,0.0,0.0
3586.2353599999997,2232.017997787703,0.0,0.0,0.0
3158.745919999999,2020.7880062099562,0.0,0.0,0.0
2844.8723999999997,1824.0284647609758,0.0,0.0,0.0
2702.75944,1686.9591754947912,0.0,0.0,0.0
2568.8507999999993,1575.8649257510638,0.0,0.0,0.0
2473.8581599999993,1507.9820329150866,0.0,0.0,0.0
2458.13008,1518.585942458574,0.0,0.0,0.0
2248.607839999999,1508.3706727244648,441.38230289160174,0.0,571.7768797733432
1849.0627199999994,1448.2307898133006,1282.110498875605,0.0,644.1085871879718
1616.6947199999997,1391.197188590236,2459.1299732532098,0.0,0.0
1617.6835999999996,1382.1634406123776,3699.204062329614,0.0,0.0
1622.1053599999998,1388.1065092302495,4855.205331807619,0.0,0.0
1641.5633599999996,1396.6026860849165,5780.006347390023,0.0,0.0
1648.2523999999996,1386.7405963235644,6305.461469880024,0.0,0.0
1587.85176,1322.6405588584382,6473.607109076825,0.0,0.0
1493.0696799999998,1208.2230132264826,6200.370445382024,0.0,0.0
1385.5035999999996,1078.3946225985408,5275.569429799621,0.0,0.0
1307.9385599999998,993.7250431056384,3762.2586770284142,0.0,0.0
1260.0474399999996,951.452662671642,2038.7658752612078,0.0,550.2796761215031
1400.4383199999997,966.0224003429506,567.4915322892022,0.0,1773.1952869139413
1744.6211999999996,1025.6388960655725,0.0,0.0,1974.355157083409
1992.0103999999997,1105.7724532577695,0.0,0.0,1695.8069209684052
2061.0139199999994,1181.7217497285533,0.0,0.0,1171.818596150302
2029.7006399999996,1228.1202367519027,0.0,0.0,728.5997726676825
2016.9204,1242.4772154034786,0.0,0.0,443.0153907013108
2124.9602399999994,1228.0010917008522,0.0,0.0,101.3339585521659
2328.2483999999995,1221.4580426473333,0.0,0.0,0.0
2530.4010399999993,1195.7993048675462,0.0,0.0,0.0
2633.4664,1168.3420441742837,0.0,0.0,0.0
2547.099199999999,1153.2687768229407,0.0,0.0,0.0
2156.8788799999998,1093.6622098545733,0.0,0.0,631.0494099160628
1679.3513599999999,965.395470431471,357.3094832932014,0.0,1794.8461861673836
1190.3182399999996,806.7339774493277,1219.0558841768047,0.0,2043.4845857862565
1090.47144,756.2207309843438,2753.384841847611,0.0,858.9983564777951
1229.26056,749.7684591125776,5380.660454297621,0.0,0.0
1520.8410399999996,832.7629159234499,7881.8268373500305,0.0,0.0
1940.1712799999998,980.5524229972423,10572.15706449884,0.0,0.0
2454.9603999999995,1176.4070294156256,10908.448342892443,0.0,0.0
3003.1759199999997,1366.4901928253876,10109.756556707638,0.0,0.0
3416.181839999999,1477.636923127316,8344.227345141233,0.0,0.0
3596.54528,1528.7884466514986,6494.625313976425,0.0,0.0
3550.677039999999,1504.0828692801151,4497.895848514418,0.0,0.0
3214.3375199999996,1378.997586398752,2459.1299732532098,0.0,0.0
2768.021759999999,1317.1981831336707,714.6189665864028,0.0,0.0
2708.046,1390.4482768407765,0.0,0.0,636.9166621711623
2716.863199999999,1481.5360867622876,0.0,0.0,556.0131821960216
2770.710159999999,1590.672953524473,0.0,0.0,0.0
2804.2719199999997,1735.6710622593703,0.0,0.0,0.0
2724.815599999999,1801.21218748482,0.0,0.0,0.0
2463.30384,1832.9260469662054,0.0,0.0,0.0
2402.3279199999993,1840.5257991510646,0.0,0.0,0.0
2405.7983999999997,1833.0154057544935,0.0,0.0,0.0
2426.48592,1846.4419182931038,0.0,0.0,0.0
2400.3614399999997,1769.4373370844448,0.0,0.0,0.0
2380.6101599999993,1665.0095366256812,105.09102449800041,0.0,0.0
2361.5394399999996,1677.4360817715472,1198.0376792772047,0.0,0.0
2276.2626399999995,1764.4091322514244,2627.27561245001,0.0,0.0
2761.2575199999997,1913.0411650433591,4645.023282811618,0.0,0.0
3561.900639999999,2056.4676938191624,6410.552494378025,0.0,0.0
4050.9863999999993,2205.3578742217064,7293.317100161227,0.0,0.0
4380.294719999999,2317.481877620942,7692.66299325363,0.0,0.0
4563.9782399999995,2352.1715265916578,8028.9542716472315,0.0,0.0
4546.7047999999995,2328.9183841283175,7230.262485462427,0.0,0.0
4417.733039999999,2279.8334598824736,6347.497879679225,0.0,0.0
4172.569759999999,2228.7301617360977,5191.49661020122,0.0,0.0
3891.11496,2194.4291525747603,3636.149447630814,0.0,0.0
3611.5514399999993,2174.9617022692005,1996.7294654620077,0.0,0.0
3265.326879999999,2097.7656379427817,546.4733273896021,0.0,0.0
3160.0882399999996,2032.7252056104362,0.0,0.0,0.0
3072.66072,1974.5029906637976,0.0,0.0,0.0
2896.4107199999994,1913.4468255743166,0.0,0.0,0.0
2760.494239999999,1870.8255203479584,0.0,0.0,0.0
2620.1259199999995,1869.5971916073672,0.0,0.0,0.0
2688.700799999999,1904.2173392983036,0.0,0.0,0.0
2855.1935999999996,1958.4028064438771,0.0,0.0,0.0
2980.5595199999993,1992.0584465786912,0.0,0.0,0.0
3010.1093599999995,1979.5127563817748,0.0,0.0,0.0
2912.5975199999993,1882.4506731861638,0.0,0.0,0.0
2823.899119999999,1835.8649582254495,63.05461469880024,0.0,0.0
2569.3132799999994,1842.599490396728,1576.365367470006,0.0,0.0
2178.3409599999995,1854.037415297568,4813.168922008419,0.0,0.0
2525.6107999999995,1923.9613763295158,8092.008886346031,0.0,0.0
2902.618479999999,2017.1654293006375,10530.12065469964,0.0,0.0
3150.9138399999993,2091.872213096181,11917.322178073246,0.0,0.0
3315.3987999999995,2091.656617289518,12337.686276065248,0.0,6836.374977911245
3367.091279999999,2023.7680508796814,12001.394997671645,0.0,1480.3590309146905
3329.551439999999,1931.1497944095584,11160.666801687643,0.0,0.0
3224.7038399999997,1793.5174029378138,9584.301434217638,0.0,0.0
3064.6331199999995,1685.1308663185534,7377.389919759628,0.0,0.0
2551.7879199999998,1548.4658191898616,4729.096102410019,0.0,0.0
1966.0663999999995,1406.9839078544167,2438.1117683536095,0.0,0.0
2062.67584,1445.0110366480096,609.5279420884024,0.0,359.0356704731853
2728.045439999999,1600.2428542320588,0.0,0.0,172.89017467572884
3408.958879999999,1790.816781780671,0.0,0.0,0.0
3841.456639999999,1919.8012282970058,0.0,0.0,0.0
4027.4751199999996,2032.9493117778884,0.0,0.0,0.0
4085.6498399999987,2140.2692165115545,0.0,0.0,0.0
4085.5107199999984,2221.6920933633332,0.0,0.0,0.0
4014.78512,2279.8717565060256,0.0,0.0,0.0
4001.1964799999987,2235.525684826366,0.0,0.0,0.0
3959.1107999999986,2181.1884495800496,0.0,0.0,0.0
3535.6746399999993,2086.5801870786913,0.0,0.0,0.0
3105.2335999999996,1962.5501889352036,21.018204899600082,0.0,0.0
2928.5963199999997,1885.5654652350536,441.38230289160174,0.0,0.0
3082.8691199999994,1902.7592308164008,1597.383572369606,0.0,0.0
3619.898639999999,1981.9013309766433,3552.076628032414,0.0,0.0
3843.148639999999,1997.246929873244,5990.188396386023,0.0,0.0
3669.5569599999994,1944.2883730747972,6032.224806185222,0.0,0.0
3405.533519999999,1887.3171811641873,5275.569429799621,0.0,0.0
3277.6596799999993,1833.8664418334247,4729.096102410019,0.0,0.0
3353.209359999999,1814.5039526442667,4834.187126908019,0.0,0.0
3541.0100799999996,1891.3496737848586,5758.988142490422,0.0,0.0
3603.6479199999994,1947.9847064442897,4518.914053414017,0.0,0.0
3485.4109599999997,1910.3618197881897,2480.1481781528096,0.0,0.0
3275.648079999999,1813.7961743052883,1366.1833184740053,0.0,0.0
3115.8292799999995,1740.2439627901624,399.3458930924015,0.0,0.0
3210.9008799999997,1769.2728034425186,0.0,0.0,0.0
3440.2571199999993,1835.9599905875968,0.0,0.0,0.0
3725.2275199999995,1934.399333837612,0.0,0.0,0.0
4037.0743999999995,2077.828699400345,0.0,0.0,0.0
4318.875119999999,2234.7668443226517,0.0,0.0,0.0
4522.031679999999,2376.9295845212423,0.0,0.0,0.0
4613.068799999999,2491.880446095995,0.0,0.0,0.0
4737.438319999998,2574.1600326005646,0.0,0.0,0.0
4937.8387999999995,2674.175210990068,0.0,0.0,0.0
5146.338319999997,2743.7091138191727,0.0,0.0,0.0
5295.2531199999985,2815.9564033466036,21.018204899600082,0.0,0.0
5367.719599999999,2819.5108973696083,945.8192204820036,0.0,0.0
5486.77248,2782.5362165269607,2543.20279285161,0.0,0.0
5991.116319999999,2778.0299804890183,4708.077897510419,0.0,0.0
6460.206399999998,2804.5411727412015,7587.571968755629,0.0,0.0
6616.227599999998,2807.8417743339915,10298.92040080404,0.0,0.0
6496.355039999999,2760.728417004339,11938.340382972845,0.0,2518.898687515448
6302.654879999999,2668.86049067714,12232.595251567247,0.0,0.0
6049.23464,2560.597354289325,11433.903465382446,0.0,0.0
5647.606479999999,2450.2917313120734,9899.574507711637,0.0,0.0
5154.422319999999,2356.4011759039477,7734.699403052829,0.0,0.0
4728.824159999999,2286.749546417258,5191.49661020122,0.0,0.0
4319.363919999999,2235.732770272239,2690.3302271488105,0.0,0.0
3984.441919999999,2275.65203594799,651.5643518876025,0.0,0.0
4077.6974399999995,2476.082379684095,0.0,0.0,0.0
4443.432639999999,2750.4578299250998,0.0,0.0,0.0
4955.631119999999,2986.628852189402,0.0,0.0,0.0
5356.54864,3162.4089358992533,0.0,0.0,0.0
5806.786079999998,3380.2344570887203,0.0,0.0,0.0
6409.953999999999,3603.4427814774294,0.0,0.0,0.0
6913.636079999999,3766.05166347235,0.0,0.0,0.0
7310.244639999999,3816.2798128508903,0.0,0.0,6836.374977911244
7794.21304,3830.8140906855783,0.0,0.0,6836.374977911244
7726.243519999997,3824.690886097665,0.0,0.0,6836.374977911244
7625.588320000001,3851.990705116325,0.0,0.0,6836.374977911244
7738.7455199999995,3910.357596196382,483.41871269080184,0.0,0.0
7620.19648,3984.877152054561,2017.7476703616078,0.0,0.0
8121.400719999998,4001.760289467099,4497.895848514418,0.0,0.0
8817.842959999998,3951.595967794478,7083.135051165228,0.0,6836.374977911244
8857.56736,3872.5432264225233,9079.864516627234,0.0,6836.374977911244
8684.987119999998,3777.8427683459468,10067.72014690844,0.0,6836.374977911244
8682.020479999997,3687.1464350207443,10488.084244900441,0.0,6836.374977911244
8827.712959999997,3654.9460665809024,10467.06604000084,0.0,6836.374977911244
8805.826,3648.978885274128,9332.082975422436,0.0,0.0
8573.762559999997,3595.313968530167,7398.408124659228,0.0,0.0
8192.720399999998,3429.3023606129846,4834.187126908019,0.0,0.0
7402.082639999999,3168.1250615627437,2354.0389487552093,0.0,0.0
6466.203599999999,2885.2009539088717,525.455122490002,0.0,0.0
5837.821119999999,2656.6594700921914,0.0,0.0,0.0
5416.2912799999995,2479.1404359943895,0.0,0.0,0.0
4988.918399999999,2336.3536026712495,0.0,0.0,0.0
4502.111199999999,2219.133311552679,0.0,0.0,0.0
4016.1424799999995,2139.196911052101,0.0,0.0,0.0
3610.156479999999,2081.6427594274237,0.0,0.0,0.0
3263.69504,2029.6033215942223,0.0,0.0,0.0
3054.612719999999,1990.5492759320525,0.0,0.0,0.0
3054.646559999999,1998.5646174021228,0.0,0.0,0.0
3184.674879999999,1988.4117569804696,0.0,0.0,0.0
3531.3731999999995,2112.451683878212,0.0,0.0,0.0
4103.1939999999995,2361.0776191576765,399.3458930924015,0.0,0.0
4595.532159999999,2584.7072064054564,1324.1469086748052,0.0,0.0
5397.33336,2910.2951710896336,2669.3120222492103,0.0,0.0
6585.2451999999985,3239.3865676320793,4960.296356305619,0.0,0.0
7742.035519999998,3500.053245034961,7650.626583454429,0.0,0.0
8312.97648,3635.4275541106076,9079.864516627234,0.0,0.0
8574.371679999997,3611.7120153777137,8386.263754940434,0.0,0.0
8660.535839999999,3542.797950492765,6914.989411968427,0.0,0.0
8657.941439999997,3584.2689386191005,4434.841233815617,0.0,0.0
8210.19312,3557.7634199407767,2375.057153654809,0.0,0.0
7570.117039999999,3433.9915694078977,1008.8738351808039,0.0,0.0
7092.848959999998,3366.500153168229,441.38230289160174,0.0,0.0
6864.459039999998,3292.5309339744267,63.05461469880024,0.0,0.0
6470.185439999998,3142.0209482349833,0.0,0.0,0.0
6213.715839999999,3044.011378204828,0.0,0.0,0.0
5830.188319999998,2880.706065018648,0.0,0.0,0.0
5456.613519999999,2684.8698977153085,0.0,0.0,0.0
5192.037359999999,2485.5685951772525,0.0,0.0,0.0
4800.745439999999,2308.5389068248355,0.0,0.0,0.0
4534.511119999998,2206.1791240378757,0.0,0.0,0.0
4451.629439999999,2122.3350495415366,0.0,0.0,0.0
4335.535679999999,2114.757991652116,0.0,0.0,0.0
4198.4836799999985,2155.081499465359,0.0,0.0,0.0
4076.9755199999995,2258.1192743285346,0.0,0.0,0.0
4144.245679999999,2592.264406786369,567.4915322892022,0.0,0.0
4603.10104,3113.4303911632765,1786.547416466007,0.0,0.0
5643.767519999999,3602.4314669369655,3320.876374136813,0.0,0.0
6871.524079999999,3921.362911090432,6179.352240482423,0.0,0.0
7635.056,4159.115442068081,9163.937336225636,0.0,6836.374977911242
8305.738479999998,4389.035604332631,10656.229884097242,0.0,6836.374977911244
9325.44296,4632.246113363161,10172.81117140644,0.0,6836.374977911244
10543.743119999997,4855.757973953356,8344.227345141233,0.0,6836.374977911244
11509.19832,5065.996508499148,6431.570699277625,0.0,6836.374977911244
12136.76112,5282.914257871088,5002.332766104819,0.0,6836.374977911244
12510.061439999996,5454.124277837078,3468.0038084340135,0.0,0.0
12563.005999999998,5502.582272171441,1576.365367470006,0.0,0.0
12484.662639999999,5446.395451846913,252.21845879520097,0.0,0.0
12392.332079999998,5348.5220475893875,0.0,0.0,6836.374977911244
12092.848079999998,5181.920387990813,0.0,0.0,6836.374977911244
11570.478799999997,4918.419760445088,0.0,0.0,6836.374977911244
10689.228799999997,4551.911144298951,0.0,0.0,6836.374977911244
9637.428959999996,4192.298757179089,0.0,0.0,6836.374977911245
8412.289359999999,3894.9183833310994,0.0,0.0,6836.374977911244
7470.74024,3716.122795114899,0.0,0.0,0.0
6807.51384,3584.5270862297093,0.0,0.0,0.0
6287.441919999999,3491.938616022349,0.0,0.0,0.0
5989.409279999998,3394.8935535483165,0.0,0.0,0.0
5940.89024,3288.4445424020905,0.0,0.0,0.0
5911.74648,3285.5056311428466,441.38230289160174,0.0,0.0
6013.713919999999,3429.648448618417,1660.4381870684065,0.0,0.0
6350.282799999999,3558.007383616737,2858.4758663456114,0.0,0.0
6661.5243199999995,3596.932355473602,3152.730734940012,0.0,0.0
7123.635839999999,3705.1132250404544,3278.839964337613,0.0,0.0
7574.933599999998,3818.7549094471174,3573.094832932014,0.0,0.0
7862.227679999999,3865.9136553676462,4161.604570120816,0.0,0.0
8122.009839999998,3927.402430463917,4161.604570120816,0.0,0.0
8219.051679999999,3942.8700111984986,3215.7853496388125,0.0,0.0
8022.298399999998,3780.391621402347,1744.511006666807,0.0,0.0
7637.296959999999,3488.8209871865292,903.7828106828034,0.0,0.0
7060.114399999999,3205.0203123713572,336.2912783936013,0.0,0.0
6569.355439999999,2986.3593574310735,21.018204899600082,0.0,0.0
6402.667119999998,2891.541172696912,0.0,0.0,0.0
6472.866319999999,2928.517271933024,0.0,0.0,0.0
6738.529119999999,3064.44333606651,0.0,0.0,0.0
6914.346719999999,3171.6284934210125,0.0,0.0,0.0
7053.357679999999,3171.526369091541,0.0,0.0,0.0
6773.970879999998,3060.8945156173654,0.0,0.0,0.0
6319.428239999999,2904.133669878169,0.0,0.0,0.0
5815.8777599999985,2695.2284251893702,0.0,0.0,0.0
5176.2491199999995,2453.6405582826696,0.0,0.0,0.0
4548.686319999999,2212.4853013827583,0.0,0.0,0.0
4060.7360799999988,2002.9602187498044,0.0,0.0,0.0
3609.8143199999995,1809.499860500149,1387.2015233736054,0.0,0.0
3073.5631199999993,1639.3862586825164,4056.513545622816,0.0,0.0
2794.2590399999995,1530.2720862157691,6326.4796747796245,0.0,0.0
2763.7315999999996,1451.5384833734147,8302.190935342032,0.0,0.0
2527.1975199999997,1354.1586800416692,9899.574507711637,0.0,0.0
2096.9895999999994,1239.9382911013324,10488.084244900441,0.0,0.0
1661.7056799999996,1120.370558798376,10488.084244900441,0.0,0.0
1300.7005599999998,1016.7200379583695,9248.010155824037,0.0,0.0
1003.2394399999997,955.4752265380587,7629.608378554829,0.0,0.0
759.8659199999998,935.5354512086916,5990.188396386023,0.0,0.0
599.9794399999998,959.6623240464019,3951.4225211248154,0.0,0.0
514.3529599999999,1009.1486536428084,1912.6566458636073,0.0,1219.4036602240737
552.7087199999999,1052.9004184606804,336.2912783936013,0.0,2678.8633935879084
648.3856799999998,1041.8695724842623,0.0,0.0,3035.525650767828
720.3295199999999,960.594208552832,0.0,0.0,2945.9926404819867
758.7115999999997,854.8841804018114,0.0,0.0,2653.7867441191397
755.46296,751.5386141567553,0.0,0.0,2400.6989269332157
733.4368799999997,643.9761641405935,0.0,0.0,2300.78019698024
740.63352,605.5518851768328,0.0,0.0,2076.1002932753568
805.3619199999998,641.8868705668165,0.0,0.0,1894.8190616922705
896.4253599999998,688.8257655002876,0.0,0.0,1680.4749498810204
990.3087999999998,746.3742435511056,0.0,0.0,1487.5879605245414
1069.61096,821.3349197768637,0.0,0.0,1392.7676866157947
1148.2851999999996,902.4826282964544,0.0,0.0,1467.3423914613697
1211.3892799999996,973.8505138756561,1134.9830645784043,0.0,704.685691989343
1083.9215199999999,1011.0237698033876,3699.204062329614,0.0,0.0
1052.9879999999998,1037.2711408711023,6095.279420884023,0.0,0.0
1034.7068799999997,1040.580252824681,8134.045296145232,0.0,0.0
961.7027199999999,1034.313790496815,9205.973746024836,0.0,0.0
882.3554399999998,1013.3229856099675,9731.428868514839,0.0,0.0
816.2395999999998,978.4219960129838,9395.137590121236,0.0,0.0
728.6804799999999,927.1839504874433,8323.209140241632,0.0,0.0
619.2231199999999,856.926666991247,6410.552494378025,0.0,0.0
526.7872799999999,790.4054318815605,4455.859438715217,0.0,0.0
518.3535999999998,774.6371517324233,2690.3302271488105,0.0,284.08949765048936
617.95976,801.8830717994177,1198.0376792772047,0.0,1634.384626986099
842.7513599999997,874.4055296590368,168.14563919680066,0.0,2382.5681900538793
1084.88408,932.2830749937083,0.0,0.0,2450.354028017282
1171.1046399999998,917.6679487315236,0.0,0.0,2317.2817113045803
1142.0586399999997,863.2995088289798,0.0,0.0,2084.57309454315
1023.2125599999998,779.1121831141384,0.0,0.0,1965.7709293701137
847.2971999999996,666.6903170872773,0.0,0.0,2062.4420567866214
694.4419199999998,562.428468663905,0.0,0.0,2079.0879569102863
567.0982399999999,478.8297762369915,0.0,0.0,2199.0140478715825
472.84255999999993,426.361983577395,0.0,0.0,2263.562213165547
429.3468799999999,396.76436714561964,0.0,0.0,2284.762300307
436.5811199999999,383.3392730004741,0.0,0.0,2354.4254335857663
509.5739999999999,415.4630481932113,0.0,0.0,2475.943479524078
581.2583999999999,467.06562083922734,399.3458930924015,0.0,2440.6060563844935
606.2135199999999,546.8899682560794,1408.2197282732054,0.0,1609.4872729117853
621.8137599999999,597.7450475461006,3110.694325140812,0.0,138.97358126664898
648.0247199999998,580.8860228224661,5737.969937590823,0.0,0.0
648.6601599999998,576.4606352120219,6788.880182570826,0.0,0.0
586.6803199999999,573.3898133605437,6767.861977671227,0.0,0.0
591.5871199999998,587.5141754838781,6368.516084578824,0.0,0.0
724.3978399999997,641.3734121325276,4729.096102410019,0.0,0.0
953.99848,674.3638257323104,2984.5850957432112,0.0,0.0
1134.24536,701.1516047101466,1849.602031164807,0.0,474.0633637775961
1337.3793599999997,764.1906838635382,987.8556302812038,0.0,1409.4220523696195
1556.36928,806.7609269251604,336.2912783936013,0.0,1834.6446328928694
1755.7507999999998,826.0241285717767,21.018204899600082,0.0,1985.773279149322
1911.6065599999997,834.389813227674,0.0,0.0,1899.314976550468
1946.6008799999995,822.5689220913146,0.0,0.0,1735.5467958552533
1954.4931199999994,811.5465864756858,0.0,0.0,1381.0078206534347
1984.3023999999996,776.6243209767284,0.0,0.0,1006.837269289795
2134.3903199999995,803.370966544083,0.0,0.0,620.4538170179085
2438.3223999999996,882.601007099148,0.0,0.0,25.546811118783303
2764.4948799999993,989.84999215957,0.0,0.0,0.0
3068.3555199999996,1129.2780697578598,0.0,0.0,0.0
3302.6524,1282.467400752473,0.0,0.0,0.0
3494.0702399999996,1446.6833225431099,0.0,0.0,0.0
3644.391279999999,1567.8453291005985,0.0,0.0,0.0
3823.104079999999,1734.9221505099106,105.09102449800041,0.0,0.0
3980.5954399999996,1896.42752238915,609.5279420884024,0.0,0.0
4346.966079999999,2062.399415289315,1471.2743429720058,0.0,0.0
4857.664319999999,2265.056636765292,2564.22099775121,0.0,0.0
5300.25768,2421.3125344309883,3404.949193735213,0.0,0.0
5687.3910399999995,2510.6188421606034,3846.331496626815,0.0,0.0
6032.250719999999,2573.0224810417258,3867.3497015264147,0.0,0.0
6171.118799999998,2638.6373627273506,3468.0038084340135,0.0,0.0
6160.162159999999,2764.1566740089684,2753.384841847611,0.0,0.0
5972.737439999999,2883.0166279729465,1891.6384409640073,0.0,0.0
5742.651760000001,2942.5026314967995,1156.0012694780046,0.0,0.0
5680.352319999997,3008.262189315842,567.4915322892022,0.0,0.0
5856.267679999999,3071.546650538659,63.05461469880024,0.0,0.0
6249.364399999998,3241.5864958961174,0.0,0.0,0.0
6862.06392,3367.9313121742994,0.0,0.0,0.0
7023.97704,3261.822715459645,0.0,0.0,0.0
6498.159839999999,3116.1295939269544,0.0,0.0,0.0
6211.467359999998,3071.0686519409924,0.0,0.0,0.0
6459.664959999998,3157.5381727408353,0.0,0.0,0.0
6909.943759999999,3384.4215545970633,0.0,0.0,0.0
7047.458239999999,3674.3383420328237,0.0,0.0,0.0
6982.075599999999,3879.2564826918288,0.0,0.0,6836.374977911244
6592.201199999999,3876.6508938968323,0.0,0.0,0.0
6382.4533599999995,3822.3590472413935,0.0,0.0,0.0
6316.405199999998,3830.780049242421,1092.9466547792042,0.0,0.0
6537.669919999998,3934.3936918523405,3089.6761202412117,0.0,0.0
7587.337839999998,4231.999590261247,4581.968668112818,0.0,0.0
8783.089279999998,4589.92267076443,5443.715068996421,0.0,6836.374977911243
9919.985439999999,4910.137761003619,5233.53302000042,0.0,6836.374977911244
10989.938559999999,5113.962320301196,4455.859438715217,0.0,6836.374977911243
11870.3764,5205.616069215197,3341.894579036413,0.0,0.0
12386.865039999997,5164.187632892808,2543.20279285161,0.0,0.0
12416.798399999998,4936.42484708835,1870.6202360644072,0.0,0.0
11890.93232,4676.599277010147,1366.1833184740053,0.0,0.0
10966.280639999999,4442.120398149454,1113.9648596788043,0.0,0.0
10239.87872,4321.687445832916,819.7099910844032,0.0,0.0
9563.702879999997,4253.668387224309,126.10922939760049,0.0,0.0
8987.727279999997,4170.384578146601,0.0,0.0,6836.374977911244
8519.291439999997,4062.9199972795163,0.0,0.0,6836.374977911244
7928.945119999999,3893.467366816521,0.0,0.0,6836.374977911244
7512.7131199999985,3761.70003232208,0.0,0.0,0.0
7397.390159999999,3631.257477323843,0.0,0.0,0.0
6819.109679999999,3383.808808620233,0.0,0.0,0.0
5923.6543999999985,3192.093074332387,0.0,0.0,0.0
5632.2919999999995,3093.6551494758364,0.0,0.0,0.0
5647.023679999999,3025.013416136145,0.0,0.0,0.0
5474.1388799999995,2911.817107277456,0.0,0.0,0.0
5315.444319999999,2809.0601743203283,0.0,0.0,0.0
5152.275359999999,2694.419940914386,1029.892040080404,0.0,0.0
4642.720159999999,2622.697456968962,4056.513545622816,0.0,0.0
5193.766959999999,2771.302540285064,7041.098641366028,0.0,0.0
6242.735519999998,2963.6338573366706,9500.228614619236,0.0,0.0
6941.279599999999,3139.606842557747,11244.739621286044,0.0,6836.374977911244
7466.6756799999985,3284.8035263777283,12106.486022169645,0.0,6836.374977911244
7950.824559999998,3422.3607429958333,11644.085514378447,0.0,6836.374977911244
8406.938879999998,3578.148570818117,10298.92040080404,0.0,6836.374977911244
8748.354399999998,3695.339075673926,7944.88145204883,0.0,0.0
8752.546799999996,3726.9423004650494,5674.915322892022,0.0,0.0
8201.123999999998,3662.177036464892,3110.694325140812,0.0,0.0
7220.632559999999,3512.0188123047396,1113.9648596788043,0.0,0.0
6642.175359999998,3397.5714804100207,63.05461469880024,0.0,0.0
6257.858239999999,3247.881326093282,0.0,0.0,0.0
5820.043839999998,3041.658263446582,0.0,0.0,0.0
5347.746479999999,2845.451895448907,0.0,0.0,0.0
4809.12272,2585.9809237369245,0.0,0.0,0.0
4452.5243199999995,2570.8622677947046,0.0,0.0,0.0
4400.155039999999,2800.5171904813205,0.0,0.0,0.0
4493.71512,3038.737791302382,0.0,0.0,0.0
4994.7764799999995,3405.8903580815772,0.0,0.0,0.0
6174.585519999999,3784.699282355206,0.0,0.0,0.0
7285.669279999998,3996.9093838171884,0.0,0.0,0.0
8220.190959999998,4268.4835069650435,0.0,0.0,0.0
8774.396159999998,4418.5367700087945,966.8374253816037,0.0,0.0
9330.879919999998,4622.498913472466,4645.023282811618,0.0,0.0
10197.409519999997,4921.335977408894,8113.027091245632,0.0,0.0
11190.733839999997,5035.031560767223,10677.248088996841,0.0,0.0
11224.41592,4943.270013949891,12589.904734860449,0.0,6836.374977911244
10975.406159999999,4813.421765813439,13283.505496547252,0.0,6836.374977911245
10758.209759999998,4722.716922127448,13010.268832852451,0.0,6836.374977911245
10641.935519999999,4705.459328840181,11833.249358474844,0.0,4683.143802558819
10629.027439999998,4752.683320860093,9857.538097912438,0.0,0.0
10697.534639999998,4783.32629327549,7440.444534458428,0.0,0.0
10636.554959999998,4785.472322587863,4708.077897510419,0.0,0.0
10161.885039999997,4749.167123460641,1933.6748507632074,0.0,0.0
9678.209919999998,4673.345482401697,168.14563919680066,0.0,0.0
9192.797679999998,4544.742583727418,0.0,0.0,6836.374977911244
8535.809119999998,4408.968287694674,0.0,0.0,2201.0872761472374
8072.844079999998,4265.104893731685,0.0,0.0,0.0
7890.359999999999,4104.972526726456,0.0,0.0,0.0
7554.370159999997,3918.8140580340328,0.0,0.0,0.0
7196.530959999998,3731.7393071632937,0.0,0.0,0.0
6953.947039999998,3590.7935485575763,0.0,0.0,0.0
6869.9411199999995,3518.771783591061,0.0,0.0,0.0
6892.343199999999,3435.3560639211187,0.0,0.0,0.0
6491.433199999999,3271.928768896958,0.0,0.0,0.0
5954.166799999999,3102.5045063032594,0.0,0.0,0.0
5336.214559999999,2900.7139232343293,462.40050779120173,0.0,0.0
4988.3092799999995,2799.7427476494927,2017.7476703616078,0.0,0.0
5084.85104,2770.564975683323,5548.8060934944215,0.0,0.0
5693.662719999999,2831.6055384446904,9269.028360723636,0.0,0.0
5805.691919999999,2945.7805387941507,11602.049104579246,0.0,0.0
5894.119599999999,3100.5584704694365,12274.631661366448,0.0,3394.8051132612445
6185.293999999999,3284.5340316194,11055.575777189642,0.0,0.0
6677.951759999998,3473.847007377729,8575.427599036833,0.0,0.0
6973.7434399999975,3615.7530183591734,6957.025821767627,0.0,0.0
7266.436879999998,3719.2588630657624,6242.406855181224,0.0,0.0
7120.853439999999,3767.2672266717577,4035.4953407232156,0.0,0.0
6709.40792,3812.3522813466225,1492.2925478716056,0.0,0.0
6859.935759999998,3939.0658799256744,63.05461469880024,0.0,0.0
7424.022239999998,4166.078335587208,0.0,0.0,0.0
8075.472319999998,4436.070950021714,0.0,0.0,0.0
8677.264079999999,4703.720378452231,0.0,0.0,0.0
9643.384799999998,4979.744001899433,0.0,0.0,0.0
10650.354159999999,5251.061395830143,0.0,0.0,0.0
11542.545759999997,5481.912024207658,0.0,0.0,0.0
12044.077119999998,5643.319526937821,0.0,0.0,0.0
12641.65768,5720.444671590995,0.0,0.0,0.0
12920.145839999997,5738.778825518111,0.0,0.0,0.0
13025.143839999997,5821.744914459685,0.0,0.0,0.0
13002.880879999997,5878.082084491491,0.0,0.0,5788.474702165316
12931.986079999999,5852.629013764112,168.14563919680066,0.0,0.0
12519.318559999998,5792.838055645309,1240.0740890764048,0.0,0.0
12814.557519999997,5849.35961682755,2774.4030467472107,0.0,0.0
13266.441839999998,5908.451306968163,4960.296356305619,0.0,0.0
13720.713759999999,5966.543029716033,8218.118115743631,0.0,0.0
13963.760159999994,5989.576321192317,10719.284498796042,0.0,6836.374977911244
14082.3092,5988.740887441498,11749.176538876447,0.0,6836.374977911244
14062.223279999997,5996.580348121923,10467.06604000084,0.0,322.4446548764464
13984.240879999998,6004.588597624668,7419.426329558828,0.0,0.0
13908.134719999995,6013.4493015998105,4518.914053414017,0.0,0.0
14010.36912,6034.393299502318,2417.0935634540097,0.0,0.0
14050.03336,6046.191496343238,798.691786184803,0.0,0.0
13909.604879999997,6045.841153157411,42.036409799200165,0.0,0.0
13901.272719999995,6023.036223028976,0.0,0.0,6836.374977911245
13882.796079999998,5993.154927904223,0.0,0.0,6836.374977911244
13849.756959999999,5970.315956332629,0.0,0.0,881.446986591249
13852.640879999997,5969.7443437662805,0.0,0.0,0.0
13724.135359999997,5955.126380717165,0.0,0.0,0.0
13403.467519999998,5880.608243252453,0.0,0.0,0.0
12867.59984,5783.314961922065,0.0,0.0,0.0
12408.586559999996,5675.405005507006,0.0,0.0,0.0
12117.088799999998,5557.082622666219,0.0,0.0,0.0
11548.956559999999,5377.78208637652,0.0,0.0,0.0
10832.872079999997,5158.064428304895,0.0,0.0,0.0
10196.217599999996,4924.174182732131,462.40050779120173,0.0,0.0
9814.558799999999,4761.555371982956,2164.875104658808,0.0,0.0
10014.56448,4705.84796864956,4497.895848514418,0.0,0.0
10692.3308,4669.470431455629,7209.244280562829,0.0,0.0
11149.388879999997,4663.547220346265,9983.647327310038,0.0,0.0
11215.57616,4659.75159943423,10614.193474298041,0.0,6836.374977911244
11156.781039999996,4674.447574123914,10404.01142530204,0.0,4099.024597525146
11140.906319999998,4708.646458955779,9037.828106828034,0.0,0.0
11050.846799999998,4711.083258928454,7629.608378554829,0.0,0.0
10759.852879999997,4685.274171441389,5422.696864096821,0.0,0.0
10143.784399999999,4633.431890299807,2942.5486859440116,0.0,0.0
9171.621359999997,4544.071683618526,1156.0012694780046,0.0,0.0
8435.074959999998,4455.08735120544,63.05461469880024,0.0,0.0
7895.067519999999,4402.435167395409,0.0,0.0,0.0
7816.389519999999,4408.782478150773,0.0,0.0,0.0
7933.419519999999,4482.256678025331,0.0,0.0,0.0
8081.168719999998,4578.693249702928,0.0,0.0,0.0
8344.549199999998,4696.476643027058,0.0,0.0,0.0
8861.27472,4824.787352647571,0.0,0.0,0.0
9407.640319999997,4966.682016481298,0.0,0.0,0.0
10010.522479999998,5118.169275318048,0.0,0.0,0.0
10776.535999999998,5306.424129551573,0.0,0.0,0.0
10993.036799999996,5414.565284101408,0.0,0.0,1054.27782012821
11072.207359999999,5521.532008862317,0.0,0.0,6836.374977911244
11350.582719999997,5663.659289224284,357.3094832932014,0.0,0.0
11871.259999999997,5808.124082016386,2059.784080160808,0.0,0.0
12622.368879999996,5942.2090714324495,4056.513545622816,0.0,0.0
13931.243679999996,6077.577706934237,5254.55122490002,0.0,0.0
14755.702639999998,6166.052836093427,6305.461469880024,0.0,0.0
15143.2496,6203.962238229435,6914.989411968427,0.0,4572.347424602146
15256.921919999999,6224.760141605056,7020.080436466427,0.0,6836.374977911244
15263.731279999998,6252.052868656392,6494.625313976425,0.0,0.0
15167.467759999998,6267.6509415897435,5674.915322892022,0.0,0.0
14805.563999999998,6229.776999290359,4602.986873012418,0.0,0.0
14300.227519999999,6182.785623798686,3236.8035545384123,0.0,0.0
13634.666159999997,6117.3948482805135,1387.2015233736054,0.0,0.0
12992.589759999997,6006.43250912902,42.036409799200165,0.0,0.0
12328.588799999998,5827.826985637115,0.0,0.0,6836.374977911244
11626.596799999996,5620.107517884961,0.0,0.0,6180.531008717706
10951.706879999998,5419.3481068650035,0.0,0.0,0.0
10460.571919999998,5260.044081643266,0.0,0.0,0.0
10032.146239999996,5121.881211015654,0.0,0.0,0.0
9612.91376,5009.920322864881,0.0,0.0,0.0
9412.479439999997,4959.202827740954,0.0,0.0,0.0
9391.096319999999,4920.809753433421,0.0,0.0,0.0
9195.192799999999,4821.923616241967,0.0,0.0,0.0
9085.991119999999,4721.874396409305,0.0,0.0,0.0
8817.613599999999,4594.540959886098,0.0,0.0,0.0
8512.455759999999,4437.126234759589,1050.910244980004,0.0,0.0
8098.675279999999,4309.850952368442,4476.877643614817,0.0,0.0
8715.303999999998,4289.440270408734,7944.88145204883,0.0,0.0
8654.918399999999,4171.049804681633,10635.21167919764,0.0,0.0
8344.661999999998,4098.647910266529,12274.631661366448,0.0,0.0
8128.759039999997,4068.4673341206853,12947.21421815365,0.0,124.31483309515193
8137.587519999998,4082.02575725153,12673.977554458848,0.0,0.0
8260.885439999998,4109.223451940718,11475.939875181646,0.0,0.0
8335.72072,4136.62539528885,9500.228614619236,0.0,0.0
8264.051359999998,4119.675593383463,7146.189665864028,0.0,0.0
8005.205439999998,4102.91585620237,4434.841233815617,0.0,0.0
7436.93784,4038.133571480634,1849.602031164807,0.0,0.0
6921.174879999999,3915.4822517850153,63.05461469880024,0.0,0.0
6700.0567999999985,3769.806150973903,0.0,0.0,0.0
6379.340079999999,3587.033387482164,0.0,0.0,0.0
6161.267599999998,3384.691049355392,0.0,0.0,0.0
5928.47848,3149.565383074711,0.0,0.0,0.0
5546.097759999999,2872.1517340319206,0.0,0.0,0.0
5101.233359999998,2622.253499814453,0.0,0.0,0.0
4809.600239999999,2430.6781864796303,0.0,0.0,0.0
4609.801359999999,2316.81948787284,0.0,0.0,0.0
4567.478799999999,2299.707989112456,0.0,0.0,0.0
4437.123359999999,2266.7147387257437,0.0,0.0,0.0
3883.918319999999,2107.6986473773786,0.0,0.0,0.0
3519.954079999999,1965.9954666614115,525.455122490002,0.0,0.0
2993.5728799999993,1860.0400564409654,3657.1676525304138,0.0,0.0
2721.5255999999995,1729.428712620407,7608.59017365523,0.0,0.0
2448.143519999999,1538.6320972978071,9752.447073414438,0.0,0.0
2158.0820799999997,1412.9794570304898,11875.285768274045,0.0,0.0
2037.0702399999996,1356.1827275160613,12905.17780835445,0.0,0.0
2004.0047999999995,1346.2454629010701,12127.504227069247,0.0,0.0
2167.9332799999997,1377.4472823416318,9542.265024418437,0.0,0.0
2531.4425599999995,1479.3333217113197,6683.789158072826,0.0,0.0
2854.6483999999996,1567.812706050906,4266.695594618816,0.0,0.0
3044.4832800000004,1626.8887938634064,2858.4758663456114,0.0,0.0
3000.3295999999996,1663.5017843725072,1282.110498875605,0.0,0.0
3081.1357599999997,1684.0074986943634,21.018204899600082,0.0,429.34544321628914
3182.6068799999994,1639.0926512352853,0.0,0.0,557.2506509831619
3224.4932799999992,1549.742373308259,0.0,0.0,419.68080227026024
3288.5373599999994,1485.1175302611248,0.0,0.0,7.994251587858502
3314.684399999999,1481.009862786815,0.0,0.0,0.0
3265.3494399999995,1493.4434999000055,0.0,0.0,0.0
3184.7763999999997,1554.108188393178,0.0,0.0,0.0
3242.996239999999,1679.1140412405073,0.0,0.0,0.0
3372.768879999999,1853.3182898108712,0.0,0.0,0.0
3556.6855199999995,2009.0238508121922,0.0,0.0,0.0
3678.671199999999,2074.2727869838764,0.0,0.0,0.0
3686.0671199999992,2038.1619077613445,0.0,0.0,0.0
3640.9508799999994,1953.4185718082679,63.05461469880024,0.0,0.0
3496.709759999999,1890.7723876446496,987.8556302812038,0.0,0.0
3678.3891999999987,1927.5612589433965,2690.3302271488105,0.0,0.0
4594.825279999998,2054.872001171166,4497.895848514418,0.0,0.0
5126.978079999999,2197.638976985797,5422.696864096821,0.0,0.0
5585.0513599999995,2348.770219062861,6326.4796747796245,0.0,0.0
6030.457199999998,2491.5981857964825,6389.534289478424,0.0,0.0
6436.003279999999,2636.1636845245894,5969.1701914864225,0.0,0.0
6701.278799999999,2733.264064343752,4560.9504632132175,0.0,0.0
6792.3046399999985,2774.7676755197804,3362.912783936013,0.0,0.0
6584.03072,2732.960528142267,2059.784080160808,0.0,0.0
5947.278479999998,2600.1932262550813,819.7099910844032,0.0,0.0
5562.032639999999,2493.006650507114,0.0,0.0,0.0
5458.726639999999,2393.097851627477,0.0,0.0,0.0
5170.101519999999,2294.8953800860977,0.0,0.0,0.0
4913.195759999999,2221.1516854532115,0.0,0.0,0.0
4793.2404799999995,2160.5309671574505,0.0,0.0,0.0
4713.329199999998,2111.176548153279,0.0,0.0,0.0
4548.990879999999,2029.8671427786912,0.0,0.0,0.0
4313.314079999999,1934.3652923944549,0.0,0.0,0.0
4039.9658399999985,1821.9873965650045,0.0,0.0,0.0
3778.6007199999995,1706.7627850515291,0.0,0.0,0.0
3583.40784,1615.8409271654095,0.0,0.0,0.0
3461.1401599999986,1559.4129799518516,0.0,0.0,0.0
3295.8731199999993,1486.6664159247805,546.4733273896021,0.0,0.0
2782.6067999999996,1341.6144082382177,3552.076628032414,0.0,0.0
2220.396559999999,1180.6948328599758,7209.244280562829,0.0,0.0
1987.2690399999997,1038.7207389922155,10088.738351808039,0.0,0.0
1689.5635199999997,899.8529268125558,11938.340382972845,0.0,0.0
1386.8835199999994,767.2444849934377,12737.032169157648,0.0,0.0
1096.63032,662.7812246980515,12547.868325061248,0.0,0.0
883.2352799999998,592.5168492345309,11433.903465382446,0.0,0.0
755.0719199999999,543.5780195155706,9479.210409719637,0.0,0.0
684.9065599999998,492.59670320717464,7083.135051165228,0.0,0.0
624.73152,442.80116383542327,4308.732004418016,0.0,0.0
573.4150399999999,390.4042908490711,1681.4563919680065,0.0,2122.1419620779925
556.5927999999999,367.6589332461598,21.018204899600082,0.0,3874.7095079145315
523.1099999999999,365.890196595447,0.0,0.0,4075.5845940354525
530.4419999999999,385.99876074713524,0.0,0.0,3855.5363899019126
595.3771999999999,430.9107714192843,0.0,0.0,3391.9776190098023
687.0647999999999,478.1290898653379,0.0,0.0,2879.942701660101
775.2932,521.757454451765,0.0,0.0,2509.4469301070767
856.8551199999999,561.5589934699301,0.0,0.0,2118.8349280946636
925.7119999999998,599.1662777979163,0.0,0.0,1911.1975524658087
975.3439999999998,636.0203951960482,0.0,0.0,1739.15180066825
1017.2717599999997,676.5864482917867,0.0,0.0,1601.5644093733752
1068.8664799999997,719.5070345392357,0.0,0.0,1584.3111244063803
1094.6864,740.9105919243649,0.0,0.0,1763.0519004708615
1111.8808799999995,755.4519617263757,420.36409799200163,0.0,1859.1399599566585
1077.3753599999998,759.5454452660366,3278.839964337613,0.0,0.0
797.4433599999999,704.8607036208234,6957.025821767627,0.0,0.0
677.9618399999998,687.6328965963185,9878.556302812038,0.0,0.0
1015.9482399999996,792.7883329025689,11665.103719278046,0.0,0.0
1362.4134399999998,962.2211058570564,12463.795505462847,0.0,0.0
1604.2979999999998,1117.6741928216277,12316.668071165646,0.0,0.0
1777.5023999999996,1241.4800847976635,11286.776031085245,0.0,0.0
1924.2363999999995,1360.437907910719,9332.082975422436,0.0,0.0
2095.6021599999995,1501.1226821188982,6957.025821767627,0.0,0.0
2338.464319999999,1711.4122788294255,4161.604570120816,0.0,0.0
3375.5550399999997,2183.7557417514936,1555.347162570406,0.0,0.0
5147.564079999999,2815.779104163493,0.0,0.0,0.0
6138.925679999999,3287.240326350402,0.0,0.0,0.0
6574.923999999998,3544.7283839984743,0.0,0.0,0.0
7155.039359999999,3766.959435289877,0.0,0.0,0.0
7766.013039999999,4007.297697554013,0.0,0.0,0.0
8371.248959999999,4184.952897424445,0.0,0.0,0.0
8635.505519999997,4234.515820267955,0.0,0.0,0.0
8713.739839999998,4224.809753787741,0.0,0.0,0.0
8737.029279999999,4224.714721425593,0.0,0.0,0.0
8755.193839999998,4236.348384624587,0.0,0.0,6836.374977911244
8761.518159999998,4233.450606775826,0.0,0.0,6836.374977911245
8746.613519999997,4224.492033651606,0.0,0.0,6836.374977911244
8600.932319999998,4196.159624190509,189.1638440964007,0.0,0.0
8081.439439999999,4148.590962558628,1786.547416466007,0.0,0.0
8513.136319999998,4178.792814606445,4161.604570120816,0.0,0.0
8843.764399999996,4159.731024831843,6326.4796747796245,0.0,0.0
8316.078479999998,3937.9056340713983,8049.972476546831,0.0,461.8028632851987
7824.729199999999,3698.239690309617,9626.337844016838,0.0,0.0
7354.853279999998,3424.076999088345,10277.90219590444,0.0,0.0
6781.930799999998,3107.5199455950965,9584.301434217638,0.0,0.0
6236.60672,2831.774327267012,7608.59017365523,0.0,0.0
5794.911999999998,2676.5297441417792,5380.660454297621,0.0,0.0
5467.115199999999,2619.0238178949076,2921.5304810444118,0.0,0.0
5322.569519999998,2614.526092217754,903.7828106828034,0.0,0.0
5327.79592,2638.730976696033,0.0,0.0,0.0
5294.974879999999,2591.148131129504,0.0,0.0,0.0
4922.652159999999,2432.517842803588,0.0,0.0,0.0
4434.220639999999,2217.6241409060403,0.0,0.0,0.0
3974.0229599999993,2024.4488797428269,0.0,0.0,0.0
3580.963839999999,1838.5216091851808,0.0,0.0,0.0
3115.6036799999993,1651.1972210646218,0.0,0.0,0.0
2720.6194399999995,1480.5446297303326,0.0,0.0,0.0
2379.8280799999993,1311.947290526663,0.0,0.0,0.0
2038.2659199999996,1167.5392334731582,0.0,0.0,106.6257290834042
1778.0363199999997,1070.3480764722428,0.0,0.0,673.5141623724475
1663.8187999999998,1029.0075805446766,0.0,0.0,1386.7162941446638
1680.3891199999996,1046.7289884949616,63.05461469880024,0.0,2222.9476373867706
1621.4774399999997,1078.3095189906473,987.8556302812038,0.0,1862.1909665907567
1482.3235999999997,1109.9765714876917,2248.947924257209,0.0,952.8120883502503
1423.1299199999994,1141.6620630997793,3215.7853496388125,0.0,0.0
1321.2038399999997,1144.386796945825,4140.5863652212165,0.0,0.0
1194.1421599999996,1114.5324512969053,5170.47840530162,0.0,0.0
1062.8955999999998,1072.9153686436862,5464.733273896021,0.0,0.0
941.9138399999997,1056.6080989778927,5023.350971004419,0.0,0.0
916.5075199999999,1083.7618234696693,4014.4771358236158,0.0,0.0
996.5278399999999,1120.9719576274877,2711.3484320484104,0.0,100.49816598354928
1093.7200799999998,1169.8923482314042,1345.1651135744053,0.0,1560.622583583949
1264.5443999999998,1279.1299209295964,378.3276881928014,0.0,2264.829139838244
1643.6802399999997,1481.7871424055727,0.0,0.0,2096.0413129899007
2032.0017599999994,1696.9304815529401,0.0,0.0,1494.0806037587015
2291.6222399999997,1850.458808585661,0.0,0.0,856.5830089908518
2459.4423199999997,1920.1345507612539,0.0,0.0,193.82823386289465
2676.3792799999997,1981.4460266744145,0.0,0.0,0.0
2867.3459199999993,1990.3478640600388,0.0,0.0,0.0
2980.9129599999997,1938.0134003861413,0.0,0.0,0.0
2994.121839999999,1848.681561574159,0.0,0.0,0.0
2899.36984,1768.0132700456998,0.0,0.0,0.0
2828.7457599999993,1721.6559164328319,0.0,0.0,0.0
2847.8916799999993,1700.0225793063912,0.0,0.0,0.0
2807.618319999999,1684.703929885623,0.0,0.0,0.0
2852.080319999999,1734.5533682090395,63.05461469880024,0.0,437.97605992854835
2732.0047199999995,1845.124230764225,1177.0194743776046,0.0,0.0
2599.7579999999994,1913.5390211495342,2984.5850957432112,0.0,0.0
2876.8023199999993,1984.8374054489566,4708.077897510419,0.0,0.0
2872.6926399999998,1994.1633424805818,6221.388650281624,0.0,0.0
2734.2531999999997,1951.9760656544786,7251.280690362028,0.0,0.0
2621.7840799999994,1889.0391108305587,6725.825567872026,0.0,0.0
2579.1118399999996,1838.6180599407928,5254.55122490002,0.0,0.0
2633.4400799999994,1833.7019081914984,3552.076628032414,0.0,0.0
2732.1325599999996,1865.8526328600685,1975.7112605624077,0.0,0.0
2804.9223999999995,1937.2715806040057,966.8374253816037,0.0,0.0
2998.4007199999996,2044.7319062906963,189.1638440964007,0.0,0.0
3371.701039999999,2169.4540804450485,0.0,0.0,0.0
3602.7041599999993,2192.934165862771,0.0,0.0,0.0
3728.6227999999987,2154.966609594703,0.0,0.0,0.0
3699.8287199999995,2089.0552836749175,0.0,0.0,0.0
3738.0641599999994,2085.370297453144,0.0,0.0,0.0
3769.524079999999,2099.273390195956,0.0,0.0,0.0
3774.4195999999993,2090.8552249818576,0.0,0.0,0.0
3691.8349599999992,2101.232191570963,0.0,0.0,0.0
3668.650799999999,2150.3880354900507,0.0,0.0,0.0
3797.0059199999996,2223.344521749925,0.0,0.0,0.0
3764.4555999999993,2273.8265635586818,0.0,0.0,0.0
3719.467199999999,2359.2507283749032,0.0,0.0,0.0
3949.0753599999994,2482.6438678526574,42.036409799200165,0.0,0.0
3788.3729599999992,2552.190536222946,1113.9648596788043,0.0,0.0
3649.546239999999,2584.3653735804187,3026.6215055424113,0.0,0.0
3949.733359999999,2665.3769163273805,5023.350971004419,0.0,0.0
4150.336879999999,2697.814156475857,6683.789158072826,0.0,0.0
4243.84808,2655.340364169847,7524.5173540568285,0.0,0.0
4336.362879999999,2582.8930811638675,6851.934797269627,0.0,0.0
4383.494479999999,2536.8321717851604,5716.951732691223,0.0,0.0
4411.589199999999,2602.2059265817547,4266.695594618816,0.0,0.0
4461.2174399999985,2695.383030077043,2837.457661446011,0.0,0.0
4537.959039999999,2883.958441233631,1471.2743429720058,0.0,0.0
5322.655999999999,3298.845621680099,315.2730734940012,0.0,0.0
6562.406959999999,3701.2793075048676,0.0,0.0,0.0
7201.652079999998,3881.032311309865,0.0,0.0,0.0
7635.206399999998,3827.588663946428,0.0,0.0,5509.453706823448
7791.667519999997,3593.969331525456,0.0,0.0,0.0
7793.100079999997,3264.0112965759645,0.0,0.0,0.0
7269.62912,2924.063516453282,0.0,0.0,0.0
6632.26776,2680.3551513165758,0.0,0.0,0.0
6219.581439999999,2460.051696743954,0.0,0.0,0.0
5757.037519999999,2220.2495872095446,0.0,0.0,0.0
5550.192399999999,2125.0143947967063,0.0,0.0,0.0
5354.882959999999,2086.35040733738,0.0,0.0,0.0
4986.861679999999,2082.910803185031,0.0,0.0,0.0
4745.793039999999,2068.0559684272807,21.018204899600082,0.0,0.0
3913.8027999999995,1952.3902365462259,1177.0194743776046,0.0,0.0
3084.8393599999995,1819.6144242982507,3741.2404721288144,0.0,0.0
2980.9467999999993,1820.9023255643674,6116.2976257836235,0.0,0.0
3077.3644799999997,1818.3676564426162,8239.136320643232,0.0,0.0
3104.0341599999997,1737.2015088079818,9794.483483213638,0.0,0.0
3058.7562399999997,1652.5773179059559,10046.701942008838,0.0,0.0
3044.152399999999,1607.6624704468773,9058.846311727635,0.0,0.0
2980.4504799999995,1574.965664294326,7146.189665864028,0.0,0.0
2782.3849599999994,1517.805826052887,4497.895848514418,0.0,0.0
2262.88832,1400.4578795224766,2227.9297193576085,0.0,0.0
2076.63672,1362.022253410997,546.4733273896021,0.0,1123.2344147118863
2544.6363999999994,1433.160359248887,0.0,0.0,1226.2283610793888
2990.064799999999,1521.3560648954963,0.0,0.0,702.268062260081
3163.5850399999995,1635.3821339311432,0.0,0.0,199.18145046329136
3229.9527999999996,1751.5003333274972,0.0,0.0,0.0
3320.598879999999,1919.3303216666636,0.0,0.0,0.0
3708.5443999999998,2205.74793242455,0.0,0.0,0.0
4245.8484,2418.9253782295855,0.0,0.0,0.0
5056.331439999998,2610.9744349816797,0.0,0.0,0.0
5634.630719999997,2738.4454556709807,0.0,0.0,0.0
6045.320479999998,2821.971810031185,0.0,0.0,0.0
6303.068479999999,2855.86290348117,0.0,0.0,0.0
6208.775199999998,2889.0448001987124,0.0,0.0,0.0
6333.13344,3012.321631412345,21.018204899600082,0.0,0.0
6214.843839999999,3054.8507410634866,1450.2561380724057,0.0,0.0
6324.098159999999,3118.8855324292276,4077.5317505224157,0.0,0.0
6901.592799999999,3250.747899285816,6410.552494378025,0.0,0.0
7351.401599999999,3335.3848557290266,7629.608378554829,0.0,0.0
7365.761039999999,3299.8555178270976,6830.916592370027,0.0,0.0
7059.148079999999,3098.7514371951715,5401.678659197221,0.0,0.0
6514.876799999999,2896.255912574193,4329.750209317616,0.0,0.0
5982.178799999999,2767.8530073784614,3446.9856035344133,0.0,0.0
5638.488479999999,2631.2801558249867,2143.8568997592083,0.0,0.0
5627.3024799999985,2431.483833967686,903.7828106828034,0.0,0.0
6196.385999999999,2428.1264966363005,147.12743429720058,0.0,0.0
7017.239119999999,2609.4907954174087,0.0,0.0,0.0
7469.157279999998,2856.9720871707113,0.0,0.0,0.0
7959.280799999999,3177.394262855774,0.0,0.0,0.0
8122.126399999999,3323.095894749254,0.0,0.0,0.0
8037.66176,3348.356063965408,0.0,0.0,0.0
8298.47416,3361.8010156190617,0.0,0.0,0.0
8589.840319999998,3382.642889192097,0.0,0.0,0.0
8296.31592,3372.77370746342,0.0,0.0,0.0
7920.597919999999,3324.280253292434,0.0,0.0,0.0
7433.046239999999,3230.432249688254,0.0,0.0,0.0
6960.839119999999,3087.252521375341,0.0,0.0,0.0
6509.146559999998,2894.267324936423,0.0,0.0,0.0
5891.513919999998,2663.717395973464,21.018204899600082,0.0,0.0
5198.7188799999985,2411.9483007758117,840.7281959840033,0.0,0.0
4620.746719999999,2274.8775931161617,2101.820489960008,0.0,0.0
4524.776479999998,2229.2351098095965,3257.8217594380126,0.0,0.0
4739.540159999999,2269.0011889911393,4287.713799518417,0.0,0.0
4935.5452,2275.3811227961965,5233.53302000042,0.0,0.0
4571.753919999999,2138.933089867632,5338.6240444984205,0.0,0.0
3864.520479999999,1905.767643355424,3236.8035545384123,0.0,0.0
3180.9787999999994,1679.7665022343551,1681.4563919680065,0.0,0.0
2546.0125599999997,1503.2559458900867,966.8374253816037,0.0,0.0
1899.9242399999998,1324.1653318331905,420.36409799200163,0.0,955.2738781256811
1617.9392799999996,1245.0615282965007,63.05461469880024,0.0,1819.7866138687668
1613.9799999999998,1202.5139795303164,0.0,0.0,1935.5181935321139
1587.6524799999995,1145.9498665441292,0.0,0.0,1945.5715648833886
1443.7610399999996,1069.4190287527424,0.0,0.0,2004.864074824504
1248.7336,1059.9313948661202,0.0,0.0,1887.4111642616178
1172.25896,1205.1876512116264,0.0,0.0,1489.2985849379909
1263.6419999999996,1501.1056613973192,0.0,0.0,888.7355431389275
1472.0174399999999,1828.0964172182685,0.0,0.0,101.06769297297386
1877.8906399999996,2196.485823098845,0.0,0.0,0.0
2418.5410399999996,2492.6619808951473,0.0,0.0,0.0
3230.72736,2756.135658965038,0.0,0.0,0.0
4101.941919999999,2975.8065100523218,0.0,0.0,0.0
5034.9972,3226.5330860532827,0.0,0.0,0.0
6134.503919999999,3667.0946066076503,0.0,0.0,0.0
7271.505359999999,4105.334217060002,252.21845879520097,0.0,0.0
8550.11968,4369.353976613874,1050.910244980004,0.0,0.0
10275.271599999996,4587.627710138245,3026.6215055424113,0.0,0.0
12091.099679999996,4896.577919479309,6725.825567872026,0.0,0.0
13202.668479999997,5318.7372032202475,9605.319639117237,0.0,0.0
13995.535919999997,5665.028038917901,10677.248088996841,0.0,0.0
14753.559439999997,5876.3317869558205,10340.95681060324,0.0,0.0
15187.940959999998,6025.444655132353,8680.518623534834,0.0,0.0
15351.023439999999,6092.978623175968,6305.461469880024,0.0,0.0
14934.148479999998,6020.172486623372,3404.949193735213,0.0,0.0
13869.703759999999,5808.677255467691,861.7464008836033,0.0,0.0
12480.372479999998,5453.885987734976,0.0,0.0,0.0
11079.347599999997,5064.546910378034,0.0,0.0,0.0
10101.973199999999,4697.344699827568,0.0,0.0,0.0
9397.089759999997,4382.940767614016,0.0,0.0,0.0
8729.832639999999,4138.282078855837,0.0,0.0,0.0
8061.417439999997,3939.345303438256,0.0,0.0,0.0
7585.984239999998,3759.746904520932,0.0,0.0,0.0
6752.83968,3525.2198002824334,0.0,0.0,0.0
5954.5766399999975,3251.5620571346603,0.0,0.0,0.0
5278.840719999998,2959.5659048793773,0.0,0.0,0.0
4580.657599999999,2631.341146743977,0.0,0.0,0.0
3961.8631199999995,2295.102465531971,0.0,0.0,0.0
3416.625519999999,2013.9939015131527,0.0,0.0,157.07288203111668
2816.3753599999995,1763.5708617136772,882.7646057832035,0.0,602.5147997956382
2206.4131199999997,1539.2377513073136,1912.6566458636073,0.0,592.1438803637735
1981.1327199999994,1370.6858006945201,2774.4030467472107,0.0,127.94015514630566
1825.0513599999997,1252.5690849061418,3489.022013333614,0.0,0.0
1829.3941599999996,1225.6763448119043,5065.38738080362,0.0,0.0
2075.144,1318.3215507578602,6158.334035582823,0.0,0.0
2627.5819999999994,1528.8792238332514,5906.1155767876235,0.0,0.0
3316.4440799999998,1845.0050857131744,4939.278151406019,0.0,0.0
3937.6073599999986,2156.0942323992876,3867.3497015264147,0.0,0.0
4169.099279999999,2382.2414680472402,2543.20279285161,0.0,0.0
4315.615199999998,2526.9161830721423,651.5643518876025,0.0,0.0
4618.949439999999,2635.9296496028833,0.0,0.0,0.0
4903.588959999999,2739.479464506883,0.0,0.0,0.0
5228.381519999999,2868.4341247604543,0.0,0.0,0.0
5526.951839999999,3003.324761664574,0.0,0.0,0.0
5814.734719999999,3106.007938161528,0.0,0.0,0.0
6036.819119999998,3148.4235763354777,0.0,0.0,0.0
6110.067679999999,3179.3261147549483,0.0,0.0,0.0
6268.74344,3243.315517529814,0.0,0.0,0.0
6544.494319999999,3340.93644775059,0.0,0.0,0.0
6695.1086399999995,3433.340526807515,0.0,0.0,0.0
6666.9011199999995,3445.064967188262,0.0,0.0,0.0
6521.998239999999,3424.5195378493895,0.0,0.0,0.0
6277.429039999998,3331.4771817332658,21.018204899600082,0.0,0.0
5696.095439999998,3137.033876812444,1618.4017772692061,0.0,0.0
5075.845839999999,3005.378595401729,4392.804824016417,0.0,0.0
5286.262959999999,2915.1630974611226,6326.4796747796245,0.0,0.0
5263.571359999999,2856.54798752471,7188.226075663229,0.0,0.0
5086.460319999999,2833.3359784718514,6767.861977671227,0.0,0.0
5104.621119999999,2886.183900580037,5611.860708193222,0.0,0.0
5237.281439999999,3023.3638245364828,4035.4953407232156,0.0,0.0
5405.46624,3187.317343536116,2669.3120222492103,0.0,0.0
5514.04376,3216.632699668379,1828.5838262652069,0.0,0.0
5380.7329599999985,3079.6357484689033,924.8010155824035,0.0,0.0
5377.247439999999,2910.2639664334065,189.1638440964007,0.0,0.0
5666.541839999999,2745.372889353484,0.0,0.0,0.0
5715.143599999999,2575.3287888156306,0.0,0.0,0.0
5435.34696,2377.990542832977,0.0,0.0,0.0
4916.794079999999,2161.261439791867,0.0,0.0,0.0
4464.947359999998,1966.3500650276328,0.0,0.0,0.0
4316.051359999999,1801.1965851567068,0.0,0.0,0.0
4381.400159999999,1728.7507205441912,0.0,0.0,0.0
4325.4475999999995,1676.9212049437936,0.0,0.0,0.0
4300.210479999999,1635.8955923654319,0.0,0.0,0.0
4243.4382399999995,1578.6137722860121,0.0,0.0,0.0
4065.056319999999,1493.895967415304,0.0,0.0,0.0
3791.4899999999993,1384.2640813338733,0.0,0.0,0.0
3522.1423999999997,1285.8360852315773,0.0,0.0,1019.6693192693723
3096.7848799999992,1170.143403874689,1576.365367470006,0.0,447.49066068704514
2438.480319999999,1013.7825450925906,4834.187126908019,0.0,0.0
1885.6475199999995,824.2865965772912,7902.845042249631,0.0,0.0
1280.3965599999997,632.3566848762478,9941.610917510838,0.0,0.0
883.5586399999999,509.97911511935206,11307.794235984844,0.0,0.0
726.8380799999998,473.3774717579699,11349.830645784044,0.0,0.0
700.0518399999999,484.9827670876668,10382.99322040244,0.0,0.0
664.0535999999998,481.70627818378017,8638.482213735633,0.0,0.0
571.4184799999999,447.8364606357684,6284.443264980424,0.0,0.0
448.78231999999986,403.13720898335225,3341.894579036413,0.0,1486.385355292303
345.44999999999993,375.5239250089524,651.5643518876025,0.0,4356.324799823417
249.88208000000003,352.3558861535052,0.0,0.0,5227.914556612473
209.72151999999994,344.8128697072416,0.0,0.0,5229.967921219761
296.44967999999994,373.5140614692091,0.0,0.0,4913.368437743853
508.9047199999999,440.72605419629514,0.0,0.0,4190.075049313891
820.1499999999999,557.3562936334729,0.0,0.0,3284.1153138821037
1153.02656,688.709457236167,0.0,0.0,2528.762493477401
1451.0855199999996,793.012439070021,0.0,0.0,1855.967157705948
1688.6084799999996,862.0059339890037,0.0,0.0,1486.2104433971137
1877.1762399999998,877.7699589577463,0.0,0.0,1225.5797301885493
2055.8890399999996,867.8468782774042,0.0,0.0,1054.8165588847792
2211.19208,837.8648772166446,0.0,0.0,1140.6193102112647
2440.1911199999995,844.3228226622705,0.0,0.0,1500.8979297176504
2790.3787199999992,945.8372429441586,0.0,0.0,2088.322941455563
3189.0251999999987,1128.4936981717779,357.3094832932014,0.0,1626.673365380878
3433.210879999999,1330.1566258288688,1387.2015233736054,0.0,317.26579430031245
3885.8659999999995,1539.7739040370404,2795.421251646811,0.0,0.0
4293.60416,1675.9396766660925,3867.3497015264147,0.0,0.0
4322.736639999999,1718.826221470384,4371.786619116817,0.0,0.0
4272.190959999999,1744.019726193689,4813.168922008419,0.0,0.0
4204.574879999998,1823.6596824601056,4182.622775020416,0.0,0.0
4284.97872,2004.4083984774534,3383.9309888356133,0.0,0.0
4454.159919999999,2273.0833253830815,2164.875104658808,0.0,0.0
4791.589839999999,2600.832921707745,1156.0012694780046,0.0,0.0
5313.342479999999,2949.3009913739975,168.14563919680066,0.0,0.0
5906.452399999999,3269.8820271271275,0.0,0.0,0.0
6225.447039999999,3460.911258977969,0.0,0.0,0.0
6239.445519999998,3501.770919520938,0.0,0.0,0.0
6131.368079999998,3429.061233723954,0.0,0.0,0.0
6095.523999999999,3318.8534798957803,0.0,0.0,0.0
6070.328239999999,3198.9637722762945,0.0,0.0,0.0
6082.202319999999,3116.5536935729556,0.0,0.0,0.0
6089.519279999998,3067.2347344054056,0.0,0.0,0.0
6167.170799999998,3106.724226861296,0.0,0.0,0.0
6307.215759999999,3188.9782822834973,0.0,0.0,0.0
6432.085359999999,3218.4794479596603,0.0,0.0,0.0
6416.635519999998,3197.0446859183035,0.0,0.0,0.0
6300.45904,3143.223745893206,0.0,0.0,0.0
5954.836079999998,3058.539982465655,1744.511006666807,0.0,0.0
5498.078799999999,2917.9459854392285,5485.751478795622,0.0,0.0
5350.0664,2740.185824452396,8596.445803936433,0.0,0.0
4721.292879999999,2477.6681435778373,10572.15706449884,0.0,0.0
3846.0400799999993,2151.559628492047,11538.994489880446,0.0,0.0
3134.501439999999,1836.8209554207824,11538.994489880446,0.0,0.0
2609.7821599999997,1603.2697058861252,10488.084244900441,0.0,0.0
2291.434239999999,1469.441445687205,8533.391189237633,0.0,0.0
2113.7441599999993,1392.876566452661,6221.388650281624,0.0,0.0
2115.59408,1399.9188900058198,3299.8581692372127,0.0,0.0
2419.044879999999,1516.2810530781342,651.5643518876025,0.0,1051.7029213577175
2779.2115199999994,1652.5532052170527,0.0,0.0,1437.7414713682383
2846.0530399999993,1720.3921278556181,0.0,0.0,1268.5103347431443
2677.8155999999994,1688.6967074892768,0.0,0.0,1297.3478132612568
2337.0129599999996,1594.7295588340467,0.0,0.0,1376.9767086805316
1999.6394399999992,1493.1598212070282,0.0,0.0,1421.5068036098476
1751.1673599999997,1401.4280606524585,0.0,0.0,1526.9012340005986
1612.4233599999998,1331.3835361759952,0.0,0.0,1432.9937460806646
1550.8533599999998,1285.6318365726336,0.0,0.0,1491.0839357526006
1581.3845599999997,1273.088983162647,0.0,0.0,1400.4548180769648
1662.4764799999996,1276.1583866206604,0.0,0.0,1287.5979722710106
1722.7267199999997,1297.1250788186046,0.0,0.0,1273.1643882765372
1769.7379999999996,1337.8996357536814,0.0,0.0,1428.59305291653
1874.2020799999996,1410.450461482598,0.0,0.0,1918.375567481592
1990.7019199999995,1505.9395463256508,1429.2379331728057,0.0,625.9747696887949
1850.1042399999994,1572.4395055333641,4182.622775020416,0.0,0.0
1771.5879199999995,1617.822422835855,7377.389919759628,0.0,0.0
1834.8611999999994,1643.3464132364777,8932.737082330033,0.0,0.0
1840.6365599999995,1637.6444715076364,9899.574507711637,0.0,0.0
1827.0817599999996,1580.2718742464644,10340.95681060324,0.0,0.0
1713.0710399999998,1480.041100050298,9184.955541125235,0.0,0.0
1656.4567199999995,1399.7288252815251,7566.553763856029,0.0,0.0
1763.9513599999996,1397.4679060984968,5023.350971004419,0.0,0.0
2068.71064,1504.9821307368525,2438.1117683536095,0.0,0.0
2597.9118399999993,1665.8832670000509,357.3094832932014,0.0,726.7090178302717
3057.8087199999995,1759.0632072822693,0.0,0.0,731.380489047706
3062.0537599999993,1723.4629497070966,0.0,0.0,751.428058041662
2820.86104,1552.6869581413619,0.0,0.0,1054.8449256100025
2385.93432,1287.8814086079426,0.0,0.0,1471.2012811109093
1946.6121599999994,1031.9904620013317,0.0,0.0,1831.674130454463
1598.7219199999997,812.6813012475944,0.0,0.0,2206.422324345179
1321.8091999999997,661.2536149363694,0.0,0.0,2359.254164033542
1127.1615199999999,587.0815654770879,0.0,0.0,2573.284295938527
1014.2825599999998,575.2081937825277,0.0,0.0,2645.7502524191673
991.6022399999998,618.8776917794365,0.0,0.0,2607.5527576456884
952.5170399999997,625.824982970448,0.0,0.0,2713.4668138355937
808.0991999999999,530.8294990531756,0.0,0.0,3218.3882761332216
529.3102399999998,460.20485164957404,0.0,0.0,4227.499177197503
369.17184,446.60813189517717,1492.2925478716056,0.0,3269.5663524167535
296.19775999999996,434.7900775457473,4918.2599465064195,0.0,113.59262546066701
261.8877599999999,426.36056518393013,7986.917861848031,0.0,0.0
216.43687999999995,446.5627433043008,9605.319639117237,0.0,0.0
199.52815999999996,495.0732181968655,10509.10244980004,0.0,0.0
209.68391999999994,552.7110550359714,10151.792966506839,0.0,0.0
249.01727999999994,623.1428009283486,8512.372984338033,0.0,0.0
331.2484799999999,727.9393836879827,5969.1701914864225,0.0,0.0
426.8239199999999,858.1705980599522,3510.0402182332136,0.0,77.40284684662024
558.49912,1016.627842383152,1324.1469086748052,0.0,2357.2815367055114
769.4614399999999,1203.3210454118366,84.07281959840033,0.0,3447.745714795183
1152.1429599999997,1421.3990406380526,0.0,0.0,3165.88465382047
1716.7257599999996,1663.9273024119734,0.0,0.0,2341.1744105315615
2265.7609599999996,1931.590914777138,0.0,0.0,1375.7093207826483
2835.0174399999996,2189.498816890817,0.0,0.0,153.06170877298115
3454.725599999999,2487.6791646530023,0.0,0.0,0.0
4144.907439999999,2815.115296021926,0.0,0.0,0.0
4949.558719999999,3091.1885632404,0.0,0.0,0.0
5848.755199999999,3280.7894728721003,0.0,0.0,0.0
6549.626719999998,3293.0344636544614,0.0,0.0,0.0
6991.765119999999,3245.1693577884193,0.0,0.0,0.0
7286.240799999998,3206.686924692599,0.0,0.0,0.0
7413.482959999999,3062.1143339971677,0.0,0.0,0.0
6846.196719999999,2922.7784519740953,0.0,0.0,0.0
6651.229439999999,3089.5205325256934,84.07281959840033,0.0,0.0
6447.287039999999,3148.963984245599,672.5825567872026,0.0,0.0
5941.638479999999,2938.064478345171,2375.057153654809,0.0,0.0
6083.70256,2712.084613126075,4813.168922008419,0.0,0.0
6606.515519999998,2660.257934312607,6683.789158072826,0.0,0.0
7119.702879999998,2698.10492713616,8470.336574538833,0.0,0.0
7394.532559999999,2867.456851663148,8995.791697028835,0.0,0.0
7029.910319999997,2985.2147139049102,7650.626583454429,0.0,0.0
6016.041359999998,2842.213703168573,5401.678659197221,0.0,0.0
4677.62048,2562.7405468147676,2627.27561245001,0.0,0.0
4130.957839999999,2440.726085784883,273.23666369480105,0.0,0.0
4566.211679999999,2563.9745491292183,0.0,0.0,0.0
5065.039599999998,2679.406246088567,0.0,0.0,0.0
5516.713359999999,2733.839932090496,0.0,0.0,0.0
5634.536719999998,2713.3058498993414,0.0,0.0,0.0
5474.902159999999,2641.139408799409,0.0,0.0,0.0
5397.261919999998,2583.7129125865713,0.0,0.0,0.0
5376.017919999999,2616.816797663545,0.0,0.0,0.0
5409.68496,2723.6828164884478,0.0,0.0,0.0
5442.89704,2842.8477250473766,0.0,0.0,0.0
5702.912319999999,3012.45921557844,0.0,0.0,0.0
6016.849759999998,3248.1763519339775,0.0,0.0,0.0
6164.313199999999,3359.822356735546,0.0,0.0,0.0
6174.284719999998,3354.225376123106,0.0,0.0,0.0
6057.987919999998,3271.134468556622,819.7099910844032,0.0,0.0
5606.460799999999,3165.06416846552,2606.25740755041,0.0,0.0
5531.117919999999,3152.4589057430785,3720.222267229214,0.0,0.0
5935.404399999999,3228.663513037541,4539.932258313617,0.0,0.0
6514.290239999998,3253.282568407567,4245.677389719217,0.0,0.0
6303.4858399999985,3134.8084174660385,3425.9673986348134,0.0,0.0
5665.030319999998,2880.637982132333,2501.1663830524094,0.0,0.0
4990.61792,2594.4912845262397,1597.383572369606,0.0,0.0
4587.73392,2408.0831785839973,714.6189665864028,0.0,0.0
4148.750159999999,2226.286269796099,210.18204899600082,0.0,0.0
3752.55896,2004.5218699546442,0.0,0.0,32.92353771983841
3448.4539199999995,1829.9672781984536,0.0,0.0,495.0210522252508
3205.512799999999,1727.3067959969376,0.0,0.0,712.6926190051387
3005.4920799999995,1674.8546056654548,0.0,0.0,740.4912525143953
2931.0027199999995,1658.5671935081696,0.0,0.0,405.81430165097913
2941.2712799999995,1672.527021989577,0.0,0.0,0.0
3053.99984,1719.0503276378363,0.0,0.0,0.0
3197.237039999999,1788.2977149870337,0.0,0.0,0.0
3315.3273599999993,1828.9006463128594,0.0,0.0,0.0
3460.0835999999995,1876.330305385181,0.0,0.0,0.0
3596.7934399999995,1955.0369587517027,0.0,0.0,0.0
3721.1140799999994,2030.7820065635426,0.0,0.0,0.0
3827.9356799999996,2119.889739208073,0.0,0.0,0.0
4077.742559999999,2269.4352173913944,0.0,0.0,0.0
4395.815999999999,2420.9692832124865,420.36409799200163,0.0,0.0
4432.265439999999,2534.972657952695,2375.057153654809,0.0,0.0
4495.068719999999,2655.3715688260754,4497.895848514418,0.0,0.0
5027.52232,2853.8473663675672,6074.261215984423,0.0,0.0
6063.229359999999,3127.2285227896873,6851.934797269627,0.0,0.0
7007.624799999998,3382.5450200430196,6683.789158072826,0.0,0.0
7653.9274399999995,3582.7030322338665,5695.9335277916225,0.0,0.0
7732.609199999998,3700.4069955239625,4119.568160321616,0.0,0.0
7289.064559999999,3691.5987721070205,2375.057153654809,0.0,0.0
7026.996319999998,3704.8111072324336,1198.0376792772047,0.0,0.0
7313.429359999998,3819.105252632944,63.05461469880024,0.0,0.0
7818.566559999998,3887.637769675839,0.0,0.0,0.0
8271.338239999997,3926.127294738985,0.0,0.0,0.0
8219.93528,3932.5937505454003,0.0,0.0,0.0
8364.315519999998,4025.604902005297,0.0,0.0,0.0
8407.59688,4080.1946112883625,0.0,0.0,0.0
8326.486159999999,3960.5942559357136,0.0,0.0,0.0
7975.467599999999,3952.458351021128,0.0,0.0,0.0
7836.945439999998,4126.11935489444,0.0,0.0,0.0
8353.475439999998,4378.017523897397,0.0,0.0,0.0
9388.618479999997,4571.9388600231405,0.0,0.0,0.0
10006.675999999998,4629.895835391847,0.0,0.0,0.0
10334.44272,4770.011833820606,0.0,0.0,6836.374977911244
10487.079919999996,4919.494902691472,0.0,0.0,6836.374977911244
10632.501679999998,4967.928784336933,231.20025389560087,0.0,0.0
10765.030399999998,5053.748680929858,1975.7112605624077,0.0,0.0
10907.549439999999,5118.736632704003,4245.677389719217,0.0,0.0
11686.865839999997,5226.079231733107,5990.188396386023,0.0,0.0
12153.77888,5263.995725836438,7062.116846265628,0.0,6836.374977911244
12001.077759999998,5101.769810077038,6578.698133574825,0.0,0.0
11133.326159999999,4899.3480419162315,3636.149447630814,0.0,0.0
10385.093679999994,4671.494478930022,2269.9661291568086,0.0,0.0
10001.013439999999,4591.368013705149,1240.0740890764048,0.0,0.0
9878.60664,4536.172650412576,336.2912783936013,0.0,0.0
9796.379199999996,4514.214501182677,0.0,0.0,0.0
9783.106399999999,4585.146939968158,0.0,0.0,0.0
9994.256719999998,4606.947647523456,0.0,0.0,0.0
9959.660959999997,4597.0543531058765,0.0,0.0,0.0
9826.763759999998,4635.857343124761,0.0,0.0,0.0
9857.09944,4666.1599011085855,0.0,0.0,6836.374977911244
9783.042479999998,4737.593032787171,0.0,0.0,6836.374977911244
9313.568879999997,4781.097997142154,0.0,0.0,6836.374977911244
8864.591039999998,4783.38161062062,0.0,0.0,6836.374977911244
8842.079919999998,4785.9191165293005,0.0,0.0,1779.1663670223486
8260.430479999999,4641.123838059883,0.0,0.0,0.0
8000.317439999997,4504.102774171504,0.0,0.0,0.0
7964.683919999998,4472.363383607752,0.0,0.0,0.0
8021.035039999998,4489.42098341647,0.0,0.0,0.0
7925.207679999999,4386.642774557368,210.18204899600082,0.0,0.0
7691.880879999999,4261.702167809424,1471.2743429720058,0.0,0.0
7881.520239999998,4244.90129721785,3446.9856035344133,0.0,0.0
8948.999279999998,4379.864272188679,5758.988142490422,0.0,0.0
10541.712719999996,4492.91023134009,7398.408124659228,0.0,6196.27799001737
11163.62424,4530.561485865487,7125.171460964428,0.0,0.0
11224.141439999996,4525.282225389181,6032.224806185222,0.0,0.0
10766.101999999997,4466.759311027987,4750.114307309618,0.0,0.0
9964.932479999998,4392.296490908405,3068.657915341612,0.0,0.0
9391.461039999998,4322.829252572149,1345.1651135744053,0.0,0.0
8874.081279999999,4238.948299845723,63.05461469880024,0.0,0.0
8420.335759999998,4151.690152279404,0.0,0.0,0.0
7850.304719999998,3965.1246046625597,0.0,0.0,0.0
7199.147919999999,3784.740415765687,0.0,0.0,0.0
6362.901359999998,3492.2563361584835,0.0,0.0,0.0
5693.752959999999,3157.155206505316,0.0,0.0,0.0
5045.886159999998,2810.1580108621497,0.0,0.0,0.0
4421.549439999999,2447.511680120897,0.0,0.0,0.0
3936.0431999999996,2146.4392280838088,0.0,0.0,0.0
3552.760079999999,1893.1368495506144,0.0,0.0,0.0
3101.3495199999993,1640.3564398124986,0.0,0.0,0.0
2723.4244,1431.2937534490975,0.0,0.0,0.0
2438.01784,1264.855209098984,0.0,0.0,80.66473483445772
2247.9648799999995,1135.8097716636596,0.0,0.0,1019.1246599942314
2111.4317599999995,1031.7082017018192,168.14563919680066,0.0,1450.219925035661
1859.1996799999997,912.0511106105748,966.8374253816037,0.0,1348.3823259967762
1421.8740799999996,770.1465180225944,1933.6748507632074,0.0,1012.5948532546535
1052.4578399999996,665.3400065087058,2837.457661446011,0.0,371.0134959107132
1100.0782399999996,683.9592575222638,3047.6397104420116,0.0,0.0
1404.9954399999995,833.1855971759859,2375.057153654809,0.0,0.0
1860.3163999999997,1067.7141198079496,1492.2925478716056,0.0,68.68384031895114
2437.0778399999995,1271.276276314523,882.7646057832035,0.0,0.0
3053.1876799999995,1517.6682418867924,420.36409799200163,0.0,0.0
4352.079679999999,2031.37915021226,84.07281959840033,0.0,0.0
6048.836079999999,2786.4949526874575,0.0,0.0,0.0
7468.9166399999995,3658.7714737557008,0.0,0.0,0.0
9026.51544,4412.165346564527,0.0,0.0,0.0
10392.203839999996,4815.481273124456,0.0,0.0,0.0
10778.949919999995,4861.984721264205,0.0,0.0,0.0
10558.00104,4498.097296241177,0.0,0.0,0.0
10917.524719999998,4284.917013649212,0.0,0.0,0.0
11856.644879999996,4317.654953212246,0.0,0.0,0.0
12615.179759999997,4400.907557633726,0.0,0.0,0.0
13128.393439999998,4574.130277926389,0.0,0.0,0.0
13200.201919999996,5031.566425532506,0.0,0.0,0.0
12766.053519999998,5126.336384888862,0.0,0.0,0.0
12144.912799999995,4996.559056425656,0.0,0.0,0.0
11593.629119999998,4698.666642536841,0.0,0.0,0.0
11128.129839999996,4309.292105343278,147.12743429720058,0.0,0.0
10222.522559999998,3885.264797409084,1029.892040080404,0.0,0.0
9115.81544,3397.699135821861,2648.2938173496104,0.0,0.0
7657.161039999998,2888.9299103280564,4056.513545622816,0.0,0.0
5621.7264,2352.083586196835,4161.604570120816,0.0,0.0
3754.660799999999,1835.2068236577422,3825.3132917272146,0.0,0.0
2323.4844799999996,1347.777327843147,3699.204062329614,0.0,0.0
1411.7371199999998,1031.118150020427,2795.421251646811,0.0,0.0
1055.8380799999998,866.3604019262036,1177.0194743776046,0.0,1331.3576150090464
923.7455199999997,822.8015386195558,441.38230289160174,0.0,2606.7244684395555
933.65688,769.8472370015032,0.0,0.0,3427.4062407007837
1386.7594399999998,835.9613931867677,0.0,0.0,2985.430645307346
2095.26376,1026.7906315590599,0.0,0.0,2001.0197712889517
2725.87592,1344.682393302766,0.0,0.0,885.9566781921276
3395.009279999999,1725.8359219738509,0.0,0.0,0.0
4017.514879999999,2076.004645404502,0.0,0.0,0.0
4767.642399999999,2501.0390126987636,0.0,0.0,0.0
5878.887839999999,2995.805857907214,0.0,0.0,0.0
6840.297279999999,3368.552568511919,0.0,0.0,0.0
6986.008559999998,3588.2390219273166,0.0,0.0,0.0
6890.105999999999,3880.9713203908755,0.0,0.0,0.0
7491.8676799999985,4204.126740282773,0.0,0.0,0.0
7993.323839999999,4323.38668120385,0.0,0.0,0.0
7825.635359999998,4299.954821163934,0.0,0.0,0.0
7486.878159999999,4193.16114040574,252.21845879520097,0.0,0.0
7168.533999999999,3989.55643209522,2038.7658752612078,0.0,0.0
6697.98504,3667.9045092761007,4581.968668112818,0.0,0.0
6193.426879999999,3233.003797040092,6999.062231566827,0.0,0.0
4972.521039999999,2758.193747882588,8134.045296145232,0.0,0.0
3767.7831999999994,2329.715521255583,7923.863247149231,0.0,0.0
2800.271279999999,1926.5598731571877,6999.062231566827,0.0,0.0
2078.23096,1588.1936017478522,5422.696864096821,0.0,0.0
1532.9256799999998,1363.6945393060973,3341.894579036413,0.0,0.0
1405.7474399999994,1320.3612005603663,1198.0376792772047,0.0,1364.7023654489758
1621.9173599999995,1359.5953821925766,21.018204899600082,0.0,2484.0879022073004
1742.8088799999996,1333.4203491915714,0.0,0.0,2439.0426675215244
1647.0567199999996,1232.9229170240067,0.0,0.0,2482.9756907965793
1549.7253599999997,1177.3743737586776,0.0,0.0,2424.3499155155127
1476.6911199999997,1094.9798973834522,0.0,0.0,2185.084307922309
1218.39416,885.4278652746656,0.0,0.0,2215.560534129274
1032.0372799999998,761.0063905348692,0.0,0.0,2245.912859313621
975.6748799999998,677.3708198778686,0.0,0.0,2104.48974409099
959.80768,612.2481207245595,0.0,0.0,2119.284724632883
969.0610399999997,585.7610411612791,0.0,0.0,2060.2196061866985
966.0417599999998,569.1913687044813,0.0,0.0,2066.7486847233545
790.4121599999997,515.0995155275904,0.0,0.0,2459.9273398918476
605.5668,454.3298659180163,0.0,0.0,3213.515883028614
527.8927199999998,390.84257442972086,0.0,0.0,4310.787999877591
480.3024,321.5228490138142,21.018204899600082,0.0,4908.859799117734
372.0595199999999,243.67857887394297,315.2730734940012,0.0,5104.341377336193
281.6503199999999,201.35513627521087,945.8192204820036,0.0,4711.95020906801
349.2024799999999,242.30131881953872,1555.347162570406,0.0,3791.4739978574507
527.0128799999999,350.455238910558,2017.7476703616078,0.0,2784.6903982448944
799.7482399999998,512.7960445406155,2038.7658752612078,0.0,2243.6655798531688
1139.3852799999997,695.7021370180548,1723.4928017672066,0.0,1937.419315597124
1381.31872,826.7304885172898,1240.0740890764048,0.0,1890.9789945198736
1491.6709599999995,901.5748564789275,798.691786184803,0.0,2101.7049772686614
1551.55648,937.5878665523818,336.2912783936013,0.0,2683.9926794056755
1648.0568799999999,1012.6960556984881,0.0,0.0,2984.271416836797
1764.9101599999995,1184.3216649496894,0.0,0.0,2635.6584531452345
1936.9677599999998,1406.2704559415793,0.0,0.0,2099.2866450864826
2202.780959999999,1650.5163922014763,0.0,0.0,1384.7268665165213
2548.2610399999994,1893.270178536314,0.0,0.0,403.0553914134834
2875.215599999999,2157.080015857383,0.0,0.0,0.0
3011.4291199999993,2322.1725048093194,0.0,0.0,0.0
3076.9471199999994,2408.486002328025,0.0,0.0,0.0
3112.569359999999,2413.0603212522824,0.0,0.0,0.0
3129.3201599999993,2332.05728886611,0.0,0.0,0.0
3184.7463199999997,2117.495491039346,0.0,0.0,0.0
3367.079999999999,1980.9396602074496,0.0,0.0,0.0
3580.0087999999996,1941.9196559884376,0.0,0.0,0.0
3705.35592,1922.6394336202425,0.0,0.0,0.0
3821.5098399999993,1887.1824337850232,42.036409799200165,0.0,0.0
3664.1876799999995,1763.3623578743386,840.7281959840033,0.0,0.0
3411.7111999999993,1734.0257258401025,2185.8933095584084,0.0,0.0
3624.1662399999996,1853.0133352159205,3615.1312427312137,0.0,0.0
3868.9459999999995,2003.6254452848361,5527.787888594821,0.0,0.0
4037.4804799999993,2111.8843264922566,6830.916592370027,0.0,0.0
4044.0116,2092.8196999307247,6473.607109076825,0.0,0.0
3915.7241599999998,1961.9388613518374,5338.6240444984205,0.0,0.0
3665.992479999999,1845.4532980480783,3636.149447630814,0.0,0.0
3412.8918399999993,1760.1043080854956,1576.365367470006,0.0,0.0
3338.2069599999995,1669.7356236506814,21.018204899600082,0.0,596.6162891981216
3194.5110399999994,1502.8290094571555,0.0,0.0,914.9842579451358
2873.8695199999993,1324.2688745561272,0.0,0.0,1280.3282996331507
2426.046,1135.0410024056914,0.0,0.0,1723.8395820324367
2021.7294399999996,990.5960671221,0.0,0.0,1879.841149651284
1834.1355199999998,937.1453277913374,0.0,0.0,1682.8363980158738
1805.4391999999998,951.3221704728726,0.0,0.0,1398.1112859940424
1855.2103199999997,1003.991375004483,0.0,0.0,1013.9198739010975
2009.8478399999995,1082.845541291353,0.0,0.0,698.1171208916256
2189.6096799999996,1194.335522811784,0.0,0.0,335.6261147775948
2465.1763199999996,1350.5488686735341,0.0,0.0,0.0
2798.6206399999996,1548.0601586589041,0.0,0.0,0.0
3174.838719999999,1779.4937467504865,0.0,0.0,0.0
3549.537759999999,1996.2384521197098,0.0,0.0,0.0
3801.649519999999,2133.595675259266,63.05461469880024,0.0,0.0
3684.0856,2172.4908608533688,735.6371714860029,0.0,0.0
3349.9682399999997,2163.4528576951157,1681.4563919680065,0.0,0.0
3064.024,2146.185335653594,2774.4030467472107,0.0,0.0
3323.4527199999993,2240.5609816267115,3846.331496626815,0.0,0.0
3669.35392,2414.8035268206268,3972.440726024415,0.0,0.0
4187.120959999999,2654.31061051434,3468.0038084340135,0.0,0.0
4651.51856,2723.09701998745,2564.22099775121,0.0,0.0
5298.208479999999,2855.705461806568,1113.9648596788043,0.0,0.0
6645.675919999998,3171.946213557147,294.25486859440116,0.0,0.0
8546.13408,3650.713580481683,0.0,0.0,0.0
9939.894639999999,4029.6317210521083,0.0,0.0,0.0
10650.508319999997,4192.032099207691,0.0,0.0,0.0
10839.448319999998,4271.20256723723,0.0,0.0,0.0
11070.898879999997,4383.475501950278,0.0,0.0,0.0
11335.095279999998,4634.027615555059,0.0,0.0,0.0
11466.146319999996,4967.029522880194,0.0,0.0,0.0
10982.482479999997,5054.131647165376,0.0,0.0,0.0
10410.033759999997,4974.620764704265,0.0,0.0,0.0
9609.503439999997,4782.408592703709,0.0,0.0,0.0
9118.135359999998,4617.551557066943,0.0,0.0,0.0
8396.136399999998,4333.14948342266,0.0,0.0,0.0
7830.245119999999,4027.932485681175,0.0,0.0,0.0
7699.0474399999985,3826.151831366497,0.0,0.0,0.0
7375.375359999999,3603.7675935808875,84.07281959840033,0.0,0.0
6698.443759999999,3284.6631054247046,798.691786184803,0.0,0.0
6024.260719999999,2980.268775892853,1723.4928017672066,0.0,0.0
5818.468399999998,2765.749529870035,3152.730734940012,0.0,0.0
6138.602319999999,2690.482480655862,5107.423790602819,0.0,0.0
6163.730399999999,2617.8196018432195,5885.097371888023,0.0,0.0
5516.220799999999,2424.5720026132963,4140.5863652212165,0.0,0.0
4511.582639999999,2210.813015487658,2206.9115144580082,0.0,0.0
3802.736159999999,2026.935323486772,1092.9466547792042,0.0,0.0
3952.8691999999996,2056.459183458374,231.20025389560087,0.0,0.0
4576.6532,2163.6060441893237,0.0,0.0,0.0
4646.3222399999995,2164.1393601321206,0.0,0.0,0.0
4637.520079999999,2140.7188472399234,0.0,0.0,0.0
4398.425439999999,2100.7712136948753,0.0,0.0,0.0
4139.504319999999,2003.9545125686898,0.0,0.0,0.0
3896.7136,1864.3080023768075,0.0,0.0,0.0
3608.3817599999993,1697.931867339149,0.0,0.0,0.0
3417.170719999999,1552.5876705988198,0.0,0.0,0.0
3407.1014399999995,1480.6283149447609,0.0,0.0,0.0
3450.0331199999996,1445.6223642313755,0.0,0.0,0.0
3320.2491999999993,1397.7473296110795,0.0,0.0,0.0
3206.2046399999995,1337.6514168973263,0.0,0.0,0.0
3097.6007999999997,1289.8742514261078,0.0,0.0,0.0
3013.0609599999993,1229.4109748049489,0.0,0.0,191.75678499615117
2857.9684799999995,1148.7284993418407,84.07281959840033,0.0,750.7846872046259
2491.8723199999995,1036.6924363374285,987.8556302812038,0.0,651.6974767719176
2038.9201599999997,903.0655880105223,2648.2938173496104,0.0,0.0
1747.3998399999996,772.1563815623376,3867.3497015264147,0.0,0.0
1626.0420799999997,639.5521949236143,4645.023282811618,0.0,0.0
1437.0005599999997,525.8835610411184,4813.168922008419,0.0,0.0
1203.79408,429.1462899489661,4581.968668112818,0.0,0.0
888.0631199999998,322.4008345685786,2984.5850957432112,0.0,232.28311819269035
543.414,226.9301888405695,1324.1469086748052,0.0,2423.631444927902
371.9467199999999,184.9812021165673,294.25486859440116,0.0,4005.5377188122843
234.43223999999995,184.57128640521523,0.0,0.0,4759.842111115439
129.99071999999995,205.62166381758774,0.0,0.0,4859.228809030289
80.03911999999998,231.3499028771542,0.0,0.0,4778.673409387753
119.77479999999997,254.40730704234034,0.0,0.0,4573.049471447899
281.62775999999997,318.61656080426286,0.0,0.0,4028.4461107241195
502.3510399999999,435.2921888323169,0.0,0.0,3356.393529176242
680.5675199999998,551.8926420067321,0.0,0.0,2836.0351377678544
948.6968799999999,688.075435357363,0.0,0.0,2158.6519630237763
1365.8087199999998,895.0502465404518,0.0,0.0,1479.6709711628107
1907.1659999999997,1103.2817543334297,0.0,0.0,623.770933442086
2060.8672799999995,1135.2268119495914,0.0,0.0,370.54701306937244
2230.37184,1175.0723211651678,0.0,0.0,203.29612105076384
2375.571759999999,1206.267048638405,0.0,0.0,207.95818444037084
2440.3866399999997,1218.676573062692,0.0,0.0,749.004911500392
2497.9409599999994,1276.0803749800916,63.05461469880024,0.0,953.2913602626903
2275.604639999999,1271.6266195003498,924.8010155824035,0.0,689.3123837378059
2001.6923999999997,1192.8462096736537,2059.784080160808,0.0,0.0
2036.2430399999996,1147.2760644337977,3194.767144739212,0.0,0.0
2108.7922399999998,1109.223404557837,3846.331496626815,0.0,0.0
2097.9709599999996,1080.3917205971002,3446.9856035344133,0.0,0.0
1966.3671999999997,1049.931720938674,2816.439456546411,0.0,0.0
1744.5008799999998,948.6782850543249,1954.6930556628076,0.0,5.292381200393754
1592.9728799999993,856.058610190737,1177.0194743776046,0.0,1183.147437284881
1514.8927199999996,805.236153950408,336.2912783936013,0.0,2518.0225389389257
1524.2175199999995,734.9958911757905,0.0,0.0,3184.747625479454
1328.6335999999997,660.8167497491845,0.0,0.0,3387.0636411857986
1191.5251999999996,643.4598689193749,0.0,0.0,3430.9965732942123
1340.1993599999998,695.1787498295118,0.0,0.0,3058.8612425923957
1518.5060799999999,741.3105788814628,0.0,0.0,2472.1604537324906
1738.5412799999997,801.7128645836314,0.0,0.0,1793.7568365264945
1796.4565599999996,864.7150655069358,0.0,0.0,1407.9355200047605
1776.2239999999993,896.6005505975722,0.0,0.0,1136.7718633572356
1785.2254399999995,940.7168425359203,0.0,0.0,949.3246054721726
1833.1842399999998,1001.5191151951867,0.0,0.0,771.4678611888952
1940.6713599999998,1095.805402380016,0.0,0.0,565.2886649401463
1940.2351999999996,1156.9083744538382,0.0,0.0,691.335032182933
2100.6631199999993,1270.2507778394104,0.0,0.0,973.2848030360822
2642.1106399999994,1518.673882853397,0.0,0.0,1246.3473168650096
3070.4648799999995,1794.3741125906051,42.036409799200165,0.0,1080.8436613425167
3227.8171199999992,2007.3770959994595,1071.9284498796042,0.0,0.0
3320.6402399999993,2173.1504138145415,3005.6033006428115,0.0,0.0
4079.4007199999996,2508.7706754758565,5086.40558570322,0.0,0.0
5190.225039999998,2904.021616794443,6389.534289478424,0.0,0.0
6463.612959999999,3218.5092342224234,6704.807362972426,0.0,0.0
7355.195439999999,3388.866799716016,6305.461469880024,0.0,0.0
7468.499279999999,3410.610771532718,4792.150717108819,0.0,0.0
7022.811439999999,3335.9663970496294,2501.1663830524094,0.0,0.0
6843.485759999999,3364.06760837595,588.5097371888023,0.0,0.0
6623.0632799999985,3373.9694131543188,0.0,0.0,0.0
6322.925039999999,3351.103492106892,0.0,0.0,0.0
6137.218639999999,3311.503364960741,0.0,0.0,0.0
6001.790959999998,3255.007334860868,0.0,0.0,0.0
6117.918559999998,3233.678952329378,0.0,0.0,0.0
6190.302319999999,3238.1156870875416,0.0,0.0,0.0
6182.842479999999,3201.9466537329495,0.0,0.0,0.0
6048.508959999998,3115.5324502782373,0.0,0.0,0.0
5749.976239999999,2963.38705687378,0.0,0.0,0.0
5506.437279999998,2799.4562321695853,0.0,0.0,0.0
5348.378159999999,2753.4860999726316,0.0,0.0,0.0
4881.066559999999,2564.3873016275,0.0,0.0,0.0
4220.660159999999,2278.351238711668,0.0,0.0,0.0
3740.985679999999,2050.84092694396,0.0,0.0,0.0
3497.7399999999993,1930.7781753217582,21.018204899600082,0.0,620.1488455519454
3370.7685599999995,1906.428614710061,609.5279420884024,0.0,412.15646510374347
3216.454399999999,1916.1942537158006,1534.328957670806,0.0,0.0
3041.1819999999993,1909.9887823069248,2606.25740755041,0.0,0.0
3107.1173599999997,1853.119714725787,4161.604570120816,0.0,0.0
2913.9473599999997,1736.7845011293057,4392.804824016417,0.0,0.0
2429.2946399999996,1526.2254096604495,4308.732004418016,0.0,0.0
1938.1897599999998,1302.22136653794,3678.185857430014,0.0,0.0
1704.1372799999997,1200.4005732676364,2375.057153654809,0.0,27.39491102449925
1837.3202399999998,1206.2755589991941,903.7828106828034,0.0,1615.618904304818
2220.6108799999997,1299.310823147994,0.0,0.0,2350.3823786978246
2506.6453599999995,1421.1692608967412,0.0,0.0,1889.5052765930445
2697.540559999999,1507.6160874011455,0.0,0.0,1481.517599262762
2874.54632,1551.0756631652516,0.0,0.0,1042.7703025927788
3056.913839999999,1593.0643649062706,0.0,0.0,393.0413281484159
3149.4135999999994,1631.8957227944538,0.0,0.0,0.0
3191.5293599999995,1686.3336639767767,0.0,0.0,0.0
3193.307839999999,1749.7698933003364,0.0,0.0,0.0
3353.645519999999,1845.7639262168886,0.0,0.0,0.0
3808.695759999999,1942.794804756272,0.0,0.0,0.0
4175.731919999999,1990.1436154010953,0.0,0.0,0.0
4349.782319999999,2039.4951976183372,0.0,0.0,0.0
4371.086479999999,2010.908895727025,0.0,0.0,0.0
4258.335359999999,2019.6391075033985,0.0,0.0,0.0
4359.637279999999,2102.0009608289315,21.018204899600082,0.0,0.0
4404.584319999998,2127.6270755590263,567.4915322892022,0.0,0.0
4244.333119999998,2090.961604491724,1576.365367470006,0.0,0.0
4512.72568,2133.7290042449654,2396.0753585544094,0.0,0.0
4774.444239999999,2253.7023970788796,3110.694325140812,0.0,0.0
4552.6230399999995,2254.5832194205736,3972.440726024415,0.0,0.0
4561.917759999999,2248.4628516195908,3573.094832932014,0.0,0.0
4554.0142399999995,2273.7854301482,2585.23920265081,0.0,0.0
4115.132,2147.0392085194553,1029.892040080404,0.0,0.0
3942.412639999999,2108.497202898109,210.18204899600082,0.0,0.0
4081.953759999999,2310.1487834074815,0.0,0.0,0.0
4328.82032,2534.905993459846,0.0,0.0,0.0
4883.42408,2847.793663059434,0.0,0.0,0.0
5447.22856,3037.5747086611755,0.0,0.0,0.0
5671.907359999999,3127.4270978747704,0.0,0.0,0.0
6133.578959999999,3253.9818363857557,0.0,0.0,0.0
7059.339839999998,3495.2349624347444,0.0,0.0,0.0
8268.273839999998,3664.523059255813,0.0,0.0,0.0
8683.178559999998,3810.742404763977,0.0,0.0,0.0
9060.141119999998,4036.136473482075,0.0,0.0,0.0
9522.658719999998,4152.248999304569,0.0,0.0,0.0
9961.356719999998,4166.549242217549,0.0,0.0,0.0
9847.763359999999,4177.256694483974,0.0,0.0,0.0
9415.897279999997,4094.535987611824,0.0,0.0,0.0
8916.403839999999,3885.619395775307,0.0,0.0,0.0
8372.62512,3731.855615427414,924.8010155824035,0.0,0.0
8041.440559999999,3772.2628084550847,3320.876374136813,0.0,0.0
8768.748639999998,4058.449221078196,5485.751478795622,0.0,0.0
9999.930559999997,4339.693950869644,5107.423790602819,0.0,0.0
10523.627119999996,4419.081433099311,4560.9504632132175,0.0,0.0
10297.891759999999,4227.981281575226,3783.2768819280145,0.0,0.0
9097.981759999999,3845.9653696774894,2459.1299732532098,0.0,0.0
7566.76312,3476.5320262067576,1198.0376792772047,0.0,0.0
5991.048639999999,3062.1001500625184,294.25486859440116,0.0,0.0
4846.993439999999,2694.082363269743,0.0,0.0,0.0
4480.694239999999,2538.1115626904875,0.0,0.0,0.0
4578.4429599999985,2565.9446976519453,0.0,0.0,0.0
4964.77168,2683.272786673847,0.0,0.0,0.0
6211.155279999999,2958.7914620475494,0.0,0.0,0.0
8071.569439999997,3360.1883022494862,0.0,0.0,0.0
10356.074,3750.3202615532996,0.0,0.0,0.0
12515.927039999999,4170.863995137733,0.0,0.0,0.0
14055.56808,4524.773022135289,0.0,0.0,0.0
14934.667359999996,4829.635421510551,0.0,0.0,0.0
15424.080239999998,4962.026849129543,0.0,0.0,0.0
15488.383759999999,5163.811758624614,0.0,0.0,0.0
14926.109599999998,5124.411624957012,0.0,0.0,0.0
13863.029759999996,4861.594663061363,0.0,0.0,0.0
12298.125279999997,4404.002492174108,0.0,0.0,0.0
10531.331359999996,3922.2947955968625,273.23666369480105,0.0,0.0
9432.85864,3585.4802466381125,777.673581285203,0.0,0.0
8523.160479999999,3326.975200875717,1008.8738351808039,0.0,0.0
7769.336879999999,3051.977075903627,1071.9284498796042,0.0,0.0
7072.522399999998,2802.9142754369773,1177.0194743776046,0.0,0.0
6523.321759999998,2612.553106908098,1050.910244980004,0.0,0.0
6153.92056,2464.495523469441,735.6371714860029,0.0,0.0
6103.5816799999975,2400.3075456094925,336.2912783936013,0.0,0.0
6180.661679999998,2322.2888130734405,63.05461469880024,0.0,0.0
6459.815359999999,2308.499191807819,0.0,0.0,0.0
6598.860159999998,2328.458824645694,0.0,0.0,0.0
6535.575599999999,2351.7729580280247,0.0,0.0,0.0
6447.49008,2370.4673838952212,0.0,0.0,0.0
6259.245679999999,2412.6106905239135,0.0,0.0,0.0
6047.993839999998,2607.574545846348,0.0,0.0,0.0
5908.652,2924.0124542885455,0.0,0.0,0.0
6270.8189600000005,3330.699902114508,0.0,0.0,0.0
6982.030479999998,3719.4304886750137,0.0,0.0,0.0
7819.423839999999,4146.910166302739,0.0,0.0,0.0
9257.552399999997,4544.986547403379,0.0,0.0,0.0
10325.50144,4890.7823637817855,0.0,0.0,0.0
10799.787839999997,5117.01470303763,0.0,0.0,0.0
11059.573759999997,5248.081351160418,0.0,0.0,0.0
10902.101199999997,5339.051434424344,0.0,0.0,0.0
10599.748319999997,5338.511026514223,735.6371714860029,0.0,0.0
10613.013599999997,5288.447410777608,2122.8386948596085,0.0,0.0
10635.833039999996,5239.765310275791,4056.513545622816,0.0,0.0
10945.7172,5255.717981575364,6830.916592370027,0.0,0.0
11107.115199999998,5268.628198892756,6662.770953173226,0.0,0.0
11043.875759999997,5249.5578987573645,5338.6240444984205,0.0,0.0
10881.161759999997,5169.370442613502,3594.1130378316143,0.0,0.0
10479.093679999998,5039.387447097886,1996.7294654620077,0.0,0.0
10125.100959999998,4891.501489268482,483.41871269080184,0.0,0.0
9732.643439999998,4724.407647137592,0.0,0.0,0.0
9435.780159999998,4628.615026093054,0.0,0.0,0.0
9255.631039999998,4645.120870843932,0.0,0.0,0.0
9078.335759999996,4706.846517648839,0.0,0.0,0.0
8972.63464,4716.339825109321,0.0,0.0,0.0
9123.327919999998,4664.215283668226,0.0,0.0,0.0
9229.205759999999,4551.841643019172,0.0,0.0,0.0
9045.619999999997,4419.457307367506,0.0,0.0,0.0
8659.295039999997,4257.254085903543,0.0,0.0,0.0
8032.017999999997,4074.213246046939,0.0,0.0,0.0
7292.095119999998,3875.8608487368915,0.0,0.0,0.0
6338.807279999998,3606.237016603254,0.0,0.0,0.0
5478.703519999998,3333.3707370088887,0.0,0.0,0.0
4776.81304,3077.3719924989455,0.0,0.0,0.0
4204.680159999999,2824.0327357356646,0.0,0.0,0.0
3571.2066399999994,2518.5221305469477,924.8010155824035,0.0,0.0
3083.1962399999993,2234.250549101434,2459.1299732532098,0.0,0.0
2822.7635999999993,2026.3225775099413,3762.2586770284142,0.0,0.0
2657.45896,1863.1449197356005,4371.786619116817,0.0,0.0
2649.769759999999,1764.339630971645,4371.786619116817,0.0,0.0
2688.3774399999998,1707.165608795557,4035.4953407232156,0.0,0.0
2593.0275999999994,1632.1467784377385,3215.7853496388125,0.0,0.0
2402.4895999999994,1554.7606493870253,1933.6748507632074,0.0,0.0
2303.0225599999994,1483.6239619426,504.43691759040195,0.0,903.7117176709411
2351.879999999999,1418.9664958457734,0.0,0.0,1956.4455323722516
2318.9010399999993,1332.976392037062,0.0,0.0,2072.736973213888
2214.0609599999993,1234.7739204956827,0.0,0.0,2190.601224793771
2072.51576,1129.4156539239536,0.0,0.0,2299.4210555182212
1895.2016799999997,1016.3001934927631,0.0,0.0,2260.9350315403144
1750.65976,925.8265479415473,0.0,0.0,2111.822061642081
1704.1560799999995,869.8652521779368,0.0,0.0,1950.8504028306347
1717.6243999999997,833.1430453720392,0.0,0.0,1707.5261331445404
1739.5226399999995,817.0854129560654,0.0,0.0,1756.5989337981678
1786.6467199999997,828.3134156241025,0.0,0.0,1668.618405199558
1889.5278399999997,886.4462717824537,0.0,0.0,1539.6159487454306
2086.2247199999997,986.0926678710869,0.0,0.0,1440.7830193450172
2297.8074399999996,1095.0905320737131,0.0,0.0,1689.724980399501
2416.32264,1160.0628815197447,0.0,0.0,2698.554730162594
2399.1281599999998,1170.7079244737138,42.036409799200165,0.0,3387.1417138296483
2240.4185599999996,1103.7810288330697,2627.27561245001,0.0,1346.1332687904098
1895.5776799999996,963.5629060748385,6641.752748273626,0.0,0.0
1575.6768799999998,824.8468619959212,9079.864516627234,0.0,0.0
1504.3383999999999,710.3839277730892,10151.792966506839,0.0,0.0
1390.0983199999998,617.1983139170114,10088.738351808039,0.0,0.0
1341.6544799999995,597.2869064569423,8953.755287229635,0.0,0.0
1365.39512,618.7386892198776,7062.116846265628,0.0,0.0
1390.4028799999996,659.4153770058773,4539.932258313617,0.0,0.0
1522.9240799999998,732.5761119246949,1345.1651135744053,0.0,2474.7909413410807
1665.9544799999996,798.6278587975044,0.0,0.0,4083.1646839083924
1650.3918399999995,799.379607333894,0.0,0.0,4071.081625514908
1469.6787199999999,734.4129314617223,0.0,0.0,4256.866653431138
1192.34112,622.2208451761728,0.0,0.0,4471.288566410127
914.1650399999999,506.7565251671312,0.0,0.0,4474.88928718824
693.5658399999999,415.8672903307039,0.0,0.0,4310.8444319511855
541.0451999999999,345.64546667112967,0.0,0.0,4201.399524497461
484.13759999999985,307.3999052839447,0.0,0.0,3976.9520499354853
523.3769599999998,300.95756216643264,0.0,0.0,3873.0925780497155
626.6303199999999,320.1002003685336,0.0,0.0,3709.8255516955305
731.7148,348.9474866573842,0.0,0.0,3636.885549375491
819.8679999999999,381.69109979427657,0.0,0.0,3721.1153040758686
937.0446399999998,420.98485395201226,0.0,0.0,4094.9722252505853
1069.3214399999997,464.2330890898501,0.0,0.0,5104.744570112355
1184.2646399999999,508.30115565039205,21.018204899600082,0.0,5612.325505671001
1242.0783999999999,539.8504814898504,2122.8386948596085,0.0,3681.6354283918
1204.2151999999999,560.1547839396928,5023.350971004419,0.0,497.2162524306547
1161.5767999999998,565.2042646746869,7230.262485462427,0.0,0.0
1180.9370399999998,577.813782577523,7818.772222651231,0.0,0.0
1238.8636,607.3929598942549,7335.353509960428,0.0,0.0
1292.0187199999996,633.9764902131476,6494.625313976425,0.0,0.0
1315.5826399999999,638.733781894375,4855.205331807619,0.0,0.0
1420.9528799999994,661.0366007362419,2816.439456546411,0.0,973.3998621258178
1531.2449599999998,687.7676439754827,672.5825567872026,0.0,3311.06034375001
1618.3491199999994,721.7353306725716,0.0,0.0,4271.304226661559
1715.0487999999998,776.3321319229619,0.0,0.0,4018.6900982385514
1860.49688,846.4830359092917,0.0,0.0,3668.9726574274187
1981.5425599999996,898.0870269487727,0.0,0.0,3279.413884031508
2075.87344,941.6926972397619,0.0,0.0,2699.9336567897103
2310.301919999999,1029.075663430991,0.0,0.0,1881.6841599624936
2564.5380799999994,1136.388476197333,0.0,0.0,1183.5074487240531
2759.621919999999,1219.5190987808342,0.0,0.0,575.7772975930662
2909.76624,1292.6599761911436,0.0,0.0,146.12462164201415
3071.3221599999997,1380.3592441250426,0.0,0.0,0.0
3217.7591199999997,1464.9380464361923,0.0,0.0,0.0
3220.9814399999996,1477.1887107924124,0.0,0.0,0.0
3147.8569599999996,1459.0276008680125,0.0,0.0,380.344825348683
3017.7158399999994,1430.1264156274963,0.0,0.0,1671.1801077433392
2828.8811199999996,1363.6789369779835,0.0,0.0,2573.7170789927227
2612.008079999999,1283.3056712902207,945.8192204820036,0.0,2235.8861255850256
2387.02096,1217.7191574738938,3278.839964337613,0.0,3.72003150509346
2224.84464,1179.1700598852235,5296.587634699221,0.0,0.0
2136.63128,1151.338343317231,6725.825567872026,0.0,0.0
2227.7436,1153.318420594212,7188.226075663229,0.0,0.0
2204.9279199999996,1127.0653759526376,6620.734543374026,0.0,0.0
2003.7792,1063.305752919084,5128.44199550242,0.0,0.0
1771.3021599999997,982.3126492871658,2795.421251646811,0.0,161.1779427318175
1724.6856799999998,934.3780421413448,483.41871269080184,0.0,2869.602705118061
1653.1742399999998,867.8043264734575,0.0,0.0,3942.4430949446196
1546.2247999999997,811.8969296615124,0.0,0.0,4023.4979929357282
1488.8020799999997,782.7688014666146,0.0,0.0,3982.282961553033
1499.1420799999999,790.7430095262033,0.0,0.0,3771.4895986823403
1603.4557599999998,843.6859639965365,0.0,0.0,3197.940710288576
1789.6960799999995,923.009618520284,0.0,0.0,2443.9548439453397
2075.4147199999998,1039.9958747171481,0.0,0.0,1685.9446217507275
2407.2986399999995,1171.3079049093606,0.0,0.0,908.7090656038052
2707.726399999999,1296.735020615761,0.0,0.0,733.1842212528884
2887.123519999999,1396.572899822154,0.0,0.0,373.11731966218156
2854.8439199999993,1478.9234059999678,0.0,0.0,341.7781571445078
2745.2775199999996,1548.1665381687703,0.0,0.0,491.6578805915126
2853.64072,1688.0130418392016,0.0,0.0,611.2627602890897
3208.874239999999,1926.4364729257427,0.0,0.0,1151.1088206246561
3866.8178399999997,2261.807097337238,0.0,0.0,1095.438366582381
4557.6990399999995,2615.5969792837427,273.23666369480105,0.0,148.98169818894692
5091.97624,2925.393969523345,966.8374253816037,0.0,0.0
5732.101199999998,3196.7737727665103,1597.383572369606,0.0,0.0
6278.745039999999,3395.287866931554,1933.6748507632074,0.0,0.0
6470.907359999998,3463.4884799036663,1912.6566458636073,0.0,0.0
6403.129599999999,3392.4085281978364,1597.383572369606,0.0,0.0
6328.519919999999,3317.6549374179517,1071.9284498796042,0.0,0.0
6209.459519999999,3269.450835513802,525.455122490002,0.0,0.0
6160.662239999999,3282.2234686651,63.05461469880024,0.0,0.0
6250.402159999999,3342.7491545987136,0.0,0.0,0.0
6075.689999999999,3329.2928557973405,0.0,0.0,0.0
5520.292879999999,3159.006209976992,0.0,0.0,0.0
4809.758159999999,2899.7522524651367,0.0,0.0,0.0
3952.1247199999993,2612.775794682085,0.0,0.0,0.0
3244.0339999999997,2363.548460573508,0.0,0.0,15.229110550015134
2783.904,2187.5995880413343,0.0,0.0,237.47539620989747
2660.1661599999998,2140.0380183767784,0.0,0.0,11.379145303221451
2738.2951999999996,2205.896863738363,0.0,0.0,0.0
2928.115039999999,2293.962077186203,0.0,0.0,0.0
3122.3378399999992,2385.091020518196,0.0,0.0,0.0
3336.9699199999995,2505.5807085733286,0.0,0.0,0.0
3551.169599999999,2626.690234572616,0.0,0.0,0.0
3762.6282399999996,2738.680908986152,0.0,0.0,0.0
3970.469759999999,2856.9238617929054,0.0,0.0,0.0
4278.910079999999,2985.064364197632,63.05461469880024,0.0,0.0
4360.174959999999,3049.6239611453816,378.3276881928014,0.0,0.0
4383.99832,3138.500495655136,630.5461469880024,0.0,0.0
4440.44344,3152.475926464657,672.5825567872026,0.0,0.0
4540.0232799999985,3129.6483020407823,630.5461469880024,0.0,0.0
4519.5199999999995,3102.789603389702,630.5461469880024,0.0,0.0
4524.11472,3144.3669710259046,651.5643518876025,0.0,0.0
4416.973519999999,3207.8230578579723,441.38230289160174,0.0,0.0
4583.9288,3297.2995728033734,42.036409799200165,0.0,0.0
4786.487519999999,3270.0493975559843,0.0,0.0,0.0
4797.301279999999,3225.192704228966,0.0,0.0,0.0
4579.559679999999,3129.1944161320184,0.0,0.0,0.0
4253.43984,3033.2117303631862,0.0,0.0,0.0
4059.781039999999,3025.69991857315,0.0,0.0,0.0
3836.3655999999996,3042.968859008137,0.0,0.0,0.0
3555.50864,3021.6362212962517,0.0,0.0,0.0
3403.9768799999997,2998.9319971038217,0.0,0.0,0.0
3278.8703999999993,2954.977402020471,0.0,0.0,0.0
3127.8161599999994,2912.2568092515708,0.0,0.0,0.0
3086.2192799999993,2896.487110708969,0.0,0.0,0.0
3058.782559999999,2843.9966237539343,0.0,0.0,0.0
3049.6758399999994,2762.3056705372924,0.0,0.0,0.0
2972.02808,2640.8812611888,0.0,0.0,0.0
2789.085279999999,2440.8579963771167,0.0,0.0,0.0
2573.5959199999993,2255.330712776569,42.036409799200165,0.0,664.8128668493873
2370.58976,2138.830965538161,462.40050779120173,0.0,599.1156797304078
2069.5528799999997,2010.484796081025,819.7099910844032,0.0,535.6474587521994
1754.9235999999996,1909.8441061735064,1198.0376792772047,0.0,392.6017340971847
1460.9931199999994,1791.2621573286456,2059.784080160808,0.0,0.0
1292.5676799999997,1708.257771763519,2753.384841847611,0.0,0.0
1200.3085599999997,1675.5595472175032,2564.22099775121,0.0,0.0
1312.9807199999996,1712.885989639442,1387.2015233736054,0.0,508.3276105890496
1777.8144799999995,1865.9348996810315,147.12743429720058,0.0,1409.5000253352669
2299.0858399999993,2065.431940517242,0.0,0.0,1461.1668522067769
2589.538319999999,2196.4815679184503,0.0,0.0,1012.1723181144029
2733.5763999999995,2249.6089135392185,0.0,0.0,673.7072875577156
2897.7455199999995,2299.5221795685557,0.0,0.0,279.8782634137254
3190.3975999999993,2403.209578638649,0.0,0.0,0.0
3549.977679999999,2515.0172802952143,0.0,0.0,0.0
4084.589519999999,2682.074244196018,0.0,0.0,0.0
4639.166959999999,2887.9781683131177,0.0,0.0,0.0
5275.682319999998,3125.786016635898,0.0,0.0,0.0
5753.755039999999,3357.930219853388,0.0,0.0,0.0
6385.645599999999,3633.8644845123035,0.0,0.0,0.0
6651.752079999999,3815.7223842191925,0.0,0.0,0.0
6860.191439999999,3958.167384717294,0.0,0.0,0.0
7228.59624,4110.699999537665,0.0,0.0,0.0
7680.924239999999,4240.773772235031,0.0,0.0,0.0
7870.097359999999,4274.364166270461,0.0,0.0,0.0
7819.378719999999,4253.695336700143,168.14563919680066,0.0,0.0
7951.035119999999,4253.038620525899,378.3276881928014,0.0,0.0
8228.966799999998,4250.966347673702,525.455122490002,0.0,0.0
8033.025679999998,4209.620178172277,609.5279420884024,0.0,0.0
7855.422079999999,4173.4511448176845,567.4915322892022,0.0,0.0
7792.3593599999995,4151.446188603444,378.3276881928014,0.0,0.0
7850.91008,4164.074145621323,147.12743429720058,0.0,0.0
7932.8968799999975,4219.931898661998,0.0,0.0,0.0
7985.736159999999,4294.708183737321,0.0,0.0,0.0
7968.857519999999,4323.020735689909,0.0,0.0,0.0
7804.229679999999,4287.495652968374,0.0,0.0,0.0
7682.149999999998,4230.952815884161,0.0,0.0,0.0
7508.058239999998,4155.240391122014,0.0,0.0,0.0
7297.674959999999,4058.8875046588455,0.0,0.0,0.0
6971.26184,3914.343281832712,0.0,0.0,0.0
6694.883039999999,3802.284524532862,0.0,0.0,0.0
6525.904879999997,3715.718552977407,0.0,0.0,0.0
6244.446319999998,3609.676620755603,0.0,0.0,0.0
6013.055919999999,3508.8316821891403,0.0,0.0,0.0
5956.294959999999,3416.1836394562542,0.0,0.0,0.0
5812.644159999999,3345.34906981985,0.0,0.0,0.0
5750.656799999999,3325.172422781847,0.0,0.0,0.0
5769.505679999999,3326.1667166007323,0.0,0.0,0.0
5736.240959999998,3287.836051605654,126.10922939760049,0.0,0.0
5740.346879999998,3173.3078712834367,882.7646057832035,0.0,0.0
5523.50016,2953.5760292771643,2185.8933095584084,0.0,0.0
4922.689759999999,2637.562220480967,3446.9856035344133,0.0,0.0
4278.759679999999,2332.3338755917625,3678.185857430014,0.0,0.0
3834.1246399999995,2135.201296661517,2774.4030467472107,0.0,0.0
3636.7772799999993,2061.573910292752,1681.4563919680065,0.0,0.0
3673.399679999999,2105.285960093607,693.6007616868027,102.47850613801415,-8.502441060382988e-12
3911.084319999999,2211.5151202527763,42.036409799200165,647.4861430498813,2.2959732594514527e-11
4175.9537599999985,2289.2615212435703,0.0,717.7074159036916,0.0
4172.682559999999,2263.8283080247006,0.0,635.4249381047061,0.0
3914.6901599999997,2127.9703267775285,0.0,866.8866142987099,0.0
3518.46136,1926.453493647321,0.0,1217.7371889965468,0.0
3107.1474399999993,1726.1508053230552,0.0,1409.5199999999998,12.601857642310781
2795.6051199999997,1559.428582279965,0.0,1394.9530613135757,0.0
2571.3887999999997,1434.4269846130303,0.0,1327.2631382211957,0.0
2436.9951199999996,1349.3021008178996,0.0,1155.1731607926597,0.0
2390.80352,1308.5147783416387,0.0,1187.100518153004,0.0
2384.6935199999994,1281.9794734005525,0.0,1113.9921577237917,0.0
2381.659199999999,1259.8454433810068,0.0,1116.4144599813308,0.0
2339.7915999999996,1219.3006661872419,0.0,1283.9603353898085,0.0
2235.8802399999995,1155.6644433851332,0.0,1409.52,374.14392100056756
2111.9092799999994,1090.71762502147,0.0,1409.52,1713.3693285953138
1996.5148799999997,1035.8924624232332,0.0,1409.52,2848.66304360934
1846.3968799999996,962.3515980558257,315.2730734940012,1409.52,3174.2028104234764
1510.6288799999995,833.8394765632985,1618.4017772692061,1409.52,2296.287459468007
1167.1491199999998,687.4499238393481,3173.7489398396124,1409.5199999999998,1069.1639908902996
905.6824799999998,566.9886036535133,4581.968668112818,1409.52,0.0
717.05832,492.27472789064547,5254.55122490002,1409.5199999999998,0.0
624.4495199999998,459.75805770813486,4771.1325122092185,1409.5199999999998,0.0
603.30328,442.8891042302462,3362.912783936013,1409.52,953.2098525548156
644.5429599999999,440.7927186891447,1555.347162570406,1409.52,2621.062289282623
703.8343999999998,426.2797167564316,126.10922939760049,1409.52,4267.282078071603
649.5024,390.8950549879216,0.0,1409.5199999999998,4874.696533761008
532.9160799999999,351.99845100035395,0.0,1409.52,4920.105880004019
425.3951199999999,311.90046774802784,0.0,1409.52,4916.596805687711
336.5613599999999,268.13735578243643,0.0,1409.52,4802.143147201263
263.9708,228.31312246883334,0.0,1409.52,4499.5911862913
209.36055999999996,204.3082314691034,0.0,1409.52,4060.3478845044224
180.24687999999992,197.31980686761023,0.0,1409.5200000000002,3681.678375813179
166.63943999999995,199.1296769288047,0.0,1409.52,3308.0382103212705
159.68343999999996,214.7504441575938,0.0,1409.52,3098.470624248402
167.35008,244.86151902365788,0.0,1409.52,2939.302027558605
197.78351999999995,286.46583613569277,0.0,1409.52,2824.944836604724
249.69031999999999,334.86567633799643,0.0,1409.52,2809.4695080961587
312.38831999999996,399.582714960348,0.0,1409.5199999999998,3000.2467715352545
401.5416799999999,476.6397767272076,0.0,1409.52,3990.092157526264
532.4385599999999,544.2687771329702,0.0,1409.52,4760.780576908708
667.7045599999998,622.2775809147681,252.21845879520097,1409.52,4701.800504479813
741.0358399999998,704.866377194683,1240.0740890764048,1409.52,3376.049524433117
715.7535999999999,754.0803752458311,1996.7294654620077,1409.52,2313.9011712760635
668.82504,762.4304575736146,2795.421251646811,1409.5199999999998,1260.9237456194537
655.9771199999999,761.7354447758205,3362.912783936013,1409.52,455.1611602624288
680.3456799999999,753.2747277577757,3468.0038084340135,1409.52,249.7024561691621
806.5237599999998,789.7033271164419,2858.4758663456114,1409.52,593.021888754127
1118.8255999999997,919.5487384659623,1429.2379331728057,1409.52,1484.045873337204
1619.6651199999994,1153.525506040085,84.07281959840033,1409.52,2342.818210593434
2163.28592,1428.947730658176,0.0,1409.52,2168.646656927383
2623.4911199999997,1699.5559278564438,0.0,1409.52,1355.2162632202037
2970.700799999999,1922.233773089285,0.0,1409.52,623.876872996773
3227.358399999999,2084.978820856835,0.0,1409.5200000000002,0.0
3472.047919999999,2229.4606343705136,0.0,1409.52,0.0
3661.085679999999,2353.1459629020346,0.0,1409.52,0.0
3821.5511999999994,2470.2414353956947,0.0,1409.52,0.0
4065.9135999999985,2604.5235815033784,0.0,1409.52,0.0
4273.11592,2734.960462927756,0.0,1409.5199999999998,0.0
4341.912639999999,2809.78639177435,0.0,1409.52,0.0
4391.76272,2794.6351127824382,0.0,1409.52,0.0
4450.147999999998,2758.9199653366095,0.0,1409.52,0.0
4509.999679999999,2781.0156987326027,0.0,1409.52,0.0
4328.372879999999,2839.8563332299323,0.0,1409.52,0.0
3891.043519999999,2826.053946423127,0.0,1409.52,0.0
3424.9200799999994,2762.5723285086906,105.09102449800041,1409.52,0.0
2884.9389599999995,2548.204850586616,609.5279420884024,1409.5199999999998,0.0
2322.3038399999996,2237.2447777058073,1429.2379331728057,1409.52,0.0
1809.7406399999998,1934.05324583218,2227.9297193576085,1409.52,0.0
1411.2859199999996,1653.368781459362,2858.4758663456114,1409.52,0.0
1022.4718399999998,1371.2361373588958,2837.457661446011,1409.5200000000002,0.0
803.0645599999998,1156.2871181162182,1975.7112605624077,1409.5200000000002,839.7733460861323
787.2274399999999,1017.2278228187987,798.691786184803,1409.52,2123.3385804675054
842.8641599999997,901.7748499574762,21.018204899600082,1409.52,3218.685596477655
821.9999199999999,824.6681444193457,0.0,1409.52,3887.3023188170905
768.3371999999999,751.0705443133431,0.0,1409.5200000000002,3966.2865732732616
688.22664,682.7181632404887,0.0,1409.5199999999998,3990.2692670354404
619.1441599999999,624.517224195823,0.0,1409.52,3886.3699538784554
575.7424799999999,601.0215364499871,0.0,1409.52,3547.4800497868655
550.8625599999999,569.9629747493793,0.0,1409.5199999999998,3112.0052167221556
600.6148799999999,568.3545165601987,0.0,1409.52,2675.9375838500814
720.2768799999999,624.0051841549993,0.0,1409.5199999999998,2108.989129936782
882.6524799999999,705.3103343491923,0.0,1409.52,1806.4181938583788
1051.6569599999998,794.1386434811403,0.0,1409.52,1433.4715361705432
1202.9743999999998,895.820434191885,0.0,1409.52,1131.7097963071585
1269.6166399999997,971.7995169254311,0.0,1409.52,1047.98029360017
1231.1856799999996,977.7879741341798,0.0,1409.5200000000002,1382.7273864781419
1147.1872799999999,951.6796056260239,0.0,1409.52,2592.5900690594262
1080.8270399999997,946.004613373015,0.0,1409.5200000000002,3612.5784657388226
1057.2856799999997,943.3011554289426,42.036409799200165,1409.52,4003.286529801613
994.4109599999998,895.1183294267663,546.4733273896021,1409.52,3495.3037851766708
910.5930399999997,853.5594009056078,1198.0376792772047,1409.52,2702.572357488074
876.0236,830.1091017506483,1744.511006666807,1409.52,1866.7309189442121
880.01296,821.75476424247,1849.602031164807,1409.52,1436.4305779799226
934.49536,831.8551441059229,1660.4381870684065,1409.5199999999998,1368.4716226200676
981.6457599999998,852.8005604018938,1156.0012694780046,1409.52,1678.075444687557
1079.6050399999997,888.2547234501833,525.455122490002,1409.5199999999998,2158.086648073042
1249.5946399999996,964.2721028072814,21.018204899600082,1409.52,2676.6198838431983
1368.9708799999999,1049.8494541177108,0.0,1409.52,2997.2012082962924
1358.2811999999997,1075.9379651173585,0.0,1409.52,2898.738179765921
1249.4931199999999,1055.8762079500113,0.0,1409.52,2828.988370042415
1094.4570399999998,1008.1061344461169,0.0,1409.5199999999998,2804.0931414129427
972.6931999999998,963.2834825622559,0.0,1409.52,2641.0047263142824
891.8155999999998,927.4846499019991,0.0,1409.52,2323.475915122286
882.2576799999998,919.7118537144239,0.0,1409.5199999999998,1983.0388232444088
922.4144799999998,926.5995723799105,0.0,1409.5199999999998,1541.9308694147926
992.0797599999999,933.9227378391164,0.0,1409.52,1339.768273525661
1077.3565599999997,962.6210928141538,0.0,1409.52,1099.6236189723145
1164.1524,998.9702621387866,0.0,1409.52,915.7226890673395
1217.8639999999998,1021.7170381351627,0.0,1409.52,781.0340351771025
1219.6424799999998,1019.9993636491859,0.0,1409.52,768.1472565804202
1173.7967999999998,993.5122840859053,0.0,1409.52,1547.7226957830674
1094.16376,938.3935140404369,0.0,1409.52,2491.074745409847
1008.16128,856.8472369572133,231.20025389560087,1409.52,2936.3493394885704
871.5642399999998,735.3363056073631,1450.2561380724057,1409.5200000000002,1898.3095351137854
727.1990399999999,610.899228539453,2837.457661446011,1409.52,546.175984157324
644.8851199999998,542.0333890323099,3531.058423132814,1409.52,0.0
613.42896,491.859138605434,3468.0038084340135,1409.52,0.0
566.15072,453.40365498544594,2564.22099775121,1409.52,496.1470259897776
508.53999999999985,412.19223286318424,1555.347162570406,1409.52,1589.7891130326602
512.62712,375.86575783398996,609.5279420884024,1409.52,2644.0178604844236
718.8668799999998,376.7380698148948,0.0,1409.5200000000002,3379.930569687269
1109.4970399999997,441.4494348633869,0.0,1409.5200000000002,3515.876883975005
1614.84856,550.3721242123745,0.0,1409.52,2855.733833458023
2199.9158399999997,678.5920566511354,0.0,1409.52,1995.7990035161522
2777.07584,803.9057008803451,0.0,1409.52,1098.8476197949467
3309.2098399999995,912.3291157296926,0.0,1409.52,143.78178971316342
3533.8923999999993,1051.429544437594,0.0,796.5289615258471,0.0
3610.870879999999,1287.6814151293938,0.0,182.08931604037957,0.0
3780.9770399999984,1526.1885314303624,0.0,0.0,0.0
4027.2532799999994,1650.931981486688,0.0,0.0,0.0
4297.217519999999,1734.4030185017618,0.0,0.0,0.0
4296.548239999999,1759.5837576838821,0.0,0.0,0.0
4104.555119999999,1713.992336542053,0.0,0.0,0.0
3866.9155999999994,1653.9772722557982,0.0,0.0,0.0
3962.4496799999997,1692.2753142011838,0.0,0.0,0.0
4172.750239999999,1812.1366539513722,0.0,0.0,0.0
4497.35104,2038.383177141867,105.09102449800041,0.0,0.0
4868.899199999999,2266.368650720311,588.5097371888023,0.0,0.0
5126.2674400000005,2460.9154983640697,1113.9648596788043,0.0,0.0
5451.9623999999985,2617.646557840503,1681.4563919680065,0.0,0.0
5754.1987199999985,2796.0449958865347,2227.9297193576085,0.0,0.0
5873.661439999999,2982.021910215452,2333.020743855609,0.0,0.0
5908.024079999999,3202.057288423211,1702.4745968676066,0.0,0.0
6294.1572799999985,3452.178210414666,714.6189665864028,0.0,0.0
7144.714399999998,3844.9668206782103,0.0,0.0,0.0
7989.458559999999,4331.037495553444,0.0,0.0,0.0
8710.08136,4724.413320711451,0.0,0.0,0.0
9342.949519999996,4979.683010980443,0.0,0.0,0.0
9727.511039999998,5134.01414871429,0.0,0.0,0.0
9994.929759999999,5249.157911800267,0.0,0.0,0.0
10182.04992,5295.918089157161,0.0,0.0,0.0
10356.198079999996,5286.202093922692,0.0,0.0,6836.374977911244
10163.170959999996,5164.933707855339,0.0,0.0,0.0
9777.240799999998,4952.2129847459955,0.0,0.0,0.0
9416.878639999997,4727.549388662314,0.0,0.0,0.0
9380.696159999998,4547.884325252139,0.0,0.0,0.0
9174.22704,4402.259286605763,0.0,0.0,0.0
9255.886719999999,4259.502239545385,0.0,0.0,0.0
9246.467919999997,4166.54073185676,0.0,0.0,0.0
9522.181199999999,4156.182204382698,0.0,0.0,0.0
9980.863599999999,4294.003242185272,21.018204899600082,0.0,0.0
10130.263439999997,4371.075906280245,315.2730734940012,0.0,0.0
10127.289279999997,4359.116012584326,861.7464008836033,0.0,0.0
9915.646399999996,4331.109833620153,1681.4563919680065,0.0,0.0
9523.673919999996,4279.42357575971,2333.020743855609,0.0,0.0
8829.882479999997,4141.65927369573,2585.23920265081,0.0,0.0
7902.271679999999,3928.307365494514,2143.8568997592083,0.0,0.0
7253.160319999998,3716.559660302084,1050.910244980004,0.0,0.0
7095.6915199999985,3592.2488202525496,21.018204899600082,0.0,0.0
7145.40248,3530.6352265313676,0.0,0.0,0.0
6912.256159999999,3472.042810890394,0.0,0.0,0.0
6375.568799999998,3372.580805952195,0.0,0.0,0.0
5919.161199999999,3186.196812698856,0.0,0.0,0.0
5541.412799999998,2963.9799453421024,0.0,0.0,0.0
4946.501839999999,2750.3954206126446,0.0,0.0,0.0
4586.380319999999,2646.6002236392205,0.0,0.0,0.0
4268.461039999998,2536.786783194284,0.0,0.0,0.0
3959.757519999999,2378.800445501427,0.0,0.0,0.0
3879.285999999999,2322.6320642919427,0.0,0.0,0.0
3635.8936799999997,2256.7249935525515,0.0,0.0,0.0
3481.7825599999996,2209.133637625233,0.0,0.0,0.0
3552.8803999999996,2245.626064689819,0.0,0.0,0.0
3785.932719999999,2361.6988754952963,0.0,0.0,27.599378148777795
4071.2189599999997,2466.5224077307644,0.0,0.0,593.4496430879685
4579.9018399999995,2662.567078873441,336.2912783936013,0.0,0.0
5171.695759999999,2918.418310463036,1996.7294654620077,0.0,0.0
5448.266319999999,3087.028415207889,3636.149447630814,0.0,0.0
5658.87144,3131.8156072551283,4876.223536707219,0.0,0.0
5660.608559999999,3071.3338915189265,5254.55122490002,0.0,0.0
5632.231839999999,2940.7225476983676,3972.440726024415,0.0,0.0
5693.658959999999,2761.7312211840135,2143.8568997592083,0.0,0.0
5788.102639999999,2644.316610160754,735.6371714860029,0.0,0.0
6025.272159999999,2716.1880254199905,0.0,0.0,0.0
6037.401919999999,2843.1895578724143,0.0,0.0,0.0
6058.555679999999,2841.534292698893,0.0,0.0,0.0
5723.565999999999,2614.358721788897,0.0,0.0,0.0
5350.032559999999,2282.5227338918976,0.0,0.0,0.0
4866.131839999998,1947.6031586022355,0.0,0.0,0.0
4178.213519999998,1663.5769592261465,0.0,0.0,0.0
3554.6099999999997,1432.0142973292593,0.0,0.0,253.78627089928537
3039.4411199999995,1258.888027792209,0.0,0.0,551.2502369227963
2633.28592,1137.645172807222,0.0,0.0,912.0681208953092
2360.49792,1097.7287439184013,0.0,0.0,1126.6518965361527
2187.8650399999997,1120.8996195607783,0.0,0.0,1256.076431643373
2104.2501599999996,1131.5248050062391,0.0,0.0,1416.782419787919
2073.3053599999994,1141.300372766233,0.0,0.0,1731.436547215596
2029.2682399999994,1114.7934356944443,0.0,0.0,2947.4952172049902
1966.8409599999995,1041.7518458266768,0.0,0.0,4028.6315432486376
1892.3703999999996,963.2976664969046,84.07281959840033,0.0,4518.580913492814
1838.1436799999997,934.9184500514664,882.7646057832035,0.0,3661.679884647297
1773.5581599999996,920.8054350758512,1891.6384409640073,0.0,2439.7819877240263
1678.7046399999997,874.1714947373305,2816.439456546411,0.0,1372.731394482702
1532.2187999999994,789.66503049289,3215.7853496388125,0.0,980.0161614177628
1318.5944,673.2674075839534,2837.457661446011,0.0,1623.8550760352614
1163.0958399999997,601.5676179339681,1996.7294654620077,0.0,2588.424402883157
1253.2455999999997,651.2028788441876,735.6371714860029,0.0,3667.002460210124
1626.2338399999996,846.1653157731573,0.0,0.0,4152.371970672868
2160.2967199999994,1122.581834210133,0.0,0.0,3887.3984720934573
2681.0191199999995,1390.3447341178394,0.0,0.0,3020.2399237791965
3086.2493599999993,1614.5672098339417,0.0,0.0,2233.3384977895835
3380.4881599999994,1790.9160693232134,0.0,0.0,1516.9540876017809
3629.7347999999993,1906.156283164803,0.0,0.0,745.064862689522
3818.1672,1961.5105065254422,0.0,0.0,0.0
3992.191279999999,2021.959599211952,0.0,0.0,0.0
4236.35816,2123.9208134352793,0.0,0.0,0.0
4504.901119999999,2292.1862485681654,0.0,0.0,0.0
5120.819199999999,2583.579583600872,0.0,0.0,0.0
5914.088959999999,2966.5202880377137,0.0,0.0,0.0
6862.812159999999,3420.91114487472,0.0,0.0,0.0
8123.573999999998,3933.515706297576,0.0,0.0,0.0
9384.655439999997,4367.034903298785,0.0,0.0,0.0
10069.765039999997,4697.4354770093205,0.0,0.0,0.0
10689.435599999997,4976.6632512937,63.05461469880024,0.0,0.0
11227.826239999999,5198.587929596687,609.5279420884024,0.0,0.0
11786.930719999998,5337.650061681036,1177.0194743776046,0.0,0.0
11823.485439999997,5357.554377173781,1534.328957670806,0.0,0.0
12002.051599999999,5347.384496030549,1492.2925478716056,0.0,0.0
11972.50176,5344.068292109646,1134.9830645784043,0.0,0.0
11882.859599999996,5345.50086950918,588.5097371888023,0.0,0.0
11837.254559999998,5371.128402632739,147.12743429720058,0.0,0.0
11832.689919999999,5359.920257473212,0.0,0.0,6836.374977911245
11453.696959999997,5293.830213976849,0.0,0.0,6836.374977911244
10976.316079999997,5198.543959399276,0.0,0.0,6836.374977911243
10378.449759999998,5016.59102733024,0.0,0.0,6836.374977911244
9739.159519999997,4818.923714063733,0.0,0.0,6836.374977911244
9239.120879999997,4625.773983982886,0.0,0.0,6836.374977911244
8581.80144,4346.439830188641,0.0,0.0,6836.374977911244
7686.045359999998,3986.2331362069926,0.0,0.0,0.0
6792.5791199999985,3631.9695108432156,0.0,0.0,0.0
5962.292159999999,3357.3047083353745,0.0,0.0,0.0
5424.3452,3203.896944747168,0.0,0.0,0.0
5418.314159999998,3181.3288863273674,0.0,0.0,0.0
5477.680799999998,3108.2277239340747,0.0,0.0,0.0
4919.8622399999995,2913.872359408076,0.0,0.0,0.0
4619.8330399999995,2761.880152497826,0.0,0.0,0.0
4286.478959999999,2599.2996383722034,0.0,0.0,0.0
3968.11224,2449.4903390044133,0.0,0.0,387.2628780958619
3678.3215199999995,2302.8213627678806,21.018204899600082,0.0,795.2320060002093
3298.8811199999996,2175.696430084012,126.10922939760049,0.0,1091.9639230390721
2845.3612,2089.2027965952657,231.20025389560087,0.0,1293.3158182640143
2743.7622399999996,1993.8442039509828,273.23666369480105,0.0,1209.0478846293806
2781.538959999999,1992.8612572798165,252.21845879520097,0.0,1056.030395278618
2960.9247999999993,2140.51176179405,126.10922939760049,0.0,764.4234813969024
3655.0659199999996,2411.7752567730954,21.018204899600082,0.0,0.0
4607.0452799999985,2801.273194198104,0.0,0.0,0.0
5309.762959999998,3083.275346099801,0.0,0.0,0.0
5884.467679999998,3251.729427563517,0.0,0.0,0.0
6616.644959999999,3352.172960779416,0.0,0.0,0.0
7263.222079999999,3428.767626276723,0.0,0.0,0.0
7971.703839999997,3488.0309420265885,0.0,0.0,0.0
8376.53552,3511.0372840270384,0.0,0.0,0.0
8487.726239999998,3460.016252701625,0.0,0.0,0.0
8266.168239999999,3313.303306267682,0.0,0.0,0.0
7712.2675999999965,3125.915090441202,0.0,0.0,0.0
6986.189039999999,2887.887391131365,0.0,0.0,0.0
6270.363999999999,2710.1910578504526,0.0,0.0,0.0
5566.706319999999,2497.624939628783,0.0,0.0,0.0
5060.779519999998,2320.795244754915,0.0,0.0,0.0
4681.015759999999,2150.301513488693,0.0,0.0,0.0
4289.336559999999,1967.3542876007723,0.0,0.0,0.0
3775.9875199999988,1686.8471224110658,126.10922939760049,0.0,441.24244307033894
3169.4205599999996,1386.993070360314,1050.910244980004,0.0,452.81823290780943
2578.2808799999993,1111.637510235073,2606.25740755041,0.0,0.0
1937.7084799999998,805.6786927114525,3362.912783936013,0.0,0.0
1466.6744799999997,634.2346378237567,3636.149447630814,0.0,0.0
1228.0047199999997,559.7902568192172,3089.6761202412117,0.0,482.73430958121025
1071.5623999999996,524.6623242678515,1597.383572369606,0.0,2172.3628727112664
1177.8538399999998,648.0327694501675,483.41871269080184,0.0,3158.6772110638494
1574.3082399999998,858.9308569571309,0.0,0.0,3398.3440418932646
2000.89528,1104.198036511746,0.0,0.0,3221.847520158879
2507.7658399999996,1346.1036235545816,0.0,0.0,2426.751653799884
3022.0924799999993,1533.0180959637885,0.0,0.0,1590.6742359789844
3398.953519999999,1674.3368920507714,0.0,0.0,886.1553755018241
3831.988959999999,1863.7179506954149,0.0,0.0,0.0
4306.440799999998,1912.741884022268,0.0,0.0,0.0
4839.6915199999985,1986.7621653808071,0.0,0.0,0.0
5197.1471999999985,2101.9527354511256,0.0,0.0,0.0
5268.636079999998,2184.9968360332687,0.0,0.0,0.0
5247.613919999999,2278.5725080921898,0.0,0.0,0.0
5406.387439999999,2376.6487426151944,0.0,0.0,0.0
5874.969919999999,2569.126154193684,0.0,0.0,0.0
6704.8996799999995,2788.875016921536,0.0,0.0,0.0
7016.201359999998,2913.01990493568,0.0,0.0,0.0
6914.376799999999,2945.5791269221368,0.0,0.0,0.0
6358.457039999999,2879.1954759785444,0.0,0.0,0.0
5538.100239999999,2715.9738480067927,84.07281959840033,0.0,0.0
4482.359919999999,2536.0960255768855,315.2730734940012,0.0,0.0
3817.922799999999,2374.1736460189686,567.4915322892022,0.0,0.0
3240.2664799999993,2259.9773697675355,609.5279420884024,0.0,0.0
2894.6171999999992,2191.7001635483193,504.43691759040195,0.0,0.0
2733.6741599999996,2207.11242693777,294.25486859440116,0.0,64.43638343353405
2804.4411199999995,2311.6423517260064,42.036409799200165,0.0,196.85522880513085
3011.8615199999995,2447.1840312305085,0.0,0.0,195.78841564642647
3129.0795199999993,2620.4918551310643,0.0,0.0,339.04904477616344
3218.1087999999986,2850.990721929287,0.0,0.0,0.0
3447.3597599999994,3062.345532131944,0.0,0.0,0.0
3756.706239999999,3179.4878116099453,0.0,0.0,0.0
4168.117919999999,3290.5083048934994,0.0,0.0,0.0
4446.79408,3428.726492866241,0.0,0.0,0.0
4439.853119999999,3533.96561438692,0.0,0.0,0.0
4621.216719999999,3586.519929047874,0.0,0.0,0.0
5100.4061599999995,3671.137027982577,0.0,0.0,0.0
5611.314959999998,3713.816487340994,0.0,0.0,0.0
5944.6201599999995,3670.884553945826,0.0,0.0,0.0
5874.793199999998,3526.302034496141,0.0,0.0,0.0
5474.898399999999,3369.90571587742,0.0,0.0,0.0
5194.737039999999,3291.55366087712,0.0,0.0,0.0
4694.664559999999,3220.234000675724,0.0,0.0,0.0
4232.8575999999985,3155.6176679893792,0.0,0.0,0.0
3951.2636799999996,3121.743595260973,399.3458930924015,0.0,0.0
4040.6238399999997,3179.852338730421,1071.9284498796042,0.0,0.0
4372.150559999999,3259.52491804653,1765.529211566407,0.0,0.0
4650.728959999999,3302.8908798419534,1765.529211566407,0.0,0.0
4898.719759999998,3330.7055756883674,1450.2561380724057,0.0,0.0
4949.57752,3284.4546015853657,798.691786184803,0.0,0.0
4892.08712,3172.4440696633214,231.20025389560087,0.0,0.0
4922.38896,3066.8872280065093,0.0,0.0,0.0
4840.90976,2925.697505724831,0.0,0.0,0.0
4671.5668799999985,2756.625004710424,0.0,0.0,0.0
4405.264879999999,2552.169260320972,0.0,0.0,0.0
4101.588479999999,2336.1692115208143,0.0,0.0,0.0
3785.462719999999,2115.9976675404264,0.0,0.0,8.96077783514084
3359.92848,1829.4211967144722,0.0,0.0,203.2153850412925
2718.096479999999,1483.3402832496226,0.0,0.0,802.3657663746708
2081.10736,1128.1405181990212,0.0,0.0,1421.2408873134834
1523.3564799999997,841.3668906814481,0.0,0.0,2137.678528821964
1034.5827999999997,610.3687493835856,0.0,0.0,2744.3236308157716
686.0871999999998,433.71209851243407,0.0,0.0,3248.0692287908937
445.3719999999999,369.18228782744734,0.0,0.0,3635.269802805862
347.26231999999993,391.6255276223378,0.0,0.0,4028.5256873203443
366.88576,410.5795194936089,0.0,0.0,5131.946077122506
458.90423999999996,433.38728640897517,0.0,0.0,5998.447680557315
573.2044799999999,465.5919100292109,84.07281959840033,0.0,6177.734643469779
712.3695999999999,525.3998888695922,1639.4199821688064,0.0,4358.962268397388
770.7548799999997,544.1056618845083,3131.712530040412,0.0,2516.0456859232845
722.6043199999998,535.1073737432716,3972.440726024415,0.0,1444.7630618524058
706.6355999999997,541.5312777457403,3888.367906426015,0.0,1296.8306047824435
807.20808,562.4100295488616,3068.657915341612,0.0,1934.6206340438491
1011.3685599999999,626.766796231132,1954.6930556628076,0.0,2722.877331144258
1379.3823199999997,779.8866259459663,567.4915322892022,0.0,3585.0515204130115
1894.3443999999997,1001.8098858554882,0.0,0.0,3684.7189753592
2471.011839999999,1237.1624950905507,0.0,0.0,3233.7241372858266
2904.7391199999997,1451.921449608934,0.0,0.0,2478.548232308394
3135.4000799999994,1639.0756305137063,0.0,0.0,1893.9127446601603
3296.125039999999,1773.1875694056037,0.0,0.0,1343.2692335524075
3566.8788799999998,1831.840975965568,0.0,0.0,604.4942237143248
3672.9484799999987,1878.8890871958347,0.0,0.0,0.0
3523.96976,1875.0991398576598,0.0,0.0,0.0
3288.311759999999,1835.0380348354208,0.0,0.0,0.0
3091.5434399999995,1812.0543871304083,0.0,0.0,0.0
2908.1343999999995,1797.0449474849854,0.0,0.0,0.0
2719.7396,1729.004612974406,0.0,0.0,0.0
2443.0224,1620.7159455042224,0.0,0.0,339.5148445384907
2329.0868799999994,1540.0774402385262,0.0,0.0,830.5918575433853
2302.0750399999997,1488.310333950583,0.0,0.0,2013.3897027753385
2320.2696799999994,1460.6800292546047,0.0,0.0,2966.8507646571416
2394.3266399999993,1502.1595277417298,0.0,0.0,3256.921770264564
2402.7076799999995,1585.8447421700014,567.4915322892022,0.0,2581.9208232729284
2244.257519999999,1624.6746816647194,1387.2015233736054,0.0,1688.6257859326752
2039.5217599999999,1599.2641627412872,1891.6384409640073,0.0,1175.9022291126246
1958.1666399999995,1563.9447470721618,1702.4745968676066,0.0,1320.8167610665244
1993.3639999999996,1562.7064895773167,1282.110498875605,0.0,1671.5847263079897
2306.64344,1680.1976938476798,714.6189665864028,0.0,1721.1728905248642
2993.5390399999997,1960.331821556122,168.14563919680066,0.0,1271.9937854672742
3952.602239999999,2358.0848089467677,0.0,0.0,245.9806823472484
4799.884399999999,2692.4029854073174,0.0,0.0,0.0
5400.946719999999,2885.9002218870605,0.0,0.0,0.0
5875.552719999998,3002.129055973676,0.0,0.0,0.0
5913.724239999999,3018.961131221477,0.0,0.0,0.0
5826.180159999999,3031.309664726774,0.0,0.0,0.0
5636.709999999999,3101.559856255646,0.0,0.0,0.0
5574.70008,3164.347879765752,0.0,0.0,0.0
5616.46992,3196.3553466943695,0.0,0.0,0.0
5639.992479999998,3166.171933761596,0.0,0.0,0.0
5624.557679999999,3146.337119548631,0.0,0.0,0.0
5515.935039999999,3125.127882068191,0.0,0.0,0.0
5567.612479999998,3181.1061985533797,0.0,0.0,0.0
5580.708559999999,3263.06948331528,0.0,0.0,0.0
5485.151919999999,3295.7322480246744,0.0,0.0,0.0
5324.588639999999,3261.758887753726,0.0,0.0,0.0
5147.368559999999,3156.009144585688,0.0,0.0,0.0
4779.445039999999,3001.1390173351847,252.21845879520097,0.0,0.0
4241.449199999999,2767.209056745403,882.7646057832035,0.0,0.0
3645.2071999999994,2464.747997506191,1618.4017772692061,0.0,0.0
3252.869999999999,2236.077439884207,2290.984334056409,0.0,0.0
3009.5453599999996,2113.0686850354364,2354.0389487552093,0.0,0.0
2996.009359999999,2069.034659918052,1534.328957670806,0.0,0.0
3216.9469599999993,2179.25517928741,441.38230289160174,0.0,226.26515841392026
3648.9672,2409.946947596857,0.0,0.0,281.1063204361523
3950.643279999999,2615.916117813342,0.0,0.0,166.5234438120753
4138.019119999999,2766.8331824772085,0.0,0.0,0.0
4150.333119999999,2819.447069663688,0.0,0.0,0.0
4192.599279999999,2778.6937886305845,0.0,0.0,0.0
4390.4392,2688.08114051981,0.0,0.0,0.0
4634.312799999998,2647.09949813886,0.0,0.0,0.0
4924.114799999999,2739.435494309471,0.0,0.0,0.0
5378.488239999998,2963.432445464656,0.0,0.0,0.0
5846.360079999999,3164.306746355271,0.0,0.0,0.0
6251.24064,3272.011035717921,0.0,0.0,0.0
6548.536319999999,3348.053946157387,0.0,0.0,0.0
6528.228559999998,3422.4132235540337,0.0,0.0,0.0
6908.729279999999,3553.67986515537,0.0,0.0,0.0
7409.591359999999,3735.6781858152817,0.0,0.0,0.0
7779.003839999998,3893.66736029507,0.0,0.0,0.0
7911.291919999999,4059.802368443697,0.0,0.0,0.0
7954.272479999999,4130.1248980392775,210.18204899600082,0.0,0.0
7906.302399999998,4096.971369191034,546.4733273896021,0.0,0.0
7732.808479999999,3998.5447914822016,756.6553763856028,0.0,0.0
7671.042959999999,3972.9073296043894,819.7099910844032,0.0,0.0
7683.3118399999985,4059.70733608155,672.5825567872026,0.0,0.0
7783.779039999997,4174.19012781289,441.38230289160174,0.0,0.0
8055.871439999998,4316.107485942055,105.09102449800041,0.0,0.0
8478.25104,4496.08034073411,0.0,0.0,0.0
8831.973039999999,4635.367997379377,0.0,0.0,0.0
9060.900639999998,4683.296930951337,0.0,0.0,6836.374977911243
8992.29192,4639.282763342461,0.0,0.0,0.0
8691.067039999998,4538.210881821617,0.0,0.0,0.0
8272.4512,4398.853723896572,0.0,0.0,0.0
8068.362159999999,4300.726427208831,0.0,0.0,0.0
8034.571039999998,4237.016447946549,0.0,0.0,0.0
8114.260479999998,4213.334950656813,0.0,0.0,0.0
8243.533039999998,4238.66887633314,0.0,0.0,0.0
8399.027839999999,4275.975461246571,0.0,0.0,0.0
8534.132159999997,4318.785412803759,0.0,0.0,0.0
8621.72136,4344.147706349386,0.0,0.0,0.0
8833.431919999997,4408.7002113298095,0.0,0.0,0.0
8987.700959999998,4461.298496188177,0.0,0.0,0.0
9070.153999999999,4471.705249040044,0.0,0.0,0.0
9065.581839999997,4436.529091110872,0.0,0.0,0.0
8830.59312,4346.178845791102,273.23666369480105,0.0,0.0
8346.034399999999,4191.070428438497,861.7464008836033,0.0,0.0
7909.629999999999,4048.8580444686368,1387.2015233736054,0.0,0.0
7494.7967199999985,3906.7718975171506,1450.2561380724057,0.0,0.0
7083.975359999999,3786.751697698896,1198.0376792772047,0.0,0.0
6826.306319999999,3717.5000551693042,630.5461469880024,0.0,0.0
6595.3107199999995,3704.6905437879177,126.10922939760049,0.0,0.0
6697.849679999999,3786.7247482230628,0.0,0.0,0.0
6796.463199999998,3826.31494661496,0.0,0.0,0.0
6577.0935199999985,3745.592756134835,0.0,0.0,0.0
6143.65576,3609.312093635127,0.0,0.0,0.0
5649.50152,3408.6633173054292,0.0,0.0,0.0
5149.718559999999,3170.2866932032302,0.0,0.0,0.0
4738.160239999998,2928.673295214161,0.0,0.0,0.0
4442.07904,2694.384481077763,0.0,0.0,0.0
4043.9927999999995,2482.509120473493,0.0,0.0,0.0
3691.466479999999,2296.498164701419,0.0,0.0,0.0
3469.2993599999995,2108.595072047186,0.0,0.0,0.0
3211.243039999999,1934.956762469312,0.0,0.0,0.0
3087.610479999999,1857.6798497153952,0.0,0.0,0.0
3130.850479999999,1909.9660880114864,0.0,0.0,0.0
3260.671999999999,1981.1240513578855,0.0,0.0,0.0
3424.3899199999996,2028.228898326748,0.0,0.0,0.0
3557.531519999999,2017.7015820303645,0.0,0.0,204.32369966316685
3529.0382399999994,1935.7624099573675,84.07281959840033,0.0,349.4399318126512
3339.274799999999,1822.1306543049582,273.23666369480105,0.0,456.1847693668805
3028.4619199999997,1660.806836789224,399.3458930924015,0.0,686.120928632635
2679.6955999999996,1467.3379681787794,420.36409799200163,0.0,1044.3956476885612
2444.38352,1324.790843351205,357.3094832932014,0.0,1453.0213560063082
2332.925839999999,1265.3459732378349,189.1638440964007,0.0,1804.0123157890025
2390.7283199999993,1307.8169287569149,21.018204899600082,0.0,1962.6648403677311
2582.7477599999997,1434.814206028944,0.0,0.0,1945.699889472324
2732.767999999999,1570.2012806457742,0.0,0.0,2089.347068803689
2771.8343999999997,1661.757160410698,0.0,0.0,1951.2348919040603
2791.9879999999994,1701.5118924445214,0.0,0.0,1780.4037493086605
2761.67864,1701.6594053648694,0.0,0.0,1616.4522313053303
2606.37184,1663.0961238415503,0.0,0.0,1480.7215504828646
2452.7307199999996,1607.2880145721472,0.0,0.0,1266.4033700330167
2377.8202399999996,1531.4479343981598,0.0,0.0,1077.0381836823656
2304.0227199999995,1445.1840806507255,0.0,0.0,887.1290938076714
2198.1260799999995,1366.1412680330257,0.0,0.0,868.2288591136175
2119.6210399999995,1316.3740965305722,0.0,0.0,880.5411106994308
2090.1990399999995,1294.156381296598,0.0,0.0,894.5577664929816
2069.2031999999995,1285.0985206298365,0.0,0.0,988.6964121280869
2132.9314399999994,1338.3052962846389,0.0,0.0,1158.803360188069
2320.78104,1459.8006253063754,0.0,0.0,1938.0868906620165
2456.9531999999995,1580.2165569013337,0.0,0.0,2627.780221447179
2636.1923999999995,1736.7107446691318,0.0,0.0,2709.9385608191283
2698.6384799999987,1789.1175464097378,105.09102449800041,0.0,2505.7295602447666
2580.172159999999,1779.7660782957446,399.3458930924015,0.0,2241.5687828142823
2404.34704,1720.325463362769,630.5461469880024,0.0,2061.0875354057384
2221.8667199999995,1614.243816123948,630.5461469880024,0.0,2187.956480331751
1977.57576,1499.7624427860721,483.41871269080184,0.0,2647.8017037941413
1840.4297599999998,1453.321403958776,231.20025389560087,0.0,2973.4620667229474
1961.3626399999996,1513.6002894295,21.018204899600082,0.0,2957.3247017991253
2275.1196,1615.9629090033893,0.0,0.0,2762.5015400912625
2541.8765599999997,1670.274613167338,0.0,0.0,2763.5340761322423
2698.6159199999997,1689.685327734302,0.0,0.0,2477.2832006765966
2807.580719999999,1693.8227814713748,0.0,0.0,2185.1453931843057
2860.220719999999,1704.9018528255988,0.0,0.0,1857.48810398103
2917.5757599999993,1698.458091314622,0.0,0.0,1392.4680778613113
2894.83528,1708.6605955075468,0.0,0.0,884.0155849105759
2813.5139999999997,1675.2531742290876,0.0,0.0,583.9301270900634
2605.950719999999,1637.5054689480778,0.0,0.0,438.8088900558041
2501.2986399999995,1645.5789645502082,0.0,0.0,253.72159560238077
2515.84608,1690.7576331937562,0.0,0.0,55.3647194817395
2674.988079999999,1716.292970742098,0.0,0.0,0.0
2832.0244799999996,1742.6694156151173,0.0,0.0,0.0
2987.1470399999994,1744.7331781065266,0.0,0.0,0.0
3150.38368,1762.363808875059,0.0,0.0,675.4514353712589
3259.9951999999994,1801.476008669289,0.0,0.0,1418.8897696985823
3527.271039999999,1927.877560686066,0.0,0.0,1396.6906687393277
3827.8040799999994,2071.8530077327805,84.07281959840033,0.0,863.8192794672013
3989.2321599999996,2168.489572888926,273.23666369480105,0.0,289.5590090317944
3885.2380799999987,2252.3010243355725,483.41871269080184,0.0,0.0
3931.794399999999,2323.9142919841993,525.455122490002,0.0,0.0
4314.374399999999,2480.6311675259844,399.3458930924015,0.0,0.0
4788.23968,2728.7861961751073,168.14563919680066,0.0,0.0
5272.287039999998,2984.5395586156237,0.0,0.0,0.0
5643.609599999999,3202.0473596689567,0.0,0.0,0.0
5696.952719999999,3331.1977582206823,0.0,0.0,0.0
5475.101439999998,3321.9115362060747,0.0,0.0,0.0
5184.472239999999,3299.622901298857,0.0,0.0,0.0
5006.63176,3135.1204640283127,0.0,0.0,0.0
4597.49112,2849.9623866672446,0.0,0.0,0.0
4018.962479999999,2508.936627511249,0.0,0.0,0.0
3605.264719999999,2227.7543070322554,0.0,0.0,0.0
3244.5077599999995,2005.3913451486192,0.0,0.0,0.0
3131.2151999999996,1909.7575841721482,0.0,0.0,0.0
3120.1232,1917.185710747756,0.0,0.0,0.0
3172.8383999999996,1969.0180631350834,0.0,0.0,0.0
3318.0496000000003,2064.3894213205504,0.0,0.0,0.0
3626.2304799999993,2235.1569025254958,0.0,0.0,0.0
3997.902719999999,2405.0733476515093,0.0,0.0,0.0
4116.109599999999,2494.4193703981405,0.0,0.0,0.0
3946.7554399999995,2454.012177370469,0.0,0.0,427.05821926272023
3681.1151999999993,2389.079542941455,126.10922939760049,0.0,641.2690894436442
3713.5075999999995,2388.256874731821,462.40050779120173,0.0,145.9180388834816
3583.7913599999993,2379.8869348955295,651.5643518876025,0.0,0.0
3742.910799999999,2410.172472157775,630.5461469880024,0.0,0.0
3819.953199999999,2504.3991868170783,504.43691759040195,0.0,0.0
3902.267119999999,2605.6710618164707,315.2730734940012,0.0,0.0
4232.60568,2771.9592564593063,63.05461469880024,0.0,0.0
4627.762879999999,2921.274954901316,0.0,0.0,0.0
4759.5772,3003.883608689739,0.0,0.0,0.0
4911.575199999998,3069.7296885101396,0.0,0.0,0.0
5079.320079999999,3207.9705707783205,0.0,0.0,0.0
5391.708399999999,3452.5937996998778,0.0,0.0,0.0
5707.401759999999,3718.5539215137132,0.0,0.0,0.0
6185.106,3952.306582920385,0.0,0.0,0.0
6829.810639999999,4130.886575329922,0.0,0.0,0.0
7346.2466399999985,4196.268840487306,0.0,0.0,0.0
8188.358799999998,4348.638340059214,0.0,0.0,0.0
9114.766399999999,4605.488120648088,0.0,0.0,0.0
10050.675519999999,4835.543030291801,0.0,0.0,0.0
10991.209439999999,5038.373295770493,0.0,0.0,0.0
11656.797119999997,5163.136603335328,0.0,0.0,0.0
12106.624719999996,5223.428254347235,0.0,0.0,0.0
12533.83216,5217.89935662111,0.0,0.0,0.0
12497.818879999999,5163.069938842477,0.0,0.0,0.0
11895.997039999997,5074.640198274164,1450.2561380724057,0.0,0.0
10922.878959999998,4911.176025019916,3972.440726024415,0.0,0.0
9942.007759999999,4659.306223886256,5716.951732691223,0.0,0.0
9275.89368,4373.210588444898,6599.716338474425,0.0,0.0
8962.59544,4190.391017968817,6053.243011084823,0.0,0.0
8610.433839999998,4152.73408986956,4287.713799518417,0.0,0.0
8195.378719999999,4170.821443333786,1471.2743429720058,0.0,0.0
7716.162959999998,4113.647421157698,0.0,0.0,0.0
7184.547839999998,3967.310348991949,0.0,0.0,0.0
6708.486719999999,3792.8961781887815,0.0,0.0,0.0
6363.45032,3640.9692173779167,0.0,0.0,0.0
6009.784719999998,3481.824052224247,0.0,0.0,0.0
5689.5831199999975,3328.532596900162,0.0,0.0,0.0
5463.892879999999,3195.866000948983,0.0,0.0,0.0
5303.803359999998,3111.8417904826047,0.0,0.0,0.0
5296.794719999999,3085.1093288498982,0.0,0.0,0.0
5342.53512,3057.0776188033574,0.0,0.0,0.0
5378.898079999999,3009.830932488006,0.0,0.0,0.0
5445.352319999998,2973.049153156584,0.0,0.0,0.0
5238.244,2872.751714467567,0.0,0.0,0.0
4977.322559999999,2733.272574704542,0.0,0.0,0.0
4785.84456,2613.9261117821075,0.0,0.0,0.0
4552.389919999999,2492.8165857828194,0.0,0.0,402.1838418550632
4313.983359999999,2356.297633181011,21.018204899600082,0.0,1211.9361367286756
3990.3827199999996,2194.6773714311153,1597.383572369606,0.0,101.36541051758454
3616.984639999999,2079.7165811021077,4056.513545622816,0.0,0.0
3276.768559999999,2011.6110004921443,5569.824298394022,0.0,0.0
3154.185039999999,1978.9539093566093,5758.988142490422,0.0,0.0
3054.2893599999993,1917.7488129533158,4708.077897510419,0.0,0.0
2929.7543999999994,1802.7667467223357,2858.4758663456114,0.0,0.0
2818.123759999999,1663.8010653935983,735.6371714860029,0.0,1180.8668064489068
2530.363439999999,1482.7530683551597,0.0,0.0,2823.8988802500726
2193.3884799999996,1305.9985483349312,0.0,0.0,3774.9711717362484
1902.7367199999997,1164.90953198926,0.0,0.0,4167.713336472965
1657.8328799999997,1055.1131122659026,0.0,0.0,4370.800017666057
1465.8171999999997,963.7997777834742,0.0,0.0,4456.499342779714
1338.57128,885.5016217348397,0.0,0.0,4352.67981380065
1266.3679999999997,820.112264610132,0.0,0.0,4048.934503027243
1276.1928799999998,776.655525632956,0.0,0.0,3702.031574675397
1389.2410399999997,783.3631083284017,0.0,0.0,3174.264712646372
1574.6616799999995,836.9741261206963,0.0,0.0,3093.306285736501
1778.2243199999996,911.4241806990954,0.0,0.0,2642.6925866892557
1927.6956,982.6899419488257,0.0,0.0,2328.730496120908
1991.1606399999994,1042.9035813201642,0.0,0.0,2178.128793027422
1966.8823199999997,1086.6071207602304,0.0,0.0,2148.0163561488357
1926.4848800000002,1107.0390786219127,0.0,0.0,2919.835367299635
1942.7919999999995,1128.2695920043261,0.0,0.0,3751.249419224734
1978.4856799999995,1156.213361656044,0.0,0.0,4267.135369505777
2029.2456799999995,1192.8093314435664,483.41871269080184,0.0,3722.959265645697
2101.982879999999,1286.5693946529232,1408.2197282732054,0.0,2327.69205136097
2295.9161599999998,1493.01230828668,1954.6930556628076,0.0,1062.8932570177915
2671.3183200000003,1814.6656494992637,1954.6930556628076,0.0,40.344312007251524
3308.506719999999,2178.7814358701385,1534.328957670806,0.0,0.0
4039.5221599999995,2523.577284855801,714.6189665864028,0.0,0.0
4600.578079999999,2808.66586093709,105.09102449800041,0.0,0.0
4974.464959999999,3017.727128907026,0.0,0.0,0.0
5231.712879999999,3127.587376336303,0.0,0.0,0.0
5141.954159999999,3120.340804124201,0.0,0.0,0.0
5078.823759999999,3037.852713780293,0.0,0.0,0.0
5020.72424,2914.252488856666,0.0,0.0,0.0
4989.5952,2829.693544054024,0.0,0.0,0.0
5156.6482399999995,2853.0984546181076,0.0,0.0,0.0
5498.195359999999,2934.273112613531,0.0,0.0,0.0
5732.529839999998,3017.225017620456,0.0,0.0,0.0
6015.928559999999,3162.7124721007394,0.0,0.0,0.0
6101.818239999999,3271.84508368253,0.0,0.0,0.0
6026.2836,3309.283579188195,0.0,0.0,0.0
5789.956319999998,3258.549063342689,0.0,0.0,0.0
5669.858159999998,3240.6971631936335,0.0,0.0,0.0
5749.562639999998,3298.4314507883523,0.0,0.0,0.0
5943.958399999999,3387.778891928448,0.0,0.0,0.0
5965.950639999998,3401.56851319407,0.0,0.0,0.0
6030.287999999999,3403.6251837181544,1240.0740890764048,0.0,0.0
5908.670799999999,3373.637509083536,3489.022013333614,0.0,0.0
5956.4039999999995,3318.3173271660535,4960.296356305619,0.0,0.0
5925.425359999999,3222.649524746425,4182.622775020416,0.0,0.0
5812.456159999998,3107.1341425726478,3320.876374136813,0.0,0.0
5505.467199999999,2917.584295105683,2480.1481781528096,0.0,0.0
5147.026399999998,2694.5915665236366,777.673581285203,0.0,0.0
4973.130159999999,2525.313398456822,0.0,0.0,0.0
4628.402079999999,2301.922101311143,0.0,0.0,359.56135334270425
3921.2475999999997,2000.7305042230037,0.0,0.0,1419.1088084831108
3117.3257599999993,1650.8667353873034,0.0,0.0,2501.3870419307623
2409.2124799999997,1286.3736563547689,0.0,0.0,3449.4654913203763
1820.2122399999996,973.7285320376761,0.0,0.0,4070.209889540978
1492.5131999999996,818.9321612473469,0.0,0.0,4117.009169919013
1348.3773599999997,782.6141965789419,0.0,0.0,3937.8722770441395
1249.6096799999998,778.4129151359497,0.0,0.0,3667.033278390958
1291.2742399999997,842.5938010285745,0.0,0.0,3279.3097318888235
1339.4172799999997,990.1393444264065,0.0,0.0,2987.5928637895145
1438.1247999999994,1208.204574111439,0.0,0.0,2648.1456147809495
1607.2947199999996,1399.6309561324479,0.0,0.0,2358.562866764871
2024.1358399999995,1585.348304457291,0.0,0.0,2023.0171629319739
2482.4497599999995,1742.5048819731905,0.0,0.0,2525.6660792280145
3281.6979199999996,2031.9138845485215,0.0,0.0,2438.431040461783
4104.607759999999,2385.34491294841,0.0,0.0,1707.900687861414
4544.5578399999995,2682.3238814458377,84.07281959840033,0.0,740.0796584993474
4973.5625599999985,2869.2326802811854,189.1638440964007,0.0,0.0
5375.822399999998,3061.7540620570862,273.23666369480105,0.0,0.0
6194.2653599999985,3289.0303389030882,189.1638440964007,0.0,0.0
7386.636559999998,3593.945218836552,105.09102449800041,0.0,0.0
7882.309839999997,3810.2346199035474,42.036409799200165,0.0,0.0
8493.26096,3972.606630189833,0.0,0.0,0.0
9287.534639999998,4032.0046933188623,0.0,0.0,0.0
9497.101999999999,4029.114007437425,0.0,0.0,0.0
9266.463599999997,4020.2419563145622,0.0,0.0,0.0
8965.810239999997,3955.9107207146603,0.0,0.0,0.0
8849.626239999998,3930.771114943022,0.0,0.0,0.0
8587.151919999998,3901.2954803492266,0.0,0.0,0.0
8312.728319999998,3833.594141876755,0.0,0.0,0.0
7922.000399999997,3665.0875798548373,0.0,0.0,0.0
7558.472319999998,3511.1606842584833,0.0,0.0,0.0
7222.959999999998,3379.054353725935,0.0,0.0,0.0
6948.280719999999,3325.0660432719806,0.0,0.0,0.0
6819.229999999999,3265.9644243771127,0.0,0.0,0.0
6605.661999999999,3138.4239024080316,0.0,0.0,0.0
6315.574239999999,3015.528619036453,0.0,0.0,0.0
6076.287839999999,2947.8244437770513,0.0,0.0,0.0
5949.459279999998,2908.777490082206,0.0,0.0,0.0
5803.296799999998,2858.8968471025614,0.0,0.0,0.0
5683.127199999998,2841.077570003199,483.41871269080184,0.0,0.0
5467.5776799999985,2834.111839697144,1492.2925478716056,0.0,0.0
5478.504239999999,2891.370965481125,2122.8386948596085,0.0,0.0
5773.543919999999,3026.367981895111,1954.6930556628076,0.0,0.0
6102.998879999999,3165.6684040815617,1324.1469086748052,0.0,0.0
6261.2347199999995,3226.0494138817567,567.4915322892022,0.0,0.0
6234.4184,3245.5693447455174,84.07281959840033,0.0,0.0
6074.434159999999,3299.2924156215386,0.0,0.0,0.0
5998.117439999999,3351.3049039789057,0.0,0.0,0.0
6010.326159999999,3449.157032334459,0.0,0.0,0.0
6029.7728799999995,3505.9693641770004,0.0,0.0,0.0
6169.445599999999,3591.7552193267684,0.0,0.0,0.0
6229.252159999998,3671.1114969002087,0.0,0.0,0.0
6382.235279999999,3799.491707800501,0.0,0.0,0.0
6581.037759999999,3899.3324237938245,0.0,0.0,0.0
6825.482879999999,3953.020034833223,0.0,0.0,0.0
6984.128559999998,3943.974939707644,0.0,0.0,0.0
7021.611999999998,3941.033191661472,0.0,0.0,0.0
7244.346879999998,3948.2102625937932,0.0,0.0,0.0
7419.754639999999,3977.29442059128,0.0,0.0,0.0
7636.623919999998,4027.566540167234,0.0,0.0,0.0
7856.448559999997,4117.97635801253,0.0,0.0,0.0
8075.773119999999,4211.065521112995,0.0,0.0,0.0
8229.722559999998,4341.315174600008,0.0,0.0,0.0
8443.3056,4463.285665432481,357.3094832932014,0.0,0.0
8957.519439999998,4616.208338455697,1282.110498875605,0.0,0.0
9555.803119999999,4751.66349595884,2185.8933095584084,0.0,0.0
9944.530719999999,4853.024729746521,2290.984334056409,0.0,0.0
10205.155119999998,4915.256743018393,1219.0558841768047,0.0,0.0
10305.746399999996,5006.692059338801,420.36409799200163,0.0,0.0
10621.842079999999,5125.037136475026,42.036409799200165,0.0,0.0
11212.444079999997,5350.47943057093,0.0,0.0,0.0
11950.904319999998,5602.4527744275265,0.0,0.0,0.0
12677.306239999996,5782.9759658839575,0.0,0.0,0.0
13163.842719999997,5901.943717751267,0.0,0.0,0.0
13811.694479999996,6029.308358930702,0.0,0.0,0.0
14467.919759999999,6170.988845351229,0.0,0.0,6836.374977911244
15212.332079999996,6311.821132479757,0.0,0.0,6836.374977911245
15796.673679999998,6447.890454353197,0.0,0.0,6836.374977911244
16272.539279999995,6560.482527595844,0.0,0.0,6836.374977911245
16625.419039999997,6655.595738170702,0.0,0.0,6836.374977911245
16786.369599999998,6702.89064986386,0.0,0.0,6836.374977911244
16759.417919999996,6688.899616726225,0.0,0.0,6836.374977911245
16554.62576,6580.940016539895,0.0,0.0,6836.374977911244
16033.151359999994,6372.209234247277,0.0,0.0,6836.374977911244
15271.976959999998,6068.220565246383,0.0,0.0,4020.8453243157633
14221.617199999997,5723.928245940755,0.0,0.0,0.0
13205.007199999996,5417.888579989635,0.0,0.0,0.0
12144.822559999997,5127.039908047444,42.036409799200165,0.0,0.0
11109.389999999996,4852.526873640346,210.18204899600082,0.0,0.0
10253.982479999999,4666.253515077267,357.3094832932014,0.0,0.0
9419.356479999997,4528.53885678456,336.2912783936013,0.0,0.0
9470.665439999999,4568.01983887966,252.21845879520097,0.0,0.0
9635.91744,4562.360448954765,84.07281959840033,0.0,0.0
9643.535199999998,4608.334836332114,0.0,0.0,0.0
9636.57168,4628.4590028119155,0.0,0.0,0.0
9786.738559999998,4676.380844416553,0.0,0.0,0.0
9940.274399999998,4735.43281954015,0.0,0.0,0.0
10367.211119999998,4833.5090540631545,0.0,0.0,0.0
10727.19728,4811.092763744098,0.0,0.0,6343.100235231818
10465.448639999997,4713.1938284042035,0.0,0.0,0.0
10169.224559999999,4578.935794985423,0.0,0.0,0.0
9743.603839999998,4484.879287541905,0.0,0.0,0.0
9171.745439999999,4521.5234827072345,0.0,0.0,0.0
8726.756959999997,4663.3514820481105,0.0,0.0,0.0
8670.056159999998,4728.207523230022,0.0,0.0,0.0
8954.61672,4708.101795865263,0.0,0.0,0.0
9458.313839999997,4759.657561526938,0.0,0.0,0.0
9975.535679999999,4804.890129122152,0.0,0.0,0.0
10281.043199999998,4935.280203562187,0.0,0.0,6836.374977911244
10218.597119999999,4979.1596237919,0.0,0.0,6836.374977911244
10475.536719999996,5030.989139392297,0.0,0.0,6836.374977911244
10335.792559999996,5062.188122045929,819.7099910844032,0.0,0.0
10118.720239999997,4996.00871976128,2732.3666369480106,0.0,0.0
10328.938079999998,5066.386566701992,3699.204062329614,0.0,0.0
10857.767039999999,5157.160911667764,3615.1312427312137,0.0,0.0
11073.230079999996,5072.468637879423,2648.2938173496104,0.0,0.0
10781.514239999999,4864.211599004077,1113.9648596788043,0.0,0.0
10185.65576,4607.486637040114,105.09102449800041,0.0,0.0
9298.280719999999,4248.393381928399,0.0,0.0,0.0
8100.115359999998,3837.2436682619064,0.0,0.0,0.0
7102.327919999999,3482.765865484931,0.0,0.0,0.0
6377.565359999999,3190.382491813734,0.0,0.0,0.0
5794.325439999999,2973.5583564104772,0.0,0.0,0.0
5213.491919999999,2932.8504639682506,0.0,0.0,0.0
4895.328239999999,3202.1324632768496,0.0,0.0,0.0
5154.271919999999,3494.0619510392835,0.0,0.0,0.0
5862.915359999999,3835.289122067293,0.0,0.0,0.0
6924.220479999999,4227.603988913566,0.0,0.0,0.0
8395.267839999999,4708.63511180806,0.0,0.0,0.0
9928.39656,5143.342922532844,0.0,0.0,6836.374977911244
11590.421839999997,5542.494445879867,0.0,0.0,6836.374977911244
13079.814239999998,5973.924349307299,0.0,0.0,6836.374977911244
14304.228159999997,6312.606922459304,0.0,0.0,6836.374977911244
15386.239599999995,6469.740805679765,0.0,0.0,6836.374977911245
16179.663519999996,6599.325232631746,0.0,0.0,6836.374977911244
16703.679679999997,6688.011702417205,0.0,0.0,6836.374977911244
16670.775919999996,6668.2733389598525,84.07281959840033,0.0,0.0
16332.650399999997,6598.485543700534,672.5825567872026,0.0,0.0
15607.508079999998,6504.278686549738,1282.110498875605,0.0,0.0
14556.166959999997,6366.186735595371,1786.547416466007,0.0,0.0
13735.783839999998,6207.820268453925,1156.0012694780046,0.0,0.0
12845.652719999996,6057.9372126259605,147.12743429720058,0.0,0.0
12319.598639999997,5972.013773310098,0.0,0.0,6836.374977911244
12485.147679999998,5926.033712358889,0.0,0.0,6836.374977911244
12539.419519999998,5892.742599344552,0.0,0.0,4470.726155479907
12559.19712,5938.121261466648,0.0,0.0,6836.374977911244
12751.182719999995,5974.711557680312,0.0,0.0,6836.374977911243
13014.472959999997,5940.904149444755,0.0,0.0,6836.374977911244
13057.126399999997,5904.407467199773,0.0,0.0,6836.374977911244
12616.33032,5861.345041605836,0.0,0.0,0.0
12442.550639999998,5831.658066385773,0.0,0.0,0.0
12398.370639999997,5830.460942301409,0.0,0.0,0.0
12107.421839999997,5723.027566090552,0.0,0.0,0.0
11836.713119999999,5614.207001071036,0.0,0.0,0.0
11621.554639999997,5521.384495941968,0.0,0.0,0.0
11417.277599999998,5419.905535496703,0.0,0.0,0.0
11234.695759999999,5328.607803342389,0.0,0.0,0.0
11044.150239999999,5323.851930054626,0.0,0.0,0.0
10988.991039999997,5352.482202143349,0.0,0.0,0.0
10757.232159999998,5357.555795567246,105.09102449800041,0.0,0.0
10601.308719999999,5411.815019172994,525.455122490002,0.0,0.0
10747.162879999998,5535.891824300824,882.7646057832035,0.0,0.0
11279.586399999998,5660.629600783288,1050.910244980004,0.0,0.0
11960.496079999997,5715.320016002362,966.8374253816037,0.0,0.0
12344.65152,5745.87362962947,567.4915322892022,0.0,0.0
12841.163279999997,5773.779102657636,84.07281959840033,0.0,0.0
13389.93904,5790.53032947794,0.0,0.0,6836.374977911245
13623.765919999998,5869.076704382929,0.0,0.0,6836.374977911244
13297.679919999999,5972.632192860788,0.0,0.0,6836.374977911244
13179.52192,6042.488071006421,0.0,0.0,6836.374977911245
13196.329119999999,6007.214043928174,0.0,0.0,6836.374977911245
12711.548559999997,5817.493989245422,0.0,0.0,6836.374977911244
11905.686559999998,5555.208924899104,0.0,0.0,0.0
11094.966639999999,5279.799465822198,0.0,0.0,0.0
10227.015759999998,4928.140010859952,0.0,0.0,0.0
9039.46864,4488.517466779337,0.0,0.0,0.0
7981.231679999999,4076.8940096955725,0.0,0.0,0.0
6994.39712,3662.0976064308584,0.0,0.0,0.0
5903.929439999999,3169.1860198744785,0.0,0.0,0.0
4759.723839999999,2600.2513803871416,0.0,0.0,0.0
3558.0015199999984,2028.5849150864349,0.0,0.0,1028.7345088525296
2552.88208,1613.3672489626483,0.0,0.0,3509.8234827870688
2125.96792,1511.4783728060304,0.0,0.0,4641.917920256684
2161.60144,1733.3619176985355,903.7828106828034,0.0,3441.350202316949
2492.1656,2024.9410622751423,2017.7476703616078,0.0,1295.9077501416184
2935.5786399999993,2460.7821693783703,2354.0389487552093,0.0,0.0
3698.508959999999,2934.3695633691427,2059.784080160808,0.0,0.0
4652.270559999999,3314.69049507634,1261.0922939760048,0.0,0.0
5607.882079999999,3668.9470284727927,567.4915322892022,0.0,0.0
6924.634079999999,4051.170025816401,63.05461469880024,0.0,0.0
8182.545839999999,4403.53300393723,0.0,0.0,0.0
9580.021279999999,4729.4315967902185,0.0,0.0,0.0
10938.576959999999,5055.368486266758,0.0,0.0,0.0
12482.02312,5371.900008677637,0.0,0.0,0.0
13552.371039999998,5636.289968925847,0.0,0.0,0.0
14487.373999999996,5884.454926329223,0.0,0.0,0.0
15096.196959999997,6068.827637649355,0.0,0.0,0.0
15391.759279999997,6206.740871027147,0.0,0.0,6300.429536559058
15795.105759999999,6297.04572775604,0.0,0.0,6836.374977911245
15963.076239999999,6304.347617313274,0.0,0.0,6836.374977911244
15952.337679999995,6237.7015635786765,0.0,0.0,6836.374977911243
15411.051839999998,6177.351758434708,0.0,0.0,0.0
14354.266239999997,6007.649490721893,0.0,0.0,0.0
12782.458399999998,5697.234080931601,0.0,0.0,0.0
10989.340719999997,5276.076182976872,0.0,0.0,0.0
9351.841919999999,4803.980938911159,0.0,0.0,0.0
7895.672879999998,4310.1247023071655,0.0,0.0,0.0
6998.924159999999,3926.562741532705,168.14563919680066,0.0,0.0
6156.507439999999,3684.1649719575535,756.6553763856028,0.0,0.0
5578.80976,3489.7443613321702,1177.0194743776046,0.0,0.0
4979.16872,3273.314539312152,1912.6566458636073,0.0,0.0
4298.059759999999,3015.1768574571615,1366.1833184740053,0.0,0.0
3846.0739199999994,2775.631477139896,714.6189665864028,0.0,0.0
3858.9819999999986,2665.540031575842,63.05461469880024,0.0,112.50767098398234
3962.0887199999993,2681.091297524852,0.0,0.0,332.36519060248156
3822.5663999999983,2699.602750635079,0.0,0.0,730.8284533994582
3786.11696,2708.6123859240342,0.0,0.0,682.095720540537
3708.5556799999995,2668.284622930397,0.0,0.0,660.349066572542
3495.374959999999,2562.0455340169733,0.0,0.0,751.4861720376678
3224.1360799999993,2401.198296705441,0.0,0.0,792.9307624113744
3006.3343199999995,2242.365178114046,0.0,0.0,658.4249855918781
2849.2715999999996,2137.2480384313476,0.0,0.0,525.6795493516801
2755.6024799999996,2055.0280244523033,0.0,0.0,284.05397085149673
2682.06816,1976.0235084581554,0.0,0.0,360.20140969215237
2691.55088,1939.844546349309,0.0,0.0,267.896785993239
2794.6989599999997,1921.2281321226808,0.0,0.0,145.96905551564316
2934.078399999999,1904.2698198565045,0.0,0.0,105.60644185879832
3091.38928,1894.2474516336201,0.0,0.0,266.62025724211026
3300.5430399999996,1894.5325487200626,0.0,0.0,1159.2562096917711
3415.8058399999995,1856.055789198101,0.0,0.0,2035.4885003886614
3494.092799999999,1793.2890415899676,0.0,0.0,2508.003274885232
3597.259679999999,1788.2877862327791,42.036409799200165,0.0,2326.163488277858
3779.8377599999985,1867.195851471315,336.2912783936013,0.0,1573.7545742667326
4015.055839999999,2024.2871828878297,588.5097371888023,0.0,695.8011800154492
4333.524079999999,2170.7405633177,777.673581285203,0.0,0.0
4638.2796,2293.8188194462487,714.6189665864028,0.0,0.0
4773.2786399999995,2397.507636909808,483.41871269080184,0.0,0.0
4973.3294399999995,2544.911340961151,42.036409799200165,0.0,0.0
5169.537519999999,2690.254119308015,0.0,0.0,0.0
5317.760479999999,2819.7137276350863,0.0,0.0,0.0
5504.042159999998,2970.5868221015417,0.0,0.0,0.0
5637.649999999999,3137.07642861639,0.0,0.0,0.0
5648.982639999999,3356.179922317719,0.0,0.0,0.0
5644.267599999999,3585.534145589779,0.0,0.0,0.0
6036.495759999999,3855.3338585130614,0.0,0.0,0.0
6290.589039999999,4076.5748711659735,0.0,0.0,0.0
7086.524639999999,4301.4143480393,0.0,0.0,0.0
7989.770639999998,4510.831632768924,0.0,0.0,0.0
8653.264,4687.54501937867,0.0,0.0,0.0
9303.277759999997,4829.168770060603,0.0,0.0,0.0
9834.2236,4943.15086889884,0.0,0.0,0.0
10188.701360000001,5044.280904551743,0.0,0.0,0.0
10535.553839999997,5137.141706304363,0.0,0.0,0.0
10862.982159999998,5203.481387050544,0.0,0.0,0.0
10953.192079999997,5215.804389473473,0.0,0.0,1079.7670456025369
10748.260799999996,5123.744980028515,714.6189665864028,0.0,0.0
10260.85952,4924.864940349529,2627.27561245001,0.0,0.0
9709.933039999998,4690.675413755674,3951.4225211248154,0.0,0.0
9041.149359999998,4423.538025365981,4708.077897510419,0.0,0.0
8508.436319999999,4231.493223794283,3783.2768819280145,0.0,0.0
8285.829279999998,4179.205567104727,2080.802285060408,0.0,0.0
8311.611599999998,4219.541840459153,273.23666369480105,0.0,0.0
8192.381999999998,4227.8692284915,0.0,0.0,6836.374977911244
7964.507199999999,4160.02605067254,0.0,0.0,6836.374977911244
7254.668079999998,3963.412603750442,0.0,0.0,0.0
6299.819839999998,3691.0385066883914,0.0,0.0,0.0
5390.693199999998,3380.814580015858,0.0,0.0,0.0
4559.127839999999,3085.866750960148,0.0,0.0,0.0
3895.8412799999987,2808.8772015633576,0.0,0.0,0.0
3373.975839999999,2579.8548823620813,0.0,0.0,0.0
3101.6578399999994,2430.4767746076163,0.0,0.0,0.0
3063.5464799999995,2408.134240748733,0.0,0.0,0.0
3307.6343999999995,2506.709749771378,0.0,0.0,0.0
3682.2807999999995,2638.319642591216,0.0,0.0,0.0
4070.098479999999,2758.3639550983744,0.0,0.0,0.0
4336.6223199999995,2828.041115667432,0.0,0.0,0.0
4565.689039999998,2804.1270018494547,0.0,0.0,0.0
4697.853039999999,2684.970603651315,0.0,0.0,0.0
4819.876319999999,2583.054778018865,0.0,0.0,457.8662419758209
4777.110079999999,2505.0913628279427,21.018204899600082,0.0,489.93680877583165
4811.623119999998,2470.000308506664,189.1638440964007,0.0,126.5105269094024
4969.306239999998,2494.722906599626,378.3276881928014,0.0,0.0
5163.38992,2551.3395001440144,441.38230289160174,0.0,0.0
5383.128079999998,2652.2085513993793,294.25486859440116,0.0,0.0
5652.862959999998,2816.214550957213,126.10922939760049,0.0,0.0
6125.039999999998,3037.102383637369,0.0,0.0,0.0
6778.155759999998,3301.5164565744785,0.0,0.0,0.0
7392.761599999999,3549.8629683413615,0.0,0.0,0.0
8085.925119999998,3768.6771097758533,0.0,0.0,0.0
8916.47152,3969.1627708570895,0.0,0.0,0.0
9771.284959999997,4221.46518199754,0.0,0.0,0.0
10779.953839999996,4564.9050468307705,0.0,0.0,0.0
11464.450559999997,4918.663724121048,0.0,0.0,0.0
11990.463279999998,5293.234488721598,0.0,0.0,0.0
12342.824159999996,5571.6707994525705,0.0,0.0,0.0
12709.860319999998,5738.054026457553,0.0,0.0,4780.355476297379
12347.373759999999,5652.127750354763,0.0,0.0,0.0
11210.639279999998,5265.737513011318,0.0,0.0,0.0
9109.47984,4555.512445306296,0.0,0.0,0.0
7416.671439999998,3871.9233884783685,0.0,0.0,0.0
6993.942159999998,3526.8608815213065,0.0,0.0,0.0
7629.74312,3791.541612429816,0.0,0.0,0.0
8724.940879999998,4263.5404057399155,0.0,0.0,0.0
10513.253279999999,4711.737138315765,42.036409799200165,0.0,0.0
11582.958239999996,4762.168117959786,336.2912783936013,0.0,0.0
12387.338799999998,4759.918545924477,777.673581285203,0.0,0.0
12961.344159999997,4781.0497717643475,1008.8738351808039,0.0,0.0
13038.160959999997,4890.904345619766,714.6189665864028,0.0,0.0
13037.803759999999,5027.095649331186,273.23666369480105,0.0,0.0
13611.827919999996,5120.328070171605,0.0,0.0,465.5520944997937
14340.136159999998,5243.373703250461,0.0,0.0,6836.374977911244
14518.367679999998,5230.816665905826,0.0,0.0,6836.374977911244
14081.211279999998,5184.56711019629,0.0,0.0,6836.374977911243
13136.943679999997,5213.759066097107,0.0,0.0,6836.374977911244
12185.787759999996,5328.989351184443,0.0,0.0,6836.374977911246
11510.23232,5367.226402210838,0.0,0.0,6836.374977911244
11061.935039999997,5271.405413297003,0.0,0.0,0.0
10603.463199999998,5058.3754804123155,0.0,0.0,0.0
9895.131839999996,4741.282274189341,0.0,0.0,0.0
8806.514079999999,4418.7367634873435,0.0,0.0,0.0
8032.957999999999,4175.702135246459,0.0,0.0,0.0
7812.821279999999,3937.6489048542535,0.0,0.0,0.0
7126.2678399999995,3587.6078368354424,0.0,0.0,0.0
6463.127919999999,3356.0068783150027,0.0,0.0,0.0
6262.140879999998,3369.993656272244,0.0,0.0,0.0
6868.41832,3522.0695483969216,0.0,0.0,0.0
7516.213679999998,3690.5293034344977,0.0,0.0,0.0
7684.150319999999,3803.745469801694,63.05461469880024,0.0,0.0
7797.224799999997,3851.9595004600974,252.21845879520097,0.0,0.0
7777.9547999999995,3861.7038635638646,357.3094832932014,0.0,0.0
7764.433839999998,3913.046870205806,441.38230289160174,0.0,0.0
7701.32976,3963.301969060181,378.3276881928014,0.0,0.0
7877.564719999998,4067.195035182682,231.20025389560087,0.0,0.0
7857.76456,4082.6356664414316,21.018204899600082,0.0,0.0
7613.247999999999,3962.5970275081318,0.0,0.0,0.0
7168.071519999999,3789.8225195503733,0.0,0.0,0.0
6832.183199999999,3677.9566637617477,0.0,0.0,0.0
6498.607279999998,3546.048908314284,0.0,0.0,0.0
6028.780239999999,3313.0238827550984,0.0,0.0,0.0
5333.334399999999,2967.9684677653618,0.0,0.0,0.0
4486.304159999999,2535.8009997361883,0.0,0.0,0.0
3528.8276799999994,2021.6163479934496,0.0,0.0,0.0
2818.762959999999,1622.551346647785,0.0,0.0,423.6909405667031
2314.1295999999998,1339.8229772920668,0.0,0.0,985.7729348040152
1883.22232,1127.9348511466126,0.0,0.0,1520.8250145632153
1651.3919999999996,977.3525273404597,0.0,0.0,1866.0377632705386
1616.0743199999995,893.335408841405,0.0,0.0,2059.596977746128
1799.4683199999995,906.4867530478273,0.0,0.0,2164.9737589690194
2066.9772799999996,1000.930481907259,0.0,0.0,2853.424027431681
2392.0292799999993,1145.3654884365963,0.0,0.0,3291.545466590883
2648.7508,1293.5450537132326,0.0,0.0,3367.770676784581
2764.6452799999997,1383.2811346627075,0.0,0.0,3116.2406493530157
2585.6467199999997,1401.945774267142,147.12743429720058,0.0,2992.893429233999
2340.45336,1301.0781414052417,336.2912783936013,0.0,2963.7478113500583
2166.7563999999998,1213.6100716061192,399.3458930924015,0.0,2980.082559153962
2193.4975199999994,1220.9573497542285,231.20025389560087,0.0,3007.850829334513
2534.1422399999988,1340.3066494635927,63.05461469880024,0.0,2609.5953990210887
3170.6500799999994,1543.6957619674502,0.0,0.0,1839.1488615457688
4010.923599999999,1831.9289163603908,0.0,0.0,914.5836225419579
4854.49464,2143.6024411540366,0.0,0.0,1.6850074063838565
5563.863759999999,2397.0721901160878,0.0,0.0,0.0
6086.954959999999,2577.6138206875617,0.0,0.0,0.0
6320.785599999999,2756.5583402175744,0.0,0.0,0.0
6825.791199999999,2834.2777917325357,0.0,0.0,0.0
6803.513199999999,2813.350814551608,0.0,0.0,0.0
6439.537679999998,2892.952474194473,0.0,0.0,0.0
6896.475439999999,3237.8944177070193,0.0,0.0,0.0
8109.079199999998,3620.3088981683873,0.0,0.0,0.0
10008.202559999996,3895.2332666803027,0.0,0.0,0.0
10732.228159999999,4088.295056366327,0.0,0.0,0.0
10168.660559999995,4367.524249044171,0.0,0.0,0.0
9081.851359999999,4429.885336121346,0.0,0.0,0.0
8326.832079999996,4445.2749052153595,0.0,0.0,0.0
7857.9112,4308.877934451531,0.0,0.0,0.0
7339.617759999999,3989.823090066619,0.0,0.0,0.0
7371.8672799999995,3836.116045457322,315.2730734940012,0.0,0.0
7684.612799999999,3953.0796073587476,1261.0922939760048,0.0,0.0
7903.3996799999995,4074.5650076262305,1870.6202360644072,0.0,0.0
8205.67736,4117.288437182061,2080.802285060408,0.0,0.0
8233.941279999997,3906.801683779914,1660.4381870684065,0.0,0.0
7983.942639999998,3611.719107345038,819.7099910844032,0.0,0.0
7522.673359999999,3405.2350603008,63.05461469880024,0.0,0.0
7035.3698399999985,3222.148831853321,0.0,0.0,0.0
6318.375439999999,2833.5714317870224,0.0,0.0,0.0
5076.199279999999,2344.1207252849654,0.0,0.0,0.0
4181.984799999999,1971.8094614739791,0.0,0.0,865.5157926021703
3588.1604799999986,1806.4815192068718,0.0,0.0,1411.0806707987588
3540.588959999999,1859.4939749569846,0.0,0.0,1045.3937504755352
3627.35096,1970.3754656809792,0.0,0.0,357.6801148674066
3535.7122399999994,2103.494529147456,0.0,0.0,0.0
3345.275759999999,2179.7757296890236,0.0,0.0,0.0
3166.423839999999,2263.8212160573767,0.0,0.0,0.0
3001.886239999999,2343.103737170642,0.0,0.0,0.0
3160.5958399999995,2460.264455763687,0.0,0.0,0.0
3615.4279999999994,2596.5124952137026,0.0,0.0,0.0
4221.667839999999,2844.7114940602364,0.0,0.0,0.0
5177.474879999998,3249.106818046943,0.0,0.0,0.0
6454.352079999998,3657.9119273159795,0.0,0.0,0.0
7413.930399999998,3980.2134743420156,0.0,0.0,0.0
8098.355679999999,4178.042484463521,42.036409799200165,0.0,0.0
8492.005119999998,4248.085590546519,252.21845879520097,0.0,0.0
8563.629359999997,4242.878668136923,525.455122490002,0.0,0.0
8169.776879999997,4091.578637237537,609.5279420884024,0.0,0.0
7642.252639999999,3954.042696521405,609.5279420884024,0.0,0.0
7236.928399999998,3865.8838691048836,399.3458930924015,0.0,0.0
7017.709119999999,3848.6560620803784,42.036409799200165,0.0,0.0
7241.72992,3876.189916020745,0.0,0.0,0.0
7021.675919999998,3864.8271659735437,0.0,0.0,0.0
6788.168639999999,3698.029768076814,0.0,0.0,0.0
6596.653039999999,3536.5626928211263,0.0,0.0,0.0
6408.480079999998,3430.4484225326128,0.0,0.0,0.0
6164.677919999998,3337.346493890964,0.0,0.0,0.0
5786.718959999998,3234.1413485989315,0.0,0.0,0.0
5495.976959999999,3173.187307838922,0.0,0.0,0.0
5263.913519999999,3166.1776073354554,0.0,0.0,0.0
5026.977119999999,3082.4611882509566,0.0,0.0,0.0
4907.081999999999,3007.506185599058,0.0,0.0,0.0
4667.400799999999,2830.387138458354,0.0,0.0,0.0
4562.233599999999,2787.791364314363,0.0,0.0,0.0
4700.515119999999,2777.2044754924545,0.0,0.0,0.0
5106.095039999998,2901.3876601301495,0.0,0.0,0.0
5536.419519999999,3139.6054241642814,0.0,0.0,0.0
6230.853919999998,3449.4080879777434,0.0,0.0,0.0
6706.475119999998,3759.5625133704966,42.036409799200165,0.0,0.0
7027.737039999999,3878.1643197238664,357.3094832932014,0.0,0.0
6915.264159999999,3881.3088980355187,756.6553763856028,0.0,0.0
7235.601119999998,3822.7788917069984,987.8556302812038,0.0,0.0
7101.63232,3733.811580015493,882.7646057832035,0.0,0.0
7040.994799999999,3743.9403277482425,357.3094832932014,0.0,0.0
7515.213519999999,3903.7677401585224,0.0,0.0,0.0
7862.09232,4114.020458638963,0.0,0.0,0.0
8100.792159999999,4210.435754414585,0.0,0.0,0.0
7997.286879999998,4169.166178160263,0.0,0.0,0.0
7430.715039999999,4058.2634115342958,0.0,0.0,0.0
7211.585999999999,3957.7532138255465,0.0,0.0,0.0
6614.411519999999,3822.5065601617407,0.0,0.0,0.0
5686.10512,3520.958946313916,0.0,0.0,0.0
4961.955439999999,3235.317196781322,0.0,0.0,0.0
4594.396639999999,3064.192280423226,0.0,0.0,0.0
4468.744959999999,2958.554590338914,0.0,0.0,0.0
4509.755279999999,2888.2065296609644,0.0,0.0,0.0
4541.076079999999,2853.6856695125703,0.0,0.0,0.0
4669.852319999999,2854.060125387301,0.0,0.0,0.0
4905.79984,2823.330630970546,0.0,0.0,0.0
5063.48672,2744.694897277268,0.0,0.0,0.0
5002.578479999999,2646.7817780027253,0.0,0.0,0.0
4619.7728799999995,2515.395991350339,0.0,0.0,7.066034834383212
4176.37864,2347.195802316837,147.12743429720058,0.0,448.72200348211265
3693.0494399999993,2152.1510985669047,798.691786184803,0.0,279.84978434837024
3180.6516799999995,1982.4998930188247,1345.1651135744053,0.0,114.22813881437777
2822.3424799999993,1872.158810204951,1492.2925478716056,0.0,140.543592764807
2533.1495999999997,1823.9419427596176,1177.0194743776046,0.0,588.0274727643882
2435.2203999999992,1807.5424775186063,462.40050779120173,0.0,1317.40681395704
2445.38368,1831.8452311459623,0.0,0.0,1799.7781888370537
2467.8158399999993,1847.6120929016345,0.0,0.0,2102.1075159960465
2542.0908799999993,1909.0852656697925,0.0,0.0,2300.5639852787576
2805.9263199999996,2053.4521893128153,0.0,0.0,1853.4508973968452
3192.9280799999997,2211.0555607701535,0.0,0.0,1166.1068680057886
3399.378399999999,2298.1945632854226,0.0,0.0,652.1233935065809
3600.0007199999986,2366.4816982588923,0.0,0.0,44.36650999760033
3479.6882399999995,2302.6539923390237,0.0,0.0,0.0
3416.9601599999996,2218.0425669781816,0.0,0.0,0.0
3250.9937599999994,2066.2829765961733,0.0,0.0,0.0
3221.1694399999997,1947.8797453278883,0.0,0.0,0.0
3194.462159999999,1873.1786351062042,0.0,0.0,0.0
3227.68176,1826.8992931339048,0.0,0.0,0.0
3224.549679999999,1836.8138634534578,0.0,0.0,0.0
3078.1503199999997,1808.9452686553786,0.0,0.0,0.0
2974.4983999999995,1775.4867852121838,0.0,0.0,235.85429279293706
3014.102479999999,1769.9195908625065,0.0,0.0,897.6878577414518
3131.5836799999993,1773.442880229283,0.0,0.0,1366.7122733367232
3279.0057599999996,1800.881701807502,42.036409799200165,0.0,1235.2226867268218
3519.055439999999,1824.096547647291,252.21845879520097,0.0,631.5537216897401
3765.647519999999,1838.863442010218,420.36409799200163,0.0,19.763378199960677
3970.913439999999,1859.1308662299737,420.36409799200163,0.0,0.0
4081.8371999999995,1888.9625175834556,315.2730734940012,0.0,0.0
4064.3118399999994,1936.9027983031358,105.09102449800041,0.0,0.0
3931.1852799999992,2032.49117068873,0.0,0.0,0.0
4138.962879999999,2174.543276197059,0.0,0.0,0.0
4456.404639999999,2286.797771795064,0.0,0.0,0.0
4627.21768,2325.5681387642567,0.0,0.0,0.0
4589.640239999999,2283.3184526256982,0.0,0.0,0.0
4455.678959999998,2211.0853470329157,0.0,0.0,0.0
4252.966079999999,2106.0135959410936,0.0,0.0,0.0
4137.37616,2003.6041693828627,0.0,0.0,0.0
3875.9170399999994,1860.498197530124,0.0,0.0,0.0
3687.593679999999,1727.3436742270248,0.0,0.0,0.0
3556.8208799999998,1608.1816024550253,0.0,0.0,0.0
3311.5147199999997,1465.0969065042598,0.0,0.0,0.0
3093.6866399999994,1307.0098628753951,0.0,0.0,0.0
2981.424319999999,1204.3210128045812,0.0,0.0,62.915239729329734
2923.806079999999,1144.620831867531,0.0,0.0,106.1938776290458
2780.3921599999994,1136.2608207854933,0.0,0.0,781.1112923468334
2603.055519999999,1227.9854893727386,0.0,0.0,1507.1721073932044
2536.0071999999996,1352.3941985713511,0.0,0.0,2014.4760079897762
2577.0062399999993,1441.7870283023237,21.018204899600082,0.0,1944.562390314016
2650.4540799999995,1503.935356359767,252.21845879520097,0.0,1557.9016967700677
2742.547759999999,1577.5698346958563,462.40050779120173,0.0,1076.9914752494144
2897.963599999999,1624.144202508852,567.4915322892022,0.0,619.5850347666532
2971.1294399999997,1638.0444584647344,504.43691759040195,0.0,495.76552927524796
3042.4791999999993,1632.9013637610578,273.23666369480105,0.0,679.7485941578174
3154.4519999999993,1605.149077227099,0.0,0.0,979.3670976681025
3313.1954399999995,1582.2789009992778,0.0,0.0,1109.959357388465
3579.2041599999993,1602.4867526935084,0.0,0.0,1174.1370238075576
3872.6796799999993,1654.439668525351,0.0,0.0,849.519601573908
4063.619999999999,1734.224300925186,0.0,0.0,503.60065468609
4180.1799999999985,1805.8772835908303,0.0,0.0,151.4752297165882
4281.523279999999,1876.5856162088605,0.0,0.0,0.0
4344.078399999999,1943.0997593512225,0.0,0.0,0.0
4412.100559999999,2010.069206795813,0.0,0.0,0.0
4482.593039999999,2146.710141235602,0.0,0.0,0.0
4678.6431999999995,2295.820172625203,0.0,0.0,0.0
4827.31736,2383.312355113229,0.0,0.0,0.0
4840.827039999998,2420.081368903467,0.0,0.0,0.0
4674.337999999999,2373.9693973600256,0.0,0.0,0.0
4518.959759999999,2259.0809450977267,0.0,0.0,0.0
4500.0319199999985,2181.771409294118,0.0,0.0,0.0
4608.718479999999,2170.593050397352,0.0,0.0,0.0
4790.894239999999,2211.632846910362,0.0,0.0,0.0
4775.45944,2200.732493132713,63.05461469880024,0.0,0.0
4574.085119999999,2140.2209911337486,378.3276881928014,0.0,0.0
4358.569439999998,2038.4881382582682,651.5643518876025,0.0,0.0
3904.688559999999,1856.2302515942818,693.6007616868027,0.0,0.0
3359.150159999999,1587.612060427249,546.4733273896021,0.0,206.85981377687514
2700.0672799999998,1280.1227963550166,252.21845879520097,0.0,1493.4747349912313
2134.7663199999997,1013.29461774067,0.0,0.0,2676.6111709062347
1803.9727999999996,807.0843206351545,0.0,0.0,3501.90456847907
1529.3611999999996,672.527006195283,0.0,1409.52,2802.681671578281
1358.9655199999997,590.16515286975,0.0,1409.52,3011.427314100153
1215.4199999999998,522.431191347586,0.0,1409.5199999999998,3178.4751977455035
1111.9936799999998,460.30413919211594,0.0,1409.52,3225.1330808902476
987.9023999999997,395.98425073993246,0.0,1409.52,3137.8147921587774
855.9564799999999,347.15747410469817,0.0,0.0,4341.586900125009
748.5182399999998,333.8912400276197,0.0,0.0,4161.9420368291
686.7376799999998,340.04564927175994,0.0,0.0,3843.2997625865764
675.7847999999998,370.50139374979125,0.0,0.0,3760.996675617889
701.5332799999998,417.01618903726137,0.0,1409.52,2113.474222964679
792.2019199999999,481.54599972224815,0.0,1409.5199999999998,1865.7929063298966
871.2483999999998,526.3147526544436,0.0,1409.52,1711.4498247218132
952.3779199999997,569.4367507739066,0.0,1409.52,1615.3513135937676
1071.7278399999998,638.3139374287688,0.0,1409.52,2087.347828787817
1245.29696,733.1278669825357,0.0,1409.52,2531.4699256231042
1454.00328,841.5924152423648,0.0,1409.52,2764.289495285811
1655.8287999999998,941.9593552111604,231.20025389560087,1409.52,2273.0982484715732
1732.9727199999998,1044.1716250777724,1177.0194743776046,1409.52,987.0372734940846
1822.0019999999997,1155.095667605714,2143.8568997592083,0.0,1019.7155648996843
2004.8921599999996,1289.0288889210356,2669.3120222492103,0.0,0.0
2259.5607199999995,1446.6861593300396,2122.8386948596085,22.990797112877715,0.0
2680.4964799999993,1633.8346666609527,924.8010155824035,0.0,587.8230560970597
3188.22432,1844.6533241338827,63.05461469880024,831.4725900592204,0.0
3617.1387999999993,2008.1330997162434,0.0,0.0,604.6254579302043
3954.7379199999987,2132.6510252116523,0.0,0.0,441.01635858649445
4308.944959999999,2203.8487035750677,0.0,0.0,0.0
4537.5228799999995,2220.517663574408,0.0,0.0,0.0
4613.832079999999,2217.3489725738523,0.0,0.0,0.0
4650.480799999999,2213.5008711036166,0.0,0.0,0.0
4720.255119999998,2265.785691006243,0.0,0.0,0.0
4676.484959999999,2310.5643726926933,0.0,0.0,0.0
4516.154799999998,2287.1977587521615,0.0,0.0,0.0
4252.879599999998,2215.8922824854144,0.0,0.0,0.0
4036.499119999999,2084.0894881543513,0.0,0.0,0.0
3749.2614399999998,1935.7510628096481,0.0,0.0,0.0
3345.2795199999987,1734.2413216467648,0.0,0.0,0.0
2835.671679999999,1473.4781934882708,0.0,0.0,364.43761272052194
2342.0024799999997,1232.2548537020452,0.0,0.0,1771.4395332557015
1903.6654399999998,1042.0653107824169,0.0,0.0,3118.508144044743
1550.3307199999995,880.5542653293174,0.0,1409.52,2842.0028969161744
1248.7072799999996,741.3034869141384,525.455122490002,1409.52,2831.164382795121
988.92512,625.4292511937448,2038.7658752612078,1409.52,1560.0748693327848
834.7763999999999,556.3194480106413,3173.7489398396124,1409.52,448.7740525162019
793.5743199999998,530.141578222706,3194.767144739212,0.0,1680.1958829130044
793.4615199999998,519.7390805512324,2501.1663830524094,1409.52,882.719456531197
789.6300799999998,509.8202550512849,1303.128703775205,1409.52,2105.395261222259
772.1122399999999,494.1186393949974,105.09102449800041,1409.52,3448.825642874659
744.3408799999999,472.94202496425,0.0,1409.52,3918.0189219884037
791.5025599999998,478.0581701920935,0.0,1409.52,4183.810836848785
897.7902399999998,505.12820946944214,0.0,1409.5200000000002,4057.05961455926
959.0030399999998,537.9824572965956,0.0,1409.52,3949.0752696856657
936.8303199999999,563.6426134698474,0.0,1409.5199999999998,3843.9202756846425
896.6020799999999,594.3394848369094,0.0,1409.52,3584.045734346398
905.3027199999998,657.7246519957331,0.0,1409.52,3115.8590334333867
974.1107199999998,752.229371774155,0.0,1409.52,2611.594875514592
1133.5121599999998,883.4307672761059,0.0,1409.52,1936.6227955432867
1406.1685599999998,1051.760030114912,0.0,1409.52,1567.4933406480047
1724.0615199999995,1221.0069935254996,0.0,1409.52,954.922036133091
2007.2759999999994,1348.4893613625197,0.0,0.0,1880.4744830655964
2253.5522399999995,1438.2977803787041,0.0,0.0,1592.7910560652344
2485.104319999999,1506.6459062711638,0.0,0.0,1535.5523731998264
2706.026879999999,1572.348728351611,0.0,0.0,2174.324449357171
2853.4677599999995,1627.96109932286,0.0,0.0,2820.0899239573146
2877.2873599999994,1645.8938478994132,0.0,0.0,3396.605968593023
2762.9720799999996,1601.7236570093994,903.7828106828034,1409.52,1304.009522382402
2432.47184,1462.7040767289968,3047.6397104420116,0.0,798.4447255204442
2036.8483999999999,1311.0083140529084,4918.2599465064195,0.0,0.0
1781.9429599999996,1229.324452803591,5401.678659197221,0.0,0.0
1727.5959199999993,1217.022726282635,4539.932258313617,0.0,0.0
1862.4295199999997,1259.2511365192197,2585.23920265081,0.0,1369.0639861827033
2078.1670399999994,1344.1334750318551,357.3094832932014,0.0,3320.588938022151
2109.5705599999997,1431.2866614817729,0.0,0.0,3789.541059876678
1989.1979199999996,1471.2186926987076,0.0,0.0,4139.1765100193215
1807.8944799999995,1471.8371122493973,0.0,0.0,4303.405843512021
1664.4354399999995,1472.081075925358,0.0,1409.52,2937.679747281954
1578.9631199999997,1472.7874358708711,0.0,1409.5200000000002,2844.253778693687
1504.7219199999997,1471.567617491069,0.0,1409.52,2582.954391883488
1459.8350399999995,1505.19914493698,0.0,1409.52,2144.9466559036437
1334.8526399999998,1490.115948831383,0.0,1409.52,1944.4585012377017
1094.73904,1433.7872891603668,0.0,1409.52,1859.5670927383671
1018.6516799999998,1395.6849855131352,0.0,1409.52,1828.8932068807005
1060.71104,1392.9375573716513,0.0,1409.52,1674.6352182425437
1063.0046399999999,1423.2713200117023,0.0,1409.52,1628.8395848474086
1061.64728,1422.0018578606296,0.0,1409.5200000000002,1725.5474878331343
1070.4343999999999,1423.4188329320505,0.0,1409.52,1979.7814434957497
1140.7351199999998,1455.972381344648,0.0,1409.52,2813.646096591636
1290.0973599999998,1522.5744648818331,0.0,1409.52,3418.6214359708397
1542.0775199999996,1650.4624932498107,0.0,1409.52,3684.0592721353896
1872.4235999999994,1830.9899398866364,651.5643518876025,0.0,3992.507733105947
2061.7922399999998,2014.8633767071271,1933.6748507632074,70.74594692720235,2036.9364461727137
2161.7931999999996,2160.437353188768,2438.1117683536095,0.0,989.530131993292
2423.9817599999997,2264.95167564889,2185.8933095584084,0.0,559.6956601970262
2782.8775199999995,2320.2108666473823,1366.1833184740053,0.0,722.2681378735834
2960.8157599999995,2340.8116133313865,462.40050779120173,0.0,1313.2215780684026
3155.820639999999,2355.428157987036,21.018204899600082,1409.52,161.6050413442663
3261.784959999999,2387.8313566923553,0.0,0.0,1669.136442819112
3513.8365599999993,2475.4753072811236,0.0,0.0,1572.6838451573492
3879.022799999999,2608.146158412697,0.0,0.0,1031.898233337543
4392.69896,2787.1928022721813,0.0,0.0,181.50227563122374
4772.782319999999,2938.4417710068305,0.0,0.0,0.0
5010.399279999999,3066.3198706205544,0.0,0.0,0.0
5125.541759999999,3148.477475287144,0.0,0.0,0.0
5132.738399999998,3201.265824869805,0.0,0.0,0.0
5570.902479999999,3324.405071917344,0.0,0.0,0.0
5705.412719999998,3405.389665188473,0.0,0.0,0.0
5654.171439999998,3437.7432201225215,0.0,0.0,0.0
5744.253519999999,3468.737954117209,0.0,0.0,0.0
5929.587679999999,3450.4576991417593,0.0,0.0,0.0
5946.315919999999,3387.6427261558197,0.0,0.0,0.0
6306.159199999998,3409.9029931937393,0.0,0.0,0.0
6711.239039999999,3483.360172346718,0.0,0.0,0.0
7006.6735199999985,3582.78813584176,0.0,0.0,0.0
7205.235359999998,3691.5377811880307,84.07281959840033,0.0,0.0
7193.462799999999,3838.5854684796877,210.18204899600082,0.0,0.0
7699.013599999999,4033.1791231077877,252.21845879520097,0.0,0.0
8353.430319999998,4216.532009526665,294.25486859440116,0.0,0.0
8692.807919999997,4314.761430543878,252.21845879520097,0.0,0.0
8778.539679999996,4397.571496204315,189.1638440964007,0.0,0.0
9468.161279999998,4600.261340729983,0.0,0.0,0.0
9607.085759999998,4678.682897010064,0.0,0.0,0.0
9025.729599999999,4665.976928351614,0.0,0.0,0.0
9239.805199999999,4715.342694503506,0.0,0.0,0.0
9524.339439999998,4825.039826684321,0.0,0.0,0.0
9650.412239999998,4842.083242558391,0.0,0.0,0.0
10076.848879999998,4892.948250602666,0.0,0.0,0.0
10313.311519999997,4931.581033405765,0.0,0.0,0.0
10287.566799999999,4936.4957667615945,0.0,0.0,0.0
10434.060159999999,4969.178388979497,0.0,0.0,0.0
10566.795679999997,5019.795178167417,0.0,0.0,0.0
10629.587679999999,5029.515428582281,0.0,0.0,0.0
10644.721679999999,5064.694423298382,0.0,0.0,0.0
10806.085839999998,5112.1581238138615,0.0,0.0,0.0
10957.794319999997,5088.0808947474225,0.0,0.0,0.0
10947.540799999997,5093.9147470684975,0.0,0.0,0.0
10824.430879999998,5067.112784156013,0.0,0.0,0.0
10689.713839999999,5093.621139621267,0.0,0.0,0.0
10499.758639999998,5058.464839200603,441.38230289160174,0.0,0.0
10358.442799999997,4989.376311919473,1723.4928017672066,0.0,0.0
10291.672719999997,4899.054434469,2501.1663830524094,0.0,0.0
10298.294079999998,4824.507929134989,2627.27561245001,0.0,0.0
10279.524159999997,4738.119256762645,2164.875104658808,0.0,0.0
9975.832719999997,4558.82297565334,1092.9466547792042,0.0,0.0
9606.916559999998,4451.009469993894,126.10922939760049,0.0,0.0
9332.489199999998,4360.409587424302,0.0,0.0,0.0
9190.966559999997,4292.877037774153,0.0,0.0,0.0
8920.122479999996,4294.590457079735,0.0,0.0,0.0
9035.197279999998,4518.82569833702,0.0,0.0,0.0
9435.005599999999,4761.359633684801,0.0,0.0,0.0
9909.479999999998,5007.863652340797,0.0,0.0,0.0
10204.553519999996,5154.168101456855,0.0,0.0,0.0
10888.057599999996,5368.314309998406,0.0,0.0,0.0
11596.648399999996,5590.57231076564,0.0,0.0,0.0
12325.069439999997,5774.35780719131,0.0,0.0,0.0
13182.308079999997,5964.188496564322,0.0,0.0,6836.374977911244
13854.453199999998,6110.887259063617,0.0,0.0,6836.374977911244
14362.786399999997,6200.061656200997,0.0,0.0,6836.374977911244
14613.946879999996,6184.0508307693635,0.0,0.0,6836.374977911244
14525.365039999995,6130.112164086681,0.0,0.0,6836.374977911244
13941.279119999997,5993.444280171059,0.0,0.0,6836.374977911244
13242.216159999998,5782.636969845848,0.0,0.0,0.0
12346.873679999999,5484.283578080947,1576.365367470006,0.0,0.0
11357.497359999998,5052.080650215152,4518.914053414017,0.0,0.0
10292.751839999997,4649.055494315525,6305.461469880024,0.0,0.0
9557.859839999997,4425.347895427177,6494.625313976425,0.0,0.0
8966.513359999997,4234.6732619425575,5296.587634699221,0.0,0.0
8176.883279999998,3995.2796497260347,3047.6397104420116,0.0,0.0
7487.942239999999,3718.4716546927507,483.41871269080184,0.0,0.0
6981.883839999999,3490.145766682733,0.0,0.0,0.0
6433.408879999999,3236.2348973531034,0.0,0.0,0.0
6045.598719999998,2934.0277305441055,0.0,0.0,0.0
5581.78392,2652.068130446355,0.0,0.0,0.0
5025.725039999998,2378.9068250112928,0.0,0.0,0.0
4626.364159999999,2186.0209161149164,0.0,0.0,0.0
4643.611279999999,2201.8700446915523,0.0,0.0,0.0
5037.234399999999,2397.9671963924307,0.0,0.0,0.0
5536.788,2659.171444918504,0.0,0.0,0.0
